I2Ts_Inc	I2Ts_Inc
保留地址(This_network)	Reserved Address (This_network)
ThinkDream数据中心	ThinkDream Data Center
Orange	Orange
Apple	Apple
NTTDoCoMo	NTT DoCoMo
Akamai节点	Akamai Node
LG_DACOM	LG_DACOM
Energia通讯	Energia Communications
移动	China Mobile
教育网	CERNET (China Education and Research Network)
Telstra	Telstra
InfoSphere(NTT)	InfoSphere(NTT)
亚太互联网络信息中心(CloudFlare节点)	Asia-Pacific Network Information Centre (CloudFlare Node)
Goldenit有限公司	Goldenit Co., Ltd.
鹏博士BGP	Dr.Peng BGP
虎ノ門eAccess有限公司	Toranomon eAccess Co., Ltd.
SK_Broadband数据中心	SK_Broadband Data Center
IETF	IETF
维实嘉业有限公司电信专线	Wisecomm Telecom Co., Ltd. Dedicated Line
Kakao公司	Kakao Corporation
CNNIC权威云解析	CNNIC Authoritative Cloud DNS
Singtel宽带	Singtel Broadband
Sify	Sify
APNIC	APNIC
中华电信	Chunghwa Telecom
Tikona数字网络	Tikona Digital Networks
KT通信KORNET	KT/KORNET
APNIC_Debogon-prefix网络	APNIC_Debogon-prefix Network
北龙中网	Beijing Zhongwang
Google缓存服务器(泰国电信公共有限公司-泰国电讯公司TOT)	Google Cache Server (Telecom Public Company Limited - TOT)
SK_Broadband数据中心Google缓存节点	SK_Broadband datacenter Google cache node
TOT公共有限公司	TOT
DVOIS-NET	DVOIS-NET
北龙中网(北京)科技有限公司	Beijing Zhongwang Information Technology Co., Ltd.
TOT-AS-AP	TOT-AS-AP
Akamai公司全球Anycast节点	Akamai Global Anycast Node
DAOU	DAOU
2026年04月01日IP数据	2026-04-01 IP Data
TOTNET	TOTNET
电信	China Telecom
华为云	Huawei Cloud
Globe电讯	Globe Telecom
i2ts	i2ts
TOT移动	TOT Mobile
腾讯云	Tencent Cloud
方正宽带	Founder Broadband
网络信息中心	Network Information Center
电讯盈科有限公司	PCCW Limited
APNIC&CloudFlare公共DNS服务器	APNIC & CloudFlare Public DNS Server
iseek通信	iseek
全通通信公众公司DTAC-GPRS-NET	DTAC-GPRS-NET
ARTERIA网络公司	ARTERIA Networks Corporation
Tmnet大马电讯	Tmnet Malaysia Telecom
新南威尔士州OPTUS_INTERNET零售互联网服务	OPTUS_INTERNET Retail Internet Service in New South Wales
联通	China Unicom
OpenInternetAccessAPN沃达丰	Vodafone
Hostinger	Hostinger
CJ-HELLOVISION	CJ-HELLOVISION
BGP-NET数据中心	BGP-NET Data Center
维实嘉业网络科技有限公司电信	Vsparkle Network Technology Co., Ltd. Telecom
台湾之星	Taiwan Star Telecom
歌华有线	Beijing Gehua CATV Network
中电华通	China Electric Power & Telecommunications
亚马逊云	Amazon Web Services
沃达丰	Vodafone
OWS	OWS
Partner通信	Partner Communications
LSHIY	LSHIY
Selectel	Selectel
RapidSeedbox	RapidSeedbox
Amazon数据中心	Amazon Data Center
Amazon_EC2服务器	Amazon_EC2
DMIT数据中心	DMIT Data Center
DediPath	DediPath
justhost	justhost
Orbitalnet	Orbitalnet
M247	M247
阿联酋电信公司	Emirates Telecommunications Group Company (Etisalat)
europe-pool-ntp-org服务器	europe-pool-ntp-org
Integrated_Telecom_Co_Ltd	Integrated Telecom Co Ltd
哈利法科技大学	Khalifa University of Science and Technology
IPXO	IPXO
中国电信欧洲公司	China Telecom Europe
Cyberzonehub	Cyberzonehub
Beget	Beget
sure	sure
WIKIHOST	WIKIHOST
JT_Global	JT_Global
矩阵云BGP数据中心	Matrix Cloud BGP Data Center
AMazon数据中心	AMazon数据中心
CableCom通信	CableCom Communications
Akari	Akari
通用电气公司	General Electric Company
Microsoft-BYOIP	Microsoft-BYOIP
OVH机房SAS硬盘BGP主机	OVH SAS Hard Disk BGP Host
Level3	Level3
IDom	IDom
LiteServer	LiteServer
Level3公共NS服务器dialns1节点	Level3 Public DNS Server dialns1 Node
Oracle云计算数据中心	Oracle Cloud Computing Data Center
FASTVPS数据中心	FASTVPS Datacenter
Level3(DIA)	Level3(DIA)
Saudi_Telecom_Company_JSC	Saudi Telecom Company JSC
EdgeCast网络公司CDN节点	EdgeCast Networks CDN Node
Rackspace_Hosting公司	Rackspace_Hosting
Etihad_Etisalat_a_joint_stock_company	Etihad Etisalat
DigitalOcean数据中心	DigitalOcean
克利夫兰医学中心	Cleveland Clinic
Continent8数据中心	Continent8 Data Centers
Level3主干网	Level3 backbone
CN2CTClouds	CN2CTClouds
Level3(Tokyo4)主干网	Level3 (Tokyo4) Backbone Network
Vetta	Vetta
Hytron_Network_Services	Hytron_Network_Services
Hetzner数据中心	Hetzner
SoftLayer科技公司	SoftLayer Technologies, Inc.
LeaseWeb(AMS1)数据中心	LeaseWeb(AMS1) data center
DNS服务器	DNS server
Zenlayer	Zenlayer
NTT	NTT
Microsoft	Microsoft
领地网节点	Lingdi Network Node
MoeDove_Network	MoeDove_Network
Supercell_Network	Supercell_Network
SoftLayer数据中心	SoftLayer Data Center
MEDIASERV	MEDIASERV
YUWAN_NETWORK	YUWAN_NETWORK
VladLink_LTD_AS	VladLink_LTD_AS
Bayanat_Al-Oula_For_Network_Services	Bayanat_Al-Oula_For_Network_Services
DigitalOcean	DigitalOcean
INTERSVYAZ	INTERSVYAZ
阿联酋铝业公司	Emirates Global Aluminium
NTT欧洲公司互联节点	NTT Europe
ovh	OVH
G_Core_Lab数据中心	G_Core_Lab Data Center
AS40065	AS40065
Zenlayer_Inc	Zenlayer_Inc
Inficron公司	Inficron
Nyatwork	Nyatwork
Cincinnati通信有限责任公司	Cincinnati Communications Co., Ltd.
G-Core_Labs	G-Core Labs
中国电信CTG	China Telecom Global
Max_Net	Max_Net
Openfactory	Openfactory
G-Core_Lab	G-Core Labs
HydraCom	HydraCom
DoD网络信息中心	DoD Network Information Center
PIN数据中心	PIN Data Center
The_Weather公司	The_Weather Company
Digital_VM	Digital_VM
SharkTech数据中心	SharkTech Data Center
xTom	xTom
Syniverse科技公司	Syniverse
OrangeNet	OrangeNet
EdgeCast网络	EdgeCast Networks
Zscaler	Zscaler
路数互联	Lushu Internet
美国国防部网络中心	United States Department of Defense Network Information Center
OVH欧路云高防节点	OVH European Cloud High Defense Node
Aeza	Aeza
GTT通讯公司骨干网	GTT Communications Backbone Network
i3D	i3D
Incomm公司	Incomm
Shaw	Shaw
GHOSTnet_GmbH	GHOSTnet_GmbH
FreeTVRadio	FreeTVRadio
Level_通信股份有限公司	Level Communications Co., Ltd.
Level3(语音通信业务)	Level3 (Voice Communications Service)
idc-wiki	idc-wiki
雅虎公司	Yahoo!
Co-Location	Co-Location
eBay主管网(Level3承载)	eBay Main Network (via Level3)
eBay(Level3)	eBay (Level3)
法商OVH主机	OVH
Aryaka网络公司	Aryaka Networks
阿里云	Alibaba Cloud
谷歌公司DNS服务器	Google DNS
CloudIPLC	CloudIPLC
Stifel金融公司Level3节点	Stifel Financial Corporation Level 3 Node
谷歌公司	Google LLC
G_Core_Lab	G_Core_Lab
TeleTech通信公司	TeleTech Communications Company
Cloudflare_Warp节点	Cloudflare_Warp node
Keep健身CDN(Level3)	Keep Fitness CDN (Level3)
Voxility公司DDoS清洗中心	Voxility DDoS Mitigation Center
Squarespace(Level3)	Squarespace(Level3)
IBM公司	IBM Corporation
Vultr数据中心	Vultr Data Center
阿里云数据中心	Alibaba Cloud Data Center
Leepfrog_Technologies	Leepfrog_Technologies
ATT公司DNS服务器	ATT Corporation DNS Server
Feedly	Feedly
Level3网络公司	Level 3 Communications
Friends_University	Friends_University
卡森纽曼学院	Carson Newman College
局域网IP(Private-Use)	Local Area Network IP (Private-Use)
哥伦比亚联合学院	United College of Colombia
AT&T_Services	AT&T
南佛蒙特学院	Southern Vermont College
Salve_Regina_University	Salve_Regina_University
ATT用户	AT&T
InFlow_STL01	InFlow_STL01
Shaner酒店集团	Shaner Hotel Group
Lenoir-Rhyne_College	Lenoir-Rhyne_College
哈佛大学	Harvard University
Marlboro_College	Marlboro_College
Springfield_College	Springfield_College
Xerox	Xerox
Quad9(IBM)公共DNS	Quad9 (IBM) Public DNS
BARBOURVILLE_UTILITIES	BARBOURVILLE_UTILITIES
美国佛教慈济基金会	Tzu Chi Foundation USA
太平洋联合学院	Pacific Union College
AT&T公司	AT&T
CARILION_HEALTH_SYSTEM	CARILION_HEALTH_SYSTEM
STONEHILL_COLLEGE	STONEHILL_COLLEGE
亚马逊云科技新加坡Cloudfront_CDN网络节点	Amazon Web Services Singapore CloudFront CDN Network Node
CloudFront节点	CloudFront node
Spelman_College	Spelman_College
AT&T公司DNS服务器	AT&T DNS Servers
Houghton_College	Houghton_College
Amazon	Amazon
Microsoft_Anycast_CDN节点	Microsoft_Anycast_CDN
amazon	Amazon
CloudFront(SIN52)节点	CloudFront(SIN52)
Lycoming_College	Lycoming_College
休斯顿	Houston
斯坦福大学	Stanford University
AWS	AWS
AAA_AI_SOFTWARE_SOLUTIONS	AAA AI SOFTWARE SOLUTIONS
斯波丁尔大学	Spalding University
美国电话电报公司(AT&T)用户	AT&T User
CDNetworks公司CDN网络节点	CDNetworks CDN Network Node
CloudFront(MNL50)节点	CloudFront(MNL50)
Microsoft全球Anycast节点	Microsoft Global Anycast Node
CloudFront(SFO20)节点	CloudFront(SFO20) node
MOBIUS网络	MOBIUS Network
CloudFront(HKG62)节点	CloudFront(HKG62) node
长城宽带	Great Wall Broadband
CDNetwork	CDNetwork
First_Technology_Solutions	First_Technology_Solutions
CloudIE数据中心	CloudIE Data Center
KDDI通信公司	KDDI Communications
Amazon全球Anycast节点	Amazon Global Anycast Node
KT电信	KT Telecom
微软AzureDNS_Anycast节点	Microsoft AzureDNS Anycast Node
网宿科技CDN节点	ChinaNetCenter CDN Node
CloudFront(SFO5)节点	CloudFront(SFO5) node
CDNetworks节点	CDNetworks
CDNetworks公司	CDNetworks
I-Services网络公司	I-Services Network Company
VNPT	VNPT
Akile	Akile
CDNetworks	CDNetworks
易网库有限公司	EWarehouse Co., Ltd.
HKCSL	HKCSL
Escapenat网络	Escapenat Network
AS979_Net	AS979_Net
城市电讯有限公司	City Telecom Limited
国家教育网	CERNET (China Education and Research Network)
惠普HP	HP
VNPT邮电宽带	VNPT Telecom Broadband
鹏博士宽带	Dr.Peng Broadband
香港宽频网络(HKBN)	HKBN
星云融创安全宝CDN节点(城电宽频机房)	StarryCloud Innovation SecurityCDN Node (ChengDian Broadband)
AC3	AC3
Mobius	Mobius
香港宽频网络	Hong Kong Broadband Network
亚马逊	Amazon
鹏博士宽带互联节点	Dr.Peng Broadband Internet Node
数掘科技数据中心	Shuju Tech Data Center
Charter_Communications	Charter Communications
鹏博士互联节点、	Dr.Peng Interconnection Node
亚马逊云数据中心	Amazon Cloud Data Center
TPG有限公司	TPG Limited
光云数据香港有限公司	Optical Cloud Data Hong Kong Limited
欧路云高防节点	EuroCloud High-Defense Node
光雲數據-LIGHTCLOUD	LIGHTCLOUD
Apple公司全球Anycast节点	Apple Anycast CDN
鹏博士	China Dr. Peng Broadband
长城宽带互联节点	Great Wall Broadband Interconnection Node
鹏博士互联节点	Dr.Peng Interconnect Node
Incero有限公司	Incero Co., Ltd.
鹏博士长城宽带互联节点	Dr.Peng & Great Wall Broadband Interconnection Node
Amazon_Data_Services	Amazon_Data_Services
Amazon东海岸数据中心	Amazon East Coast Data Center
Comcast商业通信有限公司	Comcast Business Communications LLC
鹏博士长城宽带	Dr.Peng Broadband & Great Wall Broadband
福特公司	Ford Motor Company
网宿科技股份有限公司	ChinaNetCenter
美国Akamai科技公司CDN香港节点	Akamai Technologies Hong Kong CDN Node
Apple公司Anycast节点	Apple Anycast Node
Tata通信公司	Tata Communications
Telus	Telus
麻省理工学院	Massachusetts Institute of Technology
网宿科技股份有限公司Akamai新加坡节点	Wangsu Science & Technology Co., Ltd. Akamai Singapore Node
国防部	Ministry of National Defense
Akamai科技公司CDN韩国节点	Akamai Technologies CDN Korea Node
Enzu股份有限公司	Enzu Co., Ltd.
IT7网络	IT7 Network
Akamai节点(贝尔电信)	Akamai Node (Bell Telecom)
惠普公司	HP Inc.
Gorillaservers公司	Gorillaservers
TELUS	TELUS
Microsoft数据中心	Microsoft Data Center
Akamai科技公司CDN网络日本节点	Akamai Technologies CDN Network Japan Node
Akamai	Akamai
Apple公司	Apple Inc.
DXC_Technology	DXC_Technology
LeaseWeb数据中心	LeaseWeb Data Center
AKamai节点	Akamai
OpenVZVPS_Networks	OpenVZVPS_Networks
网宿科技股份有限公司韩国–首尔特别市Akamai韩国电信节点	Wangsu Science & Technology Co., Ltd. South Korea - Seoul Akamai Korea Telecom Node
EONIX-NET_CUST-NETBLK-PHX	EONIX-NET_CUST-NETBLK-PHX
OrionVM	OrionVM
网宿科技股份有限公司Akamai香港节点	Wangsu Science & Technology Co., Ltd. Akamai Hong Kong Node
Psychz网络公司	Psychz Networks
SILVERNETWORK	SILVERNETWORK
百度蜘蛛	Baidu Spider
TekSavvy	TekSavvy
Spotify	Spotify
Unified_Layer	Unified_Layer
Distributel	Distributel
网宿科技股份有限公司Akamai美国–加利福尼亚州–洛杉矶–洛杉矶节点	Wangsu Science & Technology Co., Ltd., Akamai, Los Angeles, California, USA
Linode	Linode
Cogeco	Cogeco
Nobis技术集团有限公司	Nobis Technology Group Co., Ltd.
WolfXun_Net	WolfXun_Net
HostUS数据中心	HostUS Data Center
Cosmic_Global_Networks全球Anycast节点	Cosmic_Global_Networks Global Anycast Node
Servpac公司	Servpac
Path_Network	Path Network
Start	Start
sc_Network	sc_Network
普罗维登斯大学学院	Providence University College
A_Small_Orange公司	A_Small_Orange
CeRaNetworks	CeRaNetworks
Twitch	Twitch
亚飞云高防数据中心	Yafei Cloud High Defense Data Center
AT&T	AT&T
Akamai科技公司CDN网络洛杉矶节点	Akamai Technologies CDN Network Los Angeles Node
大飞云数据中心	Dafei Cloud Data Center
CeraNetworks互联节点	CeraNetworks Interconnection Node
MaxCDN全球Anycast节点(LeaseWeb)	MaxCDN Global Anycast Nodes (LeaseWeb)
HighWinds(MaxCDN)全球Anycast节点	HighWinds(MaxCDN) Global Anycast Nodes
Hats_Network	Hats_Network
CachedNet	CachedNet
GlobalData将军澳数据中心(CeraNetworks)	GlobalData Tseung Kwan O Data Center (CeraNetworks)
rixCloud边缘网络	rixCloud Edge Network
ByteVirt	ByteVirt
LeaseWeb(SIN-11)数据中心	LeaseWeb (SIN-11) Data Center
ColoCrossing数据中心	ColoCrossing
Psychz_Networks	Psychz_Networks
Servers数据中心	Servers Data Center
Hivelocity数据中心	Hivelocity Data Center
QuadraNet数据中心	QuadraNet Data Center
UDomain公司	UDomain
LeaseWeb(LAX11)数据中心	LeaseWeb(LAX11)
CloudFlare公司CDN节点(shopify)	CloudFlare CDN node (Shopify)
Energy_Group_Networks	Energy_Group_Networks
colocrossing	ColoCrossing
CeraNetworks(POWERLINE数据中心)	CeraNetworks (POWERLINE Data Center)
CloudFlare公司CDN节点(Shopify)	CloudFlare CDN Node (Shopify)
GoDaddy集团公司	GoDaddy Group
Globaldata洛杉矶数据中心	Globaldata Los Angeles Data Center
RamNode有限公司	RamNode Co., Ltd.
CNServers	CNServers
CN2_YeCDN高防节点	CN2_YeCDN Anti-DDoS Node
Coperation_Coloction数据中心	Coperation_Coloction Data Center
启璇云计算美国CN2节点	Qixuan Cloud Computing US CN2 Node
multacom	multacom
Canadian_Web_Hosting数据中心	Canadian_Web_Hosting
美国Google光纤公司AS16591(Google_Fiber_Inc.)	Google Fiber Inc.
CeraNetworks	CeraNetworks
Crera怪兽云高防节点	Crera Monster Cloud High Defense Node
CeraNetworks数据中心	CeraNetworks Data Center
谷歌公司云数据中心	Google Cloud
FDC	FDC
Fastly公司CDN网络节点	Fastly CDN Network Nodes
IKGlobal数据中心	IKGlobal Data Center
Equinix	Equinix
CNSERVERS_LLC	CNSERVERS_LLC
IKGlobal	IKGlobal
CDN520加速节点(多线)数据中心	CDN520 Acceleration Node (Multi-line) Data Center
CDN520高防节点(BGP)数据中心	CDN520 High Defense Node (BGP) Data Center
RAIDNS	RAIDNS
NexteCloud数据中心	NexteCloud Data Center
Global_Frag_Networks	Global_Frag_Networks
Input_Output_Flood有限公司	Input_Output_Flood Co., Ltd.
Netflix节点	Netflix Node
FDC_Servers数据中心	FDC_Servers Data Center
Netflix	Netflix
Naruto	Naruto
GlobalFrag数据中心	GlobalFrag Data Center
SupremeBytes有限公司	SupremeBytes Co., Ltd.
Execulink	Execulink
Charter通讯	Charter Communications
KINPONET圣何塞高防GIA网络	KINPONET San Jose High Defense GIA Network
CDN520高防节点(多线)数据中心	CDN520 Anti-DDoS Node (Multi-line) Data Center
Videotron	Videotron
傲游主机	AoYun Host
Comcast_Cable	Comcast Cable
WebNX数据中心	WebNX Data Center
时代华纳有线互联网有限公司	Time Warner Cable Internet LLC
KINPONET洛杉矶GIA网络数据中心	KINPONET Los Angeles GIA Network Data Center
KINPONET洛杉矶163网络数据中心	KINPONET Los Angeles 163 Network Data Center
新世界电讯	New World Telecom
Suburban_Cable	Suburban_Cable
Datacate公司	Datacate
Comcast有线通信控股股份有限公司	Comcast Cable Communications Holdings Co., Ltd.
Cablevision系统控股公司	Cablevision Systems Corporation
Nova	Nova
CABLE	CABLE
雪城大学	Syracuse University
50KVM	50KVM
xfinity	xfinity
Comcast通信公司	Comcast
University_of_Regina	University_of_Regina
麻省	MIT
Adelphia用户	Adelphia
Psychz_Networks中国电信CN2节点	Psychz_Networks China Telecom CN2 Node
Road_Runner控股有限公司	Road_Runner Holdings Limited
Comcast有线通信股份有限公司	Comcast Cable Communications, LLC
BLAZENET	BLAZENET
COX通信公司	COX Communications
Rogers	Rogers
HostWinds有限公司	HostWinds LLC
Road_Runner_控股有限公司	Road_Runner Holdings Limited
Andara用户	Andara
Ohio	Ohio
阿卡迪亚大学	Acadia University
ROADRUNNER_COMMERCIAL_MIDSOUTH	ROADRUNNER_COMMERCIAL_MIDSOUTH
纽约州立大学	State University of New York
Advanced_Cable通信公司	Advanced_Cable Communications Company
Saskatchewan	Saskatchewan
CIK	CIK
Access通信公司	Access Communication Inc.
Charter通信用户	Charter Communications
Cloudie_Limited	Cloudie_Limited
Cable_Regina网络	Cable_Regina
圣玛丽大学	Saint Mary's University
Cable用户	Cable Users
EarthLink公司	EarthLink
Advanced_Cable通信公司DNS服务器	Advanced_Cable Communications DNS Servers
Armstrong有线服务公司	Armstrong Cable Services
Anycast节点	Anycast node
Universitas_Widyatama	Universitas_Widyatama
Altima	Altima
北卡大学	University of North Carolina
远传电信	Far EasTone Telecommunications
Leaseweb数据中心	Leaseweb
KDDI数据中心	KDDI Data Center
Queens	Queens
DCS机房	DCS Machine Room
Cox	Cox
蒙通宽带	Mengtong Broadband
易速网络科技联通节点	Yisu Network Technology Unicom Node
HostAway公司	HostAway Company
dreamscape网络	Dreamscape Network
星和电信(Starhub)	StarHub
Interact_Hosting数据中心	Interact_Hosting Data Center
Vocus集团	Vocus Group
British	British
Hurricane_Electric公司	Hurricane Electric
新飞金信BGP机房	Xinfei Jinxin BGP Data Center
Ontario	Ontario
全国数位有线电视	National Digital Cable TV
serversaustralia数据中心	Servers Australia Data Center
Hurricane_Electric_LLC	Hurricane_Electric_LLC
Quick_Corp	Quick_Corp
DAOU网络	DAOU Network
HostUS公司	HostUS
大台中数位有线电视	Dai Taichung Digital Cable TV
中国科学技术馆	China Science and Technology Museum
有线宽带	Cable Broadband
So-net	So-net
台基科	Taiwan Infrastructure Network Technologist
汇丰银行	HSBC
智通(Pacswitch)环球电讯	Pacswitch
Golden_Frog数据中心	Golden Frog Data Center
FreeBit	FreeBit
三星数据系统(中国)有限公司北京鹏博士节点	Samsung Data System (China) Co., Ltd. Beijing Dr.Peng Node
北京首科电讯有限公司	Beijing Shouke Telecom Co., Ltd.
辰典信息技术有限公司	Chendian Information Technology Co., Ltd.
NTT亚洲公司互联节点	NTT Asia Interconnection Node
领先互联国际有限公司	Leading Interconnect International Co., Ltd.
NexusGuard公司	NexusGuard
Ehost数据中心	Ehost Data Center
CTM澳门电讯	CTM (Macau Telecommunications)
易速网络科技电信节点	YiSu Network Technology Telecom Node
普伦蒂湾理工学院	Bay of Plenty Polytechnic
j:COM	J:COM
SpinTel公司	SpinTel
Vodafone(沃达丰)通信	Vodafone
国防部网络信息中心	Ministry of National Defense Network Information Center
Medianova公司	Medianova
UTC-5数据中心	UTC-5 Data Center
阿联酋高等技术学院	Higher Colleges of Technology
壹盾安全CIA节点	Yidun Security CIA Node
i3D网络	i3D Network
Leaseweb	Leaseweb
CTG	CTG
squareflow网络公司	Squareflow Network Company
EQIX	EQIX
EQUINIX交换中心	EQUINIX
DTI(Dream_Train_Internet)公司数据中心	DTI (Dream Train Internet) Company Data Center
HANELCOM公司	HANELCOM
City_Network_Hosting公司	City Network Hosting
MobiCom	MobiCom
互联港湾数据中心	Internet Harbor Data Center
电信(全省通用)	China Telecom (province-wide)
LIGHTCLOUD	LIGHTCLOUD
Facebook分公司	Facebook Branch
亚洲广播卫星公司	Asia Broadcast Satellite
谷歌云	Google Cloud
Medianova公司CDN节点	Medianova company CDN node
Facebook	Facebook
UTC+1数据中心	UTC+1 Data Center
广电网	China Broadcasting Network
Google云计算全球Anycast节点	Google Cloud Global Anycast
MEGA网盘	MEGA Cloud Drive
大新店有线电视	Da-Xin-Dian Cable Television
科盈电信集团有限公司(打砖坪街49-53号华基工业大厦二座8层C室)	Keywin Telecom Group Co., Ltd. (Room C, 8/F, Block 2, Wah Kei Industrial Building, 49-53 Da Bin Pai Street)
IX_Reach有限责任公司	IX-Reach LLC
天威宽带	Topway Broadband
美团	Meituan
Google云计算	Google Cloud
Anycast	Anycast
HostHatch公司	HostHatch
密歇根州立大学	Michigan State University
Merit网络公司	Merit Network
Google云数据中心	Google Cloud Data Center
google云	Google Cloud
Agave_Networks数据中心	Agave_Networks
Google云计算数据中心	Google Cloud Data Center
中移铁通	China Mobile Tietong
Bagmatikirtipur	Bagmatikirtipur
Ask4公司	Ask4
Google	Google
Gaditek公司	Gaditek
七牛云数据中心	Qiniu Cloud Data Center
SynapseGlobal公司	SynapseGlobal
BHost数据中心	BHost Data Center
Cyber_Wave_Japan	Cyber_Wave_Japan
中国平安	Ping An China
QOXY_Pte数据中心	QOXY Pte Data Center
TelekomunikasiIndonesia	Telkom Indonesia
PT_Telkom_Indonesia	PT_Telkom_Indonesia
新浪联通	Sina China Unicom
空山网络科技(上海)有限公司	Kongshan Network Technology (Shanghai) Co., Ltd.
SmartVPS有限公司	SmartVPS Co., Ltd.
新浪云(SAE)	Sina Cloud (SAE)
科技网	CSTNET
ATI-KOS	ATI-KOS
北京开心人信息技术有限公司(kaixin)北京联通AS4808节点(蓝靛厂东路2号金源时代商务中心B座11层)	Beijing Kaixinren Information Technology Co., Ltd. (kaixin) China Unicom Beijing AS4808 Node (11/F, Block B, Jinyuan Times Business Center, No. 2, Lvandianchang East Road)
Etihad_Atheeb_Telecom_Company	Etihad Atheeb Telecom Company
NuSkope_Pty	NuSkope_Pty
VECTANT有限公司DNS服务器	VECTANT Co., Ltd. DNS Server
谷歌云数据中心	Google Cloud Data Center
Yandex	Yandex
Outer_Rim_Entertainment	Outer_Rim_Entertainment
Equinix数据中心	Equinix Data Center
缤客酒店	Booking.com Hotel
UCloud	UCloud
Integrated_Telecom	Integrated Telecom
OVH数据中心	OVH Data Center
BAISI_NETWORK_LTD	BAISI_NETWORK_LTD
DNS服务器(PublicDNS)	PublicDNS
Altushost网络	Altushost Network
Al_Farwaniyahar_rabiyah	Al_Farwaniyahar_rabiyah
OVH	OVH
ULTRADNS全球Anycast节点	ULTRADNS Global Anycast Nodes
Al'Asimahal_fahahil	Al'Asimah al-Fahahil
Aquoz_Solutions	Aquoz_Solutions
M247数据中心	M247 Data Center
LeaseWeb(FRA10)数据中心	LeaseWeb(FRA10) Data Center
LeaseWeb(AMS01)数据中心	LeaseWeb (AMS01) Data Center
阿布扎比国际机场	Abu Dhabi International Airport
ANEXIA网络	ANEXIA Internet
StrongVPN节点	StrongVPN node
YISP网络	YISP Network
cloudsilk	CloudSilk
南乌拉尔国立大学	South Ural State University
HNCloud	HNCloud
－卡皮斯特拉诺Cogent	Cogent Communications
Whiz_Communications	Whiz_Communications
ARTMOTION	ARTMOTION
Cogent	Cogent
ConnectBR_Telecom	ConnectBR_Telecom
Tce_Adsl_Dynamic	Tce_Adsl_Dynamic
Anexia股份有限公司	Anexia LTD
Limestone-Networks	Limestone-Networks
LANTA网络	LANTA Network
靠谱云	Kaopu Cloud
NETMAXXI_TELECOM	NETMAXXI_TELECOM
MR_Telecom	MR_Telecom
CDN77全球Anycast节点	CDN77 Global Anycast Node
BunnyCDN节点	BunnyCDN
Vello_Servicos_de_Telecomunicacoes_Ltda	Vello_Servicos_de_Telecomunicacoes_Ltda
阿拉伯银行	Arab Bank
华云数据技术服务有限公司IDC机房(BGP)	Huayun Data Technology Service Co., Ltd. IDC (BGP)
AS982_Net	AS982_Net
NETBITS&GOBLE	NETBITS&GOBLE
SK_Broadband	SK_Broadband
HGC	HGC
So_net娱乐通讯	So_net Entertainment Communication
Qcell	Qcell
LeaseWeb(HKG10)数据中心	LeaseWeb(HKG10) Data Center
Zilore云计算全球Anycast节点	Zilore Cloud Global Anycast Nodes
微软bgp	Microsoft BGP
New_Yorknew_york_city	new_york_city
Yaba_College_of_Technology	Yaba College of Technology
Southern_Caribbean_Fiber	Southern_Caribbean_Fiber
NETMAXXI	NETMAXXI
INTELSAT	INTELSAT
AS980_Net	AS980_Net
AS983_Net	AS983_Net
移动Ookla_SpeedTest测速节点	China Mobile Ookla SpeedTest node
AS981_Net	AS981_Net
Impactusnet_Comunicacao_e_internet	Impactusnet_Comunicacao_e_internet
北京森华易腾通信技术有限公司IDC机房(BGP)	Beijing Senhua Yiteng Communication Technology Co., Ltd. IDC Data Center (BGP)
AS984_Net	AS984_Net
滴滴盾CN2高防节点	Dididun CN2 High-Defense Node
Akamai科技公司CDN网络节点	Akamai Technologies CDN Network Node
Azure世纪互联BGP数据中心	21Vianet Azure BGP Data Center
University_Hassan_II-Mohammedia	University_Hassan_II-Mohammedia
电讯盈科	PCCW
中国互联网络信息中心	CNNIC
BTV有线电视	BTV Cable TV
阿里云BGP数据中心	Alibaba Cloud BGP Data Center
滴滴盾高防节点	Dididun DDoS Protection Node
森华易腾IDC机房	Senhua Yiteng IDC Data Center
Washingtonseattle	Washingtonseattle
Bac_Ninhbac_ninh	Bac Ninh
新世纪资通	NCIC (New Century Information & Communication)
Ho_Chi_Minhho_chi_minh_city	Ho_Chi_Minhho_chi_minh_city
Wireless_Business_Solutions有限公司	Wireless_Business_Solutions Co., Ltd.
京宽网络	Jingkuan Network
Da_Nangda_nang	Da Nang
FPT电信公司	FPT Telecom
CNNIC(中国互联网信息中心)	CNNIC
北京知道创宇信息技术有限公司加速乐CDN节点	Beijing Knownsec Information Technology Co., Ltd. Jiasule CDN Node
盘龙云	Panlong Cloud
Ha_Noihanoi	Ha_Noihanoi
Nam_Dinhnam_dinh	Nam_Dinhnam_dinh
新飞金信计算机有限公司	Xinfei Jinxin Computer Co., Ltd.
云上无忧数据中心	Cloud Unworry Data Center
河南电联通信技术有限公司	Henan Dianlian Communication Technology Co., Ltd.
澳大利亚电信	Telstra
森华易腾BGP数据中心	Sunhuayiteng BGP Data Center
Ha_Tinhha_tinh	Ha_Tinh
网易云BGP数据中心	NetEase Cloud BGP Data Center
苏宁易购	Suning.com
BGP多线数据中心	BGP Multi-line Data Center
小米公司	Xiaomi Corporation
HKISL	HKISL
Choopa数据中心	Choopa Data Center
NETSEC公司	NETSEC Company
新力讯(SunnyVision)机房	SunnyVision Data Center
东京	Tokyo
Global_ICT_Solutions(ShangHai)	Global_ICT_Solutions(ShangHai)
BGP多线	BGP Multi-line
HKBNes香港汇港电讯WTT	HKBN/WTT (Hong Kong Broadband Network/WTT Hong Kong)
唯一网络BGP机房	Only Network BGP Data Center
杭州网鼎科技有限公司数据中心	Hangzhou Wangding Technology Co., Ltd. Data Center
敦纬数位服务	Dunwei Digital Services
微软Azure世纪互联北京数据中心BGP节点	Microsoft Azure 21Vianet Beijing Data Center BGP Node
HKBN_Enterprise	HKBN_Enterprise
电讯盈科商用网络	PCCW Business Network
北京信盈恒泰科技发展有限公司电信节点	Beijing Xinying Hengtai Technology Development Co., Ltd. China Telecom Node
光明网传媒有限公司	Guangming Net Media Co., Ltd.
维实嘉业网络科技有限公司	Weishijia Network Technology Co., Ltd.
北京北方星辰信息技术有限公司	Beijing North Star Information Technology Co., Ltd.
琥珀科技BGP多线数据中心	Hupo Technology BGP Multi-Line Data Center
CN2数据中心	CN2 Data Center
世纪互联数据中心	21Vianet
新安数据电讯盈科商用网络	CNC Group PCCW Business Network
BGP数据中心	BGP Data Center
微软Azure世纪互联上海数据中心BGP节点	Microsoft Azure operated by 21Vianet Shanghai Data Center BGP Node
广东奥飞数据科技股份有限公司数据中心	Guangdong Aofei Data Technology Co., Ltd. Data Center
Ourdomains数据中心	Ourdomains Data Center
七星云BGP数据中心	Qixing Cloud BGP Data Center
联想(上海)有限公司	Lenovo (Shanghai) Co., Ltd.
衡天网络科技有限公司BGP多线数据中心	Hengtian Network Technology Co., Ltd. BGP Multi-line Data Center
韩国有线电视广播公司	Korea Cable Television Broadcasting Company
Gaditek数据中心	Gaditek Data Center
天外天有线电视	Tianwaitian Cable TV
旺角Dragon_Spirit国际贸易有限公司	Mong Kok Dragon Spirit International Trade Co., Ltd.
广电	China Broadcasting Network
新力讯(Sunnyvision)数据中心(九龙新蒲岗八达街9号威达工贸商业中心)	Sunnyvision Data Center (Wyler Centre Phase 2, 9 Tat Street, San Po Kong, Kowloon)
RISE	RISE
云创讯通科技有限公司	Yunchuang Xuntong Technology Co., Ltd.
小鸟云电信数据中心	NiaoCloud China Telecom Data Center
香港中文大学	The Chinese University of Hong Kong
Sunford公司数据中心	Sunford Company Data Center
SecureAX数据中心	SecureAX Data Center
小鸟云电信节点	NiaoCloud Telecom Node
MULTACOM数据中心	MULTACOM Data Center
新网络(香港)有限公司数据中心	New Network (Hong Kong) Limited Data Center
小鸟云	Xiaoniao Cloud
VMSHELL	VMSHELL
光联网络	Guanglian Network
NOMINET网络全球Anycast节点	NOMINET Global Anycast Nodes
Nusanet	Nusanet
玲珑加速器节点	LingLong Accelerator Node
NHN_TOAST数据中心	NHN TOAST Data Center
奥飞数据科技数据中心	Aofei Data Science and Technology Data Center
SunnyVision数据中心	SunnyVision Data Center
Yeotech虚拟主机节点	Yeotech Virtual Host Node
Riot_Games公司英雄联盟游戏服务器	Riot Games League of Legends Game Server
中企动力	China Enterprises Power Network
云泰数通数据中心	Yuntai Data Communications Data Center
CDN520加速节点(BGP)数据中心	CDN520 Acceleration Node (BGP) Data Center
GigsGigs_Network	GigsGigs_Network
爱名网	Aimingwang
蓝队云	Blueteam Cloud
网信科技电信数据中心	Wangxin Technology Telecom Data Center
韩国电信数据中心	KT IDC
蒲公英网络有限公司	Pugongying Network Co., Ltd.
Hot_Net有限公司数据中心	Hot_Net Co., Ltd. Data Center
云港讯通BGP节点	Yungang Xuntong BGP Node
是方电讯数据中心	Chief Telecom Data Center
亿速云电信	Yisu Cloud Telecom
Voyager	Voyager
Teleguam	Teleguam
亚太电信	Asia Pacific Telecom
云港讯通科技有限公司	Yungang Xuntong Technology Co., Ltd.
唯一网络BGP节点	Only Network BGP Node
威磬科技	Weiqing Technology
台基网	Taiji Network
Hitron仲琦科技	Hitron Technologies
SonderCloud数据中心	SonderCloud Data Center
华云数据中心	Huayun Data Center
Psychz数据中心	Psychz Data Center
网易数据中心	Netease Data Center
TheGigabit数据中心	TheGigabit Data Center
TechAvenue公司	TechAvenue
台湾际缆网通信	TWIX Communication
恒创科技SonderCloud数据中心	Hengchuang Technology SonderCloud Data Center
问鼎清科技术有限公司BGP机房	Wending Qingke Technology Co., Ltd. BGP Data Center
天津生态城投资开发有限公司	Tianjin Eco-City Investment and Development Co., Ltd.
犀思云	Syscloud
三快科技(美团云)BGP数据中心	SanKuai Technology (Meituan Cloud) BGP Data Center
KDDI	KDDI
Acurus数据中心	Acurus Data Center
CDN77节点	CDN77 node
TISP数据中心	TISP Data Center
七星云BGP网络数据中心	Qixingyun BGP Network Data Center
Constellix_DNS_Anycast节点	Constellix_DNS_Anycast
广东有线	Guangdong Cable Network
新力讯数据中心	Xinlixun Data Center
台湾大哥大	Taiwan Mobile
AboveNet	AboveNet
Virtutel数据中心	Virtutel Data Center
Cloudie公司数据中心(九龙新蒲岗大有街31号善美工业大厦1604室)	Cloudie Company Data Center (Room 1604, Shan Mei Industrial Building, 31 Dai Yau Street, San Po Kong, Kowloon)
环球全域电讯	Wharf T&T
PTML电信	PTML Telecom
明日云计算	Mingri Cloud Computing
台湾固网	Taiwan Fixed Network
EasyHost数据中心	EasyHost Data Center
TRIUMPH_DYNASTY	TRIUMPH_DYNASTY
安畅网络BGP数据中心	Anchang Network BGP Data Center
国超数据中心	Guochao Data Center
Coretel_Networks	Coretel_Networks
RETN	RETN
Strad数据中心	Strad Data Center
CN_IX交换中心(领骏)	CN_IX Exchange Center (Lingjun)
Magna_Hosting数据中心	Magna_Hosting Data Center
信通易网数据中心	Xintong Yiwang Data Center
Gogo	Gogo
超宇宽频	Chaoyu Broadband
蒲公英网络BGP数据中心	Dandelion Network BGP Data Center
Gateway	Gateway
TechAvenue数据中心	TechAvenue Data Center
优酷土豆股份有限公司BGP节点(北京电信+北京联通)	Youku Tudou Inc. BGP Node (Beijing Telecom + Beijing Unicom)
CypressTel	CypressTel
BGP多线壹盾安全防御节点	BGP Multiline One Shield Security Defense Node
KF-IDC	KF-IDC
天外天数位有线电视	Tianwai Tian Digital Cable TV
小鸟云BGP数据中心	BGP Data Center of Xiaoniaoyun
蒲公英网络电信数据中心	Pugongying Network Telecom Data Center
CypressTel数据中心	CypressTel Data Center
云外科技CN2数据中心	Yunwai Tech CN2 Data Center
安畅BGP数据中心	Anchang BGP Data Center
华世达有限公司	Huashida Co., Ltd.
厦门雁回网络SoftLayer数据中心	Yanhui Network (Xiamen) SoftLayer Data Center
大学联合电脑中心	University Joint Computer Center
PhotonVPS数据中心	PhotonVPS Data Center
中国联通国际公司骨干网	China Unicom Global Backbone Network
北京维实嘉业网络科技有限公司	Beijing Weishijiaye Network Technology Co., Ltd.
爱云网络科技有限公司电信	China Telecom of Aiyun Network Technology Co., Ltd.
和硕联合科技	Pegatron Corporation
华云数据技术服务有限公司数据中心	Huayun Data Technology Service Co., Ltd. Data Center
NHN_Techorus股份有限公司	NHN Techorus Co., Ltd.
北京网云无限科技有限公司BGP多线数据中心	Beijing Wangyun Wuxian Technology Co., Ltd. BGP Multi-line Data Center
电信天翼云计算数据中心(华数网络)	China Telecom E-Surfing Cloud Computing Data Center (Wasu Network)
北京天维信通科技有限公司	Beijing Tianwei Xintong Technology Co., Ltd.
安畅网络BGP多线	Anchang Network BGP Multi-line
66-to洛杉矶高防节点	LA DDoS Protection Node
优能互通科技有限公司	Unicomlink Technology Co., Ltd.
Dedipath	Dedipath
GoDaddy	GoDaddy
AQUOZ数据中心	AQUOZ Data Center
Choopa	Choopa
BraveWay数据中心	BraveWay Data Center
HK_KwaiFong	HK_KwaiFong
数据中心	Data Center
MLINK_TELECOM_LTDA	MLINK_TELECOM_LTDA
稳速(Winspeed)网络	Winspeed Network
DigitalVM(M247)	DigitalVM(M247)
CloudMosa公司	CloudMosa
CNServers数据中心	CNServers Data Center
Altus	Altus
DooGA(DMM)有限公司	DooGA (DMM) Co., Ltd.
电信住宅宽频网络有限公司	China Telecom Residential Broadband Network Co., Ltd.
xTOM	xTOM
国信融通科技有限公司	Guoxin Rongtong Technology Co., Ltd.
Cloudie数据中心	Cloudie Data Center
ReliableSite网络	ReliableSite Network
远振资讯	Yuanzhen Information
Moebee_Network	Moebee_Network
歪瓜互联数据中心	Waiguai Internet Data Center
ServerMania数据中心	ServerMania Data Center
台湾智慧光网	Taiwan Intelligent Optical Network
腾讯云全球Anycast节点	Tencent Cloud Global Anycast Node
力通网络科技有限公司BGP机房	Litong Network Technology Co., Ltd. BGP Data Center
misaka	Misaka
Infinite_Web	Infinite_Web
USKVM	USKVM
Dropbox公司	Dropbox
VLAN24	VLAN24
DOORPOST全球骨干网	DOORPOST Global Backbone Network
DataCity数据中心	DataCity Data Center
Surge通信	Surge Telecom
spartanhost	spartanhost
NetActuate公司	NetActuate
Sun_Network	Sun_Network
葵芳数据中心	Kwai Fong Data Center
Choopa公司数据中心	Choopa Company Data Center
Incapsula公司CDN节点	Incapsula CDN Node
Sharktech数据中心	Sharktech Data Center
DMIT	DMIT
澳门电讯	Macau Telecom
IT7_Networks_Inc	IT7_Networks_Inc
iaclouds	iaClouds
Anynode数据中心	Anynode Data Center
NEAROUTE_LIMITED	NEAROUTE_LIMITED
Google光纤	Google Fiber
Micfo云计算公司	Micfo Cloud Computing Company
Chief	Chief
GigeNET数据中心	GigeNET Data Center
AOFEI_DATA_INTERNATIONAL_COMPANY_LIMITED	AOFEI_DATA_INTERNATIONAL_COMPANY_LIMITED
Web2Objects	Web2Objects
CITISCLOUD机房	CITISCLOUD
安畅网络数据中心	Anchang Network Data Center
快快CDN高防CN23GIA节点(kuaikuaicdn)	KuaiKuai CDN High Defense CN2 GIA Node (kuaikuaicdn)
JustHost	JustHost
中兴通讯	ZTE Corporation
台湾大宽频	Taiwan Broadband Network
Dedipath数据中心	Dedipath Data Center
CDN520节点(高防段)数据中心	CDN520 Node (Anti-DDoS Segment) Data Center
HostHatch	HostHatch
TISP	TISP
Sparkstation数据中心	Sparkstation Data Center
凯擘公司	kbro Co., Ltd.
smartone	SmarTone
Epik网络节点	Epik Network Node
北京百度网讯科技有限公司新加坡BGP节点	Beijing Baidu Netcom Science Technology Co., Ltd. Singapore BGP Node
Gigabit数据中心	Gigabit Data Center
KURUN_CLOUD_INC	KURUN_CLOUD_INC
117d	117d
网易移动节点	Netease Mobile Node
联通BGP数据中心	China Unicom BGP Data Center
RivenCloud(Cloudie)	RivenCloud(Cloudie)
南凌科技发展有限公司	Southern Linc Technology Development Co., Ltd.
铁通	China Tietong
Starry_Network	Starry_Network
联合科技	United Technology
Dignusdata网络	Dignusdata
宝信科技BGP数据中心	Baoxin Technology BGP Data Center
迅达云	Xunda Cloud
江苏邦润云堤BGP	Jiangsu Bangrun Yundi BGP
NewMediaExpress	NewMediaExpress
NextDNS_Anycast节点	NextDNS_Anycast Node
MTel电信	MTel Telecom
网宿科技CDN节点(QUANTIL)	QUANTIL CDN Node (Wangsu Science & Technology)
靠谱云电信数据中心	Kaopu Cloud China Telecom Data Center
ANTBOX_NETWORKS	ANTBOX_NETWORKS
TeleAsia	TeleAsia
江苏邦润BGP	Jiangsu Bangrun BGP
青云数据中心	QingCloud Data Center
DSOSING_Network	DSOSING_Network
北京爱迪通信科技有限公司	Beijing Aidi Communication Technology Co., Ltd.
云瑞智通	CloudRui Zhitong
Misaka网络	Misaka Network
Coffs_Harbour_BTB宽带	Coffs_Harbour_BTB Broadband
北京三快科技有限公司南通分公司美团	Beijing Sankuai Technology Co., Ltd. Nantong Branch Meituan
Aggros_Operations_Ltd	Aggros_Operations_Ltd
Eonix数据中心	Eonix Data Center
iFog_GmbH	iFog_GmbH
天互数据电信	Tianhu Data Telecom
Misaka_Network	Misaka_Network
rixCloud(TYO03)Mithril_Enterprise_Network	rixCloud(TYO03)Mithril_Enterprise_Network
麒麟通信有限公司	Qilin Communication Co., Ltd.
HOSTUS(SoftLayer数据中心)	HOSTUS (SoftLayer Data Center)
广州网易计算机系统有限公司BGP多线	NetEase (Hangzhou) Network Co., Ltd. BGP Multi-Line
快快CDN高防CN20GIA节点(kuaikuaicdn)	KuaiKuai CDN High Defense CN20GIA Node (kuaikuaicdn)
快快CDN高防CN19GIA节点(kuaikuaicdn)	Kuaikuai CDN High Defense CN19GIA Node (kuaikuaicdn)
电信通	Dr.Peng
LARUS	LARUS
驰联网络电信数据中心	Chilian Network Telecom Data Center
数掘科技多线	Shuju Tech Multi-Line
CodecCloud数据中心	CodecCloud Data Center
闪盾安全高防段	Shield Security High Defense Segment
企商在线电信数据中心	Qishang Online Telecom Data Center
XNNET数据中心	XNNET Data Center
滴滴盾高防节点(dididun)	Dididun High Defense Node
LEASEWEB	LEASEWEB
闪盾安全高防清洗段	Shield Security High-Defense Cleaning Segment
TF_TELECOM_LTDA	TF_TELECOM_LTDA
PowerLine数据中心	PowerLine Data Center
TIME_HK	TIME_HK
XDPCLOUD数据中心	XDPCLOUD Data Center
安畅BGP网络	Anchang BGP Network
企商在线	Qishang Online
Tianhai_InfoTech	Tianhai_InfoTech
快快CDN高防CN22GIA节点(kuaikuaicdn)	Kuaikuai CDN High Defense CN2 GIA Node
壹盾安全CMI线路	Yidun Security CMI Route
高防线路	Anti-DDoS Line
KirinoNET数据中心	KirinoNET Data Center
hostyun	HostYun
快快CDN高防CN21GIA节点(kuaikuaicdn)	KuaiKuai CDN High-Anti-DDoS CN2 GIA Node
DediPath数据中心	DediPath Data Center
首都在线数据中心	Capital Online Data Center
XNNET_LLC	XNNET_LLC
快快CDN高防CN2GIA节点(kuaikuaicdn)	Kuaikuai CDN Anti-DDoS CN2 GIA Node (kuaikuaicdn)
YeCDN节点	YeCDN Node
香港壹盾安全雲計算有限公司	Hong Kong One Shield Security Cloud Computing Co., Ltd.
xhostfire	xhostfire
cn2数据中心	CN2 Data Center
双翼鸟数据	Shuangyibird Data
中国电信CN2	China Telecom CN2
LANMIDATA	Lanmidata
野草云主机	Yecao Cloud Host
诸神小G_CN2节点	Zhushen XiaoG_CN2 Node
CN2怪兽云节点	CN2 Monster Cloud Node
rixCloud数据中心	rixCloud
NTT数据中心	NTT Communications Datacenter
BGP	BGP
OceanblueCloud	OceanblueCloud
QuadraNet_Axuan_CDN	QuadraNet_Axuan_CDN
中国移动国际公司	China Mobile International
Zouter	Zouter
幻想互联(AnyCast)	Huanxiang Internet (AnyCast)
MyRepublic_DNS	MyRepublic_DNS
SITINETWORS	SITINETWORS
云网科技	Cloud Network Technology
网宿科技	ChinaNetCenter
MULTACOM机房	MULTACOM Data Center
联通高防段	China Unicom Premium Anti-DDoS Segment
星辰云	StarCloud
北京峰鸟网络科技有限公司(CN2GT)数据中心A	Beijing Fengniao Network Technology Co., Ltd. (CN2GT) Data Center A
shuiM_Data_Exchange_Center(香港HKIX出口)	ShuiM_Data_Exchange_Center (Hong Kong HKIX Export)
NETWARE_TELECOMUNICACOES	NETWARE_TELECOMUNICACOES
网易	NetEase
鼎峰新汇科技有限公司	Dingfeng Xinhui Technology Co., Ltd.
云地数据中心	Cloud Ground Data Center
深圳华科云动力科技有限公司	Shenzhen Huake Cloud Power Technology Co., Ltd.
德国电信	Deutsche Telekom
ADMAN网络	ADMAN Network
DDOSING_Network	DDOSING_Network
中国联通欧洲运营公司	China Unicom Europe Operations
OFIDC数据中心	OFIDC Data Center
速联科技电信	Sulian Technology China Telecom
Ipko	Ipko
OVH全球Anycast节点	OVH Global Anycast Node
网易云中国联通数据中心	China Unicom NetEase Cloud Data Center
通达网络科技有限公司	Tongda Network Technology Co., Ltd.
贵安新区电信天翼云计算数据中心(浩云网络)	Guian New District Telecom Tianyi Cloud Computing Data Center (Haoyun Network)
Constellix_Anycast_DNS节点	Constellix_Anycast_DNSnode
资拓科技电信机房	China Telecom Room at Zituo Technology
创点数科CN2数据中心	Chuangdian Shuke CN2 Data Center
Cablecom公司	Cablecom
Nforce数据中心	Nforce Data Center
Amazon亚太数据中心	AWS Asia Pacific Data Center
浩云长盛网络移动机房	Haoyun Changsheng Network Mobile IDC
europe_pool_ntp服务器	europe_pool_ntp
上海欧网网络科技发展有限公司	Shanghai Ouwang Network Technology Development Co., Ltd.
T-mobile	T-mobile
COMTEL_TV	COMTEL_TV
PROCEAU网络	PROCEAU Network
日本创点数科CN2数据中心	Japan Sokushu Digital Science CN2 Data Center
YesHost数据中心	YesHost Data Center
NForce数据中心	NForce Data Center
谢里夫理工大学	Sharif University of Technology
Rapidspeeds_Servers公司	Rapidspeeds_Servers
Hetzner_Online公司	Hetzner Online
Kujtesa	Kujtesa
Node4公司	Node4
新泽西州哈肯萨克	Hackensack, New Jersey
AdvancedHosters	AdvancedHosters
北京云泰数通互联网科技有限公司	Beijing Yuntai Shutong Internet Technology Co., Ltd.
NTT_DoCoMo电信公司	NTT DOCOMO
NFOrce	NFOrce
OVH_SAS	OVH_SAS
Freetel电信公司	Freetel Telecom
沙捞越大学	Universiti Malaysia Sarawak
Yeapcloud_CDN节点	Yeapcloud_CDN Node
主机屋网络科技有限公司	Hosting House Network Technology Co., Ltd.
盛大计算机(上海)有限公司	Shanda Computer (Shanghai) Co., Ltd.
阿里云CDN节点	Alibaba Cloud CDN Node
Vodafone_D2GmbH	Vodafone_D2GmbH
Logicalis	Logicalis
Alfa电信	Alfa Telecom
比得哥煦有线电视	Bydgoszcz Cable TV
Aircel	Aircel
Cox通信公司DNS服务器	Cox Communications DNS Server
Go_Daddy欧洲数据中心	Go_Daddy European Data Center
北沙滩大屯路亚奥国际酒店	North Beach Datun Road Yaao International Hotel
Symantec公司	Symantec Corporation
Bell	Bell
江苏广电有线信息网络股份有限公司	Jiangsu Broadcasting Cable Information Network Co., Ltd.
比得哥煦农业科技大学	University of Agriculture and Technology, Bydgoszcz
Optus	Optus
IXwebhosting	IXwebhosting
Eonix公司	Eonix Company
Qwest通信公司	Qwest Communications Company
阿里云计算有限公司香港BGP节点	Alibaba Cloud Computing Co., Ltd. Hong Kong BGP Node
M1移动通信	M1 Mobile Communication
虎ノ門eMobile有限公司	Toranomon eMobile Co., Ltd.
恒基数码数据中心	Hengji Digital Data Center
Prudential	Prudential
北京中联讯通网络科技有限公司北京电信互联网数据中心节点	Beijing Zhonglian Xuntong Network Technology Co., Ltd. Beijing Telecom Internet Data Center Node
OneAsiaHost	OneAsiaHost
北京数字家园网络科技有限公司北京电信互联网数据中心节点	Beijing Digital Home Network Technology Co., Ltd. Beijing Telecom Internet Data Center Node
SAKURA数据中心	SAKURA Data Center
Infinitie网络公司	Infinite Network Company
数位通国际	eASPNet International
FDC(NTT)机房	FDC (NTT)
3BB网络	3BB Broadband
Hosting_Services公司	Hosting_Services
新加坡SG-GS通讯公司骨干网	Singapore SG-GS Communications Backbone Network
Steadfast网络	Steadfast Networks
FDC机房	FDC
HAIonNet公司KT电信数据中心	HAIonNet Company KT Telecom Data Center
广电宽带	China Broadcasting Network
ZAQ	ZAQ
虚拟运营商Vaya借用Optus的线路使用的移动4G网络	Virtual operator Vaya uses Optus lines for its mobile 4G network
FDC(NTT)数据中心	FDC (NTT) Data Center
泰国国王科技大学	King Mongkut's University of Technology Thonburi
virpus网络公司	Virpus Networks
Liquid_Web公司	Liquid Web
FDC数据中心	FDC Data Center
AWS有限公司EC2云服务器8号云机房	AWS Co., Ltd. EC2 Cloud Server No. 8 Cloud Data Center
TW_Telecom控股股份有限公司	TW_Telecom Holdings Co., Ltd.
Websitewelcome	Websitewelcome
加利福尼亚州圣克拉拉市加利福尼亚州圣克拉拉市Take2Hosting公司	Take2Hosting, Santa Clara, California
俄勒冈州波特兰Amazon西海岸数据中心	Amazon West Coast Data Center, Portland, Oregon
SoftLayer公司国际互联节点	SoftLayer International Connectivity Node
CloudFront_CDN节点	CloudFront CDN Node
欧路云OVH高防节点	EuroCloud OVH Anti-DDoS Node
OVH_Axuan_CDN	OVH_Axuan_CDN
Bluehost公司	Bluehost
Primus	Primus
北京国信比林通信技术有限公司	Beijing Guoxin Biling Communication Technology Co., Ltd.
微软云	Microsoft Azure
jazzvps	jazzvps
Dupont公司	Dupont
特拉华州威尔明顿	Wilmington, Delaware
亚马逊(Amazon)公司日本数据中心	Amazon Japan Data Center
Amazon数据中心(光环新网)	Amazon Data Center (Sino Light Network)
Energy_Group数据中心	Energy_Group Data Center
Amazon数据中心(西云数据)	Amazon Data Center (Sinnet)
社会保险安全部	Social Insurance Security Department
Coextro	Coextro
OVH数据中心欧路云高防节点	OVH Data Center Europe Cloud High Defense Node
Merck公司	Merck
美国邮政局	United States Postal Service
Online_SAS	Online_SAS
Egihosting公司	Egihosting
Plusnet网络	Plusnet
Server_Central网络公司	Server_Central
国际航空电讯集团公司(SITA)	SITA (Societe Internationale de Telecommunications Aeronautiques)
联通DNS服务器	China Unicom DNS Server
联通新时代网络会所	China Unicom New Era Cyber Cafe
Floridajacksonville	Floridajacksonville
National_WiMAX	National_WiMAX
通用电器公司	General Electric Company
联通家园	China Unicom Home
奔驰汽车	Mercedes-Benz
Westnet互联网服务DNS服务器	Westnet
联通数据上网DNS服务器	China Unicom Data Internet DNS Server
东方有线	Oriental Cable Network
联通网苑3号店(内蒙古工业大学东门对面)	China Unicom Netpark Store 3 (Opposite the East Gate of Inner Mongolia University of Technology)
True网络	True Network
U's通信公司	U's Communication Company
北京农业职业学院	Beijing Vocational College of Agriculture
美国陆军部队	U.S. Army Forces
富士通公司	Fujitsu
九州通信公司	Kyushu Telecommunications Company
联通家园网吧	China Unicom Home Internet Cafe
ADC网络	ADC Network
AUDA(AU域名管理局)Anycast节点	AUDA (AU Domain Administration) Anycast Node
联通网苑2店(呼和浩特农业大学转角楼)	China Unicom Net Bar 2 (Corner Building of Inner Mongolia Agricultural University, Hohhot)
ITACE网络	ITACE Network
电信节点	China Telecom Node
奥克兰	Auckland
电信网吧	China Telecom
班颂德皇家大学宾馆	Bansomdejchaopraya Rajabhat University Hotel
ISEEK通信公司	ISEEK Communication Company
歌华宽带DNS服务器	Gehua Broadband DNS Server
华夏网信科技有限公司	China Netcom Technology Co., Ltd.
梆子井大坤网吧(珠江绿洲家园)	Banglizi Dakun Internet Cafe (Zhujiang Lvzhou Homeland)
北京蓝汛通信技术有限责任公司(BGP)	Beijing Blue Cloud Communication Technology Co., Ltd. (BGP)
阿里云香港节点	Alibaba Cloud Hong Kong Node
新世界电讯宽带服务	New World Telecom Broadband Service
新世界电讯数据中心	New World Telecom Data Center
世纪互联BGP数据中心	21Vianet BGP Data Center
台湾基础开发科技股份有限公司	Taiwan Infrastructure Development Technology Co., Ltd.
索尼网络	Sony Network
NTTOCN网络	NTTOCN Network
世纪恒赢	Century Hengying
E-WIRE有线网络	E-WIRE Cable Network
EXETEL网络	EXETEL
OPTUS电信公司	OPTUS Telecom Company
教育网DNS服务器	CERNET DNS Server
Exetel_DNS	Exetel_DNS
教育信息网	Education Information Network
和网宽频电信	Hewang Broadband Telecom
世纪互联	21Vianet
StarHub网络公司	StarHub Network Company
Chariot网络	Chariot Network
广西视虎科技股份有限公司	Guangxi Shihu Technology Co., Ltd.
KANSAI多媒体网络	KANSAI Multimedia Network
广东金万邦科技投资有限公司(新一代数据中心)IDC机房(BGP)	Guangdong Jinwanbang Technology Investment Co., Ltd. (New Generation Data Center) IDC Room (BGP)
NTT网络	NTT Network
北京三信时代信息公司歌华有线IDC机房(北四环西路新技术大厦1513号)	Beijing Sanxin Times Information Company Gehua Cable IDC Room (No.1513 New Technology Building, North Fourth Ring West Road)
星和视界(StarHub)宽带	StarHub Broadband
IIJ国际互联节点	IIJ International Interconnection Node
北京第二外国语学院	Beijing International Studies University
SK网络	SK Networks
香港宽频	Hong Kong Broadband Network
华数	Wasu
北京华宇兴盛科技发展有限公司电信节点	Beijing Huayu Xingsheng Technology Development Co., Ltd. Telecom Node
TT&T有限公司Maxnet网络	TT&T Co., Ltd. Maxnet
北京工业职业技术学院	Beijing Polytechnic College
SK宽带公司	SK Broadband
教育网东北地区中心	CERNET Northeast Regional Center
石油化工学院	Petrochemical Institute Network
Suan_Sunandha_Rajabhat_University	Suan_Sunandha_Rajabhat_University
电信IDC	China Telecom IDC
清莱皇家大学	Chiang Rai Rajabhat University
和信超媒体网络	GigaMedia Network
OPTAGE骨干网	OPTAGE
电信，万达广场	China Telecom, Wanda Plaza
Internet_Initiative_Japan公司	Internet Initiative Japan
电信博信IDC	China Telecom Boxin IDC
教育网教育网络视频会议系统	CERNET Education Network Video Conference System
亚太环通有限公司	Asia Pacific Telecom Co., Ltd.
电信数据中心	China Telecom Data Center
阿里云BGP节点	Alibaba Cloud BGP Node
DREAMLINE网络	DREAMLINE Network
玛哈撒啦坎大学	Mahasarakham University
KT电信数据中心Google缓存节点	KT Telecom Data Center Google Cache Node
电信云计算机项目(百科合作IDC)	China Telecom Cloud Computing Project (Baike Partner IDC)
BHARTI_AIRTEL用户	BHARTI_AIRTEL
电信万维直供营业厅	China Telecom Wanwei Direct Supply Business Hall
联通Ookla_SpeedTest测速节点	China Unicom Ookla_SpeedTest speed test node
电信百科IDC	China Telecom IDC
Hanaro_Telecom	Hanaro Telecom
方正宽带数据中心	Founder Broadband Data Center
北京方正宽带网络技术有限公司(北京电信出口)	Beijing Founder Broadband Network Technology Co., Ltd. (Beijing Telecom Export)
MyNetFone	MyNetFone
前行约100米)	Qianxing about 100 meters)
电信软件园IDC	China Telecom Software Park IDC
电信CDN业务段	China Telecom CDN service segment
KDDI通信公司国际互联节点	KDDI Communications International Interconnection Node
中华电信(HiNet)数据中心	Chunghwa Telecom (HiNet) Data Center
软银数据中心	SoftBank Data Center
辽宁云梦数据中心多线高防	Liaoning Yunmeng Data Center Multi-line Anti-DDoS
东京SAKURA数据中心	Tokyo SAKURA Data Center
Spectra网络	Spectra Network
TOKAI通信	Tokai Communications
BSNL网络	BSNL network
电信网苑二部	China Telecom Network Yuan Second Branch
CJ-NET	CJ-NET
VSNL网络	VSNL Network
教育网校校通光纤接入工程1期	CERNET School-School Fiber Access Project Phase 1
东京都KDDI国际互联节点	KDDI International Interconnection Node in Tokyo
天地网联科技有限公司	Beijing Tiandiwanglian Technology Co., Ltd.
电信网吧(胜利中路电信大楼2楼)	China Telecom Internet Cafe (2nd Floor, Victory Middle Road Telecom Building)
天地网联科技有限公司联通云计算中心	China Unicom Cloud Computing Center of Tiandi Wanglian Technology Co., Ltd.
千叶	Chiba
埼玉县KDDI通信公司	KDDI Saitama Prefecture
台湾宽频通讯TBC	TBC (Taiwan Broadband Communications)
东京市KDDI通信公司	KDDI Corporation, Tokyo
电信宜驾网络	China Telecom Yijia Network
电信网吧(爱莲茗苑步行街9-11号商铺)	China Telecom (Ailian Mingyuan Pedestrian Street Shop 9-11)
比特汇通(北京)信息技术有限公司Choopa数据中心	BitExchange (Beijing) Information Technology Co., Ltd. - Choopa Data Center
平成电电网	Heisei Electric Power Network
ARTERIA	ARTERIA
汇港电讯	Hui Gang Telecom
Indian_Statistical_Institute	Indian Statistical Institute
DACOM网络	DACOM network
联通网吧	China Unicom Cybercafe
汇港电讯有限公司	Hui Gang Telecommunication Co., Ltd.
联通公司综合楼	China Unicom Building
SRM_University	SRM_University
Optus电信	Optus Telecom
新世界电讯有限公司	New World Telecommunications Ltd.
途隆科技有限公司	Tulong Technology Co., Ltd.
KOpticom网络	KOpticom Network
联通家园金华直营店(辽油支路264号)	China Unicom Home Jinhua Direct Store (No. 264, Liaoyou Branch Road)
Monash大学	Monash University
TMNET电信	TMNET Telecom
电信_甘肃龙源风力发电有限公司	China Telecom_Gansu Longyuan Wind Power Co., Ltd.
蓝队网络(新世界机房)	Blue Team Network (New World Data Center)
ATHOME网络	@Home Network
联通(蓝汛云计算邢台节点)	China Unicom (BlueCloud Computing Xingtai Node)
联通家园网吧(新客运站附近金牛山大街东23号)	Unicom Home Internet Cafe (No. 23 East Jinniushan Street, near New Bus Station)
OPTAGE通讯公司eonet家庭宽带	OPTAGE Communications eonet Home Broadband
联通ASDL	China Unicom ADSL
)	
电信_同志网络俱乐部	China Telecom_Tongzhi Network Club
电子政务网	E-Government Network
联通(蓝汛云分发邢台节点)	China Unicom (BlueX Cloud Distribution Xingtai Node)
NTT通信公司OCN网络	NTT Communications OCN
Internode网络	Internode Networks
联通家园(古宏庙街14号)	China Unicom Home (No. 14 Guhongmiao Street)
电信_如意阳光大酒店	China Telecom_Ruyi Sunshine Hotel
大马电信	TM (Telekom Malaysia)
电信_主海网吧分店(内如路17号二楼)	China Telecom_Mainhai Internet Cafe Branch (2nd Floor, No. 17, Neiru Road)
电信_金不换网吧	China Telecom_Jinbuhuan Internet Cafe
电信_中川国际机场	China Telecom_Zhongchuan International Airport
阿里云BGP服务器	Alibaba Cloud BGP Server
电信电信	China Telecom
联通家园航空母舰祺天号	China Unicom Home Aircraft Carrier Qitian
电信DNS服务器	China Telecom DNS server
电信_海蓝地网络俱乐部(丝路花苑5号楼)	China Telecom_Hailandi Network Club (Silk Road Garden Building 5)
电信_滴滴盾高防节点	China Telecom_Didi Shield High-Defense Node
NTTEAST	NTTEAST
电信VDSL	China Telecom VDSL
NEC公司	NEC Corporation
阿帕奇俱乐部北	Apache Club North
电信_广河三甲集先得网吧	China Telecom_Guanghe Sanjiaji Xiande Internet Cafe
联通家园庆平之营店(红旗大街与利民路交汇处)	China Unicom Home Qingping Bussiness Hall (Intersection of Hongqi Street and Limin Road)
亚太电信公司	Asia Pacific Telecom
电信_甘肃中电瓜州风力发电有限公司	China Telecom - Gansu Zhongdian Guazhou Wind Power Co., Ltd.
电信_金山塑胶有限公司	China Telecom_Jinshan Plastic Co., Ltd.
电信_博大计算机公司	China Telecom_Boda Computer Company
鹏博士BGP机房(原电信通)	Dr. Peng BGP IDC (formerly Dianxintong Communications)
电信高防段	China Telecom High Defense Segment
电信_小西街自由空间俱乐部	China Telecom_Xiaoxi Street Free Space Club
东京Akamai节点	Tokyo Akamai Node
电信_动感乐园网吧	China Telecom_Donggan Leyuan Internet Cafe
电信_崇信县伊人网咖	China Telecom_Chongxin County Yiren Internet Cafe
中国数码港科技有限公司BGP节点	China Digital Harbor Technology Co., Ltd. BGP Node
电信_转渠口乡转渠口网吧	China Telecom_zhuanqukouxiang zhuanqukou Internet Cafe
电信_北斗星网吧(城关镇中心广场北后楼一层)	China Telecom - Beidouxing Internet Cafe (First Floor, North Back Building, Central Square, Chengguan Town)
电信_北大桥西330KV升压站	China Telecom_Beidaqiao West 330KV Step-up Substation
大庆中基石油通信建设有限公司	Daqing Zhongji Petroleum Communication Construction Co., Ltd.
电信_甘肃新安风力发电有限公司	China Telecom_Gansu Xin'an Wind Power Co., Ltd.
TPG网络	TPG Telecom
Telstra网络	Telstra Network
电信_超时空网络休闲会所	China Telecom_ChaoShiKong Network Lounge
联通家园龙飞网吧	China Unicom Home Longfei Internet Cafe
台湾固网股份有限公司	Taiwan Fixed Network Co., Ltd.
SNIJP用户	SNIJP user
联通大庆市分公司	China Unicom Daqing City Branch
Telstra电讯	Telstra
电信_酒钢(集团)职工宽带信息网	China Telecom_Jiugang (Group) Employee Broadband Information Network
北京飞华领航科技发展有限公司	Beijing Feihua Linghang Technology Development Co., Ltd.
互联互通网络	Interconnection Network
马哈撒拉堪大学	Mahasarakham University
Hathway网络用户	Hathway Broadband
DTI-NET	DTI-NET
有线宽频用户	i-CABLE Broadband
FB-NET	FB-NET
MOZCOM用户	MOZCOM User
Lintasarta	Lintasarta
Net4	Net4
Pacnet	Pacnet
台湾固网股份有限公司DNS服务器	Taiwan Fixed Network Co., Ltd. DNS Server
Aofei_Data_International_Company_Limited	Aofei_Data_International_Company_Limited
Telstra_DNS	Telstra_DNS
东方大学	East University
Pacnet骨干网	Pacnet Backbone
有线电视	Cable TV
Home网络	Home Network
亚太环通(Pacnet)有限公司	Pacnet
CableTVDNS服务器	CableTV DNS Server
盈联宽带	YingLian Broadband
那黎宣大学	Nalixuan University
DISHNET用户	DISHNET
国家地震工程研究中心	National Center for Research on Earthquake Engineering
珠江宽频	Pearl River Broadband
REQUEST用户	User
ICV-NET	ICV-NET
筲箕湾有线电视	Shau Kei Wan Cable TV
中华都会信息科技股份有限公司	China Metropolis Information Technology Co., Ltd.
HIMAWARI-NET	HIMAWARI-NET
新世纪资通股份有限公司	New Century InfoComm Co., Ltd.
广州恒汇网络通信有限公司	Guangzhou Henghui Network Communication Co., Ltd.
Servcorp澳大利亚控股有限公司	Servcorp Australian Holdings Pty Ltd
ATHOME用户	@Home User
真茂科技股份有限公司	Zhenmao Technology Co., Ltd.
TCN-NET	TCN-NET
Pacific互联网泰国有限公司新加坡节点DNS服务器	Pacific Internet Thailand Co., Ltd. Singapore Node DNS Server
EASPNET_Inc	EASPNET_Inc
HCT-NET	HCT-NET
TWNIC-TW	TWNIC-TW
OOMURA-NET	OOMURA-NET
和网宽频电信股份有限公司	Harmony Broadband Telecom Co., Ltd.
索尼So-Net娱乐通讯	Sony So-Net Entertainment Communication
台固媒体股份有限公司	TFN Media Co., Ltd.
数位联合电信股份有限公司	Digital United Telecom Co., Ltd.
台湾宽频通讯顾问股份有限公司	Taiwan Broadband Communications Consulting Co., Ltd.
竹东镇工业技术研究院	ITRI, Zhudong Township
JCOM-NET	JCOM-NET
易达通网路系统有限公司	Yidatong Network System Co., Ltd.
台湾宽频	Taiwan Broadband
沅鸿媒体传讯	Yuanhong Media Communication
政府网际网路服务网	Government Internet Service Network
宏远电讯	Hongyuan Telecom
政府网际服务网	Government Internet Service Network
香港第一线有限公司台湾分公司	HK First Limited Taiwan Branch
台湾中油股份有限公司	CPC Corporation, Taiwan
NTT通信公司国际互联节点	NTT Communications
台湾网路资讯中心	Taiwan Network Information Center
台湾索尼通讯网路股份有限公司	Taiwan Sony Network Communications Co., Ltd.
台固线上股份有限公司	Taiwan Fixed Network Co., Ltd.
日本NTT通信公司骨干网节点	Japan NTT Communications backbone node
中国联通(香港)运营有限公司	China Unicom (Hong Kong) Operations Limited
世新有线电视	Shihsin Cable TV
宏远电讯(SaveCom)	Hongyuan Telecom (SaveCom)
和宇宽频网路股份有限公司	HeYu Broadband Network Co., Ltd.
台湾三立电视台	Taiwan SET TV
嘉义世新有线电视	Chiayi Shixin Cable TV
泰国国立法政大学	Thammasat University
电信机房	China Telecom Data Center
电信公司IDC机房	China Telecom IDC
电信DNS	China Telecom DNS
FBI_Gaming网咖(Chinatown分店)	FBI_Gaming Internet Cafe (Chinatown Branch)
联通宽带城域网统一出口	China Unicom Broadband MAN Unified Exit
TELKOM用户	Telkom
REQUESTDSL用户	REQUEST DSL User
联通网苑旗舰店	China Unicom Cyberia Flagship Store
电信(晋江)	China Telecom (Jinjiang)
东丰科技股份有限公司	Dongfeng Technology Co., Ltd.
互联网络信息中心(KRNIC)	KRNIC (Korea Internet & Security Agency)
电信公司黔江分公司互联网工程研发中心	China Telecom Qianjiang Branch Internet Engineering R&D Center
电信光纤+LAN	China Telecom Fiber + LAN
联通节点	China Unicom
电信非住宅宽带用户	China Telecom Non-Residential Broadband User
电信新磨龙网吧(吴都古肆)	China Telecom Xinmolong Internet Cafe (Wudu Gusi)
联通中心机房	China Unicom Central Equipment Room
电信公司	China Telecom
电信局计算中心	Telecom Bureau Computer Center
联通互联网数据中心	China Unicom Internet Data Center
NTT公司互联节点	NTT Communications Network
松下网络服务公司	Panasonic Network Service
电信演示厅IP视讯平台	China Telecom Demo Hall IP Video Platform
联通旗县级网关	China Unicom County-level Gateway
联通公司	China Unicom
International_Christian_University	International_Christian_University
电信集团公司	China Telecom Group Corporation
电信网吧(幸福路)	China Telecom Internet Bar (Xingfu Road)
联通骨干网	China Unicom Backbone Network
联通家园(五一菜市场)	China Unicom Home (May Day Market)
联通-BRAS网关	China Unicom-BRAS Gateway
电信实业分公司	China Telecom Industrial Branch
电信(外高桥)IDC机房	China Telecom (Waigaoqiao) IDC Center
电信百大网吧	Top 100 Internet Cafes of China Telecom
联通网关(全市通用)	China Unicom Gateway (Universal for the whole city)
电信大楼	China Telecom Building
联通(郓城市)	China Unicom (Yuncheng City)
联通旗县网关	Unicom Qixian Gateway
电信局机房	China Telecom Server Room
电信前进路红树林网吧	China Telecom Qianjin Road Hongshulin Internet Cafe
电信公话公司	China Telecom Public Phone Company
电信横滨IDC机房	China Telecom Yokohama IDC Center
电信(思明-鼓浪屿)	China Telecom (Siming-Gulangyu)
电信大楼随E行网吧	China Telecom Building SuiE Xing Internet Bar
电信影院	China Telecom Cinema
电信智慧广场机房	China Telecom Smart Plaza IDC
电信局内	China Telecom
联通机房	China Unicom IDC
电信客户服务中心	China Telecom Customer Service Center
电信局	China Telecom
电信局(主机托管)	China Telecom (Hosting)
联通(南岗区)	China Unicom (Nangang District)
联通数据交换中心(哈尔滨市)	China Unicom Data Exchange Center (Harbin)
电信宏天电脑公司	China Telecom Hongtian Computer Company
电信同普IDC机房	China Telecom Tongpu IDC
电信松阳二中	China Telecom Songyang No.2 Middle School
电信漕宝路IDC机房	China Telecom Caobao Road IDC Center
电信云莲机房	China Telecom Yunlian IDC
电信非住宅专线用户	China Telecom Non-residential Dedicated Line User
电信汾阳机房	China Telecom Fenyang Data Center
电信(湖里	China Telecom (Huli)
电信局内网	China Telecom Intranet
电信市场拓展部	Telecom Market Expansion Department
电信新业务演示厅	China Telecom New Business Demo Hall
电信局微机房	Telecom Bureau Computer Room
电信张江机房	China Telecom Zhangjiang IDC
联通光纤用户	China Unicom Fiber Broadband User
电信传输局	China Telecom Transmission Bureau
NTT通信公司	NTT Communications
电信(湖里)	China Telecom (Huli)
电信局解放路营业厅	China Telecom Jiefang Road Business Hall
电信(汉口区)	China Telecom (Hankou District)
电信实业大楼	China Telecom Industrial Building
电信松阳一中	China Telecom Songyang No.1 High School
电信(思明-鼓浪屿)(莲花新村)	China Telecom (Siming-Gulangyu)(Lianhua New Village)
电信局旁开心网吧	Happy Internet Cafe near China Telecom Office
联通(全省动态分配)	China Unicom (Dynamic Allocation in the Province)
电信小区宽带邮电职业技术学院	China Telecom Community Broadband - Posts and Telecommunications Vocational Technical College
岐阜县	Gifu Prefecture
电信分公司	China Telecom Branch
电信局数据用机	China Telecom Data Machine
联通市南区电信	China Unicom Shinan District Telecom
电信FTTB-LAN	China Telecom FTTB-LAN
电信路由器	China Telecom Router
横滨	Yokohama
联通大厅	China Unicom Hall
电信外高桥IDC机房	China Telecom Waigaoqiao IDC
电信(南岸区)	China Telecom (Nan'an District)
电信分公司计算机中心	Computer Center of China Telecom Branch
东京都Internap数据中心	Internap Data Center Tokyo
电信十所西世纪闪电网吧	China Telecom Tenth Research Institute West Century Flash Internet Bar
神户	Kobe
软银(SoftBank)电信集团公司	SoftBank Telecom Group
静岗县	Shizuoka Prefecture
东京都KDDI通信公司	KDDI Corporation, Tokyo
戸田市	Toda City
05室)	Room 05)
大阪	Osaka
九龙半岛酒店	Kowloon Peninsula Hotel
九州	China Jiuzhou
东京都中央区Dwango有限公司	Dwango Co., Ltd. in Chuo-ku, Tokyo
电信公司终端设备安装维护中心	China Telecom Terminal Equipment Installation and Maintenance Center
大阪NTT公司互联节点	Osaka NTT Interconnection Node
电信局程控机房	China Telecom Program-Controlled Switching Room
冈山县十日市	Okayama Prefecture Tokaichi
NTT韩国公司互联节点	NTT Korea Interconnection Node
联通公司地下联通网络	China Unicom Underground Network
香格里拉大酒店(香港中区法院太古广场)	Shangri-La Hotel (Pacific Place, Supreme Court Road, Central, Hong Kong)
联通网吧(黄塘)	China Unicom Internet Cafe (Huangtang)
东京NTT公司互联节点	NTT Communications Corporation Interconnection Node in Tokyo
联通(公主岭)	China Unicom (Gongzhuling)
Arelion瑞典公司	Arelion Sweden
TOKYO_WOMEN'S_MEDICAL_UNIVERSITY	TOKYO_WOMEN'S_MEDICAL_UNIVERSITY
ONLINE_SAS数据中心	ONLINE_SAS
联通浠水维护中心	China Unicom Xishui Maintenance Center
联通公司开发区分公司	Branch of China Unicom Development Zone
Alharbi_International_for_Telecom	Alharbi International for Telecom
樱花互联网数据中心DNS服务器	Sakura Internet Data Center DNS Server
CDNSUN有限公司CDN节点	CDNSUN Ltd. CDN Node
联通LAN	China Unicom LAN
科沙林工业大学	Koszalin University of Technology
和记3G网	Hutchison 3G Network
中华电信(HiNet)	Chunghwa Telecom (HiNet)
联通光纤电信网吧	China Unicom Fiber China Telecom Internet Cafe
InterNetX公司	InterNetX
热舒夫工业大学	Rzeszow University of Technology
联通网苑第一现场	China Unicom Network First Scene
CITIC_Telecom_CPC_Rus_LLC	CITIC_Telecom_CPC_Rus_LLC
联通路由器	China Unicom Router
香港宽频有限公司	Hong Kong Broadband Network Ltd
Spartanhost	Spartanhost
College	College
科技研究院	Science and Technology Research Institute
德国电信(DTAG)	DTAG (Deutsche Telekom)
kaliningrad_state_technical_university	Kaliningrad State Technical University
Penza	Penza
Arsys网络	Arsys Network
23media数据中心	23Media Data Center
AOL公司	AOL
Fastit公司	Fastit
联通网苑	China Unicom NetBar
联通枢纽大楼数据部	China Unicom Hub Building Data Department
Vodafone通信	Vodafone
LeaseWeb_IDC	LeaseWeb_IDC
德国电信(DTAG)骨干网	DTAG (Deutsche Telekom) Backbone Network
europe-pool-ntp服务器	europe-pool-ntp-server
Colocall公司	Colocall Company
白牙网吧(中国屋三楼)	Baiya Internet Cafe (3rd Floor, Zhongguowu)
索菲亚大学	Sofia University
Sure	Sure
GoDaddy主机	GoDaddy Hosting
国立远程教育大学	National University of Distance Education
heerenveen	heerenveen
格拉斯哥大学	University of Glasgow
Foyle_&_Londonderry_College	Foyle & Londonderry College
苏丹卡布斯大学	Sultan Qaboos University
DoCoMo_Pacific	DoCoMo_Pacific
Cable&	Cable &
NIC注册机构	NIC Registry
MCI通信服务公司	MCI Communications Services Corporation
Sprint网络	Sprint Network
CenturyLink	CenturyLink
CenturyLink股份有限公司旗下Savvis公司	Savvis of CenturyLink
MNet通讯	MNet Communications
The_royal_wolerhampton_school	The_royal_wolerhampton_school
Leeds_West_Park	Leeds West Park
NIC注册机构DNS服务器	NIC Registry DNS Server
Akamai中国联通北美分公司CDN网络节点(西南数据中心)	Akamai China Unicom North America Branch CDN Network Node (Southwest Data Center)
Kiev_University	Kiev_University
Akamai科技公司MCI网络CDN节点	Akamai Technologies MCI Network CDN Node
日内瓦学院	Geneva College
新英格兰学院	New England College
ACCK	ACCK
Qwest通信有限公司	Qwest Communications Co., Ltd.
基辅总统大学宿舍	Kyiv Presidential University Dormitory
Simferopol_State_University	Simferopol_State_University
Vinnitsa_State_Technical_University	Vinnitsa_State_Technical_University
厄斯特里希-温克尔欧洲商学院	European Business School Oestrich-Winkel
Windstream	Windstream
中国–香港电讯盈科(PCCW)国际互联节点	PCCW International Internet Node, Hong Kong, China
新港口大学	New Port University
virtual_business_communications	virtual_business_communications
T-Systems	T-Systems
电讯盈科国际互联节点	PCCW Global Internet Exchange Node
USLEC	USLEC
明尼阿波利斯	Minneapolis
GTT通讯骨干网	GTT Communications Backbone
波士顿大学	Boston University
中国电信CN2骨干网CTGNet节点	China Telecom CN2 Backbone Network CTGNet Node
星洲电盈互联节点	StarHub
Akamai科技公司洛杉矶CDN节点	Akamai Technologies Los Angeles CDN Node
HOLY_NAMES_COLLEGE	HOLY_NAMES_COLLEGE
GTT通讯	GTT Communications
Flow	Flow
MacStadium云计算公司	MacStadium Cloud Computing Company
太平洋贝尔网络	Pacific Bell Network
College_of_Mount_Saint_Vincent	College_of_Mount_Saint_Vincent
香港电讯盈科中国铁通国际互联节点	PCCW China Tietong International Interconnection Node
Internap网络	Internap Network
三弗然西斯科大学	University of San Francisco
Logic通信	Logic Communications
RackSpace有限公司	RackSpace Co., Ltd.
Internap网络DNS服务器	Internap
Mozilla公司	Mozilla Corporation
Synergy数据中心	Synergy Data Center
Columbus网络(美国)股份有限公司	Columbus Network (USA) Co., Ltd.
深圳日升科技有限公司数据中心	Shenzhen Risheng Technology Co., Ltd. Data Center
萨万那艺术设计学院	Savannah College of Art and Design
McLeodUSA公司	McLeodUSA
香港电讯盈科(PCCW)国际互联节点	PCCW (PCCW) International Internet Node
MERCURY网络	MERCURY network
FANIQ公司	FANIQ Company
Global_Net_Access公司	Global_Net_Access
WOODYN网络	WOODYN Network
CIHS网络	CIHS Network
Yahoo宽带	Yahoo BB
Internet_Access_Point_Corporation	Internet_Access_Point_Corporation
Mozilla数据中心	Mozilla Data Center
PayPal公司	PayPal
电讯盈科(PCCW)国际互联节点	PCCW (PCCW) Global Internet Exchange Node
伊利诺伊州芝加哥PCCW电讯盈科国际	PCCW Global, Chicago, Illinois
Akamai科技公司CDN网络节点(南加州洛杉矶机房)	Akamai Technologies CDN Network Node (Los Angeles, Southern California)
北京百度网讯科技有限公司香港节点(BGP)	Beijing Baidu Netcom Science Technology Co., Ltd. Hong Kong Node (BGP)
NetAccess公司	NetAccess Company
TierFour公司	TierFour
Interserver股份有限公司	Interserver Co., Ltd.
RackVibe有限公司	RackVibe Co., Ltd.
Media_Temple股份有限公司	Media Temple
谷歌公司WiFi网络	Google WiFi
伊利诺伊大学	University of Illinois
Online_Technologies_Corp	Online_Technologies_Corp
Riot_Games公司	Riot_Games
XO通信公司	XO Communications
NetEnterprise	NetEnterprise
MegaPath数据中心	MegaPath Data Center
HostDime_IDC	HostDime_IDC
Omnis_Network	Omnis_Network
PacWest通信公司	PacWest Communications
Claro	Claro
Layered科技公司	Layered Technologies Inc.
Peer1网络公司	Peer1 Network
vrtservers	VRTServers
Allegiance_Telecom_Companies_Worldwide	Allegiance_Telecom_Companies_Worldwide
Data_Return	Data_Return
T-Mobile_US	T-Mobile_US
Google_Fi_VPN	Google_Fi_VPN
AOL美国在线公司	AOL
DataPipe	DataPipe
OLM有限公司	OLM Limited
太平洋大学	Pacific University
CTCCommunications	CTCCommunications
SECURED_SERVERS数据中心	SECURED_SERVERS Data Center
Sportsline	Sportsline
商用互联网名称公司	Commercial Internet Name Company
EasyDNS_Anycast节点(Cloudflare节点)	EasyDNS_Anycast Node (Cloudflare Node)
Tata通信	Tata Communications
大学三藩校区	University of San Francisco Campus
SAKURA_LINK	SAKURA_LINK
EIG集团	EIG Group
亨廷顿学院	Huntington College
Add2Net-LunarPages公司	Add2Net-LunarPages
Hurricane_Electric网络数据中心	Hurricane Electric Network Data Center
EarthLink	EarthLink
VeriSign	VeriSign
CISCO系统公司	CISCO Systems, Inc.
伯克利WOODYN网络	Berkeley Woodynet
KMC_Telecom	KMC Telecom
思科公司	Cisco
Internap网络服务公司(INSC)DNS服务器	Internap Network Services Corporation (INSC) DNS server
LogMeIn_Hamachi中继服务器	LogMeIn_Hamachi relay server
Continuum数据中心有限公司	Continuum Data Center Co., Ltd.
Illinois_Century_Network	Illinois_Century_Network
ServInt_公司	ServInt
Enom公司	Enom Company
Tucows公司	Tucows Inc.
DreamHost公司	DreamHost
BurstNET网络公司	BurstNET
Emagine_Concept公司	Emagine_Concept
Uniregistry全球Anycast公司	Uniregistry Global Anycast
eNet股份有限公司XLHost数据中心	eNet Co., Ltd. XLHost Data Center
ViaWest公司	ViaWest
ServInt公司	ServInt
Zayo集团国际互联节点	Zayo Group International Interconnection Node
Metroplex	Metroplex
天朝世纪集团洛杉矶Peer1数据中心	Tianchao Century Group Los Angeles Peer1 Data Center
爱荷华州立大学	Iowa State University
Wonderlink	Wonderlink
Zayo集团骨干网	Zayo Group Backbone Network
Nobis技术集团有限公司Ubiquity达拉斯数据中心	Nobis Technology Group LLC Ubiquity Dallas Data Center
Syringa_Networks	Syringa_Networks
Calix	Calix
Nobis技术集团有限公司Ubiquity洛杉矶数据中心	Nobis Technology Group Co., Ltd. Ubiquity Los Angeles Data Center
United_Online	United_Online
ServePath公司	ServePath company
Masergy	Masergy
Horry_Telephone	Horry_Telephone
Masergy骨干网	Masergy backbone
AerioConnect	AerioConnect
Nobis技术集团有限公司Ubiquity西雅图数据中心	Nobis Technology Group Co., Ltd. Ubiquity Seattle Data Center
SFcolocation	SFcolocation
大教区教育理事会	Diocese Education Council
Server_Axis股份有限公司	Server_Axis Co., Ltd.
Nobis技术集团有限公司Ubiquity芝加哥数据中心	Nobis Technology Group, Ubiquity Chicago Data Center
Wayport股份有限公司(AT&T旗下Wi-Fi服务)	Wayport Co., Ltd. (AT&T's Wi-Fi service)
奥斯丁长老教会神学院	Austin Presbyterian Theological Seminary
Solidtools科技公司	Solidtools Technology Company
MegaPath_Networks_Inc	MegaPath Networks Inc
Zayo网络	Zayo Network
PaeTec通信公司	PaeTec Communications
印第安纳光纤网络有限公司	Indiana Fiber Network Co., Ltd.
Fidelity语音和数据通信有限公司	Fidelity Voice and Data Communications Co., Ltd.
哈定-西蒙斯大学	Harding-Simmons University
Go_Daddy集团公司	GoDaddy Group
维斯蒙特学院	Westmont College
西南学院	Southwest University
ABG_Capital	ABG_Capital
NetworkLayer	NetworkLayer
Telescan	Telescan
Verizon_Online有限公司	Verizon_Online Co., Ltd.
宾夕法尼亚州大学	Pennsylvania State University
内华达山脉学院	Sierra Nevada College
印第安纳光纤网络有限公司DNS服务器	Indiana Fiber Network Co., Ltd. DNS Server
CTS电信	CTS Telecom
KWIC	KWIC
GTT数据中心	GTT Data Center
Beanfield	Beanfield
WOW!	WOW!
SignalPoint通信股份有限公司	SignalPoint Communication Co., Ltd.
Verizon环球网	Verizon Business
Interland	Interland
SBC_E-Services_Shared_Web_Hosting_Pool	SBC_E-Services_Shared_Web_Hosting_Pool
Bluecoat系统公司	Blue Coat Systems Inc.
康涅狄格州信息技术部网络	Connecticut Department of Information Technology Network
NewEdge网络	NewEdge Network
Mzima网络公司	Mzima Network Company
ThePlanet互联网服务公司	ThePlanet
OLM_LLC	OLM_LLC
BellSouth拨号服务	BellSouth Dial-up Service
Consolidated	Consolidated
Las_Vegas_NV数据中心	Las_Vegas_NV Datacenter
Ritter通信	Ritter Communications
Google骨干网	Google Backbone
密西西比大学	University of Mississippi
SkyFiNet	SkyFiNet
Squarespace	Squarespace
KMC电信用户	KMC Telecom Users
Hetzner	Hetzner
湖首大学	Lakehead University
杰克逊	Jackson
安大略省桑德贝湖首大学	Lakehead University, Thunder Bay, Ontario
电讯盈科数据中心	PCCW Data Centers
MANHATTANVILLE_COLLEGE	MANHATTANVILLE_COLLEGE
Tulsaconnect网络服务公司	Tulsaconnect Network Services Company
肯特大学	University of Kent
Afilias(艾斐域)公司Anycast节点	Afilias Anycast Node
西蒙弗雷泽大学	Simon Fraser University
Datarealm互联网服务公司	Datarealm Internet Service Company
Alabanza	Alabanza
Road_Runner控股有限公司DNS服务器	Road_Runner Holdings Limited DNS Server
Hurricane_Electric网络	Hurricane Electric
Micro_Strategies股份有限公司	Micro_Strategies Co., Ltd.
波特兰大学	University of Portland
Microsoft_Azure数据中心	Microsoft Azure Data Center
HARRISONVILLE网络	HARRISONVILLE Network
SingleHop有限公司	SingleHop Co., Ltd.
Sprint	Sprint
苏尔罗斯州立大学	Sul Ross State University
白山云数据中心	Baishan Cloud Data Center
CSG_Communications	CSG_Communications
Rochester_College	Rochester_College
Earthlink拨号网络	Earthlink Dial-up Network
Akamai科技公司Qwest通信CDN网络节点	Akamai Technologies Qwest Communications CDN Network Node
ColoCrossing有限公司	ColoCrossing Co., Ltd.
Govt	Government Network
DSL网络	DSL Network
1Wire	1Wire
Neopolitan网络	Neopolitan Network
Qwest通信有线责任公司DNS服务器	Qwest Communications LLC DNS server
XDI_Consulting_Corp	XDI_Consulting_Corp
Miami-Dade县	Miami-Dade County
Synergy网络	Synergy Network
Rcn公司	Rcn Company
BellSouth_Inc	BellSouth_Inc
SSi_Micro	SSi_Micro
Veracity网络	Veracity Network
Qwest通信有线责任公司	Qwest Communications Company Limited
Brinkster通信公司	Brinkster Communications
东南学院	Southeast University
Solar_VPS数据中心	Solar_VPS Data Center
UUNET技术有限公司	UUNET Technology Co., Ltd.
CableRegina网络	CableRegina
美国环境规划署Verizon通信	Verizon Communications
Earthlink网络	Earthlink
Infolink信息服务公司	Infolink Information Services
SpaceX	SpaceX
Pugmarks公司	Pugmarks Telecom
La_Quinta_Inn酒店	La Quinta Inn
Wpage	Wpage
UUNETDNS服务器	UUNET DNS servers
Acceleration_Software	Acceleration Software
花旗集团	CitiGroup
CIHS	CIHS
Bellevue大学	Bellevue University
圣弗朗西斯大学	Saint Francis University
Hopone网络公司	Hopone Network Company
Infinitum科技股份有限公司	Infinitum Technology Co., Ltd.
Sitesell公司	Sitesell Company
田纳西州教育局	Tennessee Department of Education
Zayo数据中心	Zayo Data Center
UUNET用户	UUNET Users
Phoenix_NAP数据中心	Phoenix_NAP Data Center
Tumblr公司	Tumblr Company
中国电信(美洲)有限公司Level3节点	China Telecom (Americas) Corporation Level3 Node
太平洋电信用户	Pacific Telecom
BellSouth_net_Inc	BellSouth_net_Inc
Troy_State_University	Troy_State_University
Wiresix公司	Wiresix
Suddenlink通信公司	Suddenlink Communications
宾夕法尼亚州立大学	Pennsylvania State University
Digicel	Digicel
Consolidated电信公司	Consolidated Telecom Company
PCH骨干网	PCH Backbone
纽约	New York
世纪网络	Century Network
主机爱数据中心	Hostlove Data Center
Neospire公司	Neospire
中国电信美洲公司	China Telecom Americas
WTC	WTC
宾夕法尼亚大学	University of Pennsylvania
圣哈辛托学院	San Jacinto College
Tata通信有限公司国际互联节点	Tata Communications Limited International Internet Node
Speakeasy公司	Speakeasy
CalTel	Caltel
CDNetworks公司Anycast节点	CDNetworks Anycast Node
FiberLight	FiberLight
Montana_Sky网络有限公司	Montana_Sky Network Co., Ltd.
Corporate_Colocation公司	Corporate Colocation
Tata通信有限公司	Tata Communications
Antelecom	Antelecom
ServerBeach有限公司	ServerBeach Co., Ltd.
普莱诺环球大学	Plano Global University
Lakeshore	Lakeshore
A2_Hosting股份有限公司	A2 Hosting Co., Ltd.
新南通信	Xinnan Communications
东南电话集团	Southeast Telephone Group
FDC芝加哥机房	FDC Chicago Data Center
Advanced_Knowledge_Networks	Advanced_Knowledge_Networks
Germantown市休斯网络公司	Hughes Network Systems, Germantown
Ygnition网络公司	Ygnition Networks
Lunarpages数据中心	Lunarpages
大西洋联合学院	Atlantic Union College
Hope_International	Hope_International
TexLink通信公司	TexLink Communications Company
SpringNet	SpringNet
Smartrove公司	Smartrove Inc.
Systemmetrics公司	Systemmetrics
Telefonica	Telefonica
AT&T互联网公司	AT&T
Multacom公司	Multacom
萨拉劳伦斯学院	Sarah Lawrence College
普林斯顿大学	Princeton University
Viya	Viya
ZooLink通信公司	ZooLink Communications Company
穆迪基督教大学	Moody Christian University
Hivelocity公司	Hivelocity
Xspedius通信公司	Xspedius Communications
Ygnition网络	Ygnition Networks
eBay公司	eBay Inc.
Hostway公司	Hostway
LeTourneau大学	LeTourneau University
Colorado	Colorado
GTT-nLayer通信公司	GTT-nLayer Communications
Feedburner	Feedburner
Millennium电信集团有限公司	Millennium Telecom Group Co., Ltd.
强生威尔士大学	Johnson & Wales University
圣安娜Krypt机房	Krypt in Santa Ana
Megalink	Megalink
中华电信国际公司网络国际通(TWGate)骨干网	Chunghwa Telecom Global Network (TWGate) Backbone
VailNet	VailNet
Turnkey_Internet公司	Turnkey_Internet
Hivelocity	Hivelocity
Pennsylvania	Pennsylvania
Access_Northeast股份有限公司	Access_Northeast Co., Ltd.
中华电信国际公司	Chunghwa Telecom Global, Inc.
yahoo蜘蛛	yahoo spider
neXband通讯公司	neXband Communications Company
Vailnet	Vailnet
PacificRack机房	PacificRack
Ntelos网络	Ntelos Networks
Overture公司	Overture Company
Cologuys公司	Cologuys
WideOpenWest财务有限公司	WideOpenWest Finance LLC
EZZI科技公司	EZZI Technology Company
Facebook公司	Facebook Inc.
TATA	TATA
Oregon	Oregon
Com_Net股份有限公司	Com_Net Corporation
KC在线	KC Online
GT集团电信公司	GT Group Telecom
维基媒体基金会	Wikimedia Foundation
Inforelay在线系统公司	Inforelay Online System Company
CableAmerica公司DNS服务器	CableAmerica
cihost_IDC	cihost_IDC
Innerhost公司	Innerhost
Carry	Carry
SerenInnovations	SerenInnovations
Yipes通信公司	Yipes Communication Company
TATA网络	TATA Communications
Comcast通信股份有限公司DNS服务器	Comcast Communications Co., Ltd. DNS Server
Com_Net股份有限公司DNS服务器	Com_Net Co., Ltd. DNS Server
Endurance国际集团	Endurance International Group
CARSON_NEWMAN_College	CARSON_NEWMAN_College
Qwest网络	Qwest Network
Reliable_Hosting_Services有限责任合伙企业	Reliable_Hosting_Services Limited Liability Partnership
Allied_Telecom_Group_LLC	Allied_Telecom_Group_LLC
得克萨斯科技大学健康科学中心	Texas Tech University Health Sciences Center
西班牙电信	Telefonica
Phonoscope	Phonoscope
Meharry医学院	Meharry Medical College
Neucom公司	Neucom
Copaco	Copaco
Cox通信	Cox Communications
教育局	Education Bureau
Integra电信股份有限公司	Integra Telecom Co., Ltd.
ThePlanet机房DNS服务器	ThePlanet
Comcast通信股份有限公司	Comcast Corporation
杜克大学	Duke University
Pacific_Data_Systems	Pacific_Data_Systems
VPS_Datacenter公司	VPS_Datacenter
Netfirms公司	Netfirms
SBCDSL用户	SBCDSL User
ThePlanet机房	ThePlanet
BitLy短域名	BitLy short domain
Qwest通讯公司	Qwest Communications
Telefonica通讯	Telefonica Communications
Sterling网络	Sterling Network
Webair网络公司	Webair
佛罗里达州奥兰多HostDime_IDC	HostDime IDC in Orlando, Florida
TPx通讯	TPx Communications
Cnlink网络公司	Cnlink Network Company
奥克兰国际综艺合家欢搜索媒体公司	Auckland International Variety Family Fun Search Media Company
WideOpenWest金融有限公司	WideOpenWest Financial Co., Ltd.
INdigital	INdigital
Reflected_Networks	Reflected_Networks
CloudFlare公司CDN节点(iPower)	CloudFlare CDN Node (iPower)
SharkTech机房	SharkTech Data Center
OpenDNS	OpenDNS
Reflected_Networks全球Anycast节点	Reflected Networks
Embarq控股有限公司	Embarq Holdings Co., Ltd.
AT&T美国电话电报公司	AT&T
UK2集团公司旗下Hosting_Services公司	Hosting_Services under UK2 Group
Westhost公司	Westhost
iWeb科技公司	iWeb Technologies Inc.
Tailor_Made_Servers公司	Tailor_Made_Servers
DigitalOcean云公司	DigitalOcean
OpenDNS公共DNS节点	OpenDNS Public DNS Node
教育部	China Education and Research Network
Germantown市休斯网络系统	Germantown City Hughes Network Systems
Krypt机房	Krypt
EGIHosting公司	EGIHosting
Threshold通信公司	Threshold Communications
AWS有限公司EC2云服务器3号云机房	AWS Co., Ltd. EC2 Cloud Server No. 3 Cloud Data Center
XMission有限公司	XMission Ltd.
Integra电信股份有限公司DNS服务器	Integra Telecom Co., Ltd. DNS Server
a2hosting	a2hosting
Cox通信用户	Cox Communications User
WebNX股份有限公司	WebNX Co., Ltd.
Awknet通信公司	Awknet Communications Company
KeyCDN全球Anycast节点	KeyCDN Global Anycast Nodes
Bluemile公司	Bluemile Inc.
C&W网络	C&W Networks
Zayo-CoreXchange公司zColo机房	Zayo-CoreXchange zColo Data Center
Windsor	Windsor
SAN_FRANCISCO_CALIFORNIA	SAN_FRANCISCO_CALIFORNIA
联合国协会(美国–德克萨斯州布兰诺)	United Nations Association (Plano, Texas, USA)
Limelight网络公司CDN节点	Limelight Networks CDN Node
Privatesystems网络	Private Systems
华特迪士尼公司	The Walt Disney Company
南方贝尔公司用户	BellSouth Corporation
南方贝尔公司DNS服务器	BellSouth DNS Server
Ameritech	Ameritech
Evansville	Evansville
Midphase有限责任公司	Midphase LLC
Verizon_Online有限公司DNS服务器	Verizon_Online Co., Ltd. DNS Server
Cox通信股份有限公司DNS服务器	Cox Communications Inc.
Medianova节点	Medianova
time_warner_cable	time_warner_cable
Isprime公司	Isprime
Beaverton	Beaverton
Charter网络	Charter Communications
Lakeland	Lakeland
Cox_亚利桑那大学	Cox_University of Arizona
南加州大学	University of Southern California
山村电话合作股份有限公司DNS服务器	Shancun Telephone Cooperative Co., Ltd. DNS Server
山村电话合作股份有限公司	Shancun Telephone Cooperative Co., Ltd.
Ashburn	Ashburn
Lafiber公司AWKNET通信有限公司	Lafiber AWKNET Communications Co., Ltd.
CBEYOND通讯公司	CBEYOND Communication Company
Family_Radio电台	Family Radio
Latham	Latham
SBC_DSL用户	SBC_DSL user
Highwinds_CDN全球Anycast节点	Highwinds_CDN global Anycast nodes
Voxel_Dot_Net公司	Voxel_Dot_Net
rackspace_Anycast节点	Rackspace Anycast Node
Noc4hosts公司	Noc4hosts
cox	Cox
Bell_Canada	Bell Canada
Cox_思科公司	Cox Communications
Coudersport	Coudersport
Clearwater	Clearwater
波士顿大学(华盛顿中心)	Boston University (Washington Center)
WholeSale互联网股份有限公司	Wholesale Internet Co., Ltd.
RackForce_Hosting公司	RackForce Hosting
耶鲁大学	Yale University
LimLight网络全球Anycast节点	Limelight Networks Global Anycast Nodes
EGIHosting	EGIHosting
ATJEU公司	ATJEU
Xeex公司	Xeex Company
Trellian公司(租用redit机房)	Trellian (Leasing RedIT data center)
WestHost数据中心	WestHost Data Center
ServerStack股份有限公司	ServerStack Co., Ltd.
Codero公司	Codero
Limelight_Networks	Limelight Networks
Bitly有限责任公司	Bitly Co., Ltd.
IO数据中心有限公司	IO Data Center Co., Ltd.
CafeNetwork公司DNS服务器	CafeNetwork Company DNS Server
达特茅斯学院	Dartmouth College
SparkLight宽带	SparkLight Broadband
Hivelocity_Ventures公司	Hivelocity Ventures
Rural技术集团有限公司	Rural Technology Group Co., Ltd.
CafeNetwork	CafeNetwork
QuickPacket有限公司	QuickPacket Co., Ltd.
H4Y_Technologies_LLC	H4Y_Technologies_LLC
GigeNET网络公司	GigeNET
Shutterstock(C02364729)[PEER1网络]	Shutterstock(C02364729)[PEER1 Network]
ADDR_Web_Hosting(C02990208)	ADDR_Web_Hosting(C02990208)
PSYPHIRE(C01264939)[PEER1网络]	PSYPHIRE(C01264939)[PEER1 Network]
Spokeo(C02134116)	Spokeo(C02134116)
Verisign有限责任公司	Verisign Co., Ltd.
Lanset公司	Lanset Company
Peer1Network(USA)Inc(PER1)	Peer1Network(USA)Inc(PER1)
Linode有限公司	Linode LLC
GVIN网络	GVIN Network
Mobile_Iron(C02310050)[PEER1网络]	Mobile_Iron(C02310050)[PEER1 Network]
Lyon实验室股份有限公司	Lyon Laboratory Co., Ltd.
GoGrid公司	GoGrid Company
AtlanticMetro	AtlanticMetro
Canadian_Fibre_Broadband_LLC(C02116105)[PEER1网络]	Canadian_Fibre_Broadband_LLC(C02116105)[PEER1_Network]
Hosting_Solutions_International公司	Hosting Solutions International Company
AS21859	AS21859
DRT数据中心	DRT Data Center
Cricket通讯公司	Cricket Communications
LifestreetCorporation(C04641734)[PEER1网络]	Lifestreet Corporation (C04641734) [PEER1 Network]
荷兰(乌得勒支省)宰斯特镇BK市Surfboard_Holding_BV(SHB-17)美国东北岸PEER1西欧线路数据中心(维州	Surfboard_Holding_BV(SHB-17) in Zeist, Utrecht, Netherlands; PEER1 Western Europe Data Center on the Northeast Coast of the United States (Virginia)
Grand	Grand
InfoRelay_Online_Systems	InfoRelay_Online_Systems
PEER1网络公司	PEER1 Network
DOSARREST全球Anycast节点	DOSARREST Global Anycast Node
Ethr	Ethr
American_Internet_Services(AIS)数据中心	American_Internet_Services(AIS) Data Center
The_Planet互联网服务公司	The Planet Internet Services
Guarded_Horizons(C03266765)[PEER1网络]	Guarded_Horizons(C03266765)[PEER1 Network]
阿肯色州安克雷奇市通用通信公司	General Communication Inc. of Anchorage, Arkansas
180servers	180servers
荷兰(乌得勒支省)宰斯特镇BK市Surfboard_Holding_BV(SHB-18)美国东海岸PEER1亚太线路数据中心(三藩市中心机房)	Surfboard_Holding_BV (SHB-18) in Zeist, Utrecht Province, Netherlands, PEER1 Asia-Pacific route data center on the US East Coast (San Francisco central computer room)
康涅狄格州哈特福德市	City of Hartford, Connecticut
沙田CN2网络	Sha Tin CN2 Network
PhoenixNAP公司	PhoenixNAP
纽约州纽约市	New York City, New York State
DirectSpace网络有限公司	DirectSpace Network Co., Ltd.
GA港安电讯数据中心	GA Gang'an Telecom Data Center
伊利诺伊州T6宽带	Illinois T6 Broadband
Telepak网络公司	Telepak Network Company
Herndon	Herndon
犹他大学	University of Utah
RoadRunner控股有限公司	RoadRunner Holdings Co., Ltd.
SourceForge缓存节点22of25北美西tcpdiag节点	SourceForge Cache Node 22 of 25 North America West tcpdiag Node
Palo_Alto数据中心	Palo Alto Data Center
Verizon	Verizon
Vrtservers公司	Vrtservers
电讯盈科(PCCW)商业宽带	PCCW Business Broadband
Qwest通信	Qwest Communications
亚马逊公司数据中心	Amazon Data Center
Perfect数据中心	Perfect Data Center
Toccoa	Toccoa
WiBand_Communications	WiBand_Communications
得州圣安东尼奥PEER1网络(美国)公司	Peer1 Network (San Antonio, Texas, USA)
Clearwire有限公司	Clearwire Co., Ltd.
康科迪亚大学	Concordia University
Linode公司	Linode
华盛顿大学	University of Washington
SourceForge缓存09of25北美北iweb节点	SourceForge Cache 09 of 25 North America North iWeb Node
Query_Foundry有限公司	Query_Foundry Co., Ltd.
Fallbrook	Fallbrook
东北部七州电讯网	Northeastern Seven States Telecommunications Network
Staminus通信公司	Staminus Communications
Anacaz网络股份有限公司	Anacaz Network Co., Ltd.
美国Akamai科技公司中国联通CDN网络节点(美国–加利福尼亚州三藩Visa国际公司VISANET2网络节点)	Akamai Technologies (USA) China Unicom CDN Network Node (USA–San Francisco, California Visa International Company VISANET2 Network Node)
CenturyLink网络	CenturyLink
HurricaneElectric公司	Hurricane Electric
Nobis技术集团有限公司Ubiquity亚特兰大数据中心	Nobis Technology Group Co., Ltd. Ubiquity Atlanta Data Center
美国Verizon通讯公司UUNet_Asia亚太网络	Verizon Communications UUNet_Asia Asia-Pacific Network
PRGMR云计算公司	PRGMR Cloud Computing Company
Versaweb	Versaweb
Cox通信公司	Cox Communications
Rogers通讯	Rogers Communications
联合航空通信网络(西南部通用)	United Aviation Communication Network (Southwest General)
Verizon_Internet_Services	Verizon_Internet_Services
新泽西州理工大学	New Jersey Institute of Technology
得克萨斯州立大学	Texas State University
Mattoon市Consolidated通信公司	Mattoon Consolidated Communications
Charter_CommunicationsDNS服务器	Charter_Communications
Conversent通信公司	Conversent Communications
Akamai科技公司CDN网络节点(太平洋国际线路)	Akamai Technologies CDN Node (Pacific International Route)
Lillington	Lillington
Covad通信公司	Covad Communications Company
CenturyTel网络公司	CenturyTel
Akamai科技公司CDN网络节点(日本未知线路机房)	Akamai CDN Node (Japan Unknown Line Data Center)
Akamai科技公司CDN节点	Akamai Technologies CDN Node
Prolexic科技公司	Prolexic Technology
Neosurge公司	Neosurge
Take2Hosting公司	Take2Hosting
LUS_Fiber	LUS_Fiber
Mediacom通信公司DNS服务器	Mediacom Communications DNS Server
Packet_Clearing_House公司	Packet_Clearing_House
Comcast	Comcast
Mediacom通信公司	Mediacom Communications Corporation
联合航空通信网络(东南部通用)	United Aviation Communication Network (Southeast General)
东北部七州电讯网DNS服务器	Northeastern Seven States Telecommunications Network DNS Server
TMobile网络	T-Mobile
联合航空通信网络(西部	United Airlines Communication Network (West)
Parked	Parked
Comcast商业通信公司	Comcast Business Communications
时代华纳有线	Time Warner Cable
PCH	PCH
iBAHN网络	iBAHN
AWS有限公司EC2云服务器2号云机房	AWS Co., Ltd. EC2 Cloud Server 2 Cloud Data Center
YAHOO蜘蛛	YAHOO Slurp
IT7	IT7
NOC4Hosts公司	NOC4Hosts
DUNCANWIERMANCOM在{内华达亨德森Eonix公司usPHX凤凰城AS30693网络}的节点	DUNCANWIERMANCOM
Directnic	Directnic
Louisville市Insight通讯公司	Insight Communications of Louisville
Vrtservers公司DNS服务器	Vrtservers Company DNS Server
Eonix公司usPHX凤凰城AS30693网络	Eonix usPHX Phoenix AS30693
Community_DNS	Community_DNS
Performive	Performive
Nuclearfallout企业公司	Nuclearfallout Enterprise Corporation
xfinity_DNS服务器	comcast_dns_server
BellSouth公司	BellSouth
CAVERN网络	CAVERN Network
SkyWerx实业有限公司	SkyWerx Industrial Co., Ltd.
Fibernetics	Fibernetics
Wikia	Wikia
OneAndOne公司	OneAndOne
Wowrack	Wowrack
Google全球边缘网络	Google Global Edge Network
Jurgen_Davis用户使用的{内华达亨德森Eonix公司usPHX凤凰城AS30693网络}	Jurgen_Davis uses {Eonix Corp, Henderson, Nevada, US PHX Phoenix AS30693 network}
Redy_State用户使用的{内华达亨德森Eonix公司usPHX凤凰城AS30693网络}	Eonix Corporation, Henderson, Nevada, US, PHX Phoenix, AS30693
Victorias部分市的节点	Victoria
Middle_Segment用户使用的{内华达亨德森Eonix公司usPHX凤凰城AS30693网络}	Middle_Segment user used {Eonix Corporation in Henderson, Nevada usPHX Phoenix AS30693 network}
Owings_Mills地区Microsite_Masters公司(SHUB-NETBLK-PHX)在{内华达亨德森Eonix公司usPHX凤凰城AS30693网络}的节点	Owings_Mills area Microsite_Masters (SHUB-NETBLK-PHX) at {Eonix in Henderson Nevada usPHX Phoenix AS30693 network}
MP_Marketing用户使用的{内华达亨德森Eonix公司usPHX凤凰城AS30693网络}	Eonix Corporation - Henderson, Nevada, US, Phoenix, AS30693
Asbury地区Steadfast媒体公司用户使用的{内华达亨德森Eonix公司usPHX凤凰城AS30693网络}	Henderson, Nevada Eonix Corporation usPHX Phoenix AS30693 network used by Steadfast Media Corporation users in Asbury region
mode9用户使用的{内华达亨德森Eonix公司usPHX凤凰城AS30693网络}	Eonix Corporation from Henderson, Nevada (usPHX Phoenix AS30693 network) for mode9 user
Top_Premium_Apps公司用户(TPAL)使用的{内华达亨德森Eonix公司usPHX凤凰城AS30693网络}	Eonix Corporation, Henderson, Nevada, US, Phoenix, AS30693 network used by Top_Premium_Apps Company Users (TPAL)
ON_THE_LEDGE公司用户使用的{内华达亨德森Eonix公司usPHX凤凰城AS30693网络}	ON_THE_LEDGE company users use {Eonix Corporation in Henderson, Nevada, US network AS30693 in Phoenix, Phoenix}
JackRabbit媒体(SHUB-NETBLK-PHX)在{内华达亨德森Eonix公司usPHX凤凰城AS30693网络}的节点	JackRabbit Media (SHUB-NETBLK-PHX) at node of {Eonix Corporation usPHX Phoenix AS30693 Network, Henderson, Nevada}
Site_Traffic网络公司用户使用的{内华达亨德森Eonix公司usPHX凤凰城AS30693网络}	USPHX Phoenix AS30693 Network used by users of Site_Traffic network company {Eonix Company in Henderson, Nevada}
联合航空通信网络(北部通用)	United Aviation Communication Network (Northern General)
ProBuyLogic(PROBU)在{内华达亨德森Eonix公司usPHX凤凰城AS30693网络}的节点	ProBuyLogic (PROBU) node in {Eonix, Henderson, Nevada, usPHX, Phoenix, AS30693 network}
Emmett_Smith用户使用的{内华达亨德森Eonix公司usPHX凤凰城AS30693网络}	Emmett_Smith uses {Eonix Corp. Henderson Nevada US Phoenix PHX AS30693}
IdeaOne电信公司DNS服务器	IdeaOne Telecom DNS Server
EMBARQ通讯公司	EMBARQ Communications
北卡罗来纳州	North Carolina State
IdeaOne电信公司	IdeaOne Telecom
SourceForge缓存02of25北美东colocrossing节点	SourceForge Cache 02 of 25 North America East ColoCrossing Node
David_Vagan用户使用的{内华达亨德森Eonix公司usPHX凤凰城AS30693网络}	Henderson, Nevada, Eonix Corporation, USPHX Phoenix, AS30693
Super_Website_Hosting在{内华达亨德森Eonix公司usPHX凤凰城AS30693网络}的节点	USPHX Phoenix AS30693 Network
AGM_Netork_Solutions(AGMNET)在{内华达亨德森Eonix公司usPHX凤凰城AS30693网络}的节点	AGM_Netork_Solutions(AGMNET) at {Eonix Corporation, Henderson, Nevada, usPHX node of AS30693 network in Phoenix}
Cyberverse公司	Cyberverse Corporation
BDK媒体公司用户使用的{内华达亨德森Eonix公司usPHX凤凰城AS30693网络}	Eonix Corporation in Henderson, Nevada, US PHX Phoenix AS30693 network used by BDK Media Company users
Lamuel_Park用户使用的{内华达亨德森Eonix公司usPHX凤凰城AS30693网络}	Lamuel_Park uses {Henderson, Nevada Eonix Corporation usPHX Phoenix AS30693 network}
Bedminster市Verizon无线网	Verizon Wireless
Sentris西雅图机房	Sentris Seattle Data Center
CaroNet公司	CaroNet
卡巴斯基实验室	Kaspersky Lab
Krystal_Solutions_LLP	Krystal_Solutions_LLP
Qwest通讯控股公司	Qwest Communications International Inc.
温哥华	Vancouver
CloudGoing公司用户使用的{内华达亨德森Eonix公司usPHX凤凰城AS30693网络}	CloudGoing Company users use {Henderson Eonix Company usPHX Phoenix AS30693 network in Nevada}
Clinton_Township地区的NOVASCOTIA用户使用的{内华达亨德森Eonix公司usPHX凤凰城AS30693网络}	Eonix Corporation, Henderson Nevada US PHX Phoenix AS30693 network used by NOVASCOTIA users in Clinton_Township
Comcast有线通信公司	Comcast
佐治亚州亚特兰大Global_Net_Access公司	Global_Net_Access, Atlanta, Georgia
Wildblue通讯公司	Wildblue Communications Company
Amol_Davis用户使用的{内华达亨德森Eonix公司usPHX凤凰城AS30693网络}	Eonix Corporation used by Amol_Davis in Henderson, Nevada, US PHX Phoenix AS30693 network
AWS有限公司EC2云服务器4号云机房	AWS Cloud EC2 Server Room 4
SoftLayer科技公司DNS服务器	SoftLayer Technologies DNS Server
Carson通信有限公司	Carson Communication Co., Ltd.
Seacrest_Times_Media用户使用的{内华达亨德森Eonix公司usPHX凤凰城AS30693网络}	Seacrest_Times_Media user using {Eonix Corp., Henderson, Nevada, US PHX Phoenix, AS30693 network}
Calabriabianco	Calabriabianco
怪兽云高防节点	Monster Cloud High Defense Node
Laziomarta	Laziomarta
Liguriabordighera	Liguriabordighera
SakuraCloudsLLC	SakuraCloudsLLC
在线营销媒体用户使用的{内华达亨德森Eonix公司usPHX凤凰城AS30693网络}	Eonix Corporation, Henderson, Nevada, US, PHX Phoenix, AS30693 network used by online marketing media users
Laziorome	Laziorome
EDK_Innovations公司用户使用的{内华达亨德森Eonix公司usPHX凤凰城AS30693网络}	Eonix Corporation in Henderson, Nevada, users of EDK_Innovations Company, AS30693 network in Phoenix
Fast_Hosts公司	Fast_Hosts Company
Virtono数据中心	Virtono Data Center
石油工业研究院	Petroleum Industry Research Institute
AT&T网络	AT&T Network
Moliseisernia	Moliseisernia
Arab_Company_For_Internet&Communications_Services(AwalNet)LLC	Arab_Company_For_Internet&Communications_Services(AwalNet)LLC
DOTnet	DOTnet
Dar_Al-Mustawred_Trading_Group	Dar_Al-Mustawred_Trading_Group
Carson通信有限公司DNS服务器	Carson Communication Co., Ltd. DNS server
fotontel	fotontel
Orixcom数据中心	Orixcom Data Center
International_Computer_Company_Ltd	International_Computer_Company_Ltd
Piemontegabiano	Piemontegabiano
Mohammed_Ali_Alesayi_Group	Mohammed_Ali_Alesayi_Group
Lombardiamilan	Lombardiamilan
Islamic_Azad_University_of_Roodbar	Islamic_Azad_University_of_Roodbar
university_of_Mazandaran	University of Mazandaran
Anzali_Islamic_Azad_University	Anzali_Islamic_Azad_University
SourceForge缓存节点18of25中欧西netcologne节点	NetCologne
Noshirvan_University_of_Technology	Noshirvan University of Technology
Tohid_Unversity_of_Galogah	Tohid University of Galogah
Azad_university_of_Savadkooh	Azad_university_of_Savadkooh
Venetovenice	Venetovenice
Allame_mohaddes_nour_Org	Allame_mohaddes_nour_Org
Zanjan_government_university	Zanjan_government_university
Azad_University_of_Neka	Azad_University_of_Neka
Natural_University_of_SARI	Natural_University_of_SARI
Calabrialago	Calabrialago
Ghaem_shahr_university	Ghaem_shahr_university
payamnour_university_of_Mazandaran	Payamnour University of Mazandaran
Payam_Noor_University_of_Bojnourd	Payam_Noor_University_of_Bojnourd
Guilan_Agricultural_Organization	Guilan_Agricultural_Organization
Venetopadova	Venetopadova
university_of_medical_sciences	university_of_medical_sciences
Roodsar_Payame_Noor_University	Roodsar_Payame_Noor_University
Hot_Net网络公司	Hot_Net Network Company
Agricultural_University_of_Sari	Agricultural_University_of_Sari
Shahid_Beheshti_University_of_Kordabad_Zirab	Shahid_Beheshti_University_of_Kordabad_Zirab
Sama_College_of_Amol	Sama_College_of_Amol
Mahmoudabad_Vocational_School	Mahmoudabad_Vocational_School
Payam_Noor_University_Of_Rasht	Payam_Noor_University_Of_Rasht
Damghan_University_of_basic_sciences	Damghan_University_of_basic_sciences
sea_expert_college_center_naftkesh_mahmoudabad	sea_expert_college_center_naftkesh_mahmoudabad
Iran_Ministry_of_Road_and_Transportation	Iran_Ministry_of_Road_and_Transportation
Azad_University_Noshahr	Azad_University_Noshahr
chabahar_maritime_university_academy_iran	chabahar_maritime_university_academy_iran
NAFT_College_of_MahmoudAbad	NAFT_College_of_MahmoudAbad
Azad_University_of_Behshahr	Azad_University_of_Behshahr
ZaBOL_University_of_Medical_Sciences	ZaBOL_University_of_Medical_Sciences
international_university_of_chabahar	international_university_of_chabahar
Mazandaran_Institute_of_technology	Mazandaran Institute of Technology
Natural_University_of_Kelarabad	Natural University of Kelarabad
payame_noor_unuversity_of_zabol	Payame Noor University of Zabol
Islamic_Azad_University_Of_Bojnourd	Islamic_Azad_University_Of_Bojnourd
zabol_Azad_University	zabol_Azad_University
University_of_SiStan_&_Baluchestan	University_of_SiStan_&_Baluchestan
Babol_Rahie_Danesh_Institute_Of_Higher_Education	Babol_Rahie_Danesh_Institute_Of_Higher_Education
GHODSIEH_VOCATIONAL_SCHOOL	GHODSIEH_VOCATIONAL_SCHOOL
bank_saderat_iran	bank_saderat_iran
university_of_applied_Science_and_Technology	university_of_applied_Science_and_Technology
nursing-faculty_OF_Zahedan_university	nursing-faculty_OF_Zahedan_university
Noavar_keifiat_andishan_college_center_kiakola	Noavar_keifiat_andishan_college_center_kiakola
bank_keshavarzi_zahedan	bank_keshavarzi_zahedan
sistan_&_balouchestan_ministry_of_education_zahedan	sistan_&_balouchestan_ministry_of_education_zahedan
abol_medical_university	Abol Medical University
payam_noor_university_of_iranshahr	payam_noor_university_of_iranshahr
Bank_Tejarat_Zahedan	Bank_Tejarat_Zahedan
academic_centr_for_cultur_and__resarch	academic_centr_for_cultur_and__resarch
petrochemic_company	PetroChina
Payamenoor_University__Rask	Payamenoor_University_Rask
Islamic_Azad_University_Branch_in_Saravan	Islamic Azad University Branch in Saravan
Alzahra_Eye_Center_Hospital_in_Zahedan	Alzahra_Eye_Center_Hospital_in_Zahedan
payam_noor_university_of_saravan	payam_noor_university_of_saravan
Islamic_azad_university_khash	Islamic Azad University Khash
Sistan_and_Baluchestan_Ministry_of_Education_zahedan	Sistan_and_Baluchestan_Ministry_of_Education_zahedan
unversity_of_zabol	unversity_of_zabol
Faculty_Nursing_Attendance_iranshahr	Faculty_Nursing_Attendance_iranshahr
Dehaghan_Azad_University	Dehaghan_Azad_University
industries_&_mines_organisation_Sistan_va_Balouchestan	industries_&_mines_organisation_Sistan_va_Balouchestan
Esfahan_University	Esfahan_University
Zahedan_Railway_Organization	Zahedan_Railway_Organization
Kerman_Electronic_Government	Kerman Electronic Government
ShahreKord_Azad_University	ShahreKord_Azad_University
Central_Radiation_Comunication_Office	Central_Radiation_Communication_Office
Industrial_University_of_Isfahan	Industrial_University_of_Isfahan
Telecomunication_And_Post_Cientific_University	Telecomunication_And_Post_Cientific_University
Recaneh_Esfahan_net_Company	Recaneh_Esfahan_net_Company
Technical_Training_Organization	Technical_Training_Organization
Tehran_municipality	Tehran Municipality Telecommunications
Falavarjan_Azad_University	Falavarjan_Azad_University
iranair__company	Iran Air
payam_noor_university_of_zahedan	payam_noor_university_of_zahedan
For_Ues_Inter_Azad_University_Republic_Unit_safashahr	For_Ues_Inter_Azad_University_Republic_Unit_safashahr
Bank_Saderat_Iran	Bank_Saderat_Iran
Malek_Ashtar_University	Malek_Ashtar_University
Majlesi_Azad_University	Majlesi_Azad_University
center_of_hygiene_of_rigan	center_of_hygiene_of_rigan
Islamic_AZAD_University-_Science_And_Research_Branch	Islamic Azad University - Science and Research Branch
Kerman_training_Electronic_Government	Kerman_training_Electronic_Government
science__economic_academy	science__economic_academy
University_Of_Kerman	University of Kerman
Hasheminejad_Kidney_Center	Hasheminejad_Kidney_Center
Islamic_Azad_University_Of_Najafabad	Islamic Azad University of Najafabad
Mehr_news_agency	Mehr News Agency
Payam_Noor_University_of_Baghin	Payam_Noor_University_of_Baghin
Vali-e-Asr_University_of_Rafsanjan	Vali-e-Asr_University_of_Rafsanjan
Payam_Noor_University_of_Kerman	Payam_Noor_University_of_Kerman
PAYAMNOOR_FARROKHSHAHR_UNIVERSITY	PAYAMNOOR_FARROKHSHAHR_UNIVERSITY
Shahrekord_Medical_Science_University	Shahrekord_Medical_Science_University
Islamic_Azad_University_of_Alyshahr	Islamic Azad University of Alyshahr
Education_Of_MINAB	Education_Of_MINAB
shahrebabak_piyam_noor_university	shahrebabak_piyam_noor_university
Education_Of_PARSIAN	Education_Of_PARSIAN
islamic_azad_university_of_bahraman-_rafsanjan	Islamic Azad University of Bahraman-Rafsanjan
sirjan_payam_noor_university	Sirjan Payam Noor University
Kerman_university_medical_sciences	Kerman University of Medical Sciences
Electronic_government	Electronic_government
center__inspection_of_tele_ministy	Center Inspection of Tele Ministry
shahrbabak_azad_university	shahrbabak_azad_university
Education_Of_ZIYARATALI	Education_Of_ZIYARATALI
zarand_payam_noor_university	zarand_payam_noor_university
Education_Of_BASTAK	Education_Of_BASTAK
Kerman_University_of_Medical_Sciences	Kerman_University_of_Medical_Sciences
Education_Of_CHARAK	Education_Of_CHARAK
bardsir_payamnoor_university	bardsir_payamnoor_university
Islamic_Azad_University	Islamic Azad University
koohbanan_payamnoor_university	koohbanan_payamnoor_university
Yasuj_University_of_Medical_Sciences	Yasuj_University_of_Medical_Sciences
kerman_university_of_medical_science	Kerman University of Medical Science
islamic_azad_university_electronic_campuse	Islamic Azad University Electronic Campus
Education_Of_KHAMIR	Education_Of_KHAMIR
bank_of_industry_&_mineral	bank_of_industry_&_mineral
roodbar_payamnoor_university	Roodbar Payam-e-Noor University
Education_Of_BANDARLENGE	Education_Of_BANDARLENGE
Education_Of_JASK	Education_Of_JASK
zangiabad_payamnoor_university	zangiabad_payamnoor_university
center_of_health_of_roodbar	center_of_health_of_roodbar
Payam_Noor_University	Payam_Noor_University
Islamic_azad_university_of_varamin-pishva_branch	Islamic Azad University of Varamin-Pishva Branch
Iranian_Student_Quran_Agency	Iranian_Student_Quran_Agency
Saman_Bank_Website	Saman_Bank_Website
Education_Of_FIN	Education_Of_FIN
Mofid_Educational_Complex	Mofid_Educational_Complex
ravar_payamnoor_university	ravar_payamnoor_university
Payame_Nour_university_of_Damavand	Payame_Nour_university_of_Damavand
tax_organization	tax_organization
The__Ministry_of_Jihad-E-Agriculture	Ministry of Jihad-e-Agriculture
Damavand_Islamic_azad_university	Damavand_Islamic_azad_university
unversity_of_Tehran	University of Tehran
Islamic_Azad_University_of_Varamin-Pishva_branch	Islamic_Azad_University_of_Varamin-Pishva_branch
Institute_of_Standards_&_Industrial_Research_of_Iran	Institute_of_Standards_&_Industrial_Research_of_Iran
orzooieh_payamnoor_university	orzooieh_payamnoor_university
Aeronautical_Messages_Network_Managment	Aeronautical_Messages_Network_Managment
Pasteur_Institute_of_Iran	Pasteur_Institute_of_Iran
payamnoor_mahdasht_university	payamnoor_mahdasht_university
Czela互联网服务提供商	Czela Internet Service Provider
Tarbiat_Moalem_University	Tarbiat_Moalem_University
iranian_space_agency	Iranian Space Agency
Islamic_Azad_university_of_shahriar	Islamic Azad University of Shahriar
新电信有限公司	Singtel
kurdestan_olom_pezeshki_univercity	kurdestan_olom_pezeshki_univercity
Azad_university_of_sousangerd	Azad_university_of_sousangerd
Paradise_Computer_&_Information_Center	Paradise Computer & Information Center
Payam_Noor_university	Payam_Noor_university
Shahid_Chamran_University_of_Ahvaz	Shahid_Chamran_University_of_Ahvaz
sanandaj_azad_univercit	sanandaj_azad_univercit
Bavariaheustreu	Bavariaheustreu
Middle_East_Internet_Company_Limited	Middle_East_Internet_Company_Limited
马恩岛电信	Manx Telecom
德黑兰大学信息中心	University of Tehran Information Center
ntlcable用户	NTL Cable
Kabodarahang_Payamnoor_University	Kabodarahang_Payamnoor_University
Orange网络	Orange Network
ITACE公司	ITACE Company
Hamedan_University_Of_Technology	Hamedan University Of Technology
Bualisina_university_of__Hamedan	Bualisina_university_of__Hamedan
Road_Maitenance_and_Transportation_Organization	Road_Maitenance_and_Transportation_Organization
Education__Organization	Education Organization
University_Payam_Nor_Aligoodarz	University_Payam_Nor_Aligoodarz
North_Rhine-Westphaliaahaus	North_Rhine-Westphaliaahaus
Bytemark科技公司	Bytemark Technology
GulfNet_KSA	GulfNet_KSA
Bavariagabolshausen	Bavariagabolshausen
布加勒斯特大学	University of Bucharest
奔萨国立大学	Penza State University
赫梯大学	Hittite University
CHELLO网络公司	CHELLO Network Company
DE-CIX公司	DE-CIX
FLAG_Telecom数据交换中心	FLAG Telecom Data Exchange Center
SKYLINK网络	SKYLINK
Freenom公司公共DNS服务器	Freenom Public DNS
msm数据中心	MSM Data Center
Augustakom	Augustakom
圣彼得堡电子工程学院	St. Petersburg Electrotechnical University
Freenom公司	Freenom
维也纳大学	University of Vienna
Ecatel公司	Ecatel
kurdistan_university	kurdistan_university
Bavarianuremberg	Bavarianuremberg
Bavariaipthausen	Bavariaipthausen
Arabcircle_Internet_Services_for_Saudi_Arabia	Arabcircle_Internet_Services_for_Saudi_Arabia
Bavarialeinach	Bavarialeinach
Mobarakeh_Azad_University	Mobarakeh_Azad_University
Shahid_Rajaee_University	Shahid_Rajaee_University
HORMOZGAN_UNIVERSITY	HORMOZGAN_UNIVERSITY
电信T-Mobile网络	China Telecom T-Mobile Network
Educational_Organization_Of_Kerman	Educational Organization Of Kerman
Islamic_Azad_University_of_Dehaghan	Islamic_Azad_University_of_Dehaghan
Webzilla数据中心	Webzilla Data Center
Hormozgan_University_of_Medical_Sciences	Hormozgan_University_of_Medical_Sciences
baft_payamnoor_university	BAFT_PayamNoor_University
Islamic_Azad_University_Branch_Of_Bardsir	Islamic Azad University Branch of Bardsir
azad_university_of_anar	azad_university_of_anar
Kashan_Azad_University	Kashan_Azad_University
Mobarake_Azad_University	Mobarake_Azad_University
civitanova	civitanova
Azad_Kashan_university	Azad_Kashan_university
Amirkabir_University_Of_Technology	Amirkabir_University_Of_Technology
HORMOZ_AZAD_UNIVERSITY	HORMOZ_AZAD_UNIVERSITY
Isfahan_University_of_Medical_Sciences	Isfahan_University_of_Medical_Sciences
锡斯坦-俾路支斯坦大学	University of Sistan and Baluchestan
besancon地区	Besançon Area
Ulyanovsk_State_University	Ulyanovsk_State_University
SEVEN_EYES_FOR_MARKETING_LTD	SEVEN_EYES_FOR_MARKETING_LTD
Taganrog_State_University_of_Radio-Engineering	Taganrog_State_University_of_Radio-Engineering
TELEWEST宽频	TELEWEST Broadband
Persian_Gulf_University	Persian_Gulf_University
Saxony-Anhalthalle(saale)	Saxony-Anhalt Halle (Saale)
哈尔科夫国立大学	Kharkiv National University
Bavariabad_konigshofen_im_grabfeld	Bavariabad_konigshofen_im_grabfeld
Volgograd_State_Technical_University	Volgograd_State_Technical_University
Univercity_Of_Kerman	University of Kerman
DG_international	DG_international
jiroft_agronomy_university	jiroft_agronomy_university
Financial_Academy_under_the_Government_of_the_Russian_Federation	Financial_Academy_under_the_Government_of_the_Russian_Federation
Shahrekord_University	Shahrekord_University
Opera_Mini_代理	Opera_Mini_Proxy
TeliaSonera通信公司欧洲接入点	TeliaSonera Communication Europe Access Point
Peoples'_Friendship_University_of_Russia	Peoples'_Friendship_University_of_Russia
ods_orbitnet	ods_orbitnet
AMS_IX交换中心	AMS-IX Exchange Center
新华社	Xinhua News Agency
TeliaSonera中国铁通骨干网节点	China Tietong Backbone Network Node
NetConnex	NetConnex
Cervantes_grammar_school	Cervantes_grammar_school
Zahedan_University_of_Medical_Sciences	Zahedan_University_of_Medical_Sciences
Rhineland-Palatinateisenburg	Rhineland-Palatinateisenburg
sirjan_azad_university	sirjan_azad_university
The_Gnesins_State_Musical_College	The_Gnesins_State_Musical_College
Kielce	Kielce
辛菲罗波尔国立大学	Simferopol State University
奔萨国立大学5号宿舍	Penza State University Dormitory 5
State_Institute_of_Information_Technologies_and_Telecommunications	State_Institute_of_Information_Technologies_and_Telecommunications
Sarmad_Trading	Sarmad_Trading
Moscow_State_Automobile_and_Road_Technical_University	Moscow_State_Automobile_and_Road_Technical_University
Teliasonera公司	TeliaSonera
leeds	leeds
安卡拉大学	Ankara University
第一阿布扎比银行	First Abu Dhabi Bank
莫斯科国立大学	Moscow State University
伊斯法罕理工大学	Isfahan University of Technology
莫斯科大学主楼	Moscow State University Main Building
下诺夫哥罗德国立师范大学	Nizhny Novgorod State Pedagogical University
TeliaSonera通信公司国际互联节点	TeliaSonera International Connectivity Node
Novgorod_State_University	Novgorod_State_University
azad_university_Of_Kerman	Azad University of Kerman
Taganrog_Institute_of_Technology_Southern_Federal_University	Taganrog_Institute_of_Technology_Southern_Federal_University
Krasnoyarsk_State_University	Krasnoyarsk_State_University
Regional_Educational_Information_Centre	Regional_Educational_Information_Centre
North-West_State_Technical_University	North-West_State_Technical_University
凯尔采工业大学	Kielce University of Technology
Swisscom有限公司DNS服务器	Swisscom Ltd DNS Server
TDM集团	TDM Group
GRENOBLE(格勒诺不尔)	GRENOBLE
第17省LA_ROCHELLE	17th Province LA_ROCHELLE
诺福克东英格兰大学	University of East Anglia, Norfolk
Network_of_Volgograd_state_university	Network_of_Volgograd_state_university
Wolverhampton	Wolverhampton
国力大学	Guoli University
普茨茅斯大学	University of Portsmouth
QUADIA公司	QUADIA
塔塔通信(Tata_Communications)	Tata Communications
Sanati_University	Sanati_University
cambridge	cambridge
Britain_Telecom	Britain_Telecom
Cambridge	Cambridge
OneVPS	OneVPS
索菲亚技术大学	Sofia University of Technology
Coleraine_N_Ireland	Coleraine_N_Ireland
Mulhouse	Mulhouse
STRATO_DSL	STRATO_DSL
Domicilium数据中心	Domicilium Data Center
诺丁汉特伦特国际学院	Nottingham Trent International College
Lognes	Lognes
Reading_United_Kingdom	Reading_United_Kingdom
Hillside	Hillside
Swisscom有限公司	Swisscom AG
Logosnet数据中心	Logosnet Data Center
Transfer公司	Transfer Company
Renater	Renater
Integrated_Networks	Integrated_Networks
Leeds	Leeds
BELFAST	BELFAST
KirinoNET-Kirino_LLC	KirinoNET-Kirino_LLC
plymouth	plymouth
ALICANTE	ALICANTE
Virgin_Media	Virgin_Media
Starman互联公司	Starman Internet Company
IXEurope网络	IXEurope Network
Tiscali	Tiscali
无线上网	Wireless Internet
Telewest宽带	Telewest Broadband
Sheffield	Sheffield
webfusion数据中心	Webfusion Data Center
STECCOM	STECCOM
格鲁斯比学院	Grosby College
Private_Layer_INC	Private_Layer_INC
Yemennet	Yemennet
Belovo_Institute_(Branch)_of_the_Kemerovo_State_University	Belovo_Institute_(Branch)_of_the_Kemerovo_State_University
Branch_of_the_Kemerovo_State_University_in_Anzhero-Sudzhensk	Branch of the Kemerovo State University in Anzhero-Sudzhensk
赫尔辛基工业大学	Helsinki University of Technology
国立电子工程大学宿舍	National University of Electronic Engineering Dormitory
Nej	Nej
ROKERAVENUE	ROKERAVENUE
中国电信欧洲公司骨干网	China Telecom Europe Backbone Network
Prokopievsk_Branch_of_the_Kemerovo_State_University	Prokopievsk_Branch_of_the_Kemerovo_State_University
PTKOMM数据中心	PTKOMM Data Center
Novokuznetsk_Branch_of_the_Kemerovo_State_University	Novokuznetsk_Branch_of_the_Kemerovo_State_University
天城网吧	Tiancheng Internet Cafe
Shabakah_Net	Shabakah_Net
Opera_Software_ASA	Opera_Software_ASA
SIA_Lattelekom	SIA_Lattelekom
PRATO天使网吧	PRATO Angel Internet Cafe
Johnlennon机场	Johnlennon Airport
1and1公司	1&1 Internet SE
Liceum_of_mathematics_and_computer_science	Liceum_of_mathematics_and_computer_science
Rubtsovsk_Branch_of_Altai_State_University	Rubtsovsk_Branch_of_Altai_State_University
Strato公司	Strato
Kemerovo_Agricultural_Institute	Kemerovo_Agricultural_Institute
The_institute_of_improvement_of_professional_skill_of_workers_of_formation	The_institute_of_improvement_of_professional_skill_of_workers_of_formation
Altai_State_University	Altai State University
比亚韦斯托克技术大学	Bialystok University of Technology
台湾交通大学	National Chiao Tung University (Taiwan)
Kemerovo_State_University	Kemerovo_State_University
Russian_Classical_Grammar_School	Russian_Classical_Grammar_School
The_Saratov_institute_of_business_and_information_technologies	The Saratov Institute of Business and Information Technologies
V_D_Fedorov_Kemerovo_Regional_Scientific_Library	V_D_Fedorov_Kemerovo_Regional_Scientific_Library
Saratov_Socio-Economic_University	Saratov Socio-Economic University
Barnaul_School-Gumnasium_N42	Barnaul_School-Gumnasium_N42
施瓦本哈尔设计应用技术大学	Schwaebisch Hall University of Design and Applied Sciences
Akamai科技公司CDN网络节点(六度托管数据有限公司AS20547(AS6908)线路SDG机房)	Akamai Technologies CDN Network Node (Six Degrees Hosting Data Co., Ltd. AS20547(AS6908) Line SDG Data Center)
University_of_Cyprus	University_of_Cyprus
BRADFORD	BRADFORD
Kemerovo_Technological_Institute_of_Food_Industry	Kemerovo_Technological_Institute_of_Food_Industry
Gorno-Altaisk_State_University	Gorno-Altaisk_State_University
WANADOO公司签约用户	Wanadoo
Povolgskaya_academy_of_public_service_of_the_name_of_P_A_Stolypina	Povolgskaya_academy_of_public_service_of_the_name_of_P_A_Stolypina
Federal_Agency_of_Education	Federal_Agency_of_Education
Hostmaster_Lijbrandt_Telecom	Hostmaster_Lijbrandt_Telecom
St_Petersburg_State_University_of_Economics_and_Finance	St_Petersburg_State_University_of_Economics_and_Finance
Vavilov_State_Optical_Institute	Vavilov_State_Optical_Institute
Kanrit_network	Kanrit_network
The_center_of_transfer_of_technologies	The_center_of_transfer_of_technologies
Tver_State_Technical_University	Tver_State_Technical_University
State_University	State_University
Biysk_Technological_Institute	Biysk_Technological_Institute
JSC_NetCalls	JSC_NetCalls
JSC_Yugra	JSC Yugra
Global_Policy_Forum	Global_Policy_Forum
Saratov_State_Agricaltural_University	Saratov_State_Agricaltural_University
Tver_State_University	Tver_State_University
Liceum_of_applied_sciences	Liceum_of_applied_sciences
Taxis_Ltd	Taxis_Ltd
The_Ministry_of_Education_and_Sciences_of_the_Russian_Federation	The_Ministry_of_Education_and_Sciences_of_the_Russian_Federation
StelTelecom	StelTelecom
JSC_Burevestnik	JSC_Burevestnik
EMG	EMG
Bryansk_State_Technical_University	Bryansk_State_Technical_University
Tambov_State_Technical_University	Tambov_State_Technical_University
Fund_"St_Petersburg_International_Economic_Forum"	Fund_"St_Petersburg_International_Economic_Forum"
Gemini_Systems_network	Gemini_Systems_network
PLUSINFO_ISP_company	PLUSINFO_ISP_company
Limited_liability_company	Limited Liability Company
Softjoys_Corporate	Softjoys_Corporate
Technopark_of_innovations_in_science_and_education	Technopark_of_innovations_in_science_and_education
Saint-Petersburg_State_University_of_Civil_Aviation	Saint-Petersburg_State_University_of_Civil_Aviation
Moscow_State_Technological_University_"Stankin"	Moscow State Technological University "Stankin"
ZET-Telecom_Ltd	ZET-Telecom_Ltd
Hosting365有限公司	Hosting365 Limited
Croncos数据中心	Croncos Data Center
莫斯科国立电子技术学院(技术大学)	Moscow State Institute of Electronic Technology (Technical University)
莫斯科动力学院	Moscow Power Engineering Institute
JSK_"ComMaster"_Moscow_DSL_Network	JSK_"ComMaster"_Moscow_DSL_Network
Joint_Stock_Company_Platforma	Joint_Stock_Company_Platforma
Solist_Group_Ltd	Solist_Group_Ltd
Interline_Ltd	Interline_Ltd
Exhibition_services_company_for_mass-media	Exhibition_services_company_for_mass-media
Autonomous_non-profit_organization_"Daily_newspaper_office"	Autonomous_non-profit_organization_"Daily_newspaper_office"
Penza_State_University	Penza_State_University
Agency_of_Intellectual_Resources	Agency_of_Intellectual_Resources
Adygheya_State_University	Adygheya_State_University
Ryazan_State_Radio_Engineering	Ryazan State Radio Engineering
卡巴尔达-巴尔卡尔国立大学	Kabardino-Balkarian State University
Satel_Communications	Satel_Communications
QV_computer_club	QV_computer_club
PPC_Ltd	PPC_Ltd
Kanrit_backbone_network	Kanrit_backbone_network
萨尔造型艺术学院	Saar College of Fine Arts
JSC_Prometey	JSC_Prometey
Dnipropetrovsk_National_University	Dnipropetrovsk_National_University
Moscow_State_Academy_of_Instrument_Engineering	Moscow_State_Academy_of_Instrument_Engineering
LuckyLine_Ltd	LuckyLine_Ltd
Infolink_Technology_Inc	Infolink_Technology_Inc
AcademService-Telecom	AcademService-Telecom
Sabanci电信公司	Sabanci Telecom
"Firma_Rial"_LTD	Firma_Rial_LTD
"Integrated_security"_(_LTD_KSB_)	Integrated_security (_LTD_KSB_)
Higher_School_of_Economics_(State_University)	Higher_School_of_Economics_(State_University)
Society_with_Limited_Resposibility_"Trans-Contact-M"	Society_with_Limited_Resposibility_"Trans-Contact-M"
SolNet网络	SolNet
白牙网吧	Baiya Internet Cafe
CANARIA	CANARIA
美国中东大学	American University of the Middle East
NGTS_OJSC_Volga电信公司	NGTS_OJSC_Volga Telecom
KABELSIGNAL网络	KABELSIGNAL
Kouvola	Kouvola
电传视讯公司	China Telecom
Horizonsat有限责任公司	Horizonsat LLC
国际通信卫星公司	INTELSAT
Jeraisy_For_Internet_Services_CoLtd	Jeraisy_For_Internet_Services_CoLtd
cable用户	Cable Subscriber
野草云	Yecao Cloud
Tilaa数据中心	Tilaa Data Center
iomart数据中心	iomart Data Center
美国大学	American University
格罗宁根大学	University of Groningen
Kingston_Upon_Hull	Kingston_Upon_Hull
Life电讯公司	Life Telecom
Cooolbox	Cooolbox
沃达丰手机包月	Vodafone Monthly Package
莫斯科人民友谊大学	Peoples' Friendship University of Russia
INFOMANIAK	INFOMANIAK
Wanadoo网络公司	Wanadoo
bryansk_state_technical_university	bryansk_state_technical_university
Namesco有限公司	Namesco Limited
沙特电信	Saudi Telecom Company
Rakuten公司	Rakuten
高防	DDoS Protection
Kamatera_Inc	Kamatera_Inc
UK2集团公司	UK2 Group
VALENCIA	VALENCIA
DIGI	DIGI
Park-web有限公司	Park-web Co., Ltd.
阿尔泰国立理工大学	Altai State Technical University
赫罗纳大学	University of Girona
DNS服务器(public-dns)	DNS Server (Public-DNS)
Altitude电信	Altitude Telecom
GoDaddy欧洲节点	GoDaddy European Node
Ticinocom网络	Ticinocom
蔚蓝海岸	Azure Coast
CDN77	CDN77
Institute_of_Computational_Technologies	Institute_of_Computational_Technologies
ARCOR网络	ARCOR
Betfair	Betfair
电信BLUEWIN网络	China Telecom BLUEWIN Network
Servelocity公司	Servelocity
eutelsat	Eutelsat
AMEN网络	AMEN Network
osnatel网络	osnatel Network
Serco集团	Serco Group
GTS电信	GTS Telecom
nancy	Nancy
EUPHONY网络	EUPHONY Network
Avignon	Avignon
贝特福德郡学校	Bedfordshire Schools
Nancy	Nancy
拉曼·鲁尔大学	University of Lahore
国家图书馆	National Library of China
Ownit宽带网络	Ownit Broadband Network
Forcepoint_Cloud有限公司	Forcepoint Cloud Co., Ltd.
INIT网络	INIT Network
GhostNet股份有限公司数据中心	GhostNet Co., Ltd. Data Center
Pishgaman网络	Pishgaman Network
雅典公共管理网	Athens Public Administration Network
State_Institute_of_Information_Technologies	State_Institute_of_Information_Technologies
克劳鹏堡圣得约斯夫医院	Cloppenburg St. Joseph's Hospital
Sapphire	Sapphire
埃克斯二大	Akesi Erda
Saint-Petersburg_State_University_of_Engineering_and_Economics	Saint-Petersburg_State_University_of_Engineering_and_Economics
Saint-Petresburg_State_University	Saint-Petresburg_State_University
Base_IP_B_V	Base_IP_B_V
舒拉亚卫星通信公司	Thuraya Satellite Communications Company
电信英国分公司(伦敦威斯敏斯特大街)	China Telecom UK Branch (Westminster Street, London)
State_University_of_Telecommunications	State_University_of_Telecommunications
Saint-Petersburg_State_University_of_Culture_and_Arts	Saint-Petersburg_State_University_of_Culture_and_Arts
Omsk_State_Railway_University	Omsk_State_Railway_University
Centre_for_Science_Research_and_Statistics	Centre for Science Research and Statistics
Moscow_Psychological-Social_Institute	Moscow_Psychological-Social_Institute
State_Marine_Academy	State_Marine_Academy
Research_Institute_for_Transports	Research Institute for Transports
The_State_Research_Institute_of_Information_Technologies_for_Education	The_State_Research_Institute_of_Information_Technologies_for_Education
Leningrad_regional_corporate_educational_network	Leningrad_regional_corporate_educational_network
Saint-Petesburg_State_Forest-Technical_Academy	Saint-Petesburg_State_Forest-Technical_Academy
西部大学	Western University
East-Siberian_State_Technological_University	East-Siberian State Technological University
Institute_of_Problems_of_Mechanical_Engineering	Institute_of_Problems_of_Mechanical_Engineering
Petersburg_Nuclear_Physics_Institute_of_Russian_Academy_of_sciences	Petersburg_Nuclear_Physics_Institute_of_Russian_Academy_of_sciences
Regional_Center_of_Information_Technology	Regional_Center_of_Information_Technology
Russian_scientific_center_of_applied_chemistry	Russian_scientific_center_of_applied_chemistry
Fareastern_state_university_network	Fareastern_state_university_network
Education_Support_Fund	Education_Support_Fund
Tula_State_University	Tula_State_University
Chuvash_State_University	Chuvash_State_University
Ukhta_State_Technical_University	Ukhta State Technical University
St_Petersburg_State_Mining_Institute	St_Petersburg_State_Mining_Institute
Moscow_State_Institute_for_RadioEngeeniring	Moscow_State_Institute_for_RadioEngeeniring
The_Chelyabinsk_Center_of_the_Russian_Academy_of_Sciences	The Chelyabinsk Center of the Russian Academy of Sciences
Belgorod_State_University	Belgorod_State_University
Moscow_State_Pedagogical_University_network	Moscow_State_Pedagogical_University_network
The_State_University_of_Telecommunications	The State University of Telecommunications
Tomsk_State_University	Tomsk State University
Russian_Economic_Academy_named_after_G_V_Plekhanov	Russian_Economic_Academy_named_after_G_V_Plekhanov
Russian_State_Hydrometeorological_University	Russian State Hydrometeorological University
Vladimir_State_University_Network	Vladimir_State_University_Network
Pacific_National_University	Pacific_National_University
Udmurt_State_University_and_educational	Udmurt_State_University_and_educational
Federal_State_Unitary_Enterprise_Central_Research	Federal_State_Unitary_Enterprise_Central_Research
Saint-Petersburg_Research_Institute_of_Radiation_Hygiene	Saint-Petersburg_Research_Institute_of_Radiation_Hygiene
Moscow_State_University_of_Applied_Biotechnology	Moscow_State_University_of_Applied_Biotechnology
Keldysh_Research_Center	Keldysh_Research_Center
Tomsk_Polytechnic_University	Tomsk_Polytechnic_University
Vladimir_State_University	Vladimir_State_University
State_Technological_University	State_Technological_University
Petersburg_State_Transport_University	Petersburg_State_Transport_University
Russian_Research_Institute	Russian_Research_Institute
Federal_center_of_testing	Federal_center_of_testing
Scientific_Research_Institute_Voskhod	Scientific_Research_Institute_Voskhod
Tomsk_State_University_of_Systems_Control_and_Radioelectronics	Tomsk_State_University_of_Systems_Control_and_Radioelectronics
Crespières	Crespières
South_Ural_State_University	South_Ural_State_University
里加工业大学	Riga Technical University
Institute_of_Mineralogy	Institute_of_Mineralogy
Mari_State_Technical_University	Mari_State_Technical_University
Atheeb_trading_CoLtd(Saudi_Internet)	Atheeb_trading_CoLtd(Saudi_Internet)
Integrated_Telecom_CoLtd	Integrated_Telecom_CoLtd
Kurgan_State_University	Kurgan State University
西斯罗国际机场无线网络	Heathrow Airport WLAN
Nizhny_Novgorod_State_University_network	Nizhny Novgorod State University Network
OVH系统公司	OVH System
Arabic_Computer_System	Arabic Computer System
Karachai-Circassian_State_Technological_Academy	Karachai-Circassian_State_Technological_Academy
TenVM数据中心	TenVM Data Center
Optilink公司	Optilink
SPSNET	SPSNET
Orange网络公司	Orange
Pearl	Pearl
wanadoo网络	Wanadoo Network
特伦特国际学院	Trent International College
RETN网络	RETN Network
Federal_institute_of_development_of_education	Federal Institute of Development of Education
Yahoo	Yahoo
约旦大学	University of Jordan
PJSC_Rostelecom	PJSC_Rostelecom
State_institute_of_new_educational_form	State_institute_of_new_educational_form
Unitymedia网络	Unitymedia
MicrosoftInterlan网络节点	MicrosoftInterlan Network Node
莱切斯特大学	University of Leicester
ATW_Internet_Kft	ATW_Internet_Kft
dedibox	Dedibox
BEYKENT_UNIVERSITY	BEYKENT_UNIVERSITY
安畅	Anchang
Alike	Alike
Koc_University	Koc_University
卡塔尔大学	Qatar University
慕尼黑大学	LMU Munich
The_Moscow_State_University_of_Civil_Engineering_MGSU	The_Moscow_State_University_of_Civil_Engineering_MGSU
Webazilla公司	Webazilla
迈南戴斯·佩拉尤国际大学	Mynan Dayce Perayou International University
DU电信公司	DU Telecom
Skylogic	Skylogic
Stratford-upon-Avon_College	Stratford-upon-Avon_College
Nour_Communication_CoLtd-Nournet	Nour_Communication_CoLtd-Nournet
limoges	limoges
RighTel	RighTel
hostclean数据中心	Hostclean Data Center
Vis?o_Datacenter	Visão Datacenter
PROPER_SUPPORT	PROPER_SUPPORT
Flexwebhosting公司	Flexwebhosting
Worldstream	Worldstream
SourceForge缓存04of25西欧南freefr节点	SourceForge Cache 04of25 Western Europe South Freefr Node
ZetServers数据中心	ZetServers Data Center
Nearoute-HK	Nearoute-HK
WorldStream	WorldStream
Akamai全球Anycast节点	Akamai Global Anycast Nodes
Sahara_Network	Sahara_Network
Tennet电信	Tennet Telecom
Neotech_Solutions	Neotech_Solutions
Samara_Scientific_Center_of_The_Russian_Academy_of_Sciences	Samara_Scientific_Center_of_The_Russian_Academy_of_Sciences
SSRSL	China Education and Research Network
The_Net_of_the_Image_Processing_Systems_Institute_of_The_RAS	The_Net_of_the_Image_Processing_Systems_Institute_of_The_RAS
Saudi_Basic_Industries_Co	Saudi_Basic_Industries_Co
Samara_State_University_of_Economics	Samara State University of Economics
国立电子工程大学	National University of Electronic Engineering
Samara_State_Technical_University	Samara_State_Technical_University
Samara_State_Architecture_Civil_Engineeing_University	Samara_State_Architecture_Civil_Engineeing_University
Supreme_School_of_Privatization_and_Entrepreneurship	Supreme_School_of_Privatization_and_Entrepreneurship
metz	metz
NANCY	NANCY
Kabel网络	Kabel network
The_Samara_Regional_Institute	The_Samara_Regional_Institute
Povolzhskaya_State_Academy_of_Telecommunication	Povolzhskaya_State_Academy_of_Telecommunication
INTERNET_AG_Global网络公司	INTERNET_AG_Global
Sultan_Bin_Abdulaziz_Foundation	Sultan Bin Abdulaziz Foundation
Telegram	Telegram
ROSTELECOM	ROSTELECOM
Friendhosting有限责任公司	Friendhosting LLC
TalkTalk通信	TalkTalk Communications
Versatel电信公司	Versatel Telecom
GlobalNet数据中心	GlobalNet Data Center
Paris	Paris
天空宽带网	Sky Broadband
国内电子工程大学	Domestic University of Electronic Engineering
SAUDI_INTERNATIONAL_TELECOM&ELECTRONICS_CO	SAUDI_INTERNATIONAL_TELECOM&ELECTRONICS_CO
The_Russian_Academy_of_Sciences	The_Russian_Academy_of_Sciences
Samara_State_Teacher's_Training_University	Samara State Teacher's Training University
卡巴斯基实验室封闭式股份公司	Kaspersky Lab Closed Joint-Stock Company
NETVILLAGE	NETVILLAGE
阿姆斯特丹维基媒体基金会	Wikimedia Foundation Amsterdam
OLVPS	OLVPS
SSAU_-_Samara_State_Aerospace_University	SSAU_-_Samara_State_Aerospace_University
parsun	parsun
Skype通讯责任有限公司	Skype Communications SARL
OVH_SAS数据中心	OVH_SAS
IMEM梅奇尼科夫大学	IMEM Mechnikov University
Samara_State_Aerospace_University	Samara State Aerospace University
Sakura_Network_LTD	Sakura_Network_LTD
Canonical公司	Canonical Inc.
ServerAstra数据中心	ServerAstra
Melbicom数据中心	Melbicom Data Center
谢德尔采波德拉斯学院	Siedlce Podlasie Academy
University_of_Rousse_"Angel_Kanchev"	University_of_Rousse_Angel_Kanchev
欧盟法治特派团	EU Rule of Law Mission
Gcore_YeCDN节点	Gcore_YeCDN
Inoventica数据中心	Inoventica Data Center
TRADENCY	TRADENCY
英特热能科技有限公司	Inter Thermal Energy Technology Co., Ltd.
MicrosoftSwissix网络节点	Microsoft Swissix Network Node
ESET有限公司	ESET Limited
Ural_State_University_of_Economics	Ural_State_University_of_Economics
G_Core网络	G-Core Internet
SB_Professional_Services	SB_Professional_Services
JSC_Rostelecom公司	JSC_Rostelecom
IPFFM_GmbH数据中心	IPFFM_GmbH data center
Teleset-Servis有限公司	Teleset-Servis Co., Ltd.
It-invest公司	It-invest Corporation
UNMANAGED_LTD	UNMANAGED_LTD
Avalon电脑系统公司	Avalon Computer Systems Company
切尔诺夫策国立大学	Chernivtsi National University
Ural_State_Polzunov_College	Ural_State_Polzunov_College
nLayer_Akamai公司CDN网络节点	nLayer_Akamai CDN Network Node
Telekom-icss_Akamai公司CDN网络节点	Telekom-icss_Akamai CDN Network Node
ClaraNet_Akamai公司CDN网络节点	ClaraNet_Akamai
NetVision_Akamai公司CDN网络节点	NetVision_Akamai CDN Network Node
IP_Volume_inc	IP_Volume_inc
CW_Akamai公司CDN网络节点	CW_Akamai Company CDN Network Node
G-Core数据中心	G-Core Data Center
DTAG_Akamai公司CDN网络节点	DTAG_Akamai CDN Network Node
Voxility_Akamai公司CDN网络节点	Voxility_Akamai CDN Network Node
St_Petersburg_State_University	St_Petersburg_State_University
INIT7Akamai公司CDN网络节点	INIT7Akamai CDN Network Node
NTT_Akamai公司CDN网络节点	NTT_Akamai CDN Network Node
TelecomItaliy_Akamai公司CDN网络节点	TelecomItalia_Akamai CDN Network Node
Kaia_Akamai公司CDN网络节点	Kaia_Akamai CDN Network Node
Seabone_Akamai公司CDN网络节点	Seabone_Akamai CDN Network Node
de-cix_Akamai公司CDN网络节点	de-cix_Akamai CDN Network Node
Opentransit_Akamai公司CDN网络节点	Opentransit_Akamai CDN Network Node
Telkom_Akamai公司CDN网络节点	Telkom Akamai Company CDN Network Node
Hibernia_Akamai公司CDN网络节点	Hibernia_Akamai CDN Network Node
TELEFONICA_Akamai公司CDN网络节点	TELEFONICA_Akamai CDN Node
Bezeq_Akamai公司CDN网络节点	Bezeq Akamai Company CDN Network Node
AMSIX_Akamai公司CDN网络节点	AMSIX_Akamai CDN Network Node
TATA_Akamai公司CDN网络节点	TATA_Akamai CDN Network Node
CDN520加速节点(CN2)数据中心	CDN520 Acceleration Node (CN2) Data Center
seabone_Akamai公司CDN网络节点	seabone_Akamai CDN Network Node
FastWeb	FastWeb
G_Core_Lab北美Anycast节点	G_Core_Lab North America Anycast Node
GAMESYS	GAMESYS
Wargaming_Interactive_GmbH	Wargaming_Interactive_GmbH
Inoreader	Inoreader
国立师范大学	National Normal University
Telia_Akamai公司CDN网络节点	Telia Akamai CDN Network Node
GCore_Lab	GCore Lab
gcore	gcore
Fastweb公司	Fastweb
Metroset	Metroset
eBay分公司	eBay Branch
天空宽带	Sky Broadband
NYNEX卫星通讯公司	NYNEX Satellite Communications
TELENETRONICS	TELENETRONICS
KINPONET_CN2网络	KINPONET_CN2 Network
So-net公司	So-net
Lomonosov_Moscow_State_University	Lomonosov_Moscow_State_University
G_Core_Lab亚洲Anycast节点	G_Core_Lab Asian Anycast Node
G_Core_Lab欧洲Anycast节点	G_Core_Lab European Anycast Node
SERVERIUS数据中心	SERVERIUS Data Center
里加斯特拉金什大学	Riga Stradins University
RNet数据中心	RNet Data Center
卡巴斯基实验室封闭式股份公司LeaseWeb节点	Kaspersky Lab Closed Joint Stock Company LeaseWeb Node
MaxCDN_Anycast节点	MaxCDN_Anycast node
SPARKLE_SpA(意大利电信)国际互联节点	SPARKLE_SpA (Telecom Italia) International Interconnection Node
伊斯法罕医科大学	Isfahan University of Medical Sciences
沙希德·贝赫什提大学	Shahid Beheshti University
Aresflare	Aresflare
沃达丰电信	Vodafone Telecom
UNIS网络	UNIS Network
Vodafone宽带	Vodafone Broadband
PODA	PODA
TTNet网络通讯	TTNet
俄罗斯电信公司	Russian Telecom Company
root数据中心	Root Data Center
Dot_TK	Dot_TK
Akamai_Cotendo_CDN网络节点	Akamai_Cotendo_CDN
International_Computer_Company_Ltd.	International_Computer_Company_Ltd.
Dot_TK公司驻荷兰办事处	Dot_TK Company Netherlands Office
Tai_Seng_Drive_Singapore(Racks_Central_DataCenter)	Tai_Seng_Drive_Singapore(Racks_Central_DataCenter)
udmurt_state_university	Udmurt State University
安迅网络	AnXun Network
NashaNetUA	NashaNetUA
Mail	Mail
Jazztel	Jazztel
HE_NET_Akamai公司CDN网络节点	HE NET Akamai CDN Network Node
Turkmentelecom	Turkmentelecom
Qwest_Akamai公司CDN网络节点	Qwest_Akamai CDN Network Node
Nashville市美国教育网	Nashville City US Education Network
CogswellEnterprises	CogswellEnterprises
AdGuard	AdGuard
pccw_Akamai公司CDN网络节点	pccw_Akamai CDN Network Node
WebHost数据中心	WebHost Data Center
绿洲通信公司	Oasis Communications Company
马格德堡市	Magdeburg City
Frontier	Frontier
北大西洋学院	College of the North Atlantic
Akamai-Edgesuite深圳腾讯CDN网络节点	Akamai-Edgesuite Shenzhen Tencent CDN Network Node
opentransit_Akamai公司CDN网络节点	opentransit_Akamai CDN Node
Akamai科技公司CDN网络节点(AS35994+AS20940机房)	Akamai Technologies CDN Network Node (AS35994+AS20940 Data Center)
VAServe有限公司旗下A2B2公司	A2B2 Company under VAServe Co., Ltd.
G-Core_Labs_LU	G-Core_Labs_LU
TDC_Akamai公司CDN网络节点	TDC Akamai CDN Network Node
Radiant数据中心	Radiant Data Center
gvt_Akamai公司CDN网络节点	Akamai Technologies CDN Network Node
Register公司	Register Corporation
Clearwire_US有限公司	Clearwire US Co., Ltd.
Chater通讯公司	Charter Communications
Indianamadison	Indiana Madison
HKIX_Akamai公司CDN网络节点	HKIX Akamai CDN Network Node
dicks	dicks
FirstMedia_Akamai公司CDN网络节点	FirstMedia_Akamai CDN Network Node
TelstraClear	TelstraClear
IPTP	IPTP
AT&T宽带	AT&T Broadband
IDC-Net	IDC-Net
美国Google光纤公司AS16591(Google_Fiber_Inc)	Google_Fiber_Inc
CWIE网络	CWIE Network
T-Mobile	T-Mobile
TimeWarner_Akamai公司CDN网络节点	TimeWarner_Akamai CDN Network Node
Sprint通信公司	Sprint Communications Company
中央广播电视大学	China Central Radio and TV University
ogers	Ogers
ColosseumOnline公司	ColosseumOnline
internexa_Akamai公司CDN网络节点	Internexa_Akamai CDN Network Node
Arvixe有限公司	Arvixe Co., Ltd.
CNISP会员	CNISP Member
荃城有限公司	Quancheng Co., Ltd.
WBS_Connect有限公司	WBS_Connect Limited
聚龙无限信息技术有限公司	Julong Wireless Information Technology Co., Ltd.
中国电信云计算中心	China Telecom Cloud Computing Center
运营商级NAT-IP地址(Shared_Address_Space)	Carrier-grade NAT IP Address (Shared Address Space)
华胜天成BGP机房	Teamsun BGP Data Center
亚洲数据有限公司(青山公路491号嘉力工业中心)	Asia Data Limited (Ka Lik Industrial Centre, 491 Castle Peak Road)
北京雨佳亨通通信信息有限公司	Beijing Yujia Hengtong Communication Information Co., Ltd.
Central_Host公司	Central_Host
北京数据家科技有限公司电信节点	Beijing DataHome Technology Co., Ltd. China Telecom Node
航数宽网电信	Hangshu Broadband Telecom
稳速网络BGP机房	Wensu Network BGP Data Center
电信天翼云计算数据中心	China Telecom E-Cloud Data Center
purplestones_HCLC数据中心	purplestones_HCLC Data Center
北京数据家科技有限公司北京电信互联网数据中心节点	Beijing Data Home Technology Co., Ltd. Beijing Telecom Internet Data Center Node
Softbank	Softbank
新网IDC机房	Xinwang IDC Data Center
万国数据服务有限公司电信数据中心	China Telecom Data Center of GDS Services Ltd
SingTel宽带	SingTel Broadband
北京电信通电信工程有限公司	Beijing Dianxintong Communications Engineering Co., Ltd.
软银(SoftBank)公司	SoftBank Corp.
KT电信数据中心	KT Telecom Data Center
京东云BGP数据中心	JD Cloud BGP Data Center
京东云	JD Cloud
中国中央电视台	China Central Television
Vodafone(沃达丰)	Vodafone
LG_DDOS区机房	LG_DDOS Zone Data Center
鹏博士长城宽带(北京数据家电信出口)	Dr.Peng Broadband and Great Wall Broadband (Beijing DataHome Telecom Export)
京东云电信数据中心	JD Cloud China Telecom Data Center
PdoMo公共DNS	PdoMo Public DNS
惟译天创信息技术有限公司	Weiyi Tianchuang Information Technology Co., Ltd.
Vodafone(沃达丰)DNS	Vodafone
奇虎360科技有限公司BGP数据中心	Qihoo 360 Technology Co., Ltd. BGP Data Center
北京宽带通电信技术有限公司	Beijing Broadband Telecom Technology Co., Ltd.
北京奇虎360北京电信数据中心	Beijing Qihoo 360 Beijing Telecom Data Center
奇虎360科技有限公司	Qihoo 360 Technology Co., Ltd.
北京NBLLNET有限公司	Beijing NBLLNET Co., Ltd.
新东网络有限公司	New East Network Co., Ltd.
xTom网络	xTom Network
奇虎360科技有限公司电信节点	Qihoo 360 Technology Co., Ltd. Telecom Node
博盛科技有限公司	Bosen Technology Co., Ltd.
台湾网路资讯中心DNS服务器	Taiwan Network Information Center DNS Server
北京奇虎360北京联通数据中心	Beijing Qihu 360 Beijing Unicom Data Center
三快科技有限公司美团云	SanKuai Technology Co., Ltd. Meituan Cloud
奇虎360科技有限公司数据中心	Qihoo 360 Technology Co., Ltd. Data Center
网银互联机房	NetBank Interconnection Data Center
Sun_Network_Company_Limited	Sun_Network_Company_Limited
Kireka_Wananchi_Group(K)LTD	Kireka_Wananchi_Group(K)LTD
首都在线BGP数据中心	Capital Online BGP Data Center
鹏博士宽带(北京电信出口)	Dr.Peng Broadband (China Telecom Beijing Exit)
KDT(Korea_Data_Telecom)数据中心	KDT (Korea Data Telecom) Data Center
北京首都在线科技股份有限公司电信	Beijing Capital Online Technology Co., Ltd. Telecom
亿安天下交换中心	E'an Tianxia Exchange Center
国家行政学院	Chinese Academy of Governance
远镇资讯(HiNet)	HiNet
北京时代宏远网络通信有限公司	Beijing Times Hongyuan Network Communication Co., Ltd.
ReadySpace	ReadySpace
广电网络	China Broadcasting Network
环网通信技术有限公司	Huanwang Communication Technology Co., Ltd.
前海互联网交换中心	QianHai Internet Exchange
Universitas_Lampung	Universitas_Lampung
新网络公司	New Network Company
上海兆民云计算科技有限公司	Shanghai Zhaomin Cloud Computing Technology Co., Ltd.
thegigabit	thegigabit
奇虎360科技有限公司电信	China Telecom for Qihoo 360 Technology Co., Ltd.
上海臣翊网络科技有限公司电信	Shanghai Chenyi Network Technology Co., Ltd. Telecom
廊坊大学	Langfang University
零启电讯	Lingqi Telecom
MobileOne通信	MobileOne Communications
HT网络	HT Network
北京光环新网科技股份有限公司	Beijing Sinnet Technology Co., Ltd.
Go_Daddy_有限公司新加坡数据中心	Go_Daddy_Inc._Singapore_Data_Center
DCN数据中心	DCN Data Center
IDCF数据中心	IDCF Data Center
PowerCom_Network	PowerCom_Network
Host_Virtual数据中心	Host Virtual Data Center
扬州博悦网络技术有限公司联通数据中心	Yangzhou Boyue Network Technology Co., Ltd. China Unicom Data Center
中国互联网数据交换中心	China Internet Data Exchange Center
Simcentric网络公司	Simcentric Network Company
True互联网公司	True Internet Company
唯一网络科技有限公司	Unique Network Technology Co., Ltd.
维新大学	Weixin University
盛大计算机有限公司	Shengda Computer Co., Ltd.
全捷科技发展有限公司	Quanjie Technology Development Co., Ltd.
纵横网连互联网数据中心	Zongheng Netcom Internet Data Center
GigsGigs网络	GigsGigs Network
Host_Virtual公司数据中心(永得利广场)	Host_Virtual Company Data Center (Yongdeli Plaza)
Valve服务器	Valve Servers
HostDime数据中心	HostDime Data Center
Scicube虚拟主机服务	Scicube Virtual Hosting Service
中国联通香港有限公司国际互联节点	China Unicom Hong Kong Corporation Limited International Interconnection Node
rciol公司	RCIOL
台湾际缆网通信TIGC	TIGC (Taiwan International Gateway Communication)
三星数据系统(中国)有限公司	Samsung SDS (China) Co., Ltd.
华硕ASUS	ASUS
SecureAX网络	SecureAX Network
樱花互联网北海道数据中心	Sakura Internet Hokkaido Data Center
企商科技发展有限公司	Qishang Technology Development Co., Ltd.
船舶通信导航公司	China Shipping Communication and Navigation Company
鼎峰新汇BGP机房	Dingfeng Xinhui BGP Data Center
易存网库(EasyHost)数据中心	EasyHost Data Center
高知工业高等专门学校	Kochi National College of Technology
易联时空(北京)科技有限公司	Yilian Space-Time (Beijing) Technology Co., Ltd.
汇港电讯(WTT)数据中心	WTT (Wharf T&T) Data Center
易存网库有限公司互联网数据中心	Yicun Wangku Co., Ltd. Internet Data Center
慧邦科技	Huibang Technology
APC公司	APC Corporation
bgp	BGP
腾云创智信息技术有限公司	Tengyun Chuangzhi Information Technology Co., Ltd.
ps-idc数据中心	PS-IDC Data Center
Wintel公司数据中心	Wintel Company Data Center
北京闪迅网联电信技术有限公司BGP多线	Beijing Flashnet Telecom Technology Co., Ltd. BGP Multi-line
阿里云CDN电信节点	China Telecom Node of Alibaba Cloud CDN
CloudFlare节点	CloudFlare
上海安畅通信科技有限公司	Anchanto Communication Technology Co., Ltd.
腾讯公司电信数据中心	Tencent China Telecom Data Center
捕梦网数位科技	Dreamcatcher Digital Technology
中国移动香港公司	China Mobile Hong Kong Company
LayerStack	LayerStack
Layerstack	Layerstack
神通资讯科技	Shen Tong Information Technology
上海美橙科技信息发展有限公司	Shanghai Meicheng Technology Information Development Co., Ltd.
北京互联港湾科技有限公司电信	Beijing Interconnected Harbor Technology Co., Ltd. Telecom
高知县立大学	Kochi Prefectural University
纵智信息技术有限公司	Zongzhi Information Technology Co., Ltd.
优像数位媒体PIXNET	PIXNET
Infitack科技有限公司中国电信CN2节点	Infitack Technology Co., Ltd. China Telecom CN2 Node
tele-asia数据中心	Tele-Asia Data Center
润迅数据中心	Runxun Data Center
利颖科技	Liying Technology
云南蓝队网络科技有限公司电信	Yunnan LanDui Network Technology Co., Ltd. - China Telecom
深圳市腾讯计算机系统有限公司电信节点	Tencent Computer System Co., Ltd. Telecom Node
Cloudflare节点	Cloudflare node
云端寄存网有限公司(九龙湾常怡道33号宏力工业大厦1楼17室)	Cloud Hosting Network Co., Ltd. (Room 17, 1/F, Wang Lik Industrial Building, 33 Sheung Yee Road, Kowloon Bay)
Compevo公司	Compevo Co.
台湾土地银行	Taiwan Land Bank
中国邮政储蓄银行电信	China Postal Savings Bank Telecom
宜驾网络科技有限公司	Yijia Network Technology Co., Ltd.
Universitas_Udayana	Universitas_Udayana
天维信通科技有限公司电信	Tianwei Xintong Technology Co., Ltd. Telecom
南方科技大学	Southern University of Science and Technology
Equinix_TY2	Equinix_TY2
台湾银行	Taiwan Bank
Ani_Network有限责任公司	Ani_Network Co., Ltd.
联通国际网络有限公司	China Unicom International Network Co., Ltd.
微软(中国)有限公司电信	Microsoft (China) Co., Ltd. Telecom
新加坡科技设计大学	Singapore University of Technology and Design
安徽八度网络科技有限公司	Anhui Badu Network Technology Co., Ltd.
Universitas_Trisakti	Indonesia_Universitas_Trisakti
物语云	Monogatari Cloud
TashiCell_Network	TashiCell_Network
通网网联(北京通管机房)	Tongwang Network (Beijing Tongguan IDC)
友邦人寿	AIA Life Insurance
江龙英盛科技有限责任公司联通	Jianglong Yingsheng Technology Co., Ltd. Unicom
Cloudie机房	Cloudie Data Center
企商在线BGP多线	Qishang Online BGP Multi-line
迪科尔集团数据中心(新界荃灣沙咀道26-38号汇力工业中心18楼9号)	DECOL Group Data Center (Unit 9, 18/F, Elite Industrial Centre, 26-38 Sha Tsui Road, Tsuen Wan, New Territories)
高碑店乡四惠东尤美风尚(北京)维实嘉业网络通讯信息科技有限公司(陈家林甲2号尚8文创园盈实大厦3层)	Beijing Weishi Jiaye Network Communication Information Technology Co., Ltd. (Youshang Fashion, Sihui East, Gaobeidian Township)
国研网络数据科技有限公司电信	China Telecom of Guoyan Network Data Technology Co., Ltd.
南凌科技专线业务段	NLS (Nova Link Science) Dedicated Line Service Segment
众通BGP多线	Zhongtong BGP Multi-line
安徽八度网络科技有限公司电信节点	Anhui Badu Network Technology Co., Ltd. (China Telecom Node)
三技科技数据中心	Sanji Technology Data Center
北京互联港湾科技有限公司	Beijing Interconnection Harbor Technology Co., Ltd.
奇虎科技有限公司电信	Qihoo Technology Co., Ltd. Telecom
南国有线电视	Southern Cable TV
汇智资讯Cloudmax	Cloudmax
深圳兆恒伟业科技有限公司香港电讯盈科节点	Shenzhen Zhaoheng Weiye Technology Co., Ltd. - Hong Kong PCCW Node
i4HK	i4HK
华数宽带	Wasu Broadband
CDNETWORKS	CDNETWORKS
宝山云计算数据中心(电信)	China Telecom Baoshan Cloud Computing Data Center
博大网信	Broadnet
香港商中讯环球	China Information Global (Hong Kong)
北京互联通网络科技有限公司	Beijing HULIAN Network Technology Co., Ltd.
九河互联数据中心	Jiuhe Internet Data Center
上海安畅网络科技股份有限公司	Shanghai AnChang Network Technology Co., Ltd.
上海网域网络科技有限公司	Shanghai Wangyu Network Technology Co., Ltd.
华思维科技有限公司联通	China Unicom Huasiwei Technology Co., Ltd.
环讯网络科技有限公司	Huanxun Network Technology Co., Ltd.
七星云	Qixing Cloud
新网络有限公司	New Network Co., Ltd.
恒川建业科技有限公司电信	Hengchuan Jianye Technology Co., Ltd. Telecom
安畅网络(亚太)有限公司沙田数据中心(沙田火炭黃竹洋街8号新鴻基物流中心3楼)	Anchangs Network (Asia Pacific) Limited Sha Tin Data Center (3/F, Sun Hung Kai Logistics Centre, 8 Wong Chuk Yeung Street, Fo Tan, Sha Tin)
双云信息科技(上海)有限公司电信	Shuangyun Information Technology (Shanghai) Co., Ltd. - China Telecom
东网科技有限公司电信数据中心	EastNet Technology Co., Ltd. Telecom Data Center
云创讯通科技有限公司联通	Yunchuang Xuntong Technology Co., Ltd. China Unicom
上海布鲁潘达网络技术有限公司	Shanghai Blue Panda Network Technology Co., Ltd.
Adobe系统公司	Adobe Systems
纵智BGP多线	Zongzhi BGP Multi-line
小鸟云联通	BirdCloud Unicom
五邑发展有限公司	Wuyi Development Co., Ltd.
郴州市蓝冰计算机服务有限公司联通节点	China Unicom Node of Chenzhou Lanbing Computer Service Co., Ltd.
九龙区ZS-HK网络(香港)有限公司(旺角弥敦道610号荷里活广场1318-19室)	Kowloon ZS-HK Network (Hong Kong) Co., Ltd. (Room 1318-19, Hollywood Plaza, 610 Nathan Road, Mongkok)
贵安新区电信天翼云计算数据中心(华数网络)	China Telecom Tianyi Cloud Computing Data Center (Huashu Network) in Gui'an New District
GisgisCloud_Network	GisgisCloud_Network
北京世博云创科技数据中心	Beijing Shibo Yuncheng Technology Data Center
怪兽云BGP节点	MonsterCloud BGP Node
上海联通	China Unicom Shanghai
卡酷云BGP	Kakuyun BGP
华北BGP	North China BGP
上海安畅网络科技股份有限公司BGP数据中心	Shanghai Anchang Network Technology Co., Ltd. BGP Data Center
犀思云(北京)云计算科技有限公司	Syscloud (Beijing) Cloud Computing Technology Co., Ltd.
ONENET	ONENET
北京芭莎科技有限公司	Beijing Basha Technology Co., Ltd.
电信云基地	China Telecom Cloud Base
金山云高防BGP数据中心	Kingsoft Cloud Anti-DDoS BGP Data Center
Nerocloud_Ltd骨干网	Nerocloud_Ltd Backbone Network
北京庄智科技有限责任公司	Beijing Zhuangzhi Technology Co., Ltd.
多线BGP机房	Multi-line BGP Data Center
Cloudie公司数据中心	Cloudie Company Data Center
电信(Uber)	China Telecom (Uber)
贰贰网络数据中心	22net Data Center
Powerline数据中心	Powerline Data Center
云南广电	Yunnan Broadcasting Network
World_Without_Wires_Pty_Ltd	World_Without_Wires_Pty_Ltd
中国知网	CNKI (China National Knowledge Infrastructure)
第一线DYXnet数据中心	DYXnet Data Center
Globe_Telecoms	Globe Telecoms
ReasyServer	ReasyServer
光联集团	Guanglian Group
夏龙通信数据中心	Xialong Communication Data Center
PT_Eka_Mas_Republik	PT Eka Mas Republik
国际教养大学	International University of Health and Welfare
美团云(三快科技)	Meituan Cloud (Sankuai Technology)
金融安全研究所	Financial Security Research Institute
鹏博士企业云	Dr. Peng Enterprise Cloud
启璇云总部BGP节点	Qixuan Cloud Headquarters BGP Node
西城区西环广场	Xicheng District Xihuan Plaza
Query_Foundry数据中心	Query_Foundry Data Center
DressGroup新力讯(Sunnyvision)数据中心	DressGroup Sunnyvision Data Center
联想集团	Lenovo Group
dediserve数据中心	DediServe Data Center
新速网络数据中心(加冷大道25号Ascenix_DC)	Xinsu Network Data Center (Ascenix_DC, 25 Kalling Avenue)
Emagine_Concept有限公司	Emagine_Concept Co., Ltd.
安畅网络BGP(Powerline数据中心)	Anchang Network BGP (Powerline Data Center)
启璇云总部节点	Qixuan Cloud Headquarter Node
快快CDN节点	KuaiKuai CDN Node
SunnyVision	SunnyVision
电讯盈科商业网络	PCCW Business Network
北京首都在线科技股份有限公司	Beijing Capital Online Technology Co., Ltd.
SounderCloud数据中心	SounderCloud Data Center
电信(国家互联网交换中心CNIX)	China Telecom (CNIX - National Internet Exchange Center)
Itace_International_Limited	Itace_International_Limited
中移全通系统集成有限公司移动节点	China Mobile All-Communications System Integration Co., Ltd. Mobile Node
Criteo(中国)公司	Criteo (China) Company
EPLUShosting数据中心	EPLUShosting Data Center
移动高防段	China Mobile Anti-DDoS Segment
新网络(Sun_Network)数据中心	Sun Network Data Center
金士顿Kingston	Kingston
北方联合广播电视(NCN)网络股份有限公司	North United Broadcasting (NCN) Network Co., Ltd.
广东奥飞数据科技股份有限公司	Guangdong Aofei Data Technology Co., Ltd.
Winet	Winet
星光互联(starrydns)公司SoftLayer数据中心	StarryDNS (Starry Internet) - SoftLayer Data Center
东京都星光互联(starrydns)公司SoftLayer数据中心	StarryDNS Corporation, SoftLayer Data Center, Tokyo
沙田区中国电信CN2节点	China Telecom CN2 Node in Sha Tin District
Linux_Pathshala数据中心	Linux_Pathshala Data Center
名气通电讯有限公司(TGT)	Pacific Gateway Exchange (TGT)
GRUPOHOST	GRUPOHOST
HORIZON电信	China Telecom
网易云数据中心	Netease Cloud Data Center
辽宁方翊科技有限公司	Liaoning Fangyi Technology Co., Ltd.
M8CLOUDLIMITED-TW	M8CLOUDLIMITED-TW
金邦科技有限公司数据中心	Jinbang Technology Co., Ltd. Data Center
Plusnet	Plusnet
DGCHost服务器数据中心	DGCHost Server Data Center
Global_Frag数据中心	Global_Frag Data Center
OneProvider	OneProvider
IPTELECOM	IPTELECOM
Yodlee	Yodlee
Foundation_Partners数据中心	Foundation_Partners Data Center
新东方教育网	New Oriental CERNET
思海网络电信	Sihai Network Telecom
Stack_Network电信机房	China Telecom Stack_Network
汇天网络移动	Huitian Network Mobile
新力讯(Sunnyvision)数据中心	Sunnyvision Data Center
Speednet	Speednet
葵兴数据中心	Kwai Hing Data Center
华博科技	Huabo Technology
CoreLink数据中心	CoreLink Data Center
CoreLink通讯	CoreLink Communications
hostingviet数据中心	HOSTINGVIET Data Center
DGCHost数据中心	DGCHost Data Center
Centerhop公司	Centerhop Company
SonderCloud(SDC)数据中心	SonderCloud (SDC) Data Center
北京车之家信息技术有限公司	Beijing Autohome Information Technology Co., Ltd.
双宇通信	Shuangyu Communication
上海花卷信息科技有限公司	Shanghai Huajuan Information Technology Co., Ltd.
数掘科技BGP	Digital Technology BGP
三线BGP机房	Triple-line BGP data center
国超公司	Guochao Company
Netwise_Hosting数据中心	Netwise_Hosting Data Center
Vietnix数据中心	Vietnix Data Center
明日云科技	Mingri Cloud Technology
novaconnect	novaconnect
DIGICORE数据中心	DIGICORE Data Center
HostDare	HostDare
Psychz_Networks亚洲Anycast节点	Psychz Networks
联通磐逸云高防机房	Unicom Panyi Cloud High Defense IDC
爱为通信青岛公司电信	Aiwei Communication Qingdao Branch (China Telecom)
HKIX	HKIX
Internet_Keeper_Global	Internet_Keeper_Global
国家大学	National University
Cat_Networks	Cat_Networks
mail253	mail253
Rixcloud	Rixcloud
FID株式会社	FID Corporation
Greypanel数据中心	Greypanel Data Center
爱为宽带	Aiwu Broadband
MTel	MTel
台湾绿建科技股份有限公司	Taiwan Green Building Technology Co., Ltd.
CloudITIDC数据中心	CloudIT IDC Data Center
Kirin_Networks	Kirin_Networks
昊锐云联通高防机房	China Unicom High Defense Data Center of Haorui Cloud
梭猫互联	Suomao Internet
RFCHost	RFCHost
ASLINE国际互联节点	ASLINE International Interconnection Node
Netrouting公司	Netrouting
香港恒生大学	The Hang Seng University of Hong Kong
关西机场	Kansai Airport
大阪府大阪	Osaka Prefecture Osaka
快手科技BGP数据中心	Kuaishou Technology BGP Data Center
联通云数据有限公司	China Unicom Cloud Data Company Limited
亿速云	Yisu Cloud
Gigafy	Gigafy
rixCloud	rixCloud
泰国帕纳空皇家大学	Phranakhon Rajabhat University
安速科技电信机房	Ansun Technology China Telecom IDC
安讯国际网路有限公司	Anxun International Network Co., Ltd.
赫亚资讯有限公司	HeYa Information Technology Co., Ltd.
北京峰鸟网络科技有限公司(CN2GIA)数据中心B	Beijing Fengniao Network Technology Co., Ltd. (CN2GIA) Data Center B
犀思云BGP数据中心	XisiCloud BGP Data Center
rixCloud_Mithril_Enterprise_Network	rixCloud_Mithril_Enterprise_Network
VMHaus数据中心	VMHaus Data Center
三大有线电视股份有限公司	Three Major Cable TV Co., Ltd.
云外科技日本–大阪府–大阪市CN2	Yunwai Technology Japan - Osaka - Osaka City CN2
欣驰联网股份有限公司	Xinchi Network Co., Ltd.
鑫晟数位股份有限公司	Xinsheng Digital Co., Ltd.
Azoone通讯	Azoone Communications
微网聚力动态BGP节点	MicroNet Convergence Dynamic BGP Node
Jinx_CO_LIMITED	Jinx_CO_LIMITED
珍艾碧丝有限公司	Zen Agate & Co., Ltd.
北京峰鸟网络科技有限公司BGP数据中心	Beijing Fengniao Network Technology Co., Ltd. BGP Data Center
上海缘通科技有限公司	Shanghai Yuantong Technology Co., Ltd.
共启网络BGP数据中心	Gongqi Network BGP Data Center
共启网络电信数据中心	China Telecom Gongqi Network Data Center
卡尔国际资讯有限公司	Kal International Information Co., Ltd.
领航电信股份有限公司	Linghang Telecom Co., Ltd.
LeanCloud	LeanCloud
乐购虾皮有限公司	Lego Shopee Co., Ltd.
网际威龙科技有限公司	netdragon.com
才高八斗科技股份有限公司	Caigao Badou Technology Co., Ltd.
Clayer_Limited数据中心	Clayer_Limited
Rainbow_Network_Limited	Rainbow_Network_Limited
Pf_Link_Systems	Pf_Link_Systems
GigsGigsNetwork数据中心	GigsGigsNetwork
新加坡HostEONS私人有限公司(美芝路5001号黄金坊04-01号)美国Psychz数据中心洛杉矶节点	HostEONS Pte. Ltd. Singapore (5001 Beach Road #04-01, Golden Mile Complex) - Psychz Data Center Los Angeles Node, USA
BGP高防数据中心	BGP Anti-DDoS Data Center
南捷科技机房	NanJie Technology IDC
网联资讯有限公司	WangLian Information Co., Ltd.
晟崴科技股份有限公司	Shengwei Technology Co., Ltd.
天津联通	Tianjin Unicom
北都数位有线电视	North City Digital Cable TV
远振科技	Yuanzhen Technology
海华建设股份有限公司	Haihua Construction Co., Ltd.
路旋资讯有限公司	Luxuan Information Co., Ltd.
育酆科技有限公司	Yufeng Technology Co., Ltd.
OCTOPUS_WEB_SOLUTION	OCTOPUS_WEB_SOLUTION
三通网资讯	Santong Network Information
常春藤电讯	Ivy Telecom
中国电信国际有限公司	China Telecom Global Limited
利颖电信股份有限公司	Liying Telecom Co., Ltd.
电波有限公司	China Telecom Co., Ltd.
上奇网讯	Shanghai Changxing Network Technology Co., Ltd.
Doo科技有限公司	Doo Technology Co., Ltd.
王道商业银行	Wangdao Commercial Bank
乌日国民小学	Wu Ri National Elementary School
网道科技	Wangdao Technology
珠海学院	Zhuhai College
华冈兴业基金会	Huagang Xingye Foundation
北京峰鸟网络科技有限公司BGP数据中心A	Beijing Fengniao Network Technology Co., Ltd. BGP Data Center A
徽摩立科技股份有限公司	Hui Mo Li Technology Co., Ltd.
战国策网路科技	ZhanGuoCe Network Technology
禾太国际有限公司	Hetai International Co., Ltd.
华魁科技顾问有限公司	Huakuai Technology Consulting Co., Ltd.
华电联网股份有限公司	Huadian Internet Company Limited
次元科技有限公司	Dimensional Technology Co., Ltd.
中国人寿保险	China Life Insurance
晟创数位有限公司	Shengchuang Digital Co., Ltd.
PEG_TECH_INC	PEG_TECH_INC
中国信托商业银行	China Trust Commercial Bank
信译科技有限公司	Xinyi Technology Co., Ltd.
台通光电股份有限公司	Taiwan Optical Platform
资樱数位创意有限公司	Ziying Digital Creative Co., Ltd.
网易云	NetEase Cloud
博客来数位科技(股)公司	BlogtoYou Digital Technology Co., Ltd.
国家实验研究院	National Applied Research Laboratories
HostEONS数据中心	HostEONS Data Center
HostEase	HostEase
辰升网路科技有限公司	Chensheng Network Technology Co., Ltd.
宏威机电工程股份有限公司	Hongwei Mechanical and Electrical Engineering Co., Ltd.
陆华科技股份有限公司	Luhua Technology Co., Ltd.
茂为欧买尬数位科技股份有限公司	Maowei Oumaiga Digital Technology Co., Ltd.
远雄人寿	Farglory Life Insurance
摩速科技有限公司	Mosu Technology Co., Ltd.
显赫资讯	Xianhe Information
国家世纪宽频有限公司	National Century Broadband Co., Ltd.
普易资讯	Puyi Information
顺营资讯有限公司	Shunying Information Co., Ltd.
台湾人寿	Taiwan Life Insurance
韩国情报学会发展研究所(KISDI)	Korea Information Society Development Institute (KISDI)
樱域主机	Sakura Domain Hosting
摩力云数码开发有限公司	Moli Cloud Digital Development Co., Ltd.
联维有线电视	United Vision Cable TV
齐瑞科技有限公司	Qirui Technology Co., Ltd.
台湾智慧家庭股份有限公司	Taiwan Smart Home Co., Ltd.
爱贝有限公司	Ibei Co., Ltd.
智域国际股份有限公司	Zhiyu International Co., Ltd.
道法法律事务所	DaofaLaw Firm
台寿保资融	Taiwan Life Insurance Information
台寿保产险	Taiwan Life Insurance
云起移动科技有限公司	Yunqi Mobile Technology Co., Ltd.
祥网实业有限公司	Xiangwang Industrial Co., Ltd.
显扬资讯	Xianyang Information
快易通网路科技	Kuaiyitong Network Technology
圆展科技	AVer Information Inc.
威普网站	WePu Web
华勉电讯	Huamian Telecom
创翊资讯有限公司	Chuangyi Information Co., Ltd.
技嘉科技	GIGABYTE Technology
腾云运算股份有限公司	Tengyun Computing Co., Ltd.
黄金假期事业股份有限公司	Golden Holiday Enterprise Co., Ltd.
网银国际股份有限公司	E-Bank International Co., Ltd.
阿里山卫星电视国际股份有限公司	Ali Shan Satellite TV International Co., Ltd.
联合软体有限公司	United Software Co., Ltd.
国声有线电视	Guosheng Cable TV
元丰昌电信有限公司	Yuanfengchang Telecom Co., Ltd.
长廷国际有限公司	Changting International Co., Ltd.
国际汽车玻璃商行	International Auto Glass Merchant
新加坡商竞舞有限公司台湾分公司	Garena Taiwan Branch
亚太新科技有限公司	Asia Pacific New Technology Co., Ltd.
绿油油生物资讯	Greenergy Bio-Information
大嘉义行销管理	Dajiayi Marketing Management
三和电讯有限公司	Sanhe Telecommunications Co., Ltd.
通航国际(股)有限公司	Tonghang International (Co., Ltd.)
宏创电子股份有限公司	Hongchuang Electronics Co., Ltd.
高雄大大新宽频股份有限公司	Kaohsiung Dadashin Broadband Co., Ltd.
艾奇网路科技有限公司	Aiqee Network Technology Co., Ltd.
紫光云	Ziguang Cloud
岭力有限公司	Lingli Co., Ltd.
华昕数据应用有限公司	Huaxin Data Application Co., Ltd.
益州化学工业股份有限公司	Yizhou Chemical Industry Co., Ltd.
中央研究院资讯服务处	Academia Sinica Computing Centre
财团法人台湾绿色生产力基金会	Taiwan Green Productivity Foundation
台中科技大学	Taichung University of Science and Technology
广博网路科技	Guangbo Network Technology
久欣科技有限公司	Joining Technology Co., Ltd.
台积电	TSMC
国祥科技有限公司	Guoxiang Technology Co., Ltd.
群智实业有限公司	Qunzhi Industrial Co., Ltd.
越轨咖啡坊	Yuegui Coffee Shop
环球行销有限公司	Global Marketing Co., Ltd.
刘凤羽律师事务所	Liu Fengyu Law Firm
名进企业社	Mingjin Enterprise Co., Ltd.
智音科技有限公司	Zhiyin Technology Co., Ltd.
迅雲科技	Xunyun Technology
万骏国际有限公司	Wanjun International Co., Ltd.
可立可股份有限公司	Klik Tech Co., Ltd.
Iphenix数据	Iphenix Data
翱腾国际科技股份有限公司	Aoteng International Technology Co., Ltd.
鑫云数据交换有限公司	Xinyun Data Exchange Co., Ltd.
智上科技股份有限公司	Zhishang Technology Co., Ltd.
科科电速股份有限公司	Keke Diansu Co., Ltd.
香港商科科科技股份有限公司	KKT Technology Co., Ltd.
宜明资讯有限公司	Yiming Information Co., Ltd.
以乐贸易实业有限公司	Yile Trade Industrial Co., Ltd.
汇鼎国际有限公司	Huidin International Co., Ltd.
绿岛环保有限公司	Green Island Environmental Protection Co., Ltd.
HKServerSolution	HKServerSolution
震豪网路	Zhenhao Network
佳纶生技	Jialun Biotechnology
大王电信股份有限公司	Dawang Telecom Co., Ltd.
东油国际股份有限公司	Dongyou International Co., Ltd.
CERA数据中心	CERA Data Center
震东资讯	Zhendong Information
亚洲云海科技有限公司	Asia Yunhai Technology Co., Ltd.
彼得巧科技企业社	Peter Qiao Technology Enterprise
rixCloud(TYO02)边缘节点	rixCloud (TYO02) Edge Node
保诚人寿	Prudential Life Insurance
企鹅小屋	Penguin Hut
可立可资安	CLICK Security
耕硕科技股份有限公司	Gengshuo Technology Co., Ltd.
kosscloud	kosscloud
rixCloud(TYO01)边缘节点	rixCloud (TYO01) Edge Node
网易多媒体科技有限公司	NetEase Multimedia Technology Co., Ltd.
庆旭机电顾问股份有限公司	Qingxu Electromechanical Consulting Co., Ltd.
河内工业大学	Hanoi University of Technology
校园福音团契	Campus Gospel Fellowship
小马科技有限公司	Xiaoma Technology Co., Ltd.
微网聚力电信节点	Wei Network Power Telecom Node
皇家墨尔本理工大学越南分校	RMIT University Vietnam
北京九云无限网络科技有限公司	Beijing Jiuyun Wuxian Network Technology Co., Ltd.
香港沙田数据中心	Hong Kong Shatin Data Center
永诚咨询顾问有限公司	Yongcheng Consulting Co., Ltd.
MCTL-TW	MCTL-TW
狂想数位股份有限公司	Rhapsody Digital Co., Ltd.
apernet	Apernet
旷世国际有限公司	Kuangshi International Co., Ltd.
诺必达科技	Nuobida Technology
靠谱云机房	Kaopu Cloud IDC
教育网(CERNET)	CERNET
傲云科技有限公司	Aoyun Technology Co., Ltd.
南亚塑胶	Nan Ya Plastics
网易资讯	Netease News
VHOST公司	VHOST Company
双向CN2	CN2 (ChinaNet Next Carrying Network)
CN2_YeCDN节点	CN2_YeCDN Node
Kirino_LLC	Kirino_LLC
Blinkload_Technology_Co.	Blinkload_Technology_Co.
云外科技香港CN2	Yunwai Technology Hong Kong CN2
鹏博士大数据有限公司	Peng博士 Big Data Co., Ltd.
LeaseWeb(SIN11)数据中心	LeaseWeb(SIN11)
Mega_TrueNET_Commuincations_Limitd	Mega_TrueNET_Commuincations_Limitd
优步中国	Uber China
萌凛网络	Menglin Network
蜂鸟云	Hummingbird Cloud
CMKL大学	CMKL University
北京织梦星辰科技有限公司	Beijing Zhimeng Xingchen Technology Co., Ltd.
北京供销科技有限公司	Beijing Gongxiao Technology Co., Ltd.
纬创资通	Wistron Corporation
Nubela公司SoftLayer节点	Nubela SoftLayer Node
Softlayer机房	Softlayer
AAEX_NETWORK_TECHNOLOGY_LTD数据中心	AAEX_NETWORK_TECHNOLOGY_LTD Data Center
i3d数据中心	i3d Data Center
沈阳农业大学	Shenyang Agricultural University
BBIX互联网数据交换中心	BBIX Internet Data Exchange Center
CYBERWILLLIMITED-TW	CYBERWILLLIMITED-TW
长城宽带贵阳分公司	Great Wall Broadband Guiyang Branch
新彰数位有线电视	New Chang Digital Cable TV
微子网络电信机房	Weizi Network Telecom Data Center
星光互联(starrydns)公司数据中心	Starrydns Company Data Center
HostUS	HostUS
GisGisCloud数据中心	GisGisCloud Data Center
Starry数据中心	Starry Data Center
TinMok数据中心	TinMok Data Center
Misaka	Misaka
bgp-net	BGP-Net
上海花卷信息科技有限公司数据中心	Shanghai Huajuan Information Technology Co., Ltd. Data Center
葵芳BGP数据中心	Kwai Fong BGP Data Center
是方电讯(Chief_Telecom)与bgp-net互联节点	Chief Telecom
星光互联(starrydns)公司Internap数据中心	Starrydns Internap Data Center
鋐捷科技	Hongjie Technology
kaopuyun	Kaopuyun
Ready_Server	Ready_Server
沙田电信	Shatian Telecom
咕咕云(HKG01)	Gugu Cloud (HKG01)
云基地网络科技	Cloud Base Network Technology
沙田TinMok数据中心	Shatin TinMok Data Center
上海驰联网络科技有限公司	Shanghai ChiLian Network Technology Co., Ltd.
xTom数据中心	xTom Data Center
新加坡电信	Singtel
KLAYER新加坡裕廊数据中心	KLAYER Singapore Jurong Data Center
东陆互联ServerRun数据中心节点	Donglu Internet ServerRun Data Center Node
Mogu网络科技公司	Mogu Network Technology Company
网易公司BGP数据中心	NetEase BGP Data Center
河西国际数据中心	Hexi International Data Center
ADCDATA数据中心	ADCDATA Data Center
川登喜皇家大学	Suan Dusit Rajabhat University
Gigavest_VPS_Hosting	Gigavest_VPS_Hosting
BGP多线95盾高防节点	BGP Multi-line 95 Shield High-defense Node
蘑菇主机BGP数据中心	Mogu Host BGP Data Center
北京华宇世通电信技术有限公司联通节点	Beijing Huayu Shitong Telecom Technology Co., Ltd. - China Unicom Node
CNIX(皓宽网络)互联网交换中心	CNIX (Haokuan Network) Internet Exchange Center
湖北飞讯网络有限公司	Hubei Feixun Network Co., Ltd.
KLAYER日本–大阪府–大阪市樱川数据中心	KLAYER Japan – Osaka – Osaka Sakurakawa Data Center
速联科技	Sulian Technology
快快网络	KuaiKuai Network
Scruisu	Scruisu
华为企业数据中心(EDC)	Huawei Enterprise Data Center (EDC)
PangNet	PangNet
睿江云	RuiJiang Cloud
贵安新区电信天翼云计算数据中心(沃通网络)	Guian New Area China Telecom E-Cloud Computing Data Center (Wotong Network)
优能互通科技有限公司天坛数据中心	Yoonet Interconnection Technology Co., Ltd. Tiantan Data Center
吾云网络科技(东莞)有限公司HKG03数据中心	Wuyun Network Technology (Dongguan) Co., Ltd. HKG03 Data Center
华科云数据中心	Huake Cloud Data Center
KVMLA公司中国电信沙田国际数据中心	KVMLA Company China Telecom Shatin International Data Center
壹盾安全多线BGP高防	OneShield Security Multi-line BGP Anti-DDoS
光州市韩国有线电视广播公司	Gwangju Cable TV Broadcasting Co., Ltd.
合作金库银行	Taiwan Cooperative Bank
财金资讯股份有限公司	Financial Information Co., Ltd.
互联港湾BGP数据中心	Internet Harbor BGP Data Center
Layerstack数据中心	Layerstack Data Center
智达网络科技数据中心	Zhida Network Technology Data Center
Layerstack网络	Layerstack Network
Trellian_Pty_Limited	Trellian_Pty_Limited
XDPCLOUD	XDPCLOUD
鸿海精密	Foxconn Technology Group
兆丰银行	Mega Bank
无敌科技	Wudi Technology
GLOBAL-ICT_HONGKONG_Co_LIMITED	GLOBAL-ICT_HONGKONG_Co_LIMITED
Solutions_Enterprise_Pvt_Ltd	Solutions_Enterprise_Pvt_Ltd
尚航科技有限公司联通数据中心	Shanghang Technology Co., Ltd. China Unicom Data Center
新界香港梦飞有限公司	New Territories Hong Kong Mengfei Limited
电讯网上行	China Telecom Online
浩云广州数据中心	Haoyun Guangzhou Data Center
CNNIC会员环球全域电讯节点	HGC Global Communications Node, CNNIC Member
LayerStack数据中心	LayerStack Data Center
数据中心枫叶主机	Maple Host Data Center
Ishan's_Network	Ishan's_Network
枫叶主机(SunnyVision数据中心)	Maple Host (SunnyVision Data Center)
枫叶主机数据中心中国电信CN2节点	Maple Host Data Center China Telecom CN2 Node
华数电视通信控股有限公司	Wasu TV & Communication Holdings Co., Ltd.
ElvesHost	ElvesHost
联通数据中心	China Unicom Data Center
世纪网通网络服务公司电信数据中心	China Telecom Data Center
边缘网络	Edge Network
中国电信香港数据中心	China Telecom Hong Kong Data Center
北京百度网讯科技有限公司香港BGP节点	Baidu Netcom Science and Technology Co., Ltd. Hong Kong BGP Node
MCX_STOCK_EXCHANGE_LIMITED	MCX_STOCK_EXCHANGE_LIMITED
BRAC_Network_Ltd.	BRAC_Network_Ltd.
TWNIC	TWNIC
GIGABIT_SOLUTION_LIMITED	GIGABIT_SOLUTION_LIMITED
MTel_BGP数据中心	MTel_BGP Data Center
东丰科技	Dongfeng Technology
大大宽频	DaDa Broadband
国碁电子	Ambit Microsystems
GMO互联网公司国际互联节点	GMO Internet Group Global Interconnection Node
统一资讯	TOP Network
香港欧路云CN2节点	Hong Kong Oulu Cloud CN2 Node
Matilda_Internet	Matilda_Internet
卡酷云计算	Kaku Cloud Computing
Cosmic游戏公司	Cosmic Games Company
Macau_University_of_Science_and_Technology	Macau_University_of_Science_and_Technology
Ceranetworks	Ceranetworks
GMO旗下DigiRock公司大阪数据中心	GMO DigiRock Osaka Data Center
九二科技有限公司沙田数据中心	92 Technology Co., Ltd. Shatian Data Center
北京互联互通科技有限公司	Beijing Interconnection Technology Co., Ltd.
北京神威迅腾科技发展有限公司	Shenwei Xunteng Technology Development Co., Ltd.
聚友网络信息服务有限公司	JuYou Network Information Service Co., Ltd.
Beijing_Kouding_Technology_Co	Beijing_Kouding_Technology_Co
KINPONET软银数据中心	KINPONET SoftBank Data Center
WHIL-BD网络	WHIL-BD
北京比通联合网络技术服务有限公司	Beijing Bitong United Network Technology Service Co., Ltd.
亚太网络信息中心	Asia Pacific Network Information Centre
ClearDDoS数据中心	ClearDDoS Data Center
广电网络公司	China Broadcasting Network
TBSL-NZ网络	TBSL-NZ Network
SIMAT-TH网络	SIMAT-TH Network
ATA1-B0网络	ATA1-B0 Network
ATA1-B192网络	ATA1-B192 Network
ATA1-B128网络	ATA1-B128 Network
IDNIC-BI-ID网络	IDNIC-BI-ID Network
ATA1-B176网络	ATA1-B176 Network
AS59217线路AZONNELIMITED-HK网络	AS59217 Azonnelimited-HK Network
IDNIC-UNIKA-ID网络	IDNIC-UNIKA-ID
ATA1-B208网络	ATA1-B208 Network
ATA1-B32网络	ATA1-B32 Network
联通云BGP数据中心	China Unicom Cloud BGP Data Center
AS59221线路FMPL-IN网络	AS59221 FMPL-IN Network
HKKF-HK网络	HKKF-HK Network
ATA1-B16网络	ATA1-B16 Network
Instart_Logic公司CDN节点	Instart Logic CDN Node
AS58659线路MAITRI网络	AS58659 MAITRI Network
MESSINALLC-JP网络	MESSINALLC-JP
AS23682线路GALAXYITECH网络	AS23682 GALAXYITECH Network
HELLOHOMECOLTD-JP网络	HELLOHOMECOLTD-JP Network
ATA1-C0网络	ATA1-C0 Network
RLY-TOP网络	RLY-TOP Network
NETASSIST-MY网络	NETASSIST-MY
ATA1-B48网络	ATA1-B48 Network
ATA1-C16网络	ATA1-C16 Network
ATA1-B64网络	ATA1-B64 Network
首都在线科技股份有限公司	Capital Online Technology Co., Ltd.
ATA1-B240网络	ATA1-B240 Network
ATA1网络	ATA1 Network
京畿道板桥NHN_TOAST数据中心	NHN TOAST Data Center, Pangyo, Gyeonggi-do
NHNEntertainment网络	NHNEntertainment Network
导众网络科技有限公司	Daozhong Network Technology Co., Ltd.
AppNexus_Inc	AppNexus_Inc
ATA1-B112网络	ATA1-B112 Network
ATA1-B144网络	ATA1-B144 Network
闪盾安全香港高防段	Shield Security Hong Kong High Defense Segment
北京维艾易通信息科技发展有限公司联通节点	China Unicom Node of Beijing Wei Ai Yi Tong Information Technology Development Co., Ltd.
LARGESERVERS-MY网络	LARGESERVERS-MY Network
QUINTRON	QUINTRON
ATA1-B80网络	ATA1-B80 Network
ATA1-B160网络	ATA1-B160 Network
北京互联港湾科技有限公司数据中心	Beijing Interconnected Harbor Technology Co., Ltd. Data Center
世纪互联宽带数据中心有限公司IDC机房	Century Internet Broadband Data Center Co., Ltd. IDC
北京天地祥云科技有限公司BGP节点(北京电信+北京联通)	Beijing Tiandi Xiangyun Technology Co., Ltd. BGP Node (Beijing Telecom + Beijing Unicom)
EasyHost	EasyHost
ATA1-B96网络	ATA1-B96 Network
NewMedia数据中心	NewMedia Data Center
是方电讯(Chief_Telecom)数据中心	Chief Telecom
愿境网讯	Yuanjing Network Technology
北京动力新元科技有限公司	Beijing Dynamic New Era Technology Co., Ltd.
首都在线电信数据中心	Capital Online Telecom Data Center
奥飞数据科技	Aofei Data Technology
新永安有线电视	New Yong An Cable TV
速必拓网络科技有限公司	Subitoo Network Technology Co., Ltd.
长虹佳华信息产品有限公司	Changhong Jiahua Information Products Co., Ltd.
帝联科技电信	China Telecom - DiLian Technology
TradingScreen	TradingScreen
吉恩立	Jinli
KDDI互联网交换中心有限公司	KDDI Internet Exchange Center Co., Ltd.
上海宜驾网络科技有限公司联通节点	Shanghai Yijia Network Technology Co., Ltd. Unicom Node
阳晨伟业科技有限公司	Yangchen Weiye Technology Co., Ltd.
索尼公司	Sony Corporation
闪盾安全香港CN2节点	Shield Security Hong Kong CN2 Node
AMS_IX香港交换中心	AMS-IX Hong Kong
云高科技	Yun Gaokeji
新网络(香港)有限公司	New Network (Hong Kong) Limited
SoftLayer亚太数据中心	SoftLayer Asia Pacific Data Center
HTDIDC	HTDIDC
青岛网信通信工程有限公司	Qingdao Wangxin Communication Engineering Co., Ltd.
利稳网络	Liwen Network
北京天地通电信有限公司联通节点	Beijing Tianditong Telecom Co., Ltd. China Unicom Node
QUALITIA数据中心	QUALITIA Data Center
HostHongKong数据中心	HostHongKong Data Center
ReliableHosting数据中心	ReliableHosting Data Center
Leyerstack公司	Leyerstack
网宿科技股份有限公司电信数据中心	Wangsu Science and Technology Co., Ltd. Telecom Data Center
iCastCenter数据中心	iCastCenter Data Center
Texasleander	Texasleander
河内医科大学	Hanoi Medical University
Akamai科技公司CDN网络首尔节点	Akamai Technologies CDN Network Seoul Node
Uber科技公司	Uber Technologies Inc.
Beluga(NuCDN)网络节点	Beluga (NuCDN) Network Node
Ultravps	Ultravps
Vegasnap公司	Vegasnap
加利福尼亚州洛杉矶Akamai节点	Akamai Node, Los Angeles, California
Akamai科技公司CDN日本节点	Akamai Technologies CDN Japan Node
Google边缘网络	Google Edge Network
Akamai节点(中华电信)	Akamai Node (Chunghwa Telecom)
北京共建恒业通信技术有限公司联通节点	China Unicom Node of Beijing Gongjian Hengye Communication Technology Co., Ltd.
Texaspflugerville	Texaspflugerville
美国Akamai科技公司CDN多伦多节点	Akamai Technologies CDN Toronto Node
Enteracloud数据中心	Enteracloud Data Center
Akamai科技公司CDN中国–台湾节点	Akamai Technologies CDN China–Taiwan Node
新泽西州纽瓦克Akamai节点	Akamai Node, Newark, New Jersey
Dignitas_Technology_Inc	Dignitas_Technology_Inc
CloudSigma数据中心	CloudSigma Data Center
Light_Speed_Technologies	Light_Speed_Technologies
Fastly公司CDN节点	Fastly CDN node
Hostwinds公司	Hostwinds
Texasaustin	Texasaustin
Rainbow_Broadband	Rainbow_Broadband
Allstream	Allstream
Juce	Juce
乔治亚学院	Georgian College
Servarica数据中心	Servarica Data Center
加利福尼亚州洛杉矶Sharktech数据中心	Sharktech Data Center Los Angeles, California
加利福利亚州洛杉矶Corporate_Colocation公司	Corporate_Colocation in Los Angeles, California
Akamai节点(远传电信)	Akamai Node (Far EasTone Telecommunications)
Fastly全球Anycast节点	Fastly Global Anycast Nodes
Riot_Games	Riot_Games
Voxility	Voxility
加利福尼亚州洛杉矶Nyatwork	Nyatwork, Los Angeles, California
美国Akamai科技公司CDN首尔节点	Akamai Technologies US CDN Seoul Node
凤凰城FasterVM	FasterVM Phoenix
NfoServers	NfoServers
日本Riot_Games公司英雄联盟游戏服务器	Japan Riot Games League of Legends Game Server
Enzu数据中心	Enzu Data Center
安大略省基奇纳DataCity机房	DataCity Kitchener, Ontario
北京百度网讯科技有限公司美国BGP节点	Baidu US BGP Node
Catalyst_Host数据中心	Catalyst_Host Data Center
Akamai科技公司中华电信(HiNet)CDN网络节点	Akamai Technologies Chunghwa Telecom (HiNet) CDN Network Node
IT7Network公司	IT7Network
wowrack数据中心	Wowrack Data Center
Openvzvps	Openvzvps
Versaweb有限责任公司	Versaweb Co., Ltd.
Eonix通信	Eonix Communications
百度数据中心	Baidu Data Center
eSited_Solutions数据中心	eSited_Solutions Data Center
中国电信(奇虎360科技有限公司)	China Telecom (Qihoo 360 Technology Co., Ltd.)
xTOM网络	xTOM Network
高防网络	DDoS Protected Network
PlayCores	PlayCores
Dudrop数据中心	Dudrop Data Center
QudraNet数据中心	QudraNet Data Center
ColoMX(未镭云字节美国分公司)	ColoMX (LeiCloud US Branch)
Yeotech公司wowrack数据中心虚拟主机节点	Yeotech Wowrack Data Center Virtual Host Node
PEG_TECH	PEG_TECH
厦门雁回网络数据中心	Xiamen Yanhui Network Data Center
LayerHost	LayerHost
xTOM(SoftLayer)	xTOM (SoftLayer)
Twitter公司(Fastly全球Anycast节点)	Twitter (Fastly Global Anycast Node)
安畅数据中心	Anchang Data Center
KirinoNET	KirinoNET
AAEX_NETWORK_TECHNOLOGY_LTD	AAEX_NETWORK_TECHNOLOGY_LTD
Cat_Networks新泽西州皮斯卡特维数据中心	Cat_Networks Piscataway Data Center, New Jersey
KLAYER	KLAYER
Psychz网络	Psychz Networks
1GSERVERS	1GSERVERS
CANAL+	CANAL+
金山云计算国际	Kingsoft Cloud International
fes-meknesmeknes	fes-meknesmeknes
l'orientalberkane	l'orientalberkane
OppoBox网络	OppoBox Network
fes-meknesskhirat	fes-meknesskhirat
rabat-sale-kenitrarabat	Rabat-Sale-Kenitra
Amanah数据中心	Amanah Data Center
tanger-tetouan-al_hoceimatetouan	tanger-tetouan-al_hoceimatetouan
draa-tafilaletmediouna	draa-tafilaletmediouna
FC2公司	FC2 Company
天朝世纪集团洛杉矶GlobalFrag数据中心	GlobalFrag Los Angeles Data Center of TCS Group
fes-meknesfes	fes-meknesfes
VELCOM通讯	VELCOM
Twitter公司	Twitter, Inc.
Fevvo公司	Fevvo Company
rabat-sale-kenitratemara	Rabat-Sale-Kenitra
casablanca-settatel_jadida	Casablanca-Settat El Jadida
l'orientalselouane	l'orientalselouane
酷盾安全美国高防节点	Kùdùn Security USA High Defense Node
北京搜狐互联网信息服务有限公司美国Element_Critical数据中心节点	Beijing Sohu Internet Information Service Co., Ltd. US Element_Critical Data Center Node
casablanca-settatmohammedia	Casablanca-Settat-Mohammedia
快快CDN高防CN2GIA节点	Kuaikuai CDN High Defense CN2 GIA Node
casablanca-settatbouznika	Casablanca-Settat Bouznika
casablanca-settattit_mellil	Casablanca-Settat_Tit Mellil
casablanca-settatnouaceur	Casablanca-Settat-Nouaceur
迅达云BGP数据中心	Xunda Cloud BGP Data Center
casablanca-settatcasablanca	casablanca-settatcasablanca
北京光纳通科技有限公司	Beijing Guangnatong Technology Co., Ltd.
Subrigo网络	Subrigo Network
tanger-tetouan-al_hoceimalarache	tanger-tetouan-al_hoceimalarache
北京光纳通科技有限公司BGP节点(北京电信+北京联通)	Beijing Guangnatong Technology Co., Ltd. BGP Node (China Telecom Beijing + China Unicom Beijing)
中联云港	ZhongLian CloudPort
北京光纳通科技有限公司北京电信互联网数据中心节点	Beijing Telecom Internet Data Center Node of Beijing Guangnato Technology Co., Ltd.
北京光纳通科技有限公司BGP节点(北京电信+北京联通+北京铁通)	Beijing Guangnatong Technology Co., Ltd. BGP Node (Beijing Telecom + Beijing Unicom + China Tietong)
beni-mellal-khenifrabeni_mellal	Beni Mellal-Khenifra
北京数立通科技有限公司	Beijing Shu Li Tong Technology Co., Ltd.
普天科创实业有限公司	Putian Kechuang Industrial Co., Ltd.
互盟科技股份有限公司	Humen Technology Co., Ltd.
杭州利安天舰计算机网络有限公司	Hangzhou Li'an Tianjian Computer Network Co., Ltd.
北京天成通联科技发展有限公司	Beijing Tiantong Tonglian Technology Development Co., Ltd.
百度云	Baidu Cloud
首都在线Anycast节点	Capital Online Anycast Node
北京九州未来科技有限公司	Beijing Jiuzhou Weilai Technology Co., Ltd.
tanger-tetouan-al_hoceimachefchaouene	Tangier-Tetouan-Al Hoceima Chefchaouen
casablanca-settatbouskoura	Casablanca-Settat Bouskoura
CHN_IX交换中心(蓝汛)	CHN_IX Exchange Center (ChinaCache)
洛杉矶蓝汛节点	Los Angeles ChinaCache Node
北京互联互通科技有限公司BGP节点	Beijing Interconnect Technology Co., Ltd. BGP Node
NOCIX数据中心	NOCIX Data Center
辽宁神州云信息技术有限公司电信数据中心	Liaoning Shenzhouyun Information Technology Co., Ltd. Telecom Data Center
PetaExpress	PetaExpress
rabat-sale-kenitrakenitra	Rabat-Salé-Kenitra Kenitra
CachedNet数据中心	CachedNet Data Center
Turnitin	Turnitin
Istanbuldc数据中心	Istanbuldc Data Center
Subrigo数据中心	Subrigo Data Center
Altus数据中心	Altus Data Center
秦皇岛量子数据有限公司	Qinhuangdao Quantum Data Co., Ltd.
Linode公司KDDI数据中心	Linode KDDI Data Center
阿里云计算有限公司北京BGP节点	Alibaba Cloud Computing Co., Ltd. Beijing BGP Node
中国联通云数据有限公司	China Unicom Cloud Data Company Limited
首尔LG电信	LG Telecom Seoul
SK	SK
CeraNetworks(POWER_LINE机房)	CeraNetworks (POWER_LINE data center)
北京国信金证网络有限公司联通节点	China Unicom Node of Beijing Guoxin Jinzheng Network Co., Ltd.
McCormick中心	McCormick Center
GCHAO有限公司	GCHAO Co., Ltd.
Sprint_电信公司	Sprint
Total_Server_Solutions数据中心	Total_Server_Solutions Data Center
Internap数据中心	Internap Data Center
EBL_Global_Networks	EBL_Global_Networks
Total_Server_Solution	Total_Server_Solution
Opera_Software_Americas_LLC	Opera_Software_Americas_LLC
优刻得信息科技有限公司(UCloud)BGP数据中心	UCloud Information Technology Co., Ltd. (UCloud) BGP Data Center
phoenixNAP数据中心	phoenixNAP Data Center
芒特普莱森特有限公司	Mount Pleasant Limited
KDDI国际互联节点	KDDI International Interconnect Node
Colo_at55	Colo_at55
Washingtonredmond	Washingtonredmond
前线通讯	Frontier Communications
buyvm卢森堡数据中心	BuyVM Luxembourg Data Center
北京峰鸟网络科技有限公司日本BGP_CDN节点	Beijing Fengniao Network Technology Co., Ltd. Japan BGP_CDN Node
Utah_Broadband	Utah_Broadband
vultr数据中心	Vultr Datacenter
F5	F5
RamNode数据中心	RamNode Data Center
Go_Daddy数据中心	Go_Daddy Data Center
PhoenixNAP机房	PhoenixNAP Data Center
Real_Time_Cloud数据中心	Real_Time_Cloud Data Center
ENOIX	ENOIX
MontanaSky数据中心	MontanaSky Data Center
Californiairvine	Californiairvine
Webhosting数据中心	Webhosting Data Center
魏德曼有限公司	Weidmann Co., Ltd.
GorillaServers有限责任公司	GorillaServers Co., Ltd.
Ralls_Technologies数据中心	Ralls Technologies Data Center
Missourisaint_louis	Missourisaint_louis
Californiamonterey	California Monterey
Californiasanta_clara	CaliforniaSanta_Clara
Tennesseedyersburg	Tennesseedyersburg
Texashouston	Texas Houston
Texasrichardson	Texasrichardson
亿万数据中心	Yiwanshujuzhongxin
Californiacupertino	California Cupertino
SaskTel(萨斯喀彻温省电信控股公司)	SaskTel
Vultr	Vultr
Californiasan_francisco	Californiasan_francisco
Tennesseememphis	Tennesseememphis
IANA	IANA
Root_Level_Technology数据中心	Root_Level_Technology Data Center
北卡罗莱纳州罗利市	Raleigh, North Carolina
Indianaindianapolis	Indianaindianapolis
Texasdeer_park	TexasDeer Park
Californialos_angeles	Californialos_angeles
Secured_Servers	Secured_Servers
Connecticuthartford	Connecticuthartford
Tennesseenashville	Tennesseenashville
Negenet	Negenet
佛教慈济慈善事业基金会中华电信(HiNet)节点	Buddhist Tzu Chi Charity Foundation Chung Hwa Telecom (HiNet) Node
Leaseweb_WDC01数据中心	Leaseweb_WDC01 Data Center
A1	A1
GlobalLayer	GlobalLayer
CanBing数据中心	CanBing Data Center
加利福尼亚州洛杉矶县洛杉矶市Nobis技术集团有限公司Ubiquity洛杉矶数据中心	Ubiquity Los Angeles Data Center, Nobis Technology Group, Los Angeles, Los Angeles County, California
Illinoiscicero	Illinoiscicero
得克萨斯州达拉斯县达拉斯市Nobis技术集团有限公司Ubiquity达拉斯数据中心	Ubiquity Dallas Data Center, Nobis Technology Group, Dallas, Dallas County, Texas
technological	Technological
托姆斯克理工大学	Tomsk Polytechnic University
JSC_TT_Mobile	JSC_TT_Mobile
乔治亚州富尔顿与迪卡尔布县亚特兰大市Nobis技术集团有限公司Ubiquity亚特兰大数据中心	Nobis Technology Group, LLC Ubiquity Atlanta Data Center, City of Atlanta, Fulton and DeKalb Counties, Georgia
约翰莫尔斯大学	John Moores University
King_Abdullah_University_of_Science_and_Technology	King Abdullah University of Science and Technology
Ivanovo_State_Power_University	Ivanovo_State_Power_University
马来西亚科技大学	Malaysia University of Science and Technology
尼尔廷根应用技术大学	Nürtingen University of Applied Sciences
NForce	NForce
香港移动通讯有限公司	Hong Kong Mobile Communications Co., Ltd.
金山云	Kingsoft Cloud
SourceForge缓存19of25中欧西skylink节点	SkyLink
Mchost	Mchost
诚亿时代网络	Chengyi Times Network
亚利桑那州马里科帕县菲尼克斯市Nobis技术集团有限公司Ubiquity菲尼克斯数据中心	Nobis Technology Group, LLC Ubiquity Phoenix Data Center, Phoenix, Maricopa County, Arizona
首尔SK_Broadband数据中心	Seoul SK Broadband Data Center
首尔Hanaro_Telecom	Seoul Hanaro Telecom
LG_DACOM数据中心	LG DACOM Data Center
纽约市	New York City
天地通	China Tiantong
大同同煤集团有限公司	Datong Tongmei Group Co., Ltd.
支付宝网络有限公司	Alipay Network Co., Ltd.
亚利桑那州马里科帕县菲尼克斯市Nobis技术集团有限公司	Nobis Technology Group, LLC, Phoenix, Maricopa County, Arizona
伊利诺伊州芝加哥市SingleHop有限公司	SingleHop, Inc. of Chicago, Illinois
Hknet公司	Hknet
佛教慈济基金会	Tzu Chi Foundation
阿里软件有限公司	Ali Software Co., Ltd.
伊利诺伊州库克与杜佩奇县芝加哥市Nobis技术集团有限公司Ubiquity芝加哥数据中心	Nobis Technology Group, LLC Ubiquity Chicago Data Center, Cook & DuPage Counties, Illinois, USA
数掘科技宁波多线	Shuju Technology Ningbo Multiline
华盛顿州金县西雅图市Nobis技术集团有限公司Ubiquity西雅图数据中心	Nobis Technology Group, LLC Ubiquity Seattle Data Center, Seattle, King County, Washington
asiaone	asiaone
中国平煤神马集团	China Pingmei Shenma Group
Oakleigh数据中心	Oakleigh Data Center
浙江蚂蚁小微金融服务集团有限公司BGP节点	Zhejiang Ant Small and Micro Financial Services Group Co., Ltd. BGP Node
Californiasan_diego	Californiasan_diego
Bayan通讯公司用户	Bayan Communication Company
普吉岛	Phuket
星海网吧(阿荣旗孤山镇兴安)	Xinghai Internet Cafe (Aronqi Gushan Town Xing'an)
曼谷True_Internet有限公司	True Internet Co., Ltd.
天地祥云数据中心	Tiandi Xiangyun Data Center
邴伟科技园	Bingwei Technology Park
巴吞他尼府	Pathum Thani Province
Telsra公司	Telstra
劢杰电讯有限公司	Mai Jie Telecommunication Co., Ltd.
北京首都国际电讯有限公司	Beijing Capital International Telecommunication Co., Ltd.
3BB宽频TRIPLETNET-TH网络	3BB Broadband TRIPLETNET-TH Network
博路电信科技	Boloo Telecom Technology
阿里巴巴(中国)网络有限公司	Alibaba (China) Network Technology Co., Ltd.
YAHOO(中国)蜘蛛	YAHOO (China) Spider
凯达永易科技(北京)有限公司	Kaida Yongyi Technology (Beijing) Co., Ltd.
优能互通科技有限公司东四数据中心	Unicom Interconnection Technology Co., Ltd. Dongsi Data Center
Jcom	Jcom
中国电信(香港)国际有限公司	China Telecom (Hong Kong) International Limited
nifty	Nifty
宝通网络工程有限公司	Baotong Network Engineering Co., Ltd.
Fukuoka_University	Fukuoka_University
北京中科新网网络科技有限公司电信节点	Beijing Zhongke Xinwang Network Technology Co., Ltd. China Telecom Node
零色沸点网络科技有限公司	Zero Color Boiling Point Network Technology Co., Ltd.
大港油田宽带	Dagang Oilfield Broadband
淘宝网络有限公司BGP节点	Taobao Network Co., Ltd. BGP Node
曼谷	Bangkok
BIGLOBE	BIGLOBE
上海交通大学	Shanghai Jiao Tong University
天地互连信息技术有限公司	Beijing Tianwei Interconnection Information Technology Co., Ltd.
谷歌公司AS45629-AS45758-TRIPLETNET-TH网络(3BB宽频)节点	Google LLC AS45629-AS45758-TRIPLETNET-TH Network (3BB Broadband) Node
网联光通(国际信息中心机房)	NetConnect Optoelectronics (International Information Center Data Center)
伊斯兰堡教育和研究网络	Islamabad Education and Research Network
同济大学	Tongji University
暖武里府暖武里府	Nonthaburi Province
联通数据上网公共出口	China Unicom Data Internet Public Exit
教育网络视频会议系统	Education Network Video Conferencing System
美国MCI通信服务有限公司(韦里孙商业Verizon_Business)EdgeCast亚太网络CDN节点	MCI Communications Services Inc. (Verizon Business) EdgeCast Asia Pacific Network CDN Node
北京北方星辰信息技术有限责任公司铁通数据中心	China Tietong Data Center of Beijing North Star Information Technology Co., Ltd.
Tsukaeru数据中心	Tsukaeru Data Center
SKY_Cable	SKY_Cable
城市电讯	City Telecom
福建医科大学	Fujian Medical University
Universitas_Muhammadiyah_Prof._Dr._Hamka	Universitas_Muhammadiyah_Prof._Dr._Hamka
中国免税品(集团)有限公司	China Duty Free Group
卡酷云	Kaku Cloud
闽南师范大学	Minnan Normal University
oneDNS服务器	oneDNS server
日惹Google全球缓存节点(Akamai阿卡迈)	Yogyakarta Google Global Cache Node (Akamai)
Microsoft分公司	Microsoft Branch
AsiaServerHost数据中心	AsiaServerHost Data Center
维赛网络BGP多线	WeiSai Network BGP Multiline
宿迁昊锐信息技术有限公司联通数据中心	China Unicom Data Center of Suqian Haorui Information Technology Co., Ltd.
东京Sakura_Internet公司	Tokyo Sakura Internet
河内国家大学	Hanoi National University
华侨大学厦门工学院	Xiamen Institute of Technology, Overseas Chinese University
湾仔区Simcentric_Solutions有限公司	Simcentric_Solutions Co., Ltd. in Wan Chai District
政务和公益机构域名注册管理中心	Public Interest Registry for Government and Non-Profit Organizations
conget	conget
Globe电信	Globe Telecom
TOKAI电信	TOKAI Telecommunications
KDT数据中心	KDT Data Center
Mobile_One宽带	Mobile_One Broadband
数字领地媒体科技有限公司	Digital Territory Media Technology Co., Ltd.
PLDTC电信	PLDTC Telecom
东京SYN数据中心	Tokyo SYN Data Center
SYN数据中心	SYN Data Center
光通互联	Guangtong Interconnection
北京中云融信BGP数据中心	Beijing Zhongyun Rongxin BGP Data Center
远距电信公司	Yuanju Telecom Company
天威视讯	Topway
阿里巴巴网络有限公司	Alibaba Network Co., Ltd.
中国教育和科研计算机网(CERNET)	CERNET
鹏博士机房	Dr.Peng IDC
ZTV	ZTV
东京Level3	Level3 Tokyo
FreeBit数据中心	FreeBit Data Center
大阪府樱花互联网大阪堂岛数据中心	Osaka Sakura Internet Osaka Dojima Data Center
一站户连计算机技术有限公司	Yizhan Hulian Computer Technology Co., Ltd.
Binh_Thuanphan_thiet	Binh_Thuanphan_thiet
首尔CDN77节点	Seoul CDN77 Node
首尔市	Seoul Metropolitan
中国林业科学研究院	Chinese Academy of Forestry
威达电讯(VeeTime)	VeeTime
Samurai_Factory_Inc.	Samurai_Factory_Inc.
东京都港区芝浦四丁目2番8号_UCOM股份有限公司	UCOM Co., Ltd.
Ucloud	UCloud
至趣网吧	Zhiqu Internet Cafe
Gamania数码娱乐有限公司	Gamania Digital Entertainment Co., Ltd.
前景世纪电信数据中心	China Telecom Qianjin Century Data Center
庆尚北道庆州市	Gyeongsangbuk-do Gyeongju-si
湾仔区仔骆克道366号星网商务精品酒店	Star Network Business Boutique Hotel, 366 Lockhart Road, Wan Chai District
广岛市	Hiroshima City
湾仔区京都天华(香港)会计师事务所	Wanchai District Jingdu Tianhua (Hong Kong) Accounting Firm
前景世纪数据中心	Qianjing Century Data Center
是方电讯	Chief Telecom
VinaPhone	VinaPhone
Tay_Ninhphu_khuong	Tay_Ninhphu_khuong
东京麒麟网络	Tokyo Kirin Network
星步互联数据中心(上环文咸西街59-67号金日集团中心2层)	Starstep Internet Data Center (2/F, Jinri Group Center, 59-67 Bonham Strand West, Sheung Wan)
翰平网络	Hanping Network
北京商务中心区通信科技有限公司	Beijing Central Business District Communication Technology Co., Ltd.
中华电信(HiNet)骨干网节点	Chunghwa Telecom (HiNet) Backbone Node
飞利浦电子(香港)有限公司	Philips Electronics (Hong Kong) Limited
河内VNPT邮电宽带	Hanoi VNPT Broadband
京都府京田辺市興戸地蔵谷1番地Yoshizou_XYZ解决方案股份有限公司	Yoshizou_XYZ Solutions Co., Ltd., 1 Kodo Jizoya, Kyotanabe City, Kyoto Prefecture
湾仔区电讯盈科有限公司商业网上行客户	PCCW Limited Business Netvigator Customer in Wan Chai District
麦格纳汽车技术有限公司	Magna Automotive Technology Co., Ltd.
北京数讯达通信技术有限公司	Beijing Digital Communication Technology Co., Ltd.
北京京宽网络科技有限公司	Beijing Jingkuan Network Technology Co., Ltd.
华盛顿州西雅图SYN数据中心	SYN Data Center, Seattle, Washington
Akamai科技公司CDN网络节点(Indosat_Corporate_Customer_PTP_AS4761机房)	Akamai Technologies CDN Network Node (Indosat Corporate Customer PTP AS4761 Data Center)
新世界数据中心	New World Data Center
电信高新区软件园IDC	China Telecom Software Park IDC
北京互联港湾科技有限公司电信节点	China Telecom Node of Beijing Internet Harbor Technology Co., Ltd.
广东恒敦通信技术北京分公司	Guangdong Hengdun Communication Technology Beijing Branch
祥达信网络有限公司	Xiangdaxin Network Co., Ltd.
星缘新动力科技有限公司	Xingyuan New Power Technology Co., Ltd.
Netsolutions公司	Netsolutions
互联网解决方案中心	Internet Solution Center
新固商务	Newgubusiness
HiNet	HiNet
鹏博士电信传媒集团股份有限公司	Dr.Peng Telecom & Media Group Co., Ltd.
北京融合通达网络科技有限公司联通节点	Beijing Ronghetongda Network Technology Co., Ltd. - China Unicom Node
首都在线数据中心BGP数据中心	Capital Online Data Center BGP Data Center
VNPT邮电宽带NAT出口	VNPT Post and Telecom Broadband NAT Outlet
鹏博士长城宽带共用出口	Great Wall Broadband Shared Export (Dr.Peng)
北京问鼎清云科技有限公司	Beijing Wending Qingyun Technology Co., Ltd.
刘家窑路方庄机房	Liujiayao Road Fangzhuang IDC
东京都港区雅虎(日本)公司	Yahoo Japan Corporation, Minato, Tokyo
北京问鼎清云科技有限公司北京电信互联网数据中心节点	Beijing Wending Qingyun Technology Co., Ltd. Beijing Telecom Internet Data Center Node
北京世通泰达通信技术有限公司联通节点	Beijing Shitong Taida Communication Technology Co., Ltd. - China Unicom Node
鹏翔通讯技术有限公司	Pengxiang Communication Technology Co., Ltd.
京宽网络电信数据中心	Jingkuang Network Telecom Data Center
北京时代互通电信技术有限公司	Beijing Times Intercom Telecom Technology Co., Ltd.
首尔LG数据中心	LG Uplus Data Center, Seoul
北京世通泰达通信技术有限公司	Beijing Shitong Taida Communication Technology Co., Ltd.
北京企商在线数据通信技术有限公司BGP节点	Beijing Qishang Online Data Communication Technology Co., Ltd. BGP Node
南京信风网络科技有限公司	Nanjing Xinfeng Network Technology Co., Ltd.
广东咸鱼科技有限公司电信百科IDC机房节点	Guangdong Saltfish Technology Co., Ltd. Telecom Baike IDC Node
软路宽带	Softroute Broadband
北京互联港湾科技有限公司联通节点	Beijing Internet Harbor Technology Co., Ltd. - China Unicom Node
日升天信科技有限公司	Risheng Tianxin Technology Co., Ltd.
i4HK公司	i4HK Company
OneNet(Windstream)公司	OneNet (Windstream)
北京问鼎清云科技有限公司263网络通信节点	Beijing Wending Qingyun Technology Co., Ltd. 263 Network Communication Node
北京龙腾佳讯网络科技有限公司科技网节点	Beijing Longteng Jiaxun Network Technology Co., Ltd. CSTNET Node
广播通信媒体有限公司	Broadcasting and Communications Media Co., Ltd.
北京互联互通科技有限公司(北京联通+北京电信互联网数据中心)BGP节点	Beijing ConnectTech Co., Ltd. (Beijing Unicom + Beijing Telecom Internet Data Center) BGP Node
世博数据中电华通南苑BGP数据中心	Expo Data SMCC Nanyuan BGP Data Center
星缘新动力科技有限公司联通节点	China Unicom Node of Xingyuan Xindongli Technology Co., Ltd.
北京融合通达网络科技有限公司(北京联通+河北电信+中国科技网)BGP节点	Beijing Ronghetongda Network Technology Co., Ltd. (Beijing Unicom + Hebei Telecom + CSTNet) BGP Node
Skydio公司	Skydio
南京信风网络科技有限公司DNS服务器	Nanjing Xinfeng Network Technology Co., Ltd. DNS Server
信息网络有限公司双线数据中心	Information Network Co., Ltd. Dual Line Data Center
永利通通信有限公司	Yonglitong Communication Co., Ltd.
北京融合通达网络科技有限公司	Beijing Ronghe Tongda Network Technology Co., Ltd.
首尔puplestones公司	Seoul Puplestones Company
OCN	OCN
Conget	Conget
114DNS	114DNS
优位风尚(北京)信息技术有限公司	Youwei Fengshang (Beijing) Information Technology Co., Ltd.
鹏博士数据中心	Dr.Peng Data Center
铜牛国贸CBD数据机房(光华路15号院2号楼铜牛国际大厦B1)	Tongniu Guomao CBD Data Center (B1, Tongniu International Building, No. 2, No. 15 Guanghua Road)
天地祥云科技有限公司	Tian Di Xiang Yun Technology Co., Ltd.
南京信风网络科技有限公司GreatbitDNS服务器	Nanjing XinFeng Network Technology Co., Ltd. Greatbit DNS Server
北京好维高科通讯技术有限公司	Beijing Haowei Gaoke Communication Technology Co., Ltd.
中国青岛嘉华网络BGP	Qingdao Jiahua Network BGP
Smileserv公司	Smileserv Corp.
NTT-ME_CORPORATION网络	NTT-ME_CORPORATION Network
北京微梦创科网络技术有限公司香港环球全域电讯节点	Beijing Weimeng Chuangke Network Technology Co., Ltd. Hong Kong Global全域 (Global) Telecom Node
Hokkaidonayoro	Hokkaidonayoro
教育网(无线和移动网络实验室)	CERNET (Lab of Wireless and Mobile Networking)
SingTel通信宽带	SingTel Broadband
阿里巴巴网络有限公司BGP数据中心	Alibaba Network Limited BGP Data Center
DAOU_IDC	DAOU_IDC
EASPNET_Inc.	EASPNET_Inc.
Hokkaidomombetsu	Hokkaidomombetsu
北京峰鸟网络科技有限公司山东青岛BGP_CDN节点	Beijing Fengniao Network Technology Co., Ltd. Shandong Qingdao BGP_CDN Node
日本电信电话	Nippon Telegraph and Telephone
北京屹立由数据有限公司联通节点	Beijing Yiliyou Data Co., Ltd. Unicom Node
息壤中关村数据中心(鹏博士)	Xirang Zhongguancun Data Center (Dr.Peng)
上海信息网络有限公司上海电信节点	Shanghai Information Network Co., Ltd. Shanghai Telecom Node
中信网络有限公司上海电信节点	China CITIC Network Co., Ltd. China Telecom Shanghai Node
Universitas_Mercu_Buana	Universitas_Mercu_Buana
成均馆大学	Sungkyunkwan University
Hokkaidoobihiro	Hokkaidoobihiro
天地互连	Beijing Tianweixing Internet Service Provider
its通信	ITS Communications
Hokkaidoasahikawa	Hokkaidoasahikawa
VSNL	VSNL
Rajasthan_Technical_University	Rajasthan_Technical_University
韩国cdnetworks公司CDN节点	CDNetworks Korea CDN node
塔塔通信(Tata_Communications)美洲公司(加拿大)BGP网络	Tata Communications American (Canada) BGP Network
北京鹏博士电信工程有限公司(和平里东街11号息壤中关村数据中心)	Beijing Dr. Peng Telecom Engineering Co., Ltd. (Xirang Zhongguancun Data Center at No.11 Hepingli East Street)
北京屹立由数据有限公司	Beijing Yiliyou Data Co., Ltd.
Vocom国际电信	Vocom International Telecom
奥克兰Spark_NZ	Spark New Zealand
Kumamotokumamoto	Kumamotokumamoto
Hokkaidotomakomai	Hokkaido Tomakomai
Akamai科技公司CDN网络节点(雅加达市AS38511+AS56246+AS58389机房)	Akamai Technologies CDN Network Node (Jakarta City AS38511+AS56246+AS58389 Data Center)
第一线有限公司	DYXnet
谷歌公司AS45429-DTV-STARNET网络(DigiNet)节点	Google Inc. AS45429-DTV-STARNET Network (DigiNet) Node
中部电信有限公司	Central China Telecom Co., Ltd.
华侨通信	Huaqiao Communication
中国联通新加坡分公司	China Unicom Singapore Branch
淘宝网络有限公司	Taobao Network Co., Ltd.
电信SINGNET	China Telecom SINGNET
Interlink	Interlink
IPC数据中心	IPC Data Center
联通网关	China Unicom Gateway
IPC网络	IPC Network
宽捷网络	Kuanjie Network
汇港电讯WTTHK	WTT Hong Kong
GreenNet有限公司	GreenNet Co., Ltd.
腾讯计算机系统有限公司	Tencent Computer System Co., Ltd.
上海颐翔通信有限公司电信节点	Shanghai Yixiang Communication Co., Ltd. China Telecom Node
its_communications_Inc.	its_communications_Inc.
滴滴出行公司(滴滴云)	Didi Chuxing (Didi Cloud)
北纬星空	North Latitude Starry Sky
HAIonNet公司BGP数据中心(KT电信+LG_DACOM)	HAIonNet BGP Data Center (KT Telecom + LG DACOM)
鹏博士大数据有限公司北京分公司	Dr. Peng Big Data Co., Ltd. Beijing Branch
网联无限	China Broadband Network
招商证券股份有限公司(深圳)	China Merchants Securities Co., Ltd. (Shenzhen)
联通专线TLERXIPPOOL	China Unicom Dedicated Line TLERXIPPOOL
电信数据中心(朋云路1号)	China Telecom Data Center (No. 1 Pengyun Road)
M13G无线宽频	M13G Wireless Broadband
Hong_Kong_Wan_Chai_Wanchai_Nerocloud_Ltd	Hong_Kong_Wan_Chai_Wanchai_Nerocloud_Ltd
HETZNER	HETZNER
广州海钛信息技术有限公司	Guangzhou Haitai Information Technology Co., Ltd.
广州海之光通信技术有限公司电信节点	Guangzhou Haizhiguang Communication Technology Co., Ltd. Telecom Node
帝联云	Dilian Cloud
赛格网络	Cybermart Network
新国信通信有限公司	New Guoxin Communication Co., Ltd.
WTT汇港电讯有限公司	WTT Huigang Telecom Co., Ltd.
电信国际精品网	China Telecom International Premium Network
维赛特网络	Viasat
Gigahost	Gigahost
蓝队网络(景安机房)	Blue Team Network (Jing'an Data Center)
Thanh_Hoabim_son	Thanh_Hoabim_son
索广映像有限公司	Sogou Broadcast Video Co., Ltd.
Viettel电信	Viettel Telecom
广电无线集团	China Broadcasting Network Wireless Group
数码通	SmarTone
东陆互联景安数据中心节点	Donglu Interconnect Jing'an Data Center Node
University_of_Jammu	University_of_Jammu
NLIDC	NLIDC
景安网络BGP数据中心	Jing'an Network BGP Data Center
互联通有限公司	Huliantong Co., Ltd.
华数世纪BGP机房	Huashu Century BGP Data Center
Netsec	Netsec
Ha_Namphu_ly	Ha Nam Phu Ly
Quang_Ninhuong_bi	Quang_Ninhuong_bi
CNNIC会员	CNNIC Member
OneAsiaHost公司HostSG数据中心	OneAsiaHost HostSG Data Center
滴滴云	DiDi Cloud
信通控股	Citicom Holdings
恒川建业科技	Hengchuan Jianye Technology
美团网	Meituan
lizcat	lizcat
Universitas_Semarang	Universitas_Semarang
CNNIC会员(北京联通+北京电信互联网数据中心)BGP节点	CNNIC Member (Beijing Unicom + Beijing Telecom Internet Data Center) BGP Node
神州通信	Shenzhou Communication
南凌科技	NOVA Technology
特玛捷票务信息技术	Ticketmaster Ticketing Information Technology
ICDSoft	ICDSoft
阿里云节点	Alibaba Cloud Node
Psychz_Network数据中心	Psychz_Network
上海地面通信息网络有限公司	Shanghai Dimiantong Information Network Co., Ltd.
铁通(紫竹桥IDC机房)	China Tietong (Zizhuqiao IDC)
CNNIC会员北京联通节点	China Unicom Beijing Node of CNNIC Member
北京互联通网络科技有限公司BGP节点	Beijing Hutoon Network Technology Co., Ltd. BGP Node
Uttarakhanddehra_dun	Uttarakhanddehra_dun
重庆有线电视网络有限公司	Chongqing Cable TV Network Co., Ltd.
Uttar_Pradeshmeerut	Uttar_Pradeshmeerut
CNNIC会员北京电信互联网数据中心节点	CNNIC Member Beijing Telecom Internet Data Center Node
大哥大通讯	Dageda Communication
互联通BGP数据中心	Huliantong BGP Data Center
天途有线	Tianyou Cable
Institut_Seni_Indonesia_Surakarta	Institut_Seni_Indonesia_Surakarta
Gandhi_Institute_of_Technology_and_Management	Gandhi_Institute_of_Technology_and_Management
Punjabbathinda	Punjabbathinda
Bulletproof网络公司	Bulletproof Network Company
班加罗尔Google缓存服务器(国家互联网骨干网National_Internet_Backbone)	Bangalore Google Cache Server (National Internet Backbone)
Uttar_Pradeshmathura	Uttar_Pradeshmathura
北京华夏光网通信技术有限公司联通节点	Beijing Huaxia Guangwang Communication Technology Co., Ltd. China Unicom Node
Bac_Giangbac_giang	Bac Giang
CNNIC会员263网络通信BGP节点	CNNIC Member 263 Network Communications BGP Node
Rajasthanjodhpur	Rajasthanjodhpur
Uttarakhandharidwar	Uttarakhandharidwar
Osmania_University	Osmania_University
首尔Riot_Games公司LG电信数据中心	Seoul Riot Games LG Telecom Data Center
Rajasthankota	Rajasthankota
SASTRA_University	SASTRA_University
Punjabpathankot	Punjabpathankot
Uttar_Pradeshallahabad	Uttar_Pradeshallahabad
爱玛票务	Aima Ticketing
BIT_ISLE网络	BIT_ISLE Network
北京云方舟数据中心	Beijing Cloud Ark Data Center
Jawaharlal_Nehru_Centre_for_Advanced_Scientific_Research	Jawaharlal_Nehru_Centre_for_Advanced_Scientific_Research
Bharathidasan_University	Bharathidasan_University
Jaypee_University_of_Information_Technology	Jaypee University of Information Technology
Uttarakhandkashipur	Uttarakhandkashipur
CBSi(中国)互动媒体	CBSi China Interactive Media
Rajasthanchhabra	Rajasthanchhabra
北京诚亿时代网络工程技术有限公司电信节点	Beijing Chengyi Times Network Engineering Technology Co., Ltd. China Telecom Node
企商在线数据中心	Qishang Online Data Center
Uttar_Pradeshhardoi	Uttar_Pradeshhardoi
NTT通讯公司互联节点	NTT Communications Interconnection Node
利通电讯科技有限公司	Litong Telecom Technology Co., Ltd.
rackip	rackip
BGPNET	BGPNET
rankip	rankip
j:COM电信	J:COM Telecom
加利福尼亚州洛杉矶	Los Angeles, California
Universitas_Nusa_Cendana	Universitas_Nusa_Cendana
光环新网科技股份有限公司	Beijing Sinnet Technology Co., Ltd.
油田通信	Oilfield Communication
GMO	GMO
BGPNET数据中心	BGPNET Data Center
SCO_拨号网络	SCO_Dial-up Network
华瑞信通网络科技有限公司	Huarui Xintong Network Technology Co., Ltd.
Uttarakhandramnagar	Uttarakhandramnagar
雅虎(日本)公司	Yahoo Japan Corporation
BGP_Consultancy_Pte_Ltd	BGP_Consultancy_Pte_Ltd
CNISP会员电信节点	CNISP Member China Telecom Node
安畅网络(亚太)有限公司国际互联节点	Anchang Network (Asia Pacific) Co., Ltd. International Internet Node
网联光通数据中心	Wanglianguangtong Data Center
北京神州长城通信技术发展中心中国长城互联网	Beijing Shenzhou Great Wall Communication Technology Development Center China Great Wall Internet
Dedicated_Servers_Australia	Dedicated_Servers_Australia
铜牛集团	Tongniu Group
岭东路吉盛小区3-24栋天星网络	Tianxing Network, Building 3-24, Jisheng Community, Lingdong Road
祥达信(北京)科技发展有限公司BGP多线	Xiangdaxin (Beijing) Technology Development Co., Ltd. BGP Multi-line
臣翊网络数据中心	Chenyi Network Data Center
中国移动通信集团公司	China Mobile
网联光通	Wanglian Guangtong
视虎科技有限公司	Shihu Technology Co., Ltd.
阿里云计算有限公司	Alibaba Cloud Computing Co., Ltd.
Internet_Initiative_Japan_Inc.	Internet_Initiative_Japan_Inc.
电信花园小区昼夜吧	China Telecom Garden Community Day and Night Bar
森华易腾电信节点	China Telecom Node of Senhua Yiteng
北京网联光通技术有限公司	Beijing Wanglian Guangtong Technology Co., Ltd.
M1网络	M1 Internet
北京合聚数字技术有限公司	Beijing Heju Digital Technology Co., Ltd.
广州尚航信息科技有限公司	Shanghang Information Technology Co., Ltd.
三信时代华北BGP互联节点	Sanxin Times North China BGP Interconnection Node
常州贝特康姆软件技术有限公司电信数据中心	Changzhou Batecomm Software Technology Co., Ltd. Telecom Data Center
北京网联光通技术有限公司(信联云网)	Beijing Wanglian Guangtong Technology Co., Ltd. (Xinlian Cloud Network)
银盾泰安电信数据中心	Yindun Tai'an Telecom Data Center
CNISP会员联通节点	China Unicom Node of CNISP Member
广州尚航信息科技有限公司移动节点	Guangzhou Shanghang Information Technology Co., Ltd. China Mobile Node
百度加速乐华北服务器(三信时代华北BGP出口)	Baidu Accelerate North China Server (Sanxin Times North China BGP Export)
润泽科技数据中心	Runze Technology Data Center
香港环球全域电讯国际互联节点	Hong Kong Global World Telecom International Interconnection Node
鹏博士节点	Dr.Peng Node
帝联信息科技IDC机房	Dilian Information Technology IDC Data Center
Hanaro电信	Hanaro Telecom
旭辉信通科技发展(北京)有限公司北京电信互联网数据中心节点	Beijing Telecom Internet Data Center Node of Xuhui Xintong Technology Development (Beijing) Co., Ltd.
东森媒体网	Eastern Broadcasting Network
朝日网络(ASAHI_Net)	ASAHI Net
鹏博士长城宽带(北京网联光通出口)	Dr.Peng Broadband and Great Wall Broadband (Beijing Wanglian Guangtong Exit)
中科鸿基IDC机房	China Hongji IDC
Broadband_Solutions	Broadband_Solutions
中嘉宽频(CNS)	CNS (China Network Systems)
Singtel通信公司	Singtel
上海翰威信息科技有限公司	Shanghai Hanwei Information Technology Co., Ltd.
互联港湾酒仙桥兆维数据中心机房	Interconnection Harbor Jiuxianqiao Zhaowei Data Center
So-net娱乐通信	So-net Entertainment Communications
广东河内时代网络科技有限公司深圳分公司	Guangdong Hanoi Times Network Technology Co., Ltd. Shenzhen Branch
上海电信科技发展有限公司(中山南路111号)	Shanghai Telecom Technology Development Co., Ltd. (111 Zhongshan South Road)
深圳坂田数据中心BGP多线	Shenzhen Bantian Data Center BGP Multi-line
Equinix公司亚太地区节点	Equinix Asia-Pacific
Singtel	Singtel
北京高华证券有限公司	Beijing Gaohua Securities Co., Ltd.
云林网络科技有限公司	Yunlin Network Technology Co., Ltd.
天盈信息技术电信节点	Tianying Information Technology China Telecom Node
QTnet	QTnet
上海世纪互联信息系统有限公司	Shanghai 21Vianet Information System Co., Ltd.
华通宽带	Huato Broadband
合众人寿保险股份有限公司	Union Life Insurance Co., Ltd.
中山大学	Sun Yat-sen University Network
科盈电信互联网数据中心	Keying Telecom Internet Data Center
北海道带广市OCTV	Obihiro City OCTV, Hokkaido
新界区蓝队网络(香港)数据中心	New Territories Blue Team Network (Hong Kong) Data Center
MedialinkNet	MedialinkNet
北京时代宏远网络通信有限公司(鹏博士)数据中心	Beijing Times Hongyuan Network Communication Co., Ltd. (Dr.Peng) Data Center
SoftLayer国际互联节点	SoftLayer Global Connectivity Node
umbrellar数据中心	umbrellar数据中心
北京互联通网络科技有限公司联通节点	Beijing Hutong Network Technology Co., Ltd. China Unicom Node
INIDC数据家机房	INIDC Data Center
安大略省多伦多	Toronto, Ontario
东京Yahoo	Yahoo! Japan
北京百度网讯科技有限公司BGP节点	Beijing Baidu Netcom Science Technology Co., Ltd. BGP Node
马来西亚博特拉大学	Universiti Putra Malaysia
湖南有线电视网络(集团)股份有限公司广东联通节点	Hunan Cable TV Network (Group) Co., Ltd. Guangdong Unicom node
京南数据中心	Jingnan Data Center
北京新网数码信息技术有限公司AS23724电蓝单线XinnetIDC网络	Beijing Xinnet Digital Information Technology Co., Ltd. AS23724 Dianlan Single-line Xinnet IDC Network
东京都六本木港区百度(日本)公司	Baidu (Japan) Inc., Roppongi Minato-ku, Tokyo
世导科技	ShiDao Technology
桃园市Yahoo	Taoyuan Yahoo
国际信息中心机房	International Information Center IDC
东京都新宿区LINE公司	LINE Corporation, Shinjuku, Tokyo
Linost公司SoftLayer国际互联节点	Linost SoftLayer International Interconnection Node
电信Ookla_SpeedTest测速节点	China Telecom Ookla_SpeedTest server
Vodafone(沃达丰)通信有限公司	Vodafone Communications Co., Ltd.
UNIVERSITAS_PENDIDIKAN_GANESHA	UNIVERSITAS_PENDIDIKAN_GANESHA
阿里云NTP服务器	Alibaba Cloud NTP Server
广东睿江科技有限公司	Rui Jiang Technology Co., Ltd.
光环新网联通数据中心	Sinnet Unicom Data Center
长野县Tsukaeru机房	Nagano Prefecture Tsukaeru Data Center
阿里巴巴网络有限公司BGP数据中心(BGP)	Alibaba Network Limited BGP Data Center (BGP)
光环新网电信数据中心	China Telecom Data Center at Beijing Sinnet Technology
Rajiv_Gandhi_University_of_Health_Sciences	Rajiv_Gandhi_University_of_Health_Sciences
中电网络IDC机房	China Electric Network IDC
CuteDNS	CuteDNS
有线宽带(联通出口)	Wired Broadband (China Unicom Access)
东京都品川区BIGLOBE有限公司	BIGLOBE Inc., Shinagawa-ku, Tokyo
中信网络	CITIC Networks
(中关村IDC机房)	Zhongguancun IDC Data Center
电讯盈科流动通讯	PCCW Mobile
驰信公司	Chixin Company
So_Net娱乐通讯	So_Net Entertainment Communication
国家邮政局	State Post Bureau
金山云电信节点	Kingsoft Cloud Telecom Node
天地网联科技联通云数据中心	TianDiWangLian Technology Unicom Cloud Data Center
东京腾讯云	Tokyo Tencent Cloud
东莞钜讯网络技术有限公司(旗峰路1号国泰大厦13楼06室)	Dongguan Juxun Network Technology Co., Ltd. (Room 06, 13th Floor, Guotai Building, No.1 Qifeng Road)
罗东高级中学	Luodong Senior High School
宜兰大学	National Ilan University
宜兰高级商业职业学校	Yilan Senior Commercial Vocational School
中联讯通数据中心	Zhonglian Xuntong Data Center
法鼓文理学院	Dharma Drum Institute of Liberal Arts
有线通	CHCA (Cable Broadband)
北京金山云网络技术有限公司	Beijing Kingsoft Cloud Network Technology Co., Ltd.
TANet	Taiwan Academic Network (TANet)
台湾大学	National Taiwan University
龙华科技大学	Lunghwa University of Science and Technology
台湾艺术大学	National Taiwan University of Arts
兰阳女子高级中学	Lanyang Girls' Senior High School
实践大学	Shih Chien University
金山云BGP数据中心	Kingsoft Cloud BGP Data Center
耕莘健康管理专科学校	Cardinal Tien Junior College of Healthcare and Management
宜兰私立中道高级中学	Yilan Private Zhongdao High School
铭传大学	Ming Chuan University
宜兰特殊教育学校	Yilan Special Education School
重庆有线电视网络有限公司Ookla_SpeedTest测速节点	Chongqing Cable TV Network Co., Ltd. Ookla SpeedTest Node
宜兰高级中学	Yilan Senior High School
亚东技术学院	Oriental Institute of Technology
圣母医护管理专科学校	Our Lady of Providence College of Nursing and Healthcare Management
江原道内越	Gangwon-do Naeyeot
睿江云BGP机房	RuiJiang Cloud BGP Data Center
罗东高级工业职业学校	National Lotung Advanced Industrial Vocational School
宜兰县教育网络中心	Yilan County Education Network Center
苏澳高级海事水产职业学校	Su'ao Senior Marine & Fisheries Vocational School
私立慧灯高级中学	Private Huideng Senior High School
罗东高级商业职业学校	Luodong Senior Commercial Vocational School
阿里云BGP数据中心(BGP)	Alibaba Cloud BGP Data Center (BGP)
头城高级家事商业职业学校	Toucheng Senior Home Economics and Commercial Vocational High School
基督教台湾浸会神学院	Christian Taiwan Baptist Theological Seminary
景文科技大学	Jinwen University of Science and Technology
台北城市科技大学	Taipei City University of Science and Technology
圣约翰科技大学	St. John's University
大华科技大学	Da Hua University of Science and Technology
大叶大学	Da-Yeh University
醒吾科技大学	Hsing Wu University
新北市私立裕德国民小学	New Taipei Private Yude Elementary School
华梵大学	Huafan University
中华大学	Chunghwa Telecom
佛光大学	Fo Guang University
玄奘大学	Hsuan Chuang University
台湾戏曲学院	Taiwan College of Performing Arts
私立光复高级中学	Private Guangfu Senior High School
新北市私立康桥国民小学	Kang Chiao Elementary School
亚洲大学	Asia University
元培医事科技大学	Yuanpei University of Medical Technology
勤益科技大学	Qinyi University of Science and Technology
明道大学	MingDao University
台中教育大学	National Taichung University of Education
岭东科技大学	Ling Tung University
彰化师范大学	National Changhua University of Education
育达科技大学	Yu Da University of Science and Technology
建国科技大学	Chienkuo Technology University
中台科技大学	Central Taiwan University of Science and Technology
明新科技大学	Minghsin University of Science and Technology
新北市教育网络中心	New Taipei City Education Network Center
马偕医学院	Mackay Medical College
私立中州科技大学	Private Chung Chou University of Science and Technology
台湾清华大学南大校区	National Tsing Hua University Nanda Campus
教育资讯网络中心	Education Information Network Center
海洋科技博物馆	Ocean Science and Technology Museum
中国医药大学	China Medical University
国家教育研究院	National Academy for Educational Research
开南大学	Kainan University
东南科技大学	Southeast University of Science and Technology
台北教育大学	National Taipei University of Education
台东专科学校	Taitung Junior College
国家运动训练中心	National Sports Training Center
树德科技大学	Shu-Te University
台北大学	Taipei University
恒通商务园	Hengtong Business Park
竹山高级中学	Zhushan High School
万能科技大学	Universal University of Science and Technology
云林县教育网络中心	Yunlin County Education Network Center
高雄科技大学	Kaohsiung University of Science and Technology
朝阳科技大学	Chaoyang University of Technology
天地祥云云谷广州数据中心	Tiandi Xiangyun Yungu Guangzhou Data Center
台湾屏东教育大学	National Pingtung University of Education
吴凤科技大学	WuFeng University
台湾成功大学	National Cheng Kung University
健行科技大学	Chien Hsin University of Science and Technology
桃园创新技术学院	Taoyuan Innovation Institute of Technology
长庚科技大学	Chang Gung University of Science and Technology
兰阳技术学院	Lanyang Institute of Technology
教育部体育署	Sports Administration, Ministry of Education
私立静宜大学	Providence University
嘉义大学	National Chiayi University
上海数讯信息技术有限公司	Shanghai Digital Information Technology Co., Ltd.
ASAHI-NET网络	ASAHI-NET
starcat	starcat
佰隆网络	Bailong Network
So_net娱乐公司	So_net Entertainment Company
淘宝(中国)软件有限公司	Taobao (China) Software Co., Ltd.
天地祥云云谷数据中心(亦庄经济开发区经海二路28号1号楼6楼)	Beijing Tianyun DCI Data Center (6F, Building 1, No. 28 Jinghai 2nd Road, Yizhuang Economic Development Zone)
英达通信	Yingda Communication
中央研究院	Academia Sinica
SMART无线宽带	SMART Wireless Broadband
龙腾佳讯网络科技	Longteng Jiaxun Network Technology
台北市教育网络中心	Taipei City Education Network Center
九河互联新加坡电信数据中心	Jiuhe Interconnect Singapore Telecom Data Center
新界新网络有限公司	New Territories New Network Co., Ltd.
台湾清华大学	National Tsing Hua University
联通(阿里云高防云盾)	China Unicom (Alibaba Cloud Anti-DDoS Shield)
电信CN2节点	China Telecom CN2 Node
奥飞数据	Aofei Data
赛尔大厦清华科技园数据中心	CERNET Building Tsinghua Science Park Data Center
iiNet	iiNet
国务院发展研究中心	Development Research Center of the State Council
阿里巴巴(中国)网络技术有限公司	Alibaba (China) Network Technology Co., Ltd.
SMART通讯公司	SMART Communications
诺信科技有限公司	NuoXin Technology Co., Ltd.
Pakistan_Education_&_Research_Network	Pakistan_Education_&_Research_Network
奥飞数据科技股份有限公司	Aofei Data Technology Co., Ltd.
北京阅联信息技术有限公司	Beijing Yuelian Information Technology Co., Ltd.
长城互联网	Great Wall Broadband
阿拉木图市中国电信CN2骨干节点	Almaty China Telecom CN2 Backbone Node
坂田数据中心BGP多线	Bantian Data Center BGP Multi-line
KINX	KINX
广东金万邦科技投资有限公司(新一代数据中心)BGP节点	Guangdong Jinwanbang Technology Investment Co., Ltd. (New Generation Data Center) BGP Node
Tsukaeru	Tsukaeru
奥飞数据BGP机房	Aofeidata BGP Datacenter
K-Opti通讯	K-Opti Communications
孟买大学	University of Mumbai
DNS服务器[PublicDNS-AF节点]	DNS Server [PublicDNS-AF Node]
多线BGP	Multi-line BGP
Vocus通讯	Vocus Communications
KDDI公司	KDDI Corporation
KINXIDC	KINXIDC
genesis-ap_diyixian_limited	Genesis-AP First Line Limited
互联网数据中心(KIDC)LG_DACOM节点	KIDC LG_DACOM Node
合聚数字技术	Heju Digital Technology
睿江云BGP数据中心	RuiJiang Cloud BGP Data Center
参数信息技术(深圳)有限公司	Parameter Information Technology (Shenzhen) Co., Ltd.
鹏博士云数据中心	Dr. Peng Cloud Data Center
广东瑞江科技有限公司BGP数据中心	Guangdong Ruijiang Technology Co., Ltd. BGP Data Center
Iwatekuji	Iwatekuji
Niigataniigata	Niigataniigata
三信时代网络	Sanxin Times Network
KINX(韩国互联网交换中心)	KINX (Korea Internet Neutral Exchange)
Fukuokafukuoka	Fukuokafukuoka
Yamaguchiyamaguchi	Yamaguchiyamaguchi
Hyogoamagasaki	Hyogoamagasaki
Miyagikesennuma	Miyagikesennuma
帝联科技BGP数据中心	Dilian Technology BGP Data Center
OCN(NTT旗下)	OCN (NTT Communications)
Cloudie	Cloudie
University_of_Pune	University_of_Pune
Iwateoshu	Iwateoshu
KDDI网络	KDDI network
华北石油厂内宽带	North China Petroleum Factory Broadband
ABV-Indian_Institute_of_Information_Technology_and_Management_Gwalior	ABV-Indian Institute of Information Technology and Management Gwalior
大连互通科技发展有限公司北京联通节点	Dalian Hutong Technology Development Co., Ltd. Beijing Unicom Node
世通国际网络有限公司	Shitong International Network Co., Ltd.
中国国际广播电台	China Radio International
广西视虎科技有限公司	Guangxi Shihu Technology Co., Ltd.
Aichinagoya	Aichinagoya
sinoycloud-as-ap_sinoycloud_limited	SinoCloud
Shigaotsu	Shigaotsu
Spark_NZ宽带(ADSL)	Spark_NZ Broadband (ADSL)
Adam_Internet_DNS	Adam_Internet_DNS
Ishikawakanazawa	Ishikawakanazawa
央视国际网络有限公司	CCTV International Network Co., Ltd.
中国中信股份有限公司	CITIC Group Corporation
LayerStack(Pachosting)	LayerStack(Pachosting)
中移铁通IDC	China Mobile Tietong IDC
北京企商在线	Beijing Qishang Online
亚太环通(Pacnet)国际互联节点	Pacnet International Interconnection Node
北京中云融信双线数据中心	Beijing Cloud Integration Dual-Line Data Center
北京共建恒业通信技术有限公司	Beijing Gongjian Hengye Communication Technology Co., Ltd.
BIGLOBE_Inc.	BIGLOBE_Inc.
奥迪莎·布巴内斯瓦尔	Odia Bhubaneswar
北京共建恒业通信技术有限公司北京电信互联网数据中心节点	Beijing Gongjian Hengye Communication Technology Co., Ltd. Beijing Telecom Internet Data Center Node
奥迪沙·安格尔	Odisha Angle
景安BGP数据中心	Jing'an BGP Data Center
东京SoftLayer数据中心	Tokyo SoftLayer Data Center
奥迪莎·桑巴尔布尔	Odisha Sambalpur
泰国宋卡王子大学	Prince of Songkla University
Spark_NZ通讯	Spark NZ Communications
Iwatemorioka	Iwatemorioka
联通(腾讯搜狗节点)	China Unicom (Tencent Sogou Node)
信天游	Xintianyou
Net_Logistics公司	Net_Logistics
九云无限网络科技有限公司	Nine Cloud Infinite Network Technology Co., Ltd.
星云融创安全宝CDN节点(龙腾佳讯BGP双线机房)	Nebula Rongchuang Safe CDN Node (Longteng Jiaxun BGP Dual-line IDC)
广州海之光通讯技术有限公司	Guangzhou Haizhiguang Communication Technology Co., Ltd.
新网	China Xin Net
Universitas_Pelita_Harapan	Universitas_Pelita_Harapan
日升天信科技股份有限公司	Risheng Tianxin Technology Co., Ltd.
北京宽捷网通信技术有限公司	Beijing Kuangjie Network Communication Technology Co., Ltd.
圆光大学	Wonkwang University
BGP故梦网	BGP Gumeng Network
北京驰骏网络咨询服务有限公司	Beijing Chijun Network Consulting Service Co., Ltd.
铁通城域网内网	China Tietong Metro Network Intranet
网易公司IDC机房(BGP)	NetEase IDC (BGP)
广州歌华网络科技发展有限公司	Guangzhou Gehua Network Technology Development Co., Ltd.
网宿科技BGP数据中心	ChinaNetCenter BGP Data Center
圣何塞DCS机房	San Jose DCS Data Center
中国联通云数据有限公司BGP数据中心	China Unicom Cloud Data Co., Ltd. BGP Data Center
尼赫鲁科技大学	Jawaharlal Nehru Technological University
ZhiDuoPC_Anycast_Global_Network_Inc	ZhiDuoPC_Anycast_Global_Network_Inc
互盟数据中心	Humeng Data Center
网宿科技联通CDN节点	ChinaNetCenter Unicom CDN Node
联通(蓝汛云分发nginx	China Unicom (ChinaCache Cloud Distribution nginx)
越南邮电集团公司	Vietnam Posts and Telecommunications Group
网宿科技股份有限公司BGP节点(北京电信+北京联通)	Wangsu Technology Co., Ltd. BGP Node (Beijing Telecom + Beijing Unicom)
北京蓝汛通信技术有限责任公司联通节点	ChinaCache Beijing Communication Technology Co., Ltd. Unicom Node
网宿科技股份有限公司联通节点	ChinaNetCenter Unicom Node
中国在线	China Online
联通(蓝汛云计算烟台节点)	China Unicom (ChinaCache Cloud Computing Yantai Node)
台北新店市大新店民主有线电视股份有限公司	Da-Xin-Dian Democracy Cable TV Co., Ltd.
闪盾安全BGP高防机房	Shield Security BGP High Defense Data Center
天地祥云BGP数据中心	TIAN DI XIANG YUN BGP Data Center
壹盾安全BGP高防节点	YiDun Security BGP Anti-DDoS Node
联通支付有限公司联通节点	China UnionPay Co., Ltd. China Unicom Node
网宿科技股份有限公司电信节点	ChinaNet Node of Wangsu Science & Technology Co., Ltd.
成都市飞数科技有限公司	Chengdu Flyshu Technology Co., Ltd.
Institute_of_Medical_Biology	Institute_of_Medical_Biology
城市网络	City Net
新力讯(Sunnyvision)有限公司	Sunnyvision Limited
Sify网络	Sify Network
联通(蓝汛云分发nginx烟台节点)	China Unicom (ChinaCache Cloud Distribution nginx Yantai Node)
吉林石化公司	Jilin Petrochemical Company
深圳沃通通信服务有限公司	Shenzhen Wotong Communication Service Co., Ltd.
SK宽带	SK Broadband
Leyerstack	Leyerstack
中国科学院软件研究所	Institute of Software, Chinese Academy of Sciences
中国科学院	Chinese Academy of Sciences
辽河油田通信[华宇宽带]	Liaohe Oilfield Communication [Huayu Broadband]
东京都品川区So-net公司	So-net Corporation, Shinagawa, Tokyo
沃达丰网络	Vodafone
北京大学计算中心	Peking University Computing Center
铁通(全省通用)	China Tietong (Province-level)
畅捷无限通讯技术有限公司	Changjie Wireless Communication Technology Co., Ltd.
CNNIC会员电信节点	China Telecom node of CNNIC member
福建物质结构研究所	Fujian Institute of Research on the Structure of Matter
中国科学院微生物研究所	Institute of Microbiology, Chinese Academy of Sciences
NTT首都在线数据中心	NTT Capital Online Data Center
百视通	BesTV
北京新先导科技发展有限公司	Beijing New Guide Technology Development Co., Ltd.
中国科学院遗传与发育生物学研究所	Institute of Genetics and Developmental Biology, Chinese Academy of Sciences
北京卓仕达自控工程技术有限公司	Beijing Zhuoshida Automation Engineering Technology Co., Ltd.
CECT_Cloud	CECT_Cloud
连邦软件股份有限公司	Lianbang Software Co., Ltd.
Akamai科技公司NTT网络CDN节点	Akamai Technologies, NTT Communications CDN Node
上海花卷信息科技有限公司NTP校时服务器	Shanghai Huajuan Information Technology Co., Ltd. NTP Time Server
Anna_Unversity	Anna_Unversity
中国民航信息网络股份有限公司	TravelSky Technology Limited
香港国际互联网交换中心	Hong Kong Internet Exchange
亚太电信集团公司	Asia Pacific Telecom Group
Sun通讯公司3G用户	Sun Communications Company 3G Users
中科大洋科技发展股份有限公司	Zhongke Dayang Technology Development Co., Ltd.
E家宽带	E Family Broadband
GINAM网络	GINAM Network
Institut_Teknologi_Nasional	National Institute of Technology
National_Institute_of_Technology_Calicut	National_Institute_of_Technology_Calicut
中原油田通信公司	Zhongyuan Oilfield Communication Company
鹏博士佛山数据中心	Dr.Peng Foshan Data Center
教育网(光环新网)	CERNET (Beijing Sinnet Technology)
Anna_University	Anna_University
无线宽频	Wireless Broadband
联通家园西泉店	China Unicom Home Xiquan Store
北京鹏博士	Beijing Dr.Peng
光环新网	Beijing Sinnet Technology Co., Ltd.
京畿道	Gyeonggi-do
元恒信通科技有限公司	Yuanheng Xintong Technology Co., Ltd.
艾维通信集团	Aivi Communication Group
True	True
安畅CN2数据中心	Anchang CN2 Data Center
Jakarta_Rayajakarta	Jakarta_Rayajakarta
鹏博士(铁通出口)	Dr.Peng (via China Tietong)
queenslandbrisbane	queenslandbrisbane
Inc.	Inc.
IDC机房	IDC Computer Room
世纪互联公共DNS	Century Internet Public DNS
北京物资学院	Beijing Wuzi University
中国电信北京研究院	China Telecom Beijing Research Institute
洙江宽频	Zhujiang Broadband
TOTPublic有限公司	TOTPublic Co., Ltd.
东直门金龙网吧第三分店	Dongzhimen Jinlong Internet Cafe Branch 3
三元桥中大恒基网吧(凤凰城2005室)	Zhongdahengji Internet Cafe at Sanyuanqiao (Phoenix City Room 2005)
东直门丁丁网吧(东直门地铁附近)	Dongzhimen Dingding Internet Cafe (near Dongzhimen Subway)
北京森华易腾通信技术有限公司BGP节点(北京电信+北京联通)	Beijing Senhua Yiteng Communication Technology Co., Ltd. BGP Node (Beijing Telecom + Beijing Unicom)
亚太电信股份有限公司	Asia Pacific Telecom Co., Ltd.
香港有线电视有限公司	Hong Kong Cable Television Limited
关西多媒体网络	Kansai Multimedia Network
新德里	New Delhi
PTTelekomunikasi网络	PT Telekomunikasi
首尔大学	Seoul National University
Pacific_Internet公司	Pacific Internet
联通云数据中心	China Unicom Cloud Data Center
本机地址	Local Address
Vietel(越南电信)xDSL宽带	Viettel xDSL Broadband
环回地址(Loopback)	Loopback
Telstra公司	Telstra
INDIAN_INSTITUTE_OF_TECHNOLOGY_GUWAHATI	INDIAN_INSTITUTE_OF_TECHNOLOGY_GUWAHATI
软银宽带	SoftBank Broadband
Aligarh_Muslim_University	Aligarh_Muslim_University
联通家园紫盈店(东盛大街1000号)	China Unicom Home Ziyi Store (No. 1000 Dongsheng Avenue)
电信软件园二期IDC机房(电信)	China Telecom Software Park Phase II IDC Room (China Telecom)
新布朗斯维克罗格斯大学	Rutgers University-New Brunswick
康奈尔大学	Cornell University
卡耐基·梅隆大学	Carnegie Mellon University
Viettel公司	Viettel Group
成都信息港	Chengdu Information Port
Spark_NZ家庭宽带	Spark_NZ Home Broadband
特拉华大学	University of Delaware
联通家园银河网络休闲吧	China Unicom Home Galaxy Network Leisure Bar
加州大学伯克利分校	University of California, Berkeley
莱斯大学	Rice University
北苑BGP数据中心	BeiYuan BGP Data Center
南卡罗来纳医科大学	Medical University of South Carolina
挪威农业大学	Norwegian University of Life Sciences
网事如风网吧	Wangshi Rufeng Internet Cafe
CNNIC权威云解析全球Anycast节点	CNNIC Authoritative Cloud Resolution Global Anycast Nodes
加州大学	University of California
K_Opti通讯	K_Opti Communication
能源部劳伦斯伯克利国家实验室	Lawrence Berkeley National Laboratory
美国陆军情报系统司令部	United States Army Intelligence and Security Command
印第安纳州普渡大学	Purdue University
卡耐基·梅隆大学DNS服务器	Carnegie Mellon University DNS Server
Information_Sciences_Institute	Information_Sciences_Institute
伦敦大学学院	University College London
湖北飞讯网络有限公司北京电信	Beijing Telecom, Hubei Feixun Network Co., Ltd.
马里兰大学	University of Maryland
普渡大学	Purdue University
北京恒川建业科技有限公司BGP数据中心	Beijing Hengchuan Jianye Technology Co., Ltd. BGP Data Center
马里兰大学DNS服务器	University of Maryland DNS Server
夫琅和费应用研究促进学会	Fraunhofer-Gesellschaft
Old·Dominion大学	Old Dominion University
乔治亚州理工大学	Georgia Institute of Technology
哥伦比亚大学	Columbia University
明尼苏达大学	University of Minnesota
伦斯勒理工大学	Rensselaer Polytechnic Institute
三角研究园区	Research Triangle Park
马萨诸塞大学	University of Massachusetts
得克萨斯大学奥斯汀分校	University of Texas at Austin
劳伦斯·利弗摩尔国家实验室	Lawrence Livermore National Laboratory
得克萨斯大学澳斯汀分校	University of Texas at Austin
大学大气研究社团	University Atmospheric Research Association
加州大学圣巴巴拉分校	University of California, Santa Barbara
国家信息学和自动化研究所	National Institute for Research in Computer Science and Automation
威斯康辛大学麦迪森分校	University of Wisconsin-Madison
NTT(美国)通信公司	NTT Communications (United States)
加利福尼亚大学DNS服务器	University of California DNS Server
多伦多大学	University of Toronto
威斯康星大学麦迪森校区	University of Wisconsin-Madison
SingTel	SingTel
加州大学洛杉矶校区	University of California, Los Angeles
加州大学圣迭戈校区	University of California, San Diego
新墨西哥州立大学	New Mexico State University
欧洲核子研究中心	CERN
光云大学	Gwangwoon University
弗吉尼亚大学DNS服务器	University of Virginia DNS Server
俄亥俄州立大学	Ohio State University
克拉克森大学	Clarkson University
科罗拉多大学Boulder校区	University of Colorado Boulder
维也纳工业大学	Vienna University of Technology
纽约大学	New York University
艾伯塔研究理事会	Alberta Research Council
弗吉尼亚大学	University of Virginia
洛斯阿拉莫斯国家实验室	Los Alamos National Laboratory
A&M大学	Texas A&M University
美国国家航空航天局	NASA
芝加哥大学	University of Chicago
罗彻斯特大学	University of Rochester
匹兹堡大学医学中心	UPMC (University of Pittsburgh Medical Center)
田纳西大学诺克斯维尔校区	University of Tennessee Knoxville
肯塔基大学	University of Kentucky
主根域名服务器全球第08OF13号H-ROOT-SERVERS节点(美国–马里兰州阿伯丁网络美国国防部陆军研究所运作NSD软件)	H-ROOT-SERVERS node (No. 08OF13 globally of the root name server), operated by the U.S. Army Research Laboratory? Aberdeen? Maryland, using NSD software, part of the U.S. Department of Defense network
亚利桑那大学	University of Arizona
佛罗里达州立大学	Florida State University
迪肯大学	Deakin University
美国国家科学研究院	National Science Foundation
加州大学欧文分校	UC Irvine
科罗拉多大学	University of Colorado
加州大学三藩校区	University of California, San Francisco
加州大学尔湾分校	University of California, Irvine
罗德岛州普罗维登斯市布朗大学	Brown University, Providence, Rhode Island
Lehigh大学	Lehigh University
夏威夷	Hawaii
匹兹堡超级计算机中心	Pittsburgh Supercomputing Center
俄勒冈大学	University of Oregon
弗吉尼亚理工大学	Virginia Tech
乔治亚大学	University of Georgia
纽约州立大学布法罗分校	University at Buffalo, State University of New York
乔治·华盛顿大学	George Washington University
佛罗里达大学	University of Florida
伊利诺斯大学	University of Illinois
俄勒冈州立大学	Oregon State University
明斯特大学	University of Münster
维吉尼亚联邦大学	Virginia Commonwealth University
杨百翰大学	Brigham Young University
纽约城大学	City University of New York
檀香山夏威夷大学	University of Hawaii at Manoa
Abovenet通信股份有限公司	Abovenet Communications Inc.
国立卫生研究院	National Institutes of Health
纽约州雪城大学	Syracuse University, New York State
洛桑联邦理工学院	École Polytechnique Fédérale de Lausanne
新泽西理工大学	New Jersey Institute of Technology
威廉·玛丽大学	College of William & Mary
萨斯喀彻温大学	University of Saskatchewan
橡树岭国家实验室	Oak Ridge National Laboratory
剑桥大学	University of Cambridge
NTT美洲公司	NTT America
BASF公司	BASF Company
约翰霍普金斯大学	Johns Hopkins University
诺丁汉大学	University of Nottingham
约翰斯·霍普金斯大学	Johns Hopkins University
纽约州立大学宾汉顿校区	Binghamton University, State University of New York
纽卡斯尔大学	University of Newcastle
剑桥大学trinity学院	Trinity College, University of Cambridge
东北大学	Northeastern University
墨尔本大学	University of Melbourne
KittenNetwork	KittenNetwork
伊利诺斯大学芝加哥校区	University of Illinois Chicago
休斯顿大学	University of Houston
利兹大学	University of Leeds
博林格林州立大学	Bowling Green State University
加州州立大学佛雷斯诺校区	California State University, Fresno
贝勒医科大学	Baylor University Medical Center
俄亥俄州凯斯西储大学	Case Western Reserve University, Ohio
查尔姆斯理工大学	Chalmers University of Technology
布鲁克林理工大学	Brooklyn Polytechnic University
Rochester科技学院	Rochester Institute of Technology
俄克拉荷马大学	University of Oklahoma
新墨西哥大学	University of New Mexico
贝勒大学	Baylor University
美国军事学院	United States Military Academy
雷恩第一大学	University of Rennes 1
Cisco公司	Cisco
范德比尔特大学	Vanderbilt University
托马斯杰斐逊国家加速器实验室	Thomas Jefferson National Accelerator Facility
天普大学	Temple University
科罗拉多州立大学	Colorado State University
纽约州立大学石溪分校	Stony Brook University
阿拉巴马超级计算机网络(ASC)	Alabama Supercomputer Network (ASC)
国家癌症研究所	National Cancer Institute
马里兰州大学	University of Maryland
加利福尼亚理工州立大学	California Polytechnic State University
德雷塞尔大学	Drexel University
爱荷华大学	University of Iowa
怀俄明大学	University of Wyoming
西维吉尼亚网络教育DNS服务器	West Virginia Network for Education DNS Server
印第安纳大学	Indiana University
卡尔斯鲁厄理工大学	Karlsruhe Institute of Technology
马萨诸塞大学卢维尔分校	University of Massachusetts Lowell
巴登-符腾堡州大学	University of Baden-Württemberg
路易斯安娜州杜兰大学	Tulane University, Louisiana
西维吉尼亚网络教育	West Virginia Network for Education
阿拉巴马超级计算机网络全球公共DNS服务器(ns3)	Alabama Supercomputer Network Global Public DNS Server (ns3)
弗劳恩霍弗实用研究促进协会	Fraunhofer Society
诺特丹大学	University of Notre Dame
威斯康星大学密尔沃基校区	University of Wisconsin-Milwaukee
Floridalake_mary	Floridalake_mary
弗林德斯大学	Flinders University
布兰戴斯大学	Brandeis University
reseaux_IMAG_du_campus	reseau_IMAG_du_campus
格拉茨技术大学	Graz University of Technology
内布拉斯加大学林肯分校	University of Nebraska-Lincoln
俄勒冈科学理工研究学院	Oregon Science and Technology Research Institute
爱达荷大学	University of Idaho
圣约瑟夫大学	Saint Joseph's University
新南威尔士大学	University of New South Wales
洛克菲勒大学	Rockefeller University
牛津大学	University of Oxford
艾伯特大学爱因斯坦医学院	Albert Einstein College of Medicine at Yeshiva University
得克萨斯大学	University of Texas
帝国理工学院	Imperial College London
南方卫理公会大学	Southern Methodist University
阿拉巴马超级计算机网络全球公共DNS服务器(ns1)	Alabama Super Computer Network Global Public DNS Server (ns1)
阿尔伯塔大学	University of Alberta
犹他州州立大学	Utah State University
阿拉巴马超级计算机网络全球公共DNS服务器(asnsvr2)	Alabama Super Computer Network Global Public DNS Server (asnsvr2)
阿德莱德大学	University of Adelaide
北得克萨斯大学	University of North Texas
斯图加特大学	University of Stuttgart
得克萨斯理工大学	Texas Tech University
声学	Acoustics Network
堪萨斯州立大学	Kansas State University
巴黎综合理工学院	Paris Polytechnic Institute
辛辛那提大学	University of Cincinnati
伊利诺伊州埃文斯顿市西北大学	Northwestern University in Evanston, Illinois
保罗谢勒研究所	Paul Scherrer Institute
乔治梅森大学	George Mason University
巴黎第十一大学	University of Paris-Sud
卑尔根大学	University of Bergen
卫斯里昂大学	Wesleyan University
西安大略大学	University of Western Ontario
迈阿密大学	University of Miami
得克萨斯大学DNS服务器	University of Texas DNS Server
美国西南研究院	Southwest Research Institute
得克萨斯大学圣安东尼奥校区	University of Texas at San Antonio
苏黎世联邦高等工业学院	ETH Zurich (Swiss Federal Institute of Technology Zurich)
圣塔克拉拉大学	Santa Clara University
德克萨斯大学泰勒分校	The University of Texas at Tyler
Oracle	Oracle
剑桥大学工程系	Cambridge University Engineering Department
新英格兰大学	University of New England
摩托罗拉公司	Motorola
巴黎高等师范学校	École Normale Supérieure
爱丁堡大学	University of Edinburgh
Lockheed-Martin	Lockheed-Martin
Air	Air
多特蒙德大学	Technical University of Dortmund
Academic_Network	Academic_Network
达尔豪斯大学	Dalhousie University
海德堡大学	Heidelberg University
德国宇航中心	German Aerospace Center
辛辛那提大学DNS服务器	University of Cincinnati DNS Server
Leibniz_Rechenzentrum公司	Leibniz_Rechenzentrum
Fluke	Fluke
剑桥大学高等光电子中心	Cambridge University Centre for Advanced Photonics and Electronics
滑铁卢大学	University of Waterloo
日内瓦大学	University of Geneva
玛约医学教育研究基金会	Mayo Foundation for Medical Education and Research
新墨西哥矿业科技学院	New Mexico Institute of Mining and Technology
Fraunhofer_Institute_fuer_Arbeitswirtschaft	Fraunhofer_Institute_fuer_Arbeitswirtschaft
安大略省研究网络	Ontario Research Network
西北太平洋国家实验室	Pacific Northwest National Laboratory
日本NTT通信公司国际互联节点(北京联通至东京NTT)	Japan NTT Communications International Interconnection Node (Beijing Unicom to Tokyo NTT)
堪萨斯大学	University of Kansas
NTT通信公司互联节点	NTT Communications Interconnection Node
NTT-上海电信国际互联节点	NTT-Shanghai Telecom International Interconnection Node
Durham大学	Durham University
亚利桑那州立大学	Arizona State University
仙台	Sendai
密西西比州立大学	Mississippi State University
亚马逊(Amazon)公司NTT通信国际互联节点	Amazon NTT Communications International Internet Node
NTT通信公司骨干网	NTT Communications
国立大学	National University
美国地质调查局	United States Geological Survey
Electronics_and_Telecommunications_Research_Institute	Electronics and Telecommunications Research Institute
NTT公司新加坡节点	NTT Singapore
北芝加哥雅培公司	Abbott Laboratories, North Chicago
NTT通信公司中国电信(ChinaNet)国际互联节点	NTT Communications China Telecom (ChinaNet) International Interconnection Node
NTT公司美国节点	NTT America
女王大学	Queen's University
柴湾区NTT通信公司国际互联节点	Chaiwan District NTT Communications International Internet Node
NTT通信公司国际互联节点(东京NTT至北京联通)	NTT Communications International Interconnection Node (Tokyo NTT to Beijing Unicom)
NTT-上海联通国际互联节点	NTT-Shanghai China Unicom International Interconnection Node
南卡罗莱纳大学	University of South Carolina
NTT-北京联通国际互联节点	NTT-Beijing Unicom International Interconnection Node
国立医学图书馆	National Medical Center Library Network
美国数学学会	American Mathematical Society
路易斯安那州立大学	Louisiana State University
圣荷西州立大学	San Jose State University
塔尔萨大学	University of Tulsa
Swarthmore学院	Swarthmore College
St_Olaf学院	St. Olaf College
匹兹堡大学	University of Pittsburgh
普雷里维农业与工程大学	Prairie View A&M University
Tufts大学	Tufts University
京都大学	Kyoto University
蒙特克莱尔新泽西州立大学	Montclair State University
西南路易斯安那大学	University of Southwestern Louisiana
苏黎世大学	University of Zurich
西澳大利亚大学	University of Western Australia
瑞典郡议会联合会	Swedish Association of Local Authorities and Regions
马里兰大学巴尔的摩郡校区	University of Maryland, Baltimore County
阿姆斯特丹自由大学	Vrije Universiteit Amsterdam
康拉德楚泽信息技术中心	Konrad Zuse Information Technology Center
加州州立大学萨克拉门托校区	California State University, Sacramento
达姆施塔特工业大学	Technical University of Darmstadt
约克大学	York University
曼彻斯特大学	University of Manchester
Twente大学	University of Twente
昆士兰大学	University of Queensland
圣加仑大学	University of St. Gallen
伯尔尼大学	University of Bern
NTT美国股份有限公司	NTT America
Sky宽带公司	Sky Broadband
CH2M	CH2M
俄亥俄州Akron大学	University of Akron
国家科学研究院	CSTNET (China Science and Technology Network)
伊拉斯姆斯大学	Erasmus University
东京大学	University of Tokyo
Boeing	Boeing
麦克马斯特大学	McMaster University
卧龙岗大学	University of Wollongong
缅因大学	University of Maine
斯特拉斯堡第一大学	University of Strasbourg I
汉诺威大学	Leibniz Universität Hannover
柏林自由大学	Freie Universität Berlin
图卢兹大学	University of Toulouse
荷兰能源研究基金	Netherlands Energy Research Fund
联邦科学与工业研究组织	CSIRO
Sonoma州立大学	Sonoma State University
国家高能物理图书馆(KEK)	National Laboratory for High Energy Physics (KEK)
斯特拉斯克莱德大学	University of Strathclyde
阿拉巴马大学	University of Alabama
博洛尼亚大学	University of Bologna
新泽西高等网络教育	Higher Education Network of New Jersey
代尔夫特理工大学	Delft University of Technology
加利福尼亚州立大学北岭校区	California State University, Northridge
克莱姆森大学	Clemson University
阿肯色大学	University of Arkansas
东京电气通信大学	Tokyo Denki University
Honeywell	Honeywell
曼尼托巴大学	University of Manitoba
惠灵顿维多利亚大学	Victoria University of Wellington
莱特州立大学	Wright State University
加利福尼亚州立大学洛杉矶分校	California State University, Los Angeles
Grenoble大学	University of Grenoble
圣迭戈州立大学	San Diego State University
Technical_Research_Centre_of_Finland	Technical Research Centre of Finland
都灵理工大学	Politecnico di Torino
佐治亚理工学院	Georgia Institute of Technology
马克斯-普朗克等离子物理研究所	Max Planck Institute for Plasma Physics
法语鲁汶天主教大学	Université catholique de Louvain
冰岛大学	University of Iceland
教育科研网	CERNET
筑波大学	University of Tsukuba
洛桑大学	University of Lausanne
南澳大学	University of South Australia
三弗然西斯科州立大学	San Francisco State University
柏林工业大学	Berlin Institute of Technology
蒙纳士大学	Monash University
加利福尼亚州立大学	California State University
General	General
纽沙泰尔大学	University of Neuchâtel
Space_Telescope_Science_Institute	Space_Telescope_Science_Institute
阿贡国家实验室	Argonne National Laboratory
丹佛大学	University of Denver
伍斯特科技大学计算机科学系	Department of Computer Science, Worcester Polytechnic Institute
新泽西医牙大学	New Jersey Medical and Dental University
肯尼索州立大学	Kennesaw State University
布克海文国家实验室	Brookhaven National Laboratory
NOVA_TELECOM_LTDA	NOVA_TELECOM_LTDA
达特茅斯一希契科克医疗中心	Dartmouth-Hitchcock Medical Center
大西洋大学	Atlantic University
伍斯特科技大学(WPI)	Worcester Polytechnic Institute (WPI)
卢瑟福阿普尔顿实验室	Rutherford Appleton Laboratory
南密西西比大学	University of Southern Mississippi
热那亚大学	University of Genoa
庆应义塾大学	Keio University
奥克兰大区奥克兰大学	University of Auckland, Auckland Region
布朗大学	Brown University
联邦政府	Federal Government
剑桥大学Fitzwilliam学院	University of Cambridge, Fitzwilliam College
加拿大国防部	Canada Department of National Defence
肯特州立大学	Kent State University
圭尔夫大学	University of Guelph
东京工业大学	Tokyo Institute of Technology
弗罗丽达国际大学DNS服务器	Florida International University DNS Server
佛罗里达国际大学	Florida International University
乔治亚州立大学	Georgia State University
剑桥大学卡文迪许实验室超导多学科研究中心	Cavendish Laboratory Superconductivity Multidisciplinary Research Center, University of Cambridge
剑桥大学Darwin学院无线网络	University of Cambridge Darwin College Wireless Network
海军研究生学校	Naval Postgraduate School
哈佛-史密松天文物理中心	Harvard-Smithsonian Center for Astrophysics
肯恩大学	Kean University
剑桥大学材料科学与冶金系	Department of Materials Science and Metallurgy, University of Cambridge
拉筹伯大学	La Trobe University
OARnet	OARnet
罗得岛大学	University of Rhode Island
阿姆斯特朗大学	Armstrong University
Auburn大学	Auburn University
美国海军学院	United States Naval Academy
墨尔本皇家理工学院	RMIT University
美国海军信息中心	United States Navy Information Center
三一大学	Trinity University
剑桥大学唐宁学院	Downing College, University of Cambridge
埃尔朗根-纽伦堡大学	University of Erlangen-Nuremberg
蒙特雷理工大学	Monterrey Institute of Technology
费米国家加速器实验室	Fermi National Accelerator Laboratory
核物理研究所	Institute of Nuclear Physics
FX网络有限公司	FX Network Co., Ltd.
塔斯马尼亚大学	University of Tasmania
巴塞尔大学	University of Basel
明尼苏达大学德卢斯校区	University of Minnesota Duluth
内华达大学	University of Nevada
密苏里理工大学	Missouri University of Science and Technology
佐治亚大学	University of Georgia
慕尼黑工业大学	Munich University of Technology
新不伦瑞克大学	University of New Brunswick
乌特勒支大学	Utrecht University
Hydro-Quebec研究所	Hydro-Quebec Research Institute
北伊利诺斯大学	Northern Illinois University
加州理工学院	California Institute of Technology
埃因霍芬理工大学	Eindhoven University of Technology
波恩大学	University of Bonn
威斯康星大学帕克塞德校区	University of Wisconsin-Parkside
萨里大学	University of Surrey
劳伦斯伯克利国家实验室	Lawrence Berkeley National Laboratory
国家公共健康与环境部	National Ministry of Public Health and Environment
九州工业大学	Kyushu Institute of Technology
昆士兰科技大学	Queensland University of Technology
阿萨巴斯卡大学	Athabasca University
托莱多大学	University of Toledo
帕德博恩大学	University of Paderborn
史密斯大学	Smith University
伊利诺伊州南方大学	Southern Illinois University
南佛罗里达大学	University of South Florida
赫尔辛基诺基亚公司	Nokia Corporation in Helsinki
邦德大学	Bond University
Kaiserslautern大学	University of Kaiserslautern
国防军事学院	National Defense Military Academy
卡迪夫大学	Cardiff University
拉夫堡大学	Loughborough University
格林内尔学院大学	Grinnell College
国家计算机科学研究所	National Institute of Computer Science
奥柏林学院大学	Oberlin College
戴顿大学	University of Dayton
国家科技标准研究所	National Institute of Science and Technology Standards
拉瓦尔大学	Université Laval
田纳西大学	University of Tennessee
Department	Department
原子武器发展研究中心	Atomic Weapons Development Research Center
国家空间研究中心	National Space Science Center
MicrosoftAS8075任播网络全球CDN节点(WorldAnyCast)	Microsoft AS8075 Anycast Network Global CDN Node (WorldAnyCast)
Online	Online
乌帕塔尔大学	University of Wuppertal
博伊西州立大学	Boise State University
南佛罗里达大学DNS服务器	University of South Florida DNS Server
Fox_Chase癌症中心	Fox Chase Cancer Center
雷根斯堡大学	University of Regensburg
佛蒙特大学	University of Vermont
夏威夷大学	University of Hawaii
康考迪亚大学	Concordia University
麻省总医院	Massachusetts General Hospital
新罕布什尔大学	University of New Hampshire
哈根大学	Hagen University
科罗拉多大学丹佛校区	University of Colorado Denver
魁北克大学瑞姆斯基校区	Université du Québec à Rimouski
蒙特利尔大学	University of Montreal
中佛罗里达大学DNS服务器	University of Central Florida DNS Server
纽约州伊萨卡市康奈尔大学	Cornell University, Ithaca, New York
中佛罗里达大学	University of Central Florida
魁北克大学赫尔校区	Université du Québec en Outaouais
坎特伯雷大学	University of Canterbury
魁北克电视大学	Télé-université Québec
明治大学	Meiji University
俄亥俄大学	Ohio University
麦吉尔大学	McGill University
弗赖堡市弗赖堡大学	University of Freiburg, Freiburg im Breisgau
大阪大学	Osaka University
早稻田大学	Waseda University
青山学院大学	Aoyama Gakuin University
墨西哥国家自治大学	National Autonomous University of Mexico
魁北克大学三河城校区	Université du Québec à Trois-Rivières
National_Research_Council_of_Canada	National_Research_Council_of_Canada
杜伊斯堡-埃森大学	University of Duisburg-Essen
格里菲斯大学	Griffith University
和歌山大学	Wakayama University
东京理科大学	Tokyo University of Science
拜鲁特大学	Byblos University
日本大学	Japan University
莱顿大学	Leiden University
加利福尼亚州立大学Chico校区	California State University, Chico
高等商业学校	Higher Commercial School
原子能委员会	Atomic Energy Commission
帕绍大学	University of Passau
国立自治大学	National Autonomous University
魁北克大学蒙特利尔校区	Université du Québec à Montréal
大阪Kagoya	Kagoya Osaka
皮埃尔与玛丽_居里大学	Pierre and Marie Curie University
蒙特利尔工学院	Polytechnique Montreal
九州大学	Kyushu University
立命馆大学	Ritsumeikan University
YeapCloud	YeapCloud
施尔布鲁克大学	University of Siegen
Oracle_Cloud	Oracle_Cloud
魁北克大学史库蒂密校区	Université du Québec à Chicoutimi
大阪产业大学	Osaka Sangyo University
高知大学	Kochi University
东日本电信电话株式会社	NTT East
金泽大学	Kanazawa University
法政大学	Hosei University
三重大学	Mie University
美国富士通	Fujitsu America
株式会社間組	Hazama Corporation
福冈大学	Fukuoka University
山形大学	Yamagata University
琉球大学	University of the Ryukyus
工学院大学	Kogakuin University
拓殖大学	Takushoku University
Fairleigh·Dickinson大学	Fairleigh Dickinson University
静冈县立大学	University of Shizuoka
株式会社SRA	SRA Co., Ltd.
中央大学	Chuo University
Internet_Initiative_Japan	Internet Initiative Japan
香川大学	Kagawa University
京都产业大学	Kyoto Sangyo University
东洋大学	Toyo University
株式会社リコー	Ricoh Company, Ltd.
Sakura樱花云数据中心	Sakura Sakura Cloud Data Center
BIGLOBE网络宽带	BIGLOBE Network Broadband
劳伦斯·利弗莫尔国家实验室	Lawrence Livermore National Laboratory
汉堡—哈堡工业大学	Hamburg University of Technology - Harburg
岐阜大学	Gifu University
麻州大学-达特茅斯分校	University of Massachusetts - Dartmouth
阿尔弗里德·韦格纳极地与海洋研究所	Alfred Wegener Institute for Polar and Marine Research
科廷科技大学	Curtin University
华盛顿州社区大学	Washington State Community College
希捷公司	Seagate Technology
Monterey海湾研究所	Monterey Bay Research Institute
苏格兰邓迪大学	University of Dundee
里德学院	Reed College
湖西大学	Hoseo University
康斯坦茨大学	University of Konstanz
东京大学跨学科信息研究研究院	The University of Tokyo Graduate School of Interdisciplinary Information Studies
图宾根大学	University of Tübingen
ソニー株式会社	Sony Corporation
JFEシステムズ株式会社	JFE Systems Co., Ltd.
爱媛大学	Ehime University
JPNIC	JPNIC
布鲁内尔大学	Brunel University
明尼苏达州立大学曼卡多校区	Minnesota State University, Mankato
弗里堡大学	University of Fribourg
AVON公司	AVON
马凯特大学	Marquette University
巴克内尔大学	Bucknell University
亥姆霍兹柏林材料与能源研究中心	Helmholtz-Zentrum Berlin für Materialien und Energie
美因兹大学	University of Mainz
荷语天主教鲁汶大学	KU Leuven
维多利亚大学	Victoria University
纽约城市学院	City College of New York
西方大学	Western University
尤利西研究中心	Ulysses Research Center
科隆大学	University of Cologne Network
情报通信研究机构(NICT)	National Institute of Information and Communications Technology (NICT)
尼斯大学	University of Nice
乌尔姆大学	Ulm University
亚琛工业大学	RWTH Aachen University
爱达荷州立大学	Idaho State University
萨尔布吕肯大学	Saarland University
不来梅大学	University of Bremen
汉堡大学	University of Hamburg
马可斯-普朗克射电天文学院	Max Planck Institute for Radio Astronomy
北亚利桑那大学	Northern Arizona University
Max-Planck-Institute_fuer_Physik	Max-Planck-Institute_fuer_Physik
奥斯登堡大学	University of Oldenburg
Max-Planck-Institute_Stuttgart	Max-Planck-Institute_Stuttgart
杜伊斯堡艾森大学	University of Duisburg-Essen
杜塞尔多夫大学	University of Düsseldorf
国际货币基金组织	International Monetary Fund
卡尔顿大学	Carleton University
詹姆斯·麦迪森大学	James Madison University
北达科他州立大学	North Dakota State University
埃斯林根技术专业大学	Esslingen University of Applied Sciences
克姆尼茨-茨维考工业大学	Chemnitz University of Technology
Intel公司	Intel Corporation
默多克大学	Murdoch University
曼海姆大学	University of Mannheim
国立核物理和粒子物理学院	National Institute of Nuclear Physics and Particle Physics
华盛顿州立大学	Washington State University
阿斯顿大学	Aston University
加州大学长滩分校	California State University, Long Beach
BGPNet_AS64050	BGPNet_AS64050
沙田机房	Sha Tin Data Center
VeliaNet机房	VeliaNet
密苏里大学圣路易斯分校	University of Missouri-St. Louis
里尔第一大学	University of Lille 1
克莱蒙特大学联合会	Claremont University Consortium
洛特林根大学	University of Lötringen
加州州立大学海沃德分校	California State University, Hayward
Johann_Heinrich_von_Thuenen-Institute	Johann_Heinrich_von_Thuenen-Institute
西蒙斯大学	Simmons University
波鸿大学	Ruhr University Bochum
欧洲南部观测站	European Southern Observatory
物理与化学研究所	Institute of Physics and Chemistry
不伦瑞克大学	University of Brunswick
Rechen-_und_Kommunikationszentrum_der_RWTH_Aachen	Rechen-_und_Kommunikationszentrum_der_RWTH_Aachen
东华大学	Donghua University
内华达大学里诺校区	University of Nevada, Reno
Telstra宽带	Telstra Broadband
应用科学研究院	China Academy of Applied Sciences
皮埃尔与玛丽_居里－大学	Pierre and Marie Curie University
里昂第一大学	Université Claude Bernard Lyon 1
Eastman	Eastman
贝茨学院	Bates College
皇家霍洛威与贝德福德斯学院	Royal Holloway and Bedford New College
雷丁大学	University of Reading
Gallaudet大学	Gallaudet University
新泽西大学	New Jersey University
Telstra国际互联节点	Telstra International Internet Exchange Node
奥古斯塔大学	Augusta University
纽芬兰纪念大学	Memorial University of Newfoundland
布鲁塞尔自由大学	Université libre de Bruxelles
YouTube	YouTube
马萨诸塞州剑桥市长木医学区哈佛医疗研究生院	Harvard Health Graduate Institute, Longwood Medical Area, Cambridge, Massachusetts
Teale	Teale
Webpass公司	Webpass
hetzner	hetzner
北爱荷华大学	University of Northern Iowa
VPN_by_Google_One	VPN_by_Google_One
沃尔夫汉普顿大学	University of Wolverhampton
吉森大学	University of Giessen
TTCLOUD东京数据中心	TTCLOUD Tokyo Data Center
斯科兰顿大学	University of Scranton
密苏里大学堪萨斯分校	University of Missouri-Kansas City
荷兰皇家电信	KPN
福特汽车公司	Ford Motor Company
Sonic_Telecom	Sonic_Telecom
南犹他大学	Southern Utah University
路易斯维尔大学	University of Louisville
福特汽车	Ford Motor Company
美国国防部	U.S. Department of Defense
Massachusetts_Higher_Education_Computer_Network	Massachusetts_Higher_Education_Computer_Network
密利克大学	Milik University
Institut_franc_ais_de_recherche_pour_l'exploitation_de_la_mer	Institut français de recherche pour l'exploitation de la mer
马里兰大学系统	University of Maryland System
德国气候中心DKRZ	German Climate Computing Center (DKRZ)
南岸大学	South Bank University
都柏林大学圣三一学院	Trinity College Dublin
基尔大学	Keele University
特里尔大学	University of Trier
布莱德利大学	Bradley University
斯威本理工大学	Swinburne University of Technology
卡尔加里大学	University of Calgary
波多黎各大学	University of Puerto Rico
天顶电子	TianDing Electronics
都柏林城市大学	Dublin City University
阿尔弗雷德州立学院	Alfred State College
加利福尼亚大学伯克利分校	University of California, Berkeley
国立情报学研究所	National Institute of Informatics
波士顿学院	Boston College
利默里克大学	University of Limerick
纽约州立大学布法罗学院	Buffalo State College
迅达集团	Xunda Group
维滕贝格大学	University of Wittenberg
Webpass	Webpass
市政府	Municipal Government
托雷多大学	University of Toledo
Teridion数据中心	Teridion Data Center
欧洲议会	European Parliament
英特尔	Intel
韩国高等科学技术学院	Korea Advanced Institute of Science and Technology
康涅狄格学院	Connecticut College
都柏林大学学院	University College Dublin
美国天主教大学	The Catholic University of America
威斯康星大学奥克莱尔分校	University of Wisconsin-Eau Claire
新奥尔良大学	University of New Orleans
北京承启通电信节点	Beijing Chengqitong Telecom Node
美国众议院	U.S. House of Representatives
纽约州立大学坎顿学院	SUNY Canton
斯旺西大学	Swansea University
加州州立大学贝克斯菲尔德分校	California State University, Bakersfield
卡尔顿学院	Carleton College
加州水资源局	California Department of Water Resources
内布拉斯加大学奥马哈分校	University of Nebraska Omaha
伦敦国王学院	King's College London
诺瓦东南大学	Nova Southeastern University
纽约州立大学科博斯吉尔学院	SUNY Cobleskill
华沙OVH数据中心	Warsaw OVH Data Center
纽约州立大学布拉克波特学院	SUNY College at Brockport
国家航空航天实验室	National Aerospace Laboratories
瑞德福大学	Redford University
马斯特里赫特大学	Maastricht University
纽约州立大学莫里斯维尔学院	SUNY Morrisville
堪培拉大学	University of Canberra
加拿大皇家军事学院	Royal Military College of Canada
威斯康星大学麦迪逊分校	University of Wisconsin-Madison
康涅狄格大学	University of Connecticut
俄勒冈健康与科学大学	Oregon Health & Science University
阿伯丁大学	University of Aberdeen
格拉沃利讷OVH数据中心	Gravelines OVH Data Center
洛克希德·马丁公司	Lockheed Martin
威斯康星大学普拉特维尔分校	University of Wisconsin-Platteville
麦觉理大学	Macquarie University
斯特拉斯堡OVH数据中心	Strasbourg OVH Data Center
纽约州立大学哥特兰学院	SUNY Cortland
英国开放大学	The Open University
纽约州立大学德里学院	SUNY Delhi
Cloud_Valley科技有限公司	Cloud_Valley Technology Co., Ltd.
纽约州立大学波茨坦分校	SUNY Potsdam
纽约州立大学奥斯威戈学院	State University of New York at Oswego
新加坡国立大学	National University of Singapore
西悉尼大学	Western Sydney University
科尔比学院	Colby College
爱德华王子岛大学	University of Prince Edward Island
斯克里普斯研究所	The Scripps Research Institute
哈特福德大学	University of Hartford
纽约州立大学纽柏兹分校	State University of New York at New Paltz
纽约州立大学普拉茨堡学院	SUNY Plattsburgh
西门子公司	Siemens AG
加州大学圣迭戈分校	University of California, San Diego
加州州立大学富勒顿分校	California State University, Fullerton
瓦赫宁恩大学	Wageningen University
罗斯-豪曼理工学院	Rose-Hulman Institute of Technology
韦伯州立大学	Weber State University
克里夫兰州立大学	Cleveland State University
渥太华大学	University of Ottawa
华盛顿与李大学	Washington and Lee University
波音公司	Boeing Company
不列颠哥伦比亚大学	University of British Columbia
壳牌公司	Shell
IFSTTAR	IFSTTAR
大峡谷大学	Grand Canyon University
维也纳经济大学	Vienna University of Economics and Business
纽约州立大学老韦斯特伯利学院	State University of New York College at Old Westbury
慕尼黑联邦国防军大学	Universität der Bundeswehr München
查理斯特大学	Charles Sturt University
法国气象局	Météo-France
克里斯托弗新港大学	Christopher Newport University
洪堡州立大学	Humboldt State University
佩珀代因大学	Pepperdine University
巴黎高等电信学校	Télécom ParisTech
法明代尔州立学院	Farmingdale State College
加州教育网络计划公司	California Education Network Program Company
斯伦贝谢有限公司	Schlumberger Limited
澳大利亚核科学技术组织	Australian Nuclear Science and Technology Organisation
詹姆斯·库克大学	James Cook University
汉普顿大学	Hampton University
美国内政部	U.S. Department of the Interior
阿拉斯加大学	University of Alaska
伯明翰南方学院	Birmingham-Southern College
威廉姆斯学院	Williams College
马尔堡大学	University of Marburg
华盛顿州西雅图Choopa数据中心	Choopa Data Center in Seattle, Washington
南达科塔州立大学	South Dakota State University
Chaney_Systems	Chaney_Systems
华威大学	University of Warwick
美国喷气动力试验室	U.S. Jet Propulsion Laboratory
内布拉斯加大学医学中心	University of Nebraska Medical Center
洛克希德·马丁	Lockheed Martin
赫瑞瓦特大学	Heriot-Watt University
纽约州立大学杰纳苏分校	SUNY Geneseo
塞纳公司	Sena Company
温莎大学	University of Windsor
甲骨文机房	Oracle Data Center
澳大利亚医药科学家协会	Australian Association of Pharmaceutical Scientists
纽约州立大学卫生科学中心-布鲁克林	State University of New York Health Science Center at Brooklyn
加州大学河滨分校	University of California, Riverside
马德里理工大学	Polytechnic University of Madrid
oracle	oracle
宽频网络有限公司	Broadband Network Co., Ltd.
凯尼恩大学	Kenyon University
阿拉巴马大学-伯明翰	University of Alabama at Birmingham
奥格斯堡大学	University of Augsburg
卡特彼勒	Caterpillar
查尔斯达尔文大学	Charles Darwin University
mdtelecom公司	MDTelecom
弗劳恩霍夫协会	Fraunhofer Society
威斯康星大学	University of Wisconsin
扩罗拉多矿业大学	Colorado School of Mines
城市大学	City University
北科罗拉多大学	University of Northern Colorado
MountAllison大学	Mount Allison University
伊利诺州立大学	Illinois State University
中央昆士兰州大学	Central Queensland University
马里兰州圣玛莉大学	St. Mary's College of Maryland
凯尼休斯大学	Canisius University
伦敦大学	University of London
圣诺伯特大学	St. Norbert College
康考迪亚学院大学	Concordia College University
欧洲科学计算研究中心	European Centre for Scientific Computing Research
气象和地球动力学中央研究院	Central Institute for Meteorology and Geodynamics
特拉华技术与社区学院大学	Delaware Technical Community College
纽约州立大学帝国学院	State University of New York Empire State College
那慕尔大学	University of Namur
中央理工学院	Central Institute of Technology
新布伦瑞克大学	University of New Brunswick
Phillips石油公司	Phillips Petroleum Company
马德里科技大学	Technical University of Madrid
悉尼科技大学	University of Technology Sydney
旧金山大学	University of San Francisco
巴斯大学	University of Bath
利物浦大学	University of Liverpool
HostRoyale	HostRoyale
瑞士电子与微科技中心	Swiss Center for Electronics and Microtechnology
路易斯安那理工大学	Louisiana Tech University
圣安德鲁斯大学	University of St Andrews
海军网络	PLA Navy Network
ULL-TW	ULL-TW
cdn77	cdn77
世界银行	World Bank
因斯布鲁克大学	University of Innsbruck
克兰菲尔德大学	Cranfield University
Canadian_Space_Agency	Canadian_Space_Agency
蒙特霍利约克大学	Mount Holyoke College
国家农业研究所	National Institute of Agricultural
哈姆莱大学	Hamline University
圣安德鲁斯大学留学生公寓	University of St Andrews International Student Residence
TPG电信	TPG Telecom
霍华德大学	Howard University
国家空间开发署	National Space Development Agency
德州基督教大学	Texas Christian University
新西兰怀阿里奇理工大学	Waiariki Institute of Technology
布鲁克大学	Brock University
Fundacao_para_a_Computacao_Cientifica_Nacional	Foundation for National Scientific Computing
QUANTIL(网宿)CDN节点	QUANTIL(ChinaNetCenter) CDN Node
威廉玛丽学院大学	College of William & Mary
应用科学研究机构	Applied Science Research Institute
盖提斯堡大学	Gettysburg College
东伊利诺斯大学	Eastern Illinois University
得克萨斯大学卫生科学中心-休斯顿	University of Texas Health Science Center at Houston
天主教大学	Catholic University
南昆士兰大学	University of Southern Queensland
卡尚高等师范学校	Kashan Higher Normal School
Lasalle大学	Lasalle University
鲍登大学	Bowdoin College
古斯塔夫阿道尔夫大学	Gustavus Adolphus University
马赛第二大学	Aix-Marseille University
迪金大学	Deakin University
科威特大学	Kuwait University
俄克拉何马州立大学	Oklahoma State University
得克萨斯农工大学金斯维尔分校	Texas A&M University-Kingsville
曼克顿大学	Manhattan University
GitHub	GitHub
爱治伍德大学	Edgewood College
北京首都在线(CDS)国际互联节点	Beijing Capital Online (CDS) International Interconnection Node
北佛罗里达大学	University of North Florida
太平洋电信(深圳)有限公司	Pacific Telecom (Shenzhen) Co., Ltd.
力通网络(首都在线)	Powercom Network (Capital Online)
印第安纳州立大学	Indiana State University
斯特灵大学	University of Stirling
Linode数据中心	Linode
GitHub公司	GitHub
拉法耶特大学	University of Louisiana at Lafayette
工研院	Industrial Technology Research Institute
东英吉利大学	University of East Anglia
约翰开普勒林茨大学	Johannes Kepler University Linz
微软(中国)有限公司	Microsoft (China) Co., Ltd.
Datability	Datability
埃迪斯科文大学	Edith Cowan University
伦敦城市大学	London Metropolitan University
资策会	Institute for Information Industry
North_America_United	North_America_United
高等师范学校	Higher Normal School
卡罗大学	Cairo University
里雅斯特大学	University of Trieste
克里特大学	University of Crete
北京首都在线科技股份有限公司电信数据中心	Beijing Capital Online Technology Co., Ltd. Telecom Data Center
台湾科技大学	National Taiwan University of Science and Technology
烈日国立大学	Lirong National University
汉诺威克劳斯达尔大学	Clausthal University of Technology
三线IDC机房	Triple-Line IDC Data Center
辛克莱社区大学	Sinclair Community College
大同股份有限公司	Datong Co., Ltd.
贝塞尔大学	Baylor University
加州大学圣贝纳迪诺校区	California State University, San Bernardino
台湾中央大学	National Central University
伍斯特大学	University of Worcester
威斯康星大学RiverFalls校区	University of Wisconsin-River Falls
比尔肯特大学	Bilkent University
台北科技大学	National Taipei University of Technology
台湾政治大学	National Chengchi University
台湾海洋大学	National Taiwan Ocean University
高雄师范大学	Kaohsiung Normal University
台湾中山大学	National Sun Yat-sen University
辅英科技大学	Fooyin University
台湾屏东科技大学	National Pingtung University of Science and Technology
苏塞克斯大学	University of Sussex
台湾中正大学	National Chung Cheng University
台湾中兴大学	National Chung Hsing University
台中启聪学校	Taichung School for the Deaf
文藻外语大学	Wenzao Ursuline University of Languages
正修科技大学	Cheng Shiu University
义守大学	I-Shou University
市立崇伦国民中学	Chonglun Municipal Junior High School
立左营高级中学	Lizuoying Senior High School
高雄应用科技大学	Kaohsiung University of Applied Sciences
台湾云林科技大学	National Yunlin University of Science and Technology
市立四育国民中学	Si-Yu Municipal Junior High School
私立明道高级中学	Private Mingdao High School
市立黎明国民中学	Municipal Limin Junior High School
东海大学	Tunghai University
高雄大学	National University of Kaohsiung
市立双十国民中学	Shuang-Shih Junior High School
台中荣民总医院	Taichung Veterans General Hospital
市立大墩国民中学	Municipal Dadun National Middle School
中山医学大学	Chung Shan Medical University
市立崇德国民中学	Chongde Municipal Junior High School
台湾师范大学	National Taiwan Normal University
市立大德国民中学	Shili Dade National Middle School
市立北新国民中学	Shili Beixin Junior High School
市立居仁国民中学	Municipal Liren Junior High School
市立向上国民中学	Municipal Xiangshang National Middle School
市立忠明高级中学	Shili Zhongming Senior High School
市立西苑高级中学	Shili Xiyuan Senior High School
市立立人国民中学	Municipal Liren National Middle School
市立安和国民中学	Anhe Municipal Junior High School
市立大业国民中学	Civic Dayeh National High School
南屯区大墩国民小学	Nantun District Dadun Elementary School
东区台中国民小学	East District Taichung Elementary School
天主教静宜大学	Providence University
市立汉口国民中学	Municipal Hankou National Middle School
市立至善国民中学	Municipal Zhishan National Middle School
澎湖县政府教育处	Penghu County Government Education Department
市立光明国民中学	Guangming Municipal Junior High School
中区光复国民小学	Chungkuang Guangfu National Elementary School
东区成功国民小学	Dongqu Chenggong National Elementary School
市立三光国民中学	Municipal Sankuang National Junior High School
市立东山中学国中部	Dongshan Middle School (Junior High)
市立东峰国民中学	Municipal Dongfeng Junior High School
市立中山国民中学	Kaohsiung Municipal Zhongshan Junior High School
市立万和国民中学	Municipal Wanhe National Middle School
市立育英国民中学	Municipal Yu Ying National Middle School
市立五权国民中学	Municipal Wuquan Junior High School
西区中正国民小学	Xiqu Zhongzheng National Primary School
西区忠明国民小学	Xi Qu Zhong Ming National Elementary School
北屯区文心国民小学	Wunxin Elementary School, Beitun District
东区乐业国民小学	Dongqu Leye National Elementary School
南区和平国民小学	Nanheping Elementary School
北区省三国民小学	North District Provincial Third National Elementary School
南区国光国民小学	Nan Guo Guang National Elementary School
北屯区大坑国民小学	Beitun District Dakeng Elementary School
北屯区北屯国民小学	Beitun Elementary School
西区大同国民小学	Datong Elementary School, West District
西屯区何厝国民小学	Xitun District Hecuo National Elementary School
北屯区建功国民小学	Beitun District Jiangong Elementary School
东区力行国民小学	East District Lixing National Elementary School
南屯区黎明国民小学	Nantun District Liming National Elementary School
南屯区大新国民小学	Datong Elementary School, Nantun District
南屯区东兴国民小学	Nantun District Dongxing Elementary School
南屯区南屯国民小学	Nantun District Nantun Elementary School
北屯区文昌国民小学	Beitun District Wenchang National Elementary School
西区大勇国民小学	Xiqu Dayong National Elementary School
西屯区上石国民小学	Xitun District Shangshi National Elementary School
北屯区四张犁国民小学	Beitun District Sizhangli National Elementary School
北屯区军功国民小学	Beitun District Jungong Elementary School
南屯区文山国民小学	Wenshan Elementary School, Nantun District
北屯区新兴国民小学	Beitun District Xinxing National Elementary School
西区忠孝国民小学	Xiqu Zhongxiao National Primary School
北屯区松竹国民小学	Songzhu Elementary School, Beitun District
北屯区侨孝国民小学	Beitun District Qiaoxiao National Elementary School
南屯区惠文国民小学	Nantun District Huiwen Elementary School
南区信义国民小学	Nanguo Xinyi National Primary School
北区中华国民小学	North District Zhonghua National Elementary School
东区大智国民小学	Dongqu Dazhi National Elementary School
西屯区上安国民小学	Xitun District Shang'an National Elementary School
北区赖厝国民小学	North District Laicuo Elementary School
南屯区永春国民小学	Nantun District Yongchun Elementary School
北区太平国民小学	Beiqu Taiping National Elementary School
西屯区泰安国民小学	Xitun District Tai'an National Elementary School
市立福科国民中学	Municipal Fuke National High School
西屯区长安国民小学	Xitun District Chang'an Elementary School
西屯区永安国民小学	Xitun District Yongan National Elementary School
东区进德国民小学	Dongqu Jinde National Primary School
北区立人国民小学	North District Liren National Elementary School
台中特殊教育学校	Taichung Special Education School
国防大学	National Defense University
大同技术学院	Datong Institute of Technology
西屯区惠来国民小学	Xitun District Huilai National Elementary School
台北护理健康大学	National Taipei University of Nursing and Health Sciences
稻江科技暨管理学院	Toko University
北屯区东光国民小学	Dongguang Elementary School
台湾师范大学附属高级中学	Taiwan Normal University High School
台湾虎尾科技大学	National Formosa University
南区树义国民小学	Nan Qu Shu Yi National Elementary School
台北商业大学	Taipei University of Business
西屯区西屯国民小学	Xitun District Xitun Elementary School
北屯区四维国民小学	BeiTun District Siwei Elementary School
西屯区大鹏国民小学	Xitun District Dapeng Elementary School
私立葳格双语中小学小学部	Private WAGOR Bilingual Elementary School, Elementary Department
西屯区大仁国民小学	Xitun District Daren National Elementary School
崇仁医护管理专科学校	Chung Jen College of Nursing, Health Science and Management
北区健行国民小学	Jianxing Elementary School (North District)
环球科技大学	Global University of Science and Technology
华夏科技大学	Huaxia University of Science and Technology
台中教育大学附设实验国民小学	Taichung Municipal Experimental Elementary School Affiliated with National Taichung University of Education
私立协和祐德高级中学	Private Concord Yude Senior High School
北屯区仁美国民小学	North District Jen Mei Elementary School
竹林中学	Zhulin Middle School
台南大学	National University of Tainan
美国国会图书馆	Library of Congress
真理大学	Aletheia University
丹尼森大学	Denison University
台湾阳明大学	National Yang Ming University
中科实验高级中学	Zhongke Experimental High School
德明财经科技大学	Takming University of Science and Technology
逢甲大学	Feng Chia University
威斯康辛大学白水分校	University of Wisconsin-Whitewater
中华民国高级中等学校体育总会	Republic of China High School Sports Federation
美洲大学	American Universities
元智大学	Yuan Ze University
台北海洋技术学院	Taipei College of Maritime Technology
中国文化大学	CCU (Chinese Culture University)
大同大学	Datong University
辅仁大学	Fu Jen Catholic University Network
中原大学	Chung Yuan Christian University
NTT(美国)股份有限公司	NTT America, Inc.
中华民国学生棒球运动联盟	Chinese Taipei Student Baseball Sports Federation
印第安纳大学布鲁明顿分校	Indiana University Bloomington
拉玛尔大学	Lamar University
致理科技大学	Chihlee University of Technology
信息科学研究院	Information Science Research Institute
圣玛丽大学明尼苏达分院	Saint Mary's University of Minnesota
私立育仁国民小学	Private Yuren National Elementary School
德保尔大学	DePaul University
国家研究委员会	National Research Council
私立能仁高级家事商业职业学校	Private Nengren Senior Home Economics and Commercial Vocational School
道格拉斯学院	Douglas College
俄勒冈州大学网	University of Oregon Network
圣安东尼奥大学	University of San Antonio
圣·托马斯大学	University of St. Thomas
西华盛顿大学	Western Washington University
东北俄亥俄大学医学院	North Eastern Ohio Universities College of Medicine
GSI_赫蒙霍兹重离子研究中心	GSI_Helmholtz Centre for Heavy Ion Research
邦润网络	Bangrun Network
阿里云VIPDNS_Anycast节点	Alibaba Cloud VIPDNS Anycast Node
克拉克大学	Clark University
圣凯瑟琳女子大学	St. Catherine University
Serverstack公司	Serverstack
法兰克福大学	Frankfurt University
北京网云无限科技有限公司(三线)	Beijing Cloud Network Unlimited Technology Co., Ltd. (Triple-Line)
贵安新区电信天翼云计算数据中心	China Telecom Tianyi Cloud Computing Data Center, Gui'an New District
国家天文台	National Astronomical Observatories
Gemeinsames_Netzwerkzentrum_Fritz_Haber_Institut	Gemeinsames_Netzwerkzentrum_Fritz_Haber_Institut
NTT通信公司WebARENA	NTT Communications WebARENA
柏林洪堡大学	Humboldt University of Berlin
阿里云全球Anycast节点	Alibaba Cloud Global Anycast Node
Maricopa社区大学	Maricopa Community Colleges
班贝克大学	University of Bambeck
曼海姆应用技术大学	Mannheim University of Applied Sciences
北俄亥俄大学	University of North Ohio
首都在线电信数据中心(BGP)	Capital Online Telecom Data Center (BGP)
圣文森山大学	Mount Saint Vincent University
Technicolor_SA	Technicolor_SA
阿伦高等专业学院	Aalen University of Applied Sciences
安贝格-魏登高等专业学院_安贝格-魏登高等专业学院	Amberg-Weiden University of Applied Sciences
美国MCI通信服务有限公司(韦里孙商业Verizon_Business)BGP网络	MCI Communications Services, Inc. (Verizon Business) BGP Network
明德大学	Middlebury College
德累斯顿工业大学	Dresden University of Technology
科布伦茨-郎道大学	University of Koblenz-Landau
路德维希堡财政与公共管理大学	Ludwigsburg University of Finance and Public Administration
康奈尔大学医学院	Weill Cornell Medicine
戈尔威大学	University of Galway
康斯坦茨应用技术大学	HTWG Konstanz
耶拿大学	Friedrich Schiller University Jena
Astrophysikalisches_Institute_Potsdam	Astrophysikalisches_Institute_Potsdam
齐陶	China Tietong
夏瑞蒂医学院	Charité Medical School
应用科技大学	University of Applied Sciences
合作教育大学	Cooperative Education University
罗森海姆高等专业学院	University of Applied Sciences Rosenheim
格莱夫瓦德大学	University of Greifswald
海尔布隆应用技术大学	Heilbronn University of Applied Sciences
Hochschule_fuer_Technik	Hochschule_fuer_Technik
莱比锡技术、经济和文化学院	Leipzig University of Applied Sciences (HTWK Leipzig)
普福尔茨海姆高等专业学院	Pforzheim University of Applied Sciences
哈勒-维腾贝格马丁路德大学	Martin Luther University Halle-Wittenberg
德累斯顿技术与经济学院	Dresden University of Technology and Economics
IT_Shared_Service_Center_EMEA	IT_Shared_Service_Center_EMEA
德国联邦物理技术研究院	Physikalisch-Technische Bundesanstalt (PTB)
伊尔姆瑙理工大学	Ilmenau University of Technology
科特布斯工业大学	Cottbus University of Technology
茨维考西萨克森应用科技大学	University of Applied Sciences Zwickau
福特旺根应用科技大学	Furtwangen University of Applied Sciences
BBB_Management_GmbH_Campus_Berlin-Buch	BBB_Management_GmbH_Campus_Berlin-Buch
奥格斯堡专业大学	Augsburg Technical University of Applied Sciences
锡根大学	University of Siegen
柏林技术经济应用技术大学	Berlin University of Technology and Economics
Leibniz-Rechenzentrum	Leibniz-Rechenzentrum
Hessische_Zentrale_fuer_Datenverarbeitung	Hessische_Zentrale_fuer_Datenverarbeitung
密特委达技术与经济学院	Mitte Commission of Technology and Economics College
汉诺威医学院	Hannover Medical School
波茨坦大学	University of Potsdam
爱希思代特天主教大学	Ashford University
巴登符腾堡双元制应用技术大学	Duale Hochschule Baden-Württemberg
Anstalt_des_oeffentlichen_Rechts	Anstalt_des_oeffentlichen_Rechts
阿尔布施塔特-锡格马林根高等专业学院	Albstadt-Sigmaringen University of Applied Sciences
Northern_Ireland_Health_and_Personal_Social_Services	Northern_Ireland_Health_and_Personal_Social_Services
弗里德里希-亚历山大-埃朗根-纽伦堡大学	Friedrich-Alexander-Universität Erlangen-Nürnberg
State_of_Maine	State_of_Maine
奥芬堡应用科学大学	Offenburg University of Applied Sciences
瑞尔森大学	Ryerson University
National_Institute_of_Nuclear_Physics	National_Institute_of_Nuclear_Physics
estnoc数据中心	ESTNOC Data Center
Telefonaktiebolaget_LM_Ericsson	Telefonaktiebolaget_LM_Ericsson
图卢兹第一大学	Université Toulouse 1 Capitole
宾利大学	Bentley University
Tinet国际网络	Tinet International Network
巴里迪大学	Bari University
Pratt_&_Whitney_Canada_Inc	Pratt_&_Whitney_Canada_Inc
达姆施塔特高等专科学院大学	Darmstadt University of Applied Sciences
Lloyds_Bank_Plc	Lloyds_Bank_Plc
麦卡利斯特大学	McAllister University
Cirrus_Logic_Inc.	Cirrus Logic Inc.
圣弗朗西斯泽维尔大学	St. Francis Xavier University
Canadian_Utilities	Canadian_Utilities
Hewlett-Packard_Company	Hewlett-Packard_Company
普利茅斯大学	University of Plymouth
印度尼西亚大学	Indonesia University
National_Center_for_Supercomputing_Applications	National_Center_for_Supercomputing_Applications
ORCE_Systems_Softwared_BV	ORCE_Systems_Softwared_BV
吕贝克大学	University of Lübeck
Agilent_Technologies	Agilent_Technologies
Moody's_Investors_Service	Moody's_Investors_Service
Gesellschaft_fuer_Informationsverarbeitung	Gesellschaft_fuer_Informationsverarbeitung
Department_of_Transport_and_Communications	Department of Transport and Communications
CH2M_HILL	CH2M_HILL
Daimler_AG	Daimler_AG
乔治敦大学	Georgetown University
Susquehanna_Investment_Group	Susquehanna_Investment_Group
纽伦堡应用技术大学	University of Applied Sciences Nürnberg
Credence_Systems_Corporation	Credence_Systems_Corporation
新奥尔良洛约拉大学	Loyola University New Orleans
FESTO_KG	FESTO_KG
UPM-Kymmene_Oyj	UPM-Kymmene_Oyj
Network_of_Sulzer_International	Network_of_Sulzer_International
Headquarters	Headquarters
County_of_Yolo	County_of_Yolo
AXA_Financial	AXA_Financial
里士满大学	University of Richmond
阿勒格尼大学	Allegheny University
Telstra_Internet	Telstra_Internet
Oracle_Corporation	Oracle_Corporation
Fujitsu_Invia_Oy	Fujitsu_Invia_Oy
TOKYOK	TOKYOK
佐治亚南方大学	Georgia Southern University
STN_ATLAS_Elektronik_GmbH	STN_ATLAS_Elektronik_GmbH
L-3_Communications_Corporation	L-3_Communications_Corporation
Gemeinde_Wien	Gemeinde_Wien
HEALTH_NET_INC	HEALTH_NET_INC
萨尔兹堡大学	University of Salzburg
Lockheed_Martin_Corporation	Lockheed_Martin_Corporation
RF_Engineering	RF_Engineering
SALOMONLAN	SALOMONLAN
Teradata	Teradata
Teradata_Operations	Teradata_Operations
爱德华州国家实验室	Idaho National Laboratory
孟菲斯大学	University of Memphis
Fluor_Enterprises	Fluor_Enterprises
Port_of_Rotterdam	Port_of_Rotterdam
PPG_Industries	PPG_Industries
Texas_Department_of_Information_Resources	Texas_Department_of_Information_Resources
The_Industrial_Bank_of_Japan_-_New_York_Branch	The_Industrial_Bank_of_Japan_-_New_York_Branch
American_Cyanamid	American_Cyanamid
浦项工科大学	Pohang University of Science and Technology
斯基德莫尔大学	Skidmore College
密歇根大学医学中心	Michigan Medicine
Sonera_Carrier_Networks_Ltd	Sonera_Carrier_Networks_Ltd
Wandel_&_Goltermann	Wandel & Goltermann
密歇根大学	University of Michigan
Computer_Associates_International	Computer Associates International
奥古斯堡大学	Augsburg University
Cellco_Partnership_DBA_Verizon_Wireless	Cellco_Partnership_DBA_Verizon_Wireless
TOTAL_S_A	TOTAL_S_A
Michelin_Manufacture_Francaise	Michelin_Manufacture_Francaise
金斯顿大学	Kingston University
奥克兰大学	University of Auckland
中密歇根大学	Central Michigan University
British_Aerospace_PLC	British_Aerospace_PLC
The_Orange_County_Register	The_Orange_County_Register
Omaha_Public_Power_District	Omaha_Public_Power_District
韦恩州立大学	Wayne State University
EPANET	EPANET
Barclays_Capital	Barclays_Capital
维也纳农业大学	University of Natural Resources and Life Sciences, Vienna
纽约州立大学弗雷德尼亚学院	State University of New York at Fredonia
PEG_TECH公司	PEG_TECH
莱瓦顿北方大学	NHL Stenden University of Applied Sciences
密歇根理工大学	Michigan Technological University
西密歇根大学	Western Michigan University
VolumeDrive股份有限公司	VolumeDrive Co., Ltd.
BIM	BIM
温哥华社区大学	Vancouver Community College
Sigma_Aldrich_Corporation	Sigma_Aldrich_Corporation
Hawaiian_Telcom_Services_Company	Hawaiian_Telcom_Services_Company
South_Florida_Water_Management_District	South_Florida_Water_Management_District
Province_of_British_Columbia	Province_of_British_Columbia
里贾纳大学	University of Regina
威斯康辛大学奥斯哥斯校区	University of Wisconsin Oshkosh
MeteoSchweiz	MeteoSchweiz
SynOptics_Communications	SynOptics_Communications
OVHcloud	OVHcloud
佩鲁贾大学	University of Perugia
莱斯布里奇大学	University of Lethbridge
General_Atomic	General_Atomic
国家图书档案馆	National Library of China and Archives
圣力嘉学院	Seneca College
布兰登大学	Brandon University
谢尔丹学院	Sheridan College
卡普顿大学	Cape Breton University
西蒙菲莎大学	Simon Fraser University
Nobis技术集团有限公司Ubiquity菲尼克斯数据中心	Nobis Technology Group Co., Ltd. Ubiquity Phoenix Data Center
The_Industrial_Bank_of_Japan_-_International	The_Industrial_Bank_of_Japan_-_International
荷兰学院	Netherlands Academy
贝德福德海洋学研究所	Bedford Institute of Oceanography
Bell网络	Bell Network
Datashack公司	Datashack company
康尼斯托佳学院	Conestoga College
哥伦比亚大学医院	Columbia University Hospital
沙省应用科技大学	Saskatchewan Polytechnic
加拿大国家研究院	National Research Council Canada
落基大学	Rocky University
拉塞特学院	Rassat College
西北社区大学	Northwest Community College
汉博大学	Hanbo University
皇家山大学	Mount Royal University
劳伦森大学	Laurentian University
温尼伯大学	University of Winnipeg
莫霍克学院	Mohawk College
布拉德福德大学	University of Bradford
南亚伯塔理工学院大学	Southern Alberta Institute of Technology University
北英属哥伦比亚大学	University of Northern British Columbia
pontoinfonet公司	Ponto Infonet Company
伊利诺伊州长州立大学	Governors State University
南大河联邦大学	Federal University of Rio Grande do Sul
西佛罗里达大学	University of West Florida
Cancer_Research_institute	Cancer Research Institute
英属哥伦比亚理工大学	British Columbia Institute of Technology
康宁社区大学	Corning Community College
Bell电信	Bell Telecom
xTOM网络Anycast节点	xTOM Network Anycast Node
谢菲尔德哈莱姆大学	Sheffield Hallam University
劳伦斯大学	Lawrence University
西伊利诺伊斯大学	Western Illinois University
纽约技术大学	New York Institute of Technology
桑佛弗雷明爵士学院	Sir Sandford Fleming Academy
圣劳伦斯学院	St. Lawrence College
詹姆士敦社区大学	Jamestown Community College
格拉茨大学	Karl-Franzens-Universität Graz
沃尔姆斯应用技术大学	University of Applied Sciences Worms
杰克逊州立大学	Jackson State University
BGP_NET	BGP_NET
圣斯考拉斯蒂卡大学	St. Scholastica's College
海勒姆大学	Hiram University
瑞盆大学	Ruipen University
约翰卡罗尔大学	John Carroll University
得克萨斯大学安德森肿瘤中心	University of Texas MD Anderson Cancer Center
波切夫斯特鲁姆大学	Potchefstroom University
威斯康星大学绿湾分校	University of Wisconsin-Green Bay
莱斯特大学	University of Leicester
软银电信公司	SoftBank Telecom Corp.
软银电信公司DNS服务器	SoftBank Telecom DNS Server
香港科技大学	The Hong Kong University of Science and Technology
美国医学院协会	Association of American Medical Colleges
国立科克大学	University College Cork
Muskingum_College	Muskingum_College
奥古斯塔那大学	Augustana University
美国国会	US Congress
Advanced_Institute_of_Science_and_Technology	Advanced Institute of Science and Technology
Linkedin领英	LinkedIn
Scottish_Agricultural_&_Biological_Research_Institutes	Scottish_Agricultural_&_Biological_Research_Institutes
克拉根福大学	University of Klagenfurt
瓦瑟大学	University of Wasse
加州州立大学圣马科斯分校	California State University San Marcos
阿肯色医科大学	University of Arkansas for Medical Sciences
佐治亚理工大学	Georgia Institute of Technology
安特卫普大学	University of Antwerp
罗玛琳达大学医学中心	Loma Linda University Medical Center
DELL公司	DELL Company
拉什大学医学中心	Rush University Medical Center
霍恩海姆大学	University of Hohenheim
CloudFront(CDG3)节点	CloudFront(CDG3) node
谢菲尔德大学	University of Sheffield
Oracle云厂商	Oracle Cloud
乌得勒支大学	Utrecht University
西切大学	Xiqie University
迪克西犹他州州立大学	Dixie State University
中央州立大学	Central State University
贝尔法斯特皇后大学	Queen's University Belfast
统计局	Bureau of Statistics
夸祖鲁－纳塔尔大学	University of KwaZulu-Natal
皮马县社区大学	Pima County Community College
奥地利科技部	Austrian Ministry of Science and Technology
威斯康辛大学斯托特分校	University of Wisconsin-Stout
中东技术大学	Middle East Technical University
宾州印第安纳大学	Indiana University of Pennsylvania
斯诺大学	Snow University
密尔斯大学	Mills College
东尤他大学	Eastern Utah University
弗吉尼亚军事大学	Virginia Military Institute
盐湖城社区大学	Salt Lake Community College
伯洛伊特大学	Beloit College
亚特兰大大学	Atlanta University
南太平洋大学	University of the South Pacific
威尔士阿伯斯威大学	Aberystwyth University
那不勒斯费德里克二世大学	University of Naples Federico II
奥斯汀州立大学	Austin State University
达拉斯社区大学	Dallas College
挪威管理大学	Norway Management University
Launceston	Launceston
阿肯色大学小石城分校	University of Arkansas at Little Rock
Hetnzer数据中心	Hetzner Data Center
Pump_Cloud数据中心	Pump_Cloud Data Center
BuyVM数据中心	BuyVM Data Center
墨尔本皇家理工大学	RMIT University
马里兰州罗耀拉大学	Loyola University Maryland
胡德大学	Hood University
康奈尔文理大学	College of Arts and Sciences at Cornell University
Big_Brain数据中心	Big_Brain Data Center
索尔福德大学	University of Salford
威尔伯格斯大学	Wilburges University
国立材料科学研究所	NIMS
俄亥俄州湘尼州立大学	Shawnee State University
香港城市大学	City University of Hong Kong
国家科学院	CSTNET
圣罗曼雪佛龙德士古公司	San Roman ChevronTexaco Company
Kurchatov原子能研究所	Kurchatov Institute of Atomic Energy
内布拉斯加州立大学科尼分校	University of Nebraska at Kearney
Red大学	Red University
布拉格经济大学	Prague University of Economics and Business
天文台	Observatory
联邦研究中心	Federation Research Center
威斯特敏斯特大学	University of Westminster
威尔克斯大学	Wilkes University
Sprintlink通信公司	Sprintlink Communications Company
阿姆斯特丹大学	University of Amsterdam
伦敦大学计算机中心	University of London Computer Centre
UK_Defence_Science_and_Technology_Laboratory	UK_Defence_Science_and_Technology_Laboratory
Laboratorio_Nacional_de_Computacao_Cientifica	Laboratorio_Nacional_de_Computacao_Cientifica
苏黎世医院大学	Zurich University Hospital
密苏里州立大学	Missouri State University
Office_National_d'Etudes_et_de_Recherches_Aerospatiales	Office_National_d'Etudes_et_de_Recherches_Aerospatiales
布赫斯技术大学	Bucharest University of Technology
纽约城市大学	City University of New York
卡拉马祖大学	Kalamazoo University
纽约市立大学研究生院和大学中心	The City University of New York Graduate School and University Center
布达佩斯考文纽斯大学	Corvinus University of Budapest
ATX网络	ATX Network
东华盛顿大学	Eastern Washington University
南伊利诺斯大学艾德华兹维尔分校	Southern Illinois University Edwardsville
NetDNA公司CDN节点	NetDNA CDN Node
金山大学	Jinshan University
Fraunhofer_IGD研究院	Fraunhofer_IGD
帝国理工大学	Imperial College London
Pachosting	Pachosting
Sprint电信公司网络	Sprint
马萨诸塞大学医学院	University of Massachusetts Medical School
亨特学院大学	Hunter College University
Spark通讯	Spark Communications
维尔京群岛大学	University of the Virgin Islands
纳皮尔大学	Napier University
智利天主教大学	Pontificia Universidad Católica de Chile
德蒙福特大学	De Montfort University
怀俄明州社区大学	Wyoming Community College
东方海外货柜航运有限公司	Orient Overseas Container Line
自由州大学	University of the Free State
宾州州立大学	Penn State University
西奈山医科大学	Mount Sinai School of Medicine
霍夫斯特拉大学	Hofstra University
布达佩斯大学	Budapest University
埃克赛特大学	University of Exeter
圣地亚哥州立大学	San Diego State University
荷兰船舶研究所	Netherlands Ship Research Institute
威得恩大学	Widener University
Broadmeadows技术教育大学	Broadmeadows College of Technical and Further Education
香港大学	The University of Hong Kong
美利坚大学	American University
Brooklyn_College	Brooklyn_College
AT&T_Broadband_Network_Solutions	AT&T_Broadband_Network_Solutions
迈阿密达德大学	Miami Dade College
Sail_Internet	Sail_Internet
里约热内卢联邦大学	Federal University of Rio de Janeiro
原子能研究院	China Institute of Atomic Energy
宾州爱丁堡大学	Pennsylvania State University at Edinboro
贝尔格莱德大学	University of Belgrade
卢塞恩技术与建筑大学	Lucerne University of Applied Sciences and Arts
克里特科技大学	Technical University of Crete
瑞士西北高等专业学院大学	University of Applied Sciences and Arts Northwestern Switzerland
桥水大学	Qiaoshui University
克里特教育技术大学	Technological Educational Institute of Crete
比尤纳维斯特大学	Buena Vista University
RMIT大学	RMIT University
雅典国家技术大学	National Technical University of Athens
数学研究所	Institute of Mathematics
伯尔尼应用科学大学	Bern University of Applied Sciences
首尔国立大学	Seoul National University
RENATER	RENATER
摩海德州立大学	Morehead State University
巴伦西亚大学	University of Valencia
加泰罗尼亚理工大学	Polytechnic University of Catalonia
托马斯杰斐逊大学	Thomas Jefferson University
威尔士班戈大学	Bangor University
圣玛利大学	Saint Mary's University
伯明翰大学	University of Birmingham
International_Institute_for_Applied_Systems_Analysis	International Institute for Applied Systems Analysis
So_Net娱乐网络	So_Net Entertainment Network
地中海理工大学	Mediterranean Polytechnic University
赫特福德大学	University of Hertfordshire
帕多瓦大学	University of Padua
野村综合研究所	Nomura Research Institute
马德里康普顿斯大学	Complutense University of Madrid
斯洛伐克技术大学	Slovak University of Technology
迪西尔斯大学	Dixies University
兰德大学	Land University
科学院	Chinese Academy of Sciences Network
旧金山城市大学	San Francisco City University
国家高级技术学院	National Advanced Technology Institute
伊萨卡大学	Ithaca University
Jerusalem理工大学	Jerusalem University of Technology
诺基亚公司	Nokia Corporation
Savvis通讯公司	Savvis Communications
东南路易斯安娜大学	Southeastern Louisiana University
艾尔比奥大学	AlbiO University
芝加哥洛约拉大学	Loyola University Chicago
龚萨格大学	Gonzaga University
诺奎斯特学院	Norquest College
阿肯色州立大学	Arkansas State University
筑波技术短期大学	Tsukuba College of Technology
丹佛都市州立大学	Metropolitan State University of Denver
鲍尔州立大学	Ball State University
克瑞顿大学	Creighton University
法国–新阿基坦–吉伦特–波尔多第二大学	France - Nouvelle-Aquitaine - Gironde - Bordeaux II University
哈特威克大学	Hartwick College
伟谷州立大学	Grand Valley State University
TM_Net	TM_Net
都柏林理工大学	Dublin Institute of Technology
Kosice技术大学	Kosice University of Technology
雷曼大学	Lehman University
BBTEC数据中心	BBTEC Data Center
Oracle_Datenbanksysteme	Oracle_Datenbanksysteme
长岛大学	Long Island University
KFKI核物理研究所	KFKI Research Institute for Nuclear Physics
兰卡斯特大学	Lancaster University
马利斯特大学	Marist University
Guadalajara大学	University of Guadalajara
达斯伯里实验室	Dasbury Lab
圣心大学	Sacred Heart University
DATAPLUGS-TW	DATAPLUGS-TW
墨西哥科技理事会	Mexican Council of Science and Technology
Guanajuato大学	University of Guanajuato
密尔沃基地区技术大学	Milwaukee Area Technical College
大都会自治大学	Metropolitan Autonomous University
COLIMA自治大学	University of Colima
NEROCLOUD_LTD	NEROCLOUD_LTD
墨西哥理工自治大学	Instituto Tecnológico Autónomo de México
Secretaria_de_Educacion_e_Investigacion_Tecnologic委员会	Secretaria de Educacion e Investigacion Tecnologic Committee
国立理工大学	National Institute of Technology
布鲁姆斯堡大学	Bloomsburg University
CHIHUAHUA自治大学	Autonomous University of Chihuahua
Queretaro自治大学	Universidad Autónoma de Querétaro
ZACATECAS大学	ZACATECAS University
Anahuac大学	Anahuac University
Puebla自治大学	Autonomous University of Puebla
Sinaloa自治大学	Autonomous University of Sinaloa
AGUASCALIENTES自治大学	AGUASCALIENTES AUTONOMOUS UNIVERSITY
华雷斯城自治大学	Universidad Autónoma de Ciudad Juárez
Guadalajara_Jesuita大学	Guadalajara_Jesuita University
安默斯特大学	Amherst College
Baja_California自治大学	Autonomous University of Baja California
Nuevo_Leon自治大学	Universidad Autónoma de Nuevo León
Yucatan自治大学	Autonomous University of Yucatan
Coahuila自治大学	Autonomous University of Coahuila
强生公司	Johnson & Johnson
PSI	PSI
San_Nicolas大学	San_Nicolas University
Tabasco自治大学	Universidad Juárez Autónoma de Tabasco
Estado自治大学	Universidad Autónoma del Estado
Regiomontana大学	Regiomontana University
Monterrey大学	University of Monterrey
道林大学	Daolin University
圣约翰大学	St. John's University
科尔盖特大学	Colgate University
Sonora大学	University of Sonora
Estudios_Avanzados_调查中心	Estudios_Avanzados_Research_Center
Tlaxcala大学	Tlaxcala University
Tamaulipas自治大学	Autonomous University of Tamaulipas
Chiapas自治大学	Universidad Autónoma de Chiapas
Guadalajara自治大学	Guadalajara Autonomous University
Uninet	Uninet
MORELOS自治大学	Universidad Autónoma del Estado de Morelos
Verecruzana大学	Verecruzana University
San_Luis_Potosi自治大学	Autonomous University of San Luis Potosi
Rayadah_Investment_Joint_Stock_Company	Rayadah_Investment_Joint_Stock_Company
纽约州立理工大学	State University of New York Polytechnic Institute
Nacional_de_Mexico银行	Banco Nacional de Mexico
CDNetworks公司CDN节点	CDNetworks CDN Node
圣文德大学	St. Bonaventure University
联合大学	Associated University
圣约翰费舍尔大学	St. John Fisher University
艾尔弗雷德大学	Alfred University
Liverpool公共图书馆	Liverpool Public Library
ISC	ISC
Backwaves	Backwaves
新学院大学	New School University
宾汉姆顿大学	Binghamton University
NPO_G-net	NPO_G-net
班科街大学	Banke Street University
曼哈顿大学	Manhattan University
米兰-比可卡大学	University of Milano-Bicocca
加州大学洛杉基分校	University of California, Los Angeles
广岛修道大学	Hiroshima Shudo University
阿里巴巴	Alibaba
STARCLOUD	STARCLOUD
Klas_Telecom数据中心	Klas_Telecom Data Center
EDIS数据中心	EDIS Datacenter
薛顿贺尔大学	Seton Hall University
Seneca	Seneca
卡罗理工大学	Carroll Polytechnic University
田纳西理工大学	Tennessee Technological University
academic_centre_in_Southern_Poland	Academic Centre in Southern Poland
生物技术与生物科学研究委员会_(BBSRC)	Biotechnology and Biological Sciences Research Council (BBSRC)
维也纳医科大学	Medical University of Vienna
北维多利亚拉筹伯大学	La Trobe University, North Victoria
加利福尼亚圣玛丽大学	Saint Mary's College of California
维嫩山拿撒勒大学	Wenenshan Nazareth University
神户大学	Kobe University
冈山理科大学	Okayama University of Science
GMO_Cloud	GMO_Cloud
威廉姆帕特森大学	William Paterson University
OPTAGE通讯公司mineo数据上网公共出口	OPTAGE Communications
卫斯理女子大学	Wesleyan College
OPTAGE公司K&K公司ablenet数据中心	OPTAGE K&K ablenet Data Center
康乃狄格大学	University of Connecticut
学习院大学	Gakushuin University
林肯大学	Lincoln University
兵库教育大学	Hyogo University of Teacher Education
K_Opticom通讯	K_Opticom Communications
福坦莫大学	Fordham University
冈山大学	Okayama University
Telegram数据中心	Telegram Data Center
陆军信息系统司令部	Army Information Systems Command
卡尤加族社区大学	Cayuga Community College
曼彻斯特城市大学	Manchester Metropolitan University
国家技术创新基金会	National Technological Innovation Foundation
石川县能美北陆先端科学技术大学院大学(JAIST)	Ishikawa Nomi Japan Advanced Institute of Science and Technology (JAIST)
大阪教育大学	Osaka Kyoiku University
立教大学	Rikkyo University
蒙大拿大学	University of Montana
莫霍克谷社区大学	Mohawk Valley Community College
印第安纳大学普渡大学韦恩堡分校	Indiana University–Purdue University Fort Wayne
SourceForge缓存08of25亚太南internode节点	SourceForge Cache 08 of 25 Asia Pacific South Internode Node
Tokai大学	Tokai University
扬斯敦州立大学	Youngstown State University
ceranetworks	ceranetworks
爱尔兰国立大学	National University of Ireland
门罗县社区大学	Monroe County Community College
峰鸟云计算高防数据中心	Fengniao Cloud Computing High Defense Data Center
GMO互联网公司	GMO Internet Group
创价大学	Soka University
路易克拉克大学	Lewis & Clark College
密苏里大学	University of Missouri
纽约州立大学理工学院	SUNY Polytechnic Institute
亚利桑那大学图书馆	University of Arizona Library
深圳万岁网络科技有限公司香港电信国际数据中心	Shenzhen Wansui Network Technology Co., Ltd. Hong Kong Telecom International Data Center
东卡罗来纳州立大学	East Carolina University
巴鲁克大学	Baruch University
国家研究理事会	National Research Council
印第安那波里大学-印第安那大学与普渡大学联合大学	Indiana University-Purdue University Indianapolis
利物浦约翰摩尔大学	Liverpool John Moores University
宇航研究所	Institute of Aerospace Research
宾州医科大学	Pennsylvania Medical University
佛洛伦萨大学	University of Florence
赫尔大学	University of Hull
澳大利亚国立大学	Australian National University
大学医院	University Hospital
杜鲁门州立大学	Truman State University
艾柏林基督大学	Abilene Christian University
罗文大学	Rowan University
八户工业大学	Hachinohe Institute of Technology
梅西大学	Massey University
北京百度网讯科技有限公司BGP网络	Beijing Baidu Netcom Science Technology Co., Ltd. BGP Network
密苏里西方大学	Missouri Western University
马德里自治大学	Autonomous University of Madrid
靠谱云电信机房	China Telecom Kaopuyun Data Center
Polish_Academy_of_Science	Polish_Academy_of_Science
明尼亚波里艺术与设计大学	Minneapolis College of Art and Design
哈德逊谷社区学院	Hudson Valley Community College
北卡罗来纳州立大学	North Carolina State University
So_net娱乐网络	So_net Entertainment Network
Fastly节点	Fastly
设拉子大学	Shiraz University
Tomorin	Tomorin
Yuusei	Yuusei
StackPath节点	StackPath
Salesforce节点	Salesforce Node
汉密尔顿大学	Hamilton University
GARR	GARR
安达卢西亚计算机科学中心	Andalusian Center of Computer Science
互联互通科技有限公司兆维IDC机房(朝阳区酒仙桥路6号院1号楼)	Hulianhutong Technology Co., Ltd. Zhaowei IDC Room (Building 1, Yard 6, Jiuxianqiao Road, Chaoyang District)
Domeneshop	Domeneshop
坎贝尔大学	Campbell University
北卡罗来纳州立大学格林波若分校	University of North Carolina at Greensboro
沙特电信公司	Saudi Telecom Company
维克森林大学医学中心	Wake Forest University Baptist Medical Center
北卡农工州立大学	North Carolina A&T State University
维克森林大学	Wake Forest University
温斯顿沙伦州立大学	Winston-Salem State University
三角研究大学	Research Triangle Institute
费耶特维尔州立大学	Fayetteville State University
东南密苏里州立大学	Southeast Missouri State University
意大利电信	Telecom Italia
北卡罗来纳州教育网	North Carolina Research and Education Network
北卡罗来纳大学夏洛特分校	University of North Carolina at Charlotte
北卡莱罗纳大学威明顿分校	University of North Carolina Wilmington
北卡罗莱纳大学艾塞维利亚分校	University of North Carolina at Asheville
橄榄山大学	Olive Mountain University
北卡罗来纳州中央大学	North Carolina Central University
阿巴拉契亚州立大学	Appalachian State University
北卡罗莱纳大学彭布鲁克分校	University of North Carolina at Pembroke
樵威尔大学	Qiaoweier University
北卡罗来纳州大学教堂山分校	University of North Carolina at Chapel Hill
StackpathCDN_Anycast节点	StackpathCDN_Anycast node
北卡罗来纳州达勒姆市杜克大学	Duke University, Durham, North Carolina
Vodafone	Vodafone
夏洛特皇后大学	University of the Queen Charlotte
李斯-麦克莱大学	Reese-McLellan University
埃伦大学	Ellen University
Oracle(Zenedge)	Oracle(Zenedge)
萧尔大学	Xiao'er University
加州大学戴维斯分校	University of California, Davis
西卡罗莱纳大学	Western Carolina University
3COM公司企业网	3COM Corporate Network
北卡罗来纳大学格林斯博罗分校	University of North Carolina at Greensboro
布达佩斯技术与经济大学	Budapest University of Technology and Economics
oracle云	Oracle Cloud
诺丁汉特伦特大学	Nottingham Trent University
梅雷迪斯大学	Meredith University
南安普敦大学	University of Southampton
戴维逊大学	Davidson University
江南大学	CERNET
中部皮德蒙特社区大学	Central Piedmont Community College
提塞德大学	Teesside University
Centro_Brasileiro_de_Pesquisas_Fisicas	Centro_Brasileiro_de_Pesquisas_Fisicas
加德纳-韦伯大学	Gardner-Webb University
卡托巴大学	Catawba College
里约联邦大学	Federal University of Rio de Janeiro
ARNES网络	ARNES
奥斯汀应用材料公司	Austin Applied Materials
瓦尔帕索大学	Valparaiso University
古巴电信公司	ETECSA
拉珀斯维尔技术大学	Rapperswil University of Technology
阿尔弗雷德王子医院	Prince Alfred Hospital
昆士兰医疗研究所	Queensland Institute of Medical Research
格勒诺布尔第一大学	Joseph Fourier University
国立洛林综合理工大学	National Polytechnic Institute of Lorraine
中信国际电讯	CITIC Telecom International
孟买腾讯云	Tencent Cloud Mumbai
Temasek_Polytechnic(淡马锡理工学院)	Temasek_Polytechnic
坦佩雷大学	University of Tampere
康塞普森大学	University of Concepcion
蒙大拿州立大学	Montana State University
太平洋路德大学	Pacific Lutheran University
电信数据上网公共出口	China Telecom Data Internet Public Exit
美国EdgeCast公司CDN节点	EdgeCast CDN Node USA
北京百度网讯科技有限公司联通节点	Beijing Baidu Netcom Science Technology Co., Ltd. China Unicom Node
OCN(NTT)	OCN(NTT)
凯尔文大学	Kelvin University
查尔斯顿大学	College of Charleston
中央密苏里州立大学	University of Central Missouri
Messiah_College	Messiah_College
维拉诺瓦大学	Villanova University
康涅狄格大学健康中心	University of Connecticut Health Center
SoftLayer网络中心	SoftLayer Network Center
la_manoubamanouba	la_manoubamanouba
洛杉矶习梦云高防节点	Los Angeles Xi Meng Yun High Defense Node
medenineben_gardane	medenineben_gardane
DIX	DIX
Malagasy电信	Malagasy Telecom
DIX(GMOCloud)	DIX(GMOCloud)
哥但斯克工业大学	Gdansk University of Technology
富希尔社区大学	Foothill College
贵州白山云科技股份有限公司联通节点	Guizhou Baishan Cloud Technology Co., Ltd. - China Unicom Node
云外科技香港CN2数据中心	Yunwai Technology Hong Kong CN2 Data Center
安柏瑞德航空航天大学	Embry-Riddle Aeronautical University
沙田数据中心	Sha Tin Data Center
吉萨·阿维西姆	Giza Avishim
义安理工大学	Yian Ligong Daxue
香港安畅机房	Anchorage Hong Kong Data Center
南洋理工大学	Nanyang Technological University
AS134365	AS134365
KAGOYA数据中心	KAGOYA Data Center
香港欧路云	Hong Kong Cloud Road
Ansheng_Network_Technology	Ansheng Network Technology
tunis	tunis
路易斯安那州立大学医学中心	LSU Health Sciences Center
萨洛尼卡大学	University of Thessaloniki
加州州立大学	California State University
巴布森大学	Babson College
威顿大学	Weidun University
CTG凌梦云节点	CTG Lingmeng Cloud Node
联邦快递公司	FedEx
富兰克林与马歇尔大学	Franklin & Marshall College
摩德纳大学	University of Modena
汉斯科姆空军基地麻省理工学院林肯实验室	Hanscom Air Force Base MIT Lincoln Laboratory
丹那法波肿瘤研究所	Tan Tock Seng Hospital
沙田爱网互联	Shatian Aiwang Hulian
Cloudinnovation数据中心	Cloudinnovation Data Center
SonderCloud_Limited	SonderCloud_Limited
Cloudinnovation	Cloudinnovation
Symantec_Corporation赛门铁克公司	Symantec_Corporation
佛多斯大学医学研究中心	Fodos University Medical Research Center
加州州立大学DNS服务器	California State University DNS Server
香港欧路云CN2	CN2 of Hk Euro Cloud
华纳云	Huanayun
GMOCloud(DIX)	GMOCloud(DIX)
Hong_Kong_Communications_International	Hong_Kong_Communications_International
Ege大学	Ege University
堡垒军事大学	Fortress Military University
HNCloud(AS140227)	HNCloud(AS140227)
萨拉哥萨大学	University of Zaragoza
国立庆北大学	Kyungpook National University
帝国大学	Imperial University
航空航天技术中心	Aerospace Technology Center
ZEYOND-GLOBAL	ZEYOND-GLOBAL
闪盾安全加速节点	Shield Security Acceleration Node
CN2	CN2
密尔瓦基工大学	Milwaukee School of Engineering
西利西亚大学	University of Silesia
凌梦云CN2节点	Lingmengyun CN2 Node
斯蒂文斯理工大学	Stevens Institute of Technology
赛基诺州立大学	Saginaw Valley State University
oppobox数据中心	Oppobox Data Center
惠灵顿理工大学	Wellington Institute of Technology
库兹塔大学	Koç University
奥维耶多大学	University of Oviedo
航天航空研究中心	Aerospace Research Center
Choops数据中心	Choops Data Center
卫奇塔州立大学	Wichita State University
弗吉尼亚联合大学	Virginia Commonwealth University
撒丁岛发展研究中心	Sardinia Development Research Center
埃塞克斯大学	University of Essex
里昂中央理工大学	École Centrale de Lyon
奥克兰市理工大学	Auckland University of Technology
Etisalat	Etisalat
公立大学法人大阪	Osaka Metropolitan University
NeuStar公司DNS服务器	NeuStar DNS Server
NeuStar公司	NeuStar
ABCDE_Group_Company_Limited	ABCDE_Group_Company_Limited
壹盾安全防御节点	Yidun Security Defense Node
石油研究院	Petroleum Research Institute
Temple大学	Temple University
AS62468	AS62468
NII	NII
NeuStar公司UltraDNS节点	UltraDNS node of NeuStar
Net_One	Net_One
Windows_Azure数据中心	Windows Azure Data Center
NeuStar网络ULTRADNS全球Anycast节点	NeuStar Network ULTRADNS Global Anycast Node
圣迭戈市官网	City of San Diego Official Website
弗尔曼大学	Furman University
松下电器产业株式会社	Panasonic Corporation
FastLink_Network	FastLink_Network
维罗纳大学	University of Verona
国际电信联盟	International Telecommunication Union
深圳市腾讯计算机系统有限公司联通节点	China Unicom node of Shenzhen Tencent Computer System Co., Ltd.
Bell_新不伦瑞克大学	Bell_University of New Brunswick
Layerhost	Layerhost
哥伦比亚长老教会医学中心	Columbia Presbyterian Medical Center
茨城大学	Ibaraki University
宇部开拓大学	Ube Frontier University
FREEBEST数据中心	FREEBEST Data Center
东弗吉尼亚医科大学	Eastern Virginia Medical School
巴斯德研究所	Institut Pasteur
帝京大学	Teikyo University
Windows_Azure西欧数据中心	Windows Azure Western Europe Data Center
曼斯菲尔德大学	Mansfield University
MekongNet	MekongNet
骏河台大学	Surugadai University
原子能研究所	Atomic Energy Research Institute
中部大学	Chubu University
巴利亚多利德大学	University of Valladolid
Microsoft_Azure西欧数据中心	Microsoft_Azure Western Europe
汝拉地区高等专业大学	University of Upper Alsace
拉普兰塔理工大学	Lappeenranta University of Technology
帝京科学大学	Teikyo University of Science
AsahiNet	AsahiNet
东京学艺大学	Tokyo Gakugei University
辐射效应研究基金会	Radiation Effects Research Foundation
联合国	United Nations
GMO互联网公司ConoHa数据中心DNS服务器	GMO Internet Group ConoHa Data Center DNS Server
Fundacao_Oswaldo_Cruz	Fundação Oswaldo Cruz
GMO互联网数据中心	GMO Internet
津山工业高等専门学校	Tsuyama National College of Technology
国家科学研究中心	CNRS
科克理工大学	Cork Institute of Technology
室兰工业大学	Muroran Institute of Technology
Synaptics公司	Synaptics
奥克拉荷马大学	University of Oklahoma
上海识致信息科技	Shanghai ShiZhi Information Technology
东肯塔基大学	Eastern Kentucky University
罗兰科技大学	Roland University of Science and Technology
东北学院大学	Tohoku Gakuin University
丽泽大学	Reitaku University
樱花互联网数据中心	Sakura Internet Data Center
Ca_Foscari大学	Ca' Foscari University
Verizon公司	Verizon
布宜诺斯艾利斯大学	University of Buenos Aires
网宿CDN节点	Wangsu CDN Node
根特大学	Ghent University
西弗吉尼亚大学	West Virginia University
HoloNet	HoloNet
威廉雷尼哈颇大学	William Rainey Harper College
Highmark公司	Highmark
Siminn公司	Siminn
西里西亚工业大学	Silesian University of Technology
Coles公司	Coles
网宿科技有限公司CDN节点	ChinaNetCenter CDN Node
Kabardino-Balkarian_State大学	Kabardino-Balkarian State University
桑德兰大学	University of Sunderland
网宿CDN亚特兰大节点	Wangsu CDN Atlanta Node
IUAV大学	IUAV University
网宿科技有限公司节点	Wangsu Science & Technology Co., Ltd. Node
洛斯安第斯大学	University of Los Andes
三星系统数据有限公司BGP节点	Samsung System Data Co., Ltd. BGP Node
网宿CDN西雅图节点	Wangsu CDN Seattle Node
尼古拉哥白尼大学	Nicolaus Copernicus University
马萨诸塞大学波士顿校区	University of Massachusetts Boston
瓦伦西亚理工大学	Polytechnic University of Valencia
贝克大学	Backer University
基恩州立大学	Keene State College
洛约拉玛莉蔓特大学	Loyola Marymount University
乔治亚州医科大学	Medical College of Georgia
Willamette大学	Willamette University
TTC	TTC
SharkTech	SharkTech
泰国农业大学	Kasetsart University
澳大利亚海事大学	Australian Maritime University
巴黎电信管理学院	Institute Mines-Télécom Business School
埃斯特拉马度拉大学	University of Extremadura
加州大学宾州分校	University of California
摩根州立大学	Morgan State University
帕沃尔约瑟夫瑟法里大学	Pavol Jozef Šafárik University
萨姆休斯顿州立大学	Sam Houston State University
奥斯特拉瓦矿业技术大学	VSB – Technical University of Ostrava
西盆斯贝格大学	Shippensburg University
密德萨斯大学	Middlesex University
柯美纽斯大学	Comenius University
科研网	CERNET
国立信息学研究所	National Institute of Informatics
大阪燃气信息系统研究所有限公司	Osaka Gas Information System Research Institute Co., Ltd.
乌迪内大学	University of Udine
巴塞罗那自治大学	Universitat Autònoma de Barcelona
葡萄牙天主教大学	Portuguese Catholic University
圣地亚哥大学	University of San Diego
科罗拉多州立大学普韦布洛分校	Colorado State University Pueblo
新泽西州大学	State University of New Jersey
林雪平大学医院	Linköping University Hospital
Zilina大学	Zilina University
伦敦政治经济大学	London School of Economics and Political Science
Tata基础研究院	Tata Institute of Fundamental Research
伦敦国王大学	King's College London
香港浸会大学	Hong Kong Baptist University
海岸社区大学	Coastal Community College
厄勒姆大学	Earlham University
国立高等矿业大学	National Higher School of Mines
普莱茅斯州立大学	Plymouth State University
dubna_university	dubna_university
EXOSCALE云计算数据公司	EXOSCALE Cloud Computing Data Company
软银(SoftBank)电信数据中心DNS服务器	SoftBank Telecom Data Center DNS Server
Vincennes大学	Vincennes University
瓦尔帕莱索天主教大学	Pontificia Universidad Católica de Valparaíso
古河电器工业股份公司	Furukawa Electric Co., Ltd.
里昂第二大学	Université Lumière Lyon 2
陶格夫匹尔斯大学	Daugavpils University
帕拉茨基大学	Palacký University
软银(SoftBank)电信数据中心	SoftBank Telecom
伦敦大学戈德史密斯学院	Goldsmiths, University of London
关西大学	Kansai University
VUE公司	VUE company
Mikrotik公司	Mikrotik
Simon_Bolivar大学	Simón Bolívar University
Infor公司旗下罗盛软件股份有限公司	Lawson Software, Inc., a subsidiary of Infor
艺电公司(EA_Games)	EA Games
中国科学院科技政策与管理科学研究所	Institute of Policy and Management, Chinese Academy of Sciences
阿肯色大学松崖分校	University of Arkansas at Pine Bluff
中国科学院计算技术研究所	Institute of Computing Technology, Chinese Academy of Sciences
EDIS_Infrastructure香港机房	EDIS_Infrastructure Hong Kong IDC
中国科学院声学研究所	Institute of Acoustics, Chinese Academy of Sciences
科学院网	CSTNET
中国科学院光电研究院	Institute of Optics and Electronics, Chinese Academy of Sciences
北京理工大学网络中心	Beijing Institute of Technology Network Center
中国科学院物理研究所	Institute of Physics, Chinese Academy of Sciences
中国科学院空间科学与应用中心	Center for Space Science and Applied Research, Chinese Academy of Sciences
中国科学院计算机网络信息中心	Computer Network Information Center, Chinese Academy of Sciences
中国科学院化学研究所	Institute of Chemistry, Chinese Academy of Sciences
中国科学院电子学研究所	Institute of Electronics, Chinese Academy of Sciences
中国科学院工程热物理研究所	Institute of Engineering Thermophysics, Chinese Academy of Sciences
中国科学院力学研究所	Institute of Mechanics, Chinese Academy of Sciences
中国科学院计算技术研究所京西综合楼	Institute of Computing Technology, Chinese Academy of Sciences, Jingxi Comprehensive Building
国家遥感应用工程技术研究中心	National Engineering Research Center for Remote Sensing Applications
中国科学院紫金山天文台	Purple Mountain Observatory, Chinese Academy of Sciences
中国科学院长春分院	Changchun Branch of Chinese Academy of Sciences
中国科学院西双版纳热带植物园	Xishuangbanna Tropical Botanical Garden, Chinese Academy of Sciences
中国科学院南京分院	Nanjing Branch of Chinese Academy of Sciences
中国科学院上海分院	Chinese Academy of Sciences Shanghai Branch
中国科学院水土保持研究所	Institute of Soil and Water Conservation, Chinese Academy of Sciences
中国科学院南京地理与湖泊研究所	Nanjing Institute of Geography and Limnology, Chinese Academy of Sciences
中国科学院南京地质古生物研究所	Nanjing Institute of Geology and Palaeontology, Chinese Academy of Sciences
中国科学院广州能源研究所	Guangzhou Institute of Energy Conversion, Chinese Academy of Sciences
中国科学院数学与系统科学研究院数学机械化研究中心	Center for Mathematics Mechanization, Academy of Mathematics and Systems Science, Chinese Academy of Sciences
中国科学院数学研究所	Institute of Mathematics, Chinese Academy of Sciences
中国科学院自动化研究所	Institute of Automation, Chinese Academy of Sciences
中国科学院东北地理与农业生态研究所	Northeast Institute of Geography and Agroecology, Chinese Academy of Sciences
中国科学院南京土壤研究所	Institute of Soil Science, Chinese Academy of Sciences
中国科学院地球化学研究所	Institute of Geochemistry, Chinese Academy of Sciences
中国科学院昆明动物研究所	Kunming Institute of Zoology, Chinese Academy of Sciences
中国科学院广州分院	Guangzhou Branch of Chinese Academy of Sciences
中国科学院武汉病毒研究所	Wuhan Institute of Virology, Chinese Academy of Sciences
中国科学院过程工程研究所	Institute of Process Engineering, Chinese Academy of Sciences
中国科学院动物研究所	Institute of Zoology, Chinese Academy of Sciences
中国科学院长沙大地构造研究所	Changsha Institute of Geotectonics, Chinese Academy of Sciences
中国科学院青海盐湖研究所	Qinghai Institute of Salt Lakes, Chinese Academy of Sciences
中国科学院海洋研究所研究生公寓	Graduate Apartment of Institute of Oceanology, Chinese Academy of Sciences
中国科学院山西煤炭化学研究所	Shanxi Institute of Coal Chemistry, Chinese Academy of Sciences
中国科学院生物物理研究所	Institute of Biophysics, Chinese Academy of Sciences
中国科学院兰州化学物理研究所	Lanzhou Institute of Chemical Physics, Chinese Academy of Sciences
中国科学院新疆生态与地理研究所	Xinjiang Institute of Ecology and Geography, Chinese Academy of Sciences
中国科学院武汉分院	Wuhan Branch, Chinese Academy of Sciences
中国科学院新疆理化技术研究所	Xinjiang Technical Institute of Physics and Chemistry, Chinese Academy of Sciences
科学院网用户	CSTNET
中国科学院西安分院	Xi'an Branch of Chinese Academy of Sciences
中国科学院昆明植物研究所	Kunming Institute of Botany, Chinese Academy of Sciences
农业现代化所	Institute of Agricultural Modernization
中国科学院成都生物研究所	Chengdu Institute of Biology, Chinese Academy of Sciences
科技信息网	China Science and Technology Information Network
中国科学院理论物理研究所	Institute of Theoretical Physics, Chinese Academy of Sciences
中国科学院西北高原生物研究所	Northwest Plateau Institute of Biology, Chinese Academy of Sciences
中国科学院大连化学物理研究所	Dalian Institute of Chemical Physics, Chinese Academy of Sciences
中国科学院福建物质结构研究所	Fujian Institute of Research on the Structure of Matter, Chinese Academy of Sciences
广州能源研究所(五山)	Guangzhou Institute of Energy Conversion (Wushan)
中国科学院亚热带农业生态研究所	Institute of Subtropical Agriculture, Chinese Academy of Sciences
中国科学院测量与地球物理研究所	Institute of Geodesy and Geophysics, Chinese Academy of Sciences
科技网骨干网节点	CSTNET Backbone Node
中国科学院生态环境研究中心	Research Center for Eco-Environmental Sciences, Chinese Academy of Sciences
中国科学院地质与地球物理研究所	Institute of Geology and Geophysics, Chinese Academy of Sciences
中国科学院武汉病毒研究所病毒生化学科组	CAS Wuhan Institute of Virology, Viral Biochemistry Group
中国科学院新疆分院	Xinjiang Branch of Chinese Academy of Sciences
中国科学院兰州分院	Lanzhou Branch of Chinese Academy of Sciences
combahton公司	Combahton Company
SKbroadband	SK Broadband
樱花网络数据中心	Sakura Network Data Center
黑龙江农业现代化所	Heilongjiang Institute of Agricultural Modernization
自由大学	Free University
力通网络	Litong Network
Longwood大学	Longwood University
中国科学院光电技术研究所	Institute of Optics and Electronics, Chinese Academy of Sciences
中国科学院水生生物研究所	Institute of Hydrobiology, Chinese Academy of Sciences
中嘉和信联通节点	China Unicom Node of Zhongjiahexin
中国科学院成都有机化学研究所	Chengdu Institute of Organic Chemistry, Chinese Academy of Sciences
fes-meknestaza	fes-meknestaza
富山大学	University of Toyama
戴尔	Dell
guelmim-oued_noun(eh-partial)tan-tan	guelmim-oued_noun(eh-partial)tan-tan
rabat-sale-kenitrasale	Rabat-Sale-Kenitra
纳瓦拉大学	University of Navarra
中国科技网国技互联节点	CSTNET Guoji Interconnection Node
中国科学院成都分院	Chengdu Branch of the Chinese Academy of Sciences
查德隆州立学院	Chadron State College
中国科学院长春光学精密机械与物理研究所	Changchun Institute of Optics, Fine Mechanics and Physics, Chinese Academy of Sciences
巴特勒大学	Butler University
利兹贝克特大学	Leeds Beckett University
西佐治亚大学	University of West Georgia
西南学院大学	Southwest University
LinkChina_Telecom_Global	LinkChina_Telecom_Global
NTT大浦数据中心	NTT Oura Data Center
奇珀瓦峡谷技术学院	Chippewa Valley Technical College
西南大学	Southwest University
beni-mellal-khenifraboumia	beni-mellal-khenifraboumia
史密森尼学会	Smithsonian Institution
The_Art_Institutes_International	The_Art_Institutes_International
海于克兰大学医院	Haukeland University Hospital
国际原子能机构	International Atomic Energy Agency
伦敦大学玛利皇后学院	Queen Mary University of London
伊斯坦布尔理工大学	Istanbul Technical University
赛格德大学	University of Szeged
犹他谷州立大学	Utah Valley University
葛罗斯摩特学院	Grossmont College
云外科技日本–东京都CN2数据中心	Cloudwai Technology Japan - Tokyo CN2 Data Center
西肯塔基大学	Western Kentucky University
澳门大学	University of Macau
云外科技东京TDC安畅数据中心	Yunwai Technology Tokyo TDC Anchang Data Center
伊斯坦布尔科技大学	Istanbul Technical University
坦佩雷大学医院	Tampere University Hospital
冰岛国立大学医院	Landspitali University Hospital
中央理工-高等电力学院	Centralesupélec
林奇堡大学	University of Lynchburg
赫德斯菲尔大学	University of Huddersfield
巴塞罗那大学	Universidad de Barcelona
巴西航空技术学院大学	Instituto Tecnológico de Aeronáutica
中田纳西州立大学	Middle Tennessee State University
瓦贝希大学	Wabash College
威斯敏斯特大学	University of Westminster
CCSI_Crystal_Computer_Systems	CCSI_Crystal_Computer_Systems
CENTRO_DE_PESQUISAS_DE_ENERGIA_ELETRICA_(ELECTRICA	CENTRO_DE_PESQUISAS_DE_ENERGIA_ELETRICA_(ELECTRICA
牛津布鲁克斯大学	Oxford Brookes University
阿肯色中央大学	University of Central Arkansas
Erie医学中心	Erie Medical Center
堪培拉科技大学	Canberra Institute of Technology
中国石油天然气集团	China National Petroleum Corporation
田纳西州DNS服务器	Tennessee DNS Server
得克萨斯韦科技术大学	Texas State Technical College Waco
Korea_Institute_of_Science_and_Technology	Korea_Institute_of_Science_and_Technology
东伦敦大学	University of East London
中国移动国际有限公司	China Mobile International Limited
50Network	50Network
IDC_WIKI	IDC_WIKI
Laos_Mobile_Communications_Sole	Laos_Mobile_Communications_Sole
SERPRO_-_Servico_de_Processamento_de_Dados	SERPRO - Servico de Processamento de Dados
得梅因地区社区大学	Des Moines Area Community College
加那利天体物理大学	Canary Islands Institute of Astrophysics
Dropbox数据中心	Dropbox Data Center
科威特科学研究院	Kuwait Institute for Scientific Research
费里斯州立大学	Ferris State University
朱拉隆功大学	Chulalongkorn University
卡斯提亚-拉曼彻大学	University of Castilla-La Mancha
Dyn(Oracle)节点	Dyn (Oracle)
密苏里大学哥伦比亚分校	University of Missouri - Columbia
蒙彼利埃大学	University of Montpellier
rixCloud(FMT01)边缘节点	rixCloud (FMT01) Edge Node
MOACK_Co_LTD	MOACK_Co_LTD
乔治华盛顿大学	George Washington University
Aceville(腾讯全资子公司)	Aceville (Tencent wholly owned subsidiary)
Dropbox	Dropbox
CloudFlare	CloudFlare
Database_By_Design数据中心	Database_By_Design Data Center
Google云	Google Cloud
拉卡邦先皇技术大学	King Mongkut's Institute of Technology Ladkrabang
三角州大学	Delta State University
萨格勒布中央计算大学	University Computing Centre of Zagreb
华瑞云	Huarui Cloud
Zerolag数据中心	Zerolag Data Center
花旗银行	Citibank
67CatalystHost	67CatalystHost
Total_Server_Solutions	Total_Server_Solutions
Zerolag	Zerolag
证券交易委员会	Securities and Exchange Commission
奥尔良大学	University of Orleans
云镭科技香港新网络数据中心BGP节点	Yunlei Technology Hong Kong New Network Data Center BGP Node
LeaseWeb(WDC01)数据中心	LeaseWeb(WDC01) Data Center
Dropbox骨干网	Dropbox Backbone Network
法国计算机科学大学	France Computer Science University
中国联通国际互联节点	China Unicom International Internet Exchange Node
SoftLayer	SoftLayer
拉普拉塔国立大学	National University of La Plata
新西兰森林研究所	New Zealand Forest Research Institute
DynDNS(Oracle)全球Anycast节点	DynDNS (Oracle) Global Anycast Nodes
Digital_Landscape数据中心	Digital_Landscape Data Center
Rica_Web_Solution	Rica_Web_Solution
华盛顿政府打印办公室	Washington Government Printing Office
CONTEGIX数据中心	CONTEGIX Data Center
中央警察大学	Central Police University
GoDaddy数据中心	GoDaddy Data Center
昆特兰理工大学	Kwantlen Polytechnic University
陆军专科学校	Army Vocational School
InfoSphere	InfoSphere
伦敦都会大学	London Metropolitan University
教育网(TANet)	TANet
Online_S_A_S	Online_S_A_S
金门高级农工职业学校	Kinmen Senior Agricultural and Industrial Vocational School
RansomIT数据中心	RansomIT Data Center
卡洛斯三世大学	Universidad Carlos III de Madrid
宾夕法尼亚州	Pennsylvania
国土地理院	Geospatial Information Authority of Japan
青森公立大学	Aomori Public University
政府网际服务网(GSN)	Government Service Network (GSN)
淡江大学	Tamkang University
佛罗里达科技大学	Florida Institute of Technology
伦敦商学院大学	London Business School
私立大华高级中学	Private Dahua Senior High School
牛津大学贝利奥尔(Balliol)学院	Balliol College, University of Oxford
台湾暨南国际大学	National Chi Nan University
私立方曙高级商工职业学校	Private Fang-Shu Senior Commercial and Industrial Vocational School
东吴大学	Soochow University
迪堡大学	DePauw University
近畿大学	Kindai University
新生医护管理专科学校	Newborn Medical and Nursing Vocational School
新竹市教育网络中心	Hsinchu City Education Network Center
立产业技术高等专门学校	Korea Polytechnic University
锡达维尔大学	Cedarville University
屏东县教育网络中心	Pingtung County Education Network Center
高雄第一科技大学	Kaohsiung First University of Science and Technology
InterQ(GMO)网络	GMO Internet Group (InterQ)
哥斯达黎加大学	University of Costa Rica
联通(蓝汛云分发nginx河源节点)	China Unicom (BlueSnap Cloud Distribution nginx Heyuan Node)
联通(蓝汛云计算河源节点)	China Unicom (Wangsu Cloud Computing Heyuan Node)
National_Institute_of_Advanced_Industrial_Science_and_Technology	National_Institute_of_Advanced_Industrial_Science_and_Technology
联通(蓝汛云计算广东节点)	China Unicom (Blue Cloud Computing Guangdong Node)
cdnetworks	CDNetworks
联通(蓝汛云分发nginx广东节点)	China Unicom (ChinaCache CDN Nginx Guangdong Node)
庆熙大学	Kyung Hee University
Schlumberger用户	Schlumberger User
高丽大学	Korea University
雅加达网宿科技CDN节点	Jakarta Wangsu Technology CDN Node
阿勒格尼县社区大学	Community College of Allegheny County
AMD公司	AMD Inc.
西江大学	Seogang University
理工大学	Polytechnic University
DE-CIX_Madrid	DE-CIX_Madrid
埃默里大学	Emory University
Advanced_Software_Technology_&_Mechatronics_Reseach_Institute_of_KYOTO	Advanced Software Technology & Mechatronics Research Institute of Kyoto
戴尔电脑公司	Dell Computer Corporation
鹿儿岛大学	Kagoshima University
瑞士电信	Swisscom
BBIX-Singapore	BBIX-Singapore
横滨市立大学	Yokohama City University
凌梦云CTG节点	Lingmeng Cloud CTG Node
Alibaba-Inc	Alibaba-Inc
戴尔电脑公司中华电信(HiNet)节点	Dell Computer Corporation Chunghwa Telecom (HiNet) Node
农业政策研究办公室	Agricultural Policy Research Office
科罗拉多州社区大学	Colorado Community College
奈良先端科学技术大学院大学	Nara Institute of Science and Technology
LosAngeles	LosAngeles
巴西利亚大学	University of Brasília
东京农工大学	Tokyo University of Agriculture and Technology
马里博尔大学	University of Maribor
加州大学洛杉矶分校	UCLA
爱知学院大学	Aichi Gakuin University
北京首都在线股份有限公司香港HK1数据中心	Beijing Capital Online Hong Kong HK1 Data Center
普渡大学中北部分校	Purdue University North Central
波多黎各美洲大学	Universidad de Puerto Rico, Recinto de América
NWOSU_-Alva	NWOSU_-Alva
Bartlesville_Wesleyan_Col	Bartlesville_Wesleyan_Col
史泰登岛学院大学	College of Staten Island
SWOSU-Weatherford	SWOSU-Weatherford
东密西根大学	Eastern Michigan University
ONENET用户	ONENET User
釜山大学	Pusan National University
Digex公司	Digex
西英格兰大学	University of the West of England
弗吉尼亚社区大学	Virginia Community College System
森林湖大学	Forest Lake University
首尔首都在线数据中心	Seoul Capital Online Data Center
冈山县立大学	Okayama Prefectural University
政府网络	Government Network
阿拉巴马大学伯明翰分校	University of Alabama at Birmingham
国家社会全协会	National Social Association
OBU-Shawnee	OBU-Shawnee
立摩日大学	Li Mori University
卫卫互联	Weiwei Internet
Sun_Network(Hong_Kong)Limited	Sun_Network(Hong_Kong)Limited
cn2节点	CN2 Node
SAFEWAY公司	SAFEWAY Corporation
NATIONAL_INFORMATICS_CENTRE	NATIONAL_INFORMATICS_CENTRE
理工学院	Polytechnic Institute
恩波利亚州立大学	Emporia State University
scloud	scloud
西北大学	Northwest University
卡酷云CN2	Kaku Cloud CN2
Software_Technology_Parks_of_India	Software_Technology_Parks_of_India
Telkom通信公司	Telkom
Mumbai	Mumbai
Scloud	Scloud
PETROBRAS	PETROBRAS
布林莫尔学院大学	Bryn Mawr College
Chungang大学	Chungang University
海军秘书处	Navy Secretariat
Frankfurt	Frankfurt
美联社	Associated Press
智利大学	University of Chile
Peterson空军基地	Peterson Air Force Base
A&M大学DNS服务器	A&M University DNS Server
国际假日酒店全球网	Global Network of International Holiday Inn
Wooltru公司	Wooltru
海洋大学	Ocean University
中华电力有限公司	CLP Power Hong Kong Limited
国立工程大学	National Engineering University
ClearBlue科技公司	ClearBlue Technology Company
基督城理工学院大学	Christchurch Polytechnic Institute of Technology
米勒斯维尔大学	Millersville University
延世大学(原州校区)	Yonsei University (Wonju Campus)
汉阳大学	Hanyang University
都市社区学院大学	Urban Community College University
清华大学	Tsinghua University
Telstra电信	Telstra
罗斯瑞斯社区学院大学	Rose State College University
百事公司	PepsiCo
仁川Inha大学	Incheon Inha University
哈弗福德学院大学	Haverford College
社区理工大学	Community Polytechnic University
Yeungnam大学	Yeungnam University
Censys_Inc	Censys_Inc
迪尤肯大学	Duquesne University
广岛市立大学	Hiroshima City University
拉特格斯大学	Rutgers University
圣路易斯大学	Saint Louis University
Ecommerce公司	Ecommerce
Information_Services_Divisionwarp6du	Information_Services_Divisionwarp6du
State_of_South_Carolina	State_of_South_Carolina
英国电信	British Telecom
万隆技术学院	Bandung Institute of Technology
Federal_Emergency_Management_Agency_(FEMA)_Washington	Federal_Emergency_Management_Agency_(FEMA)_Washington
Sugar_Land市Fort_Bend独立校区	Fort Bend Independent School District of Sugar Land
Korea_Electric_Power_Research_Institute	Korea_Electric_Power_Research_Institute
国家科学技术网	CSTNET
佐治亚州大学系统网络	University System of Georgia Network
T	T
德州一般服务委员会	Texas General Services Commission
Convergys公司	Convergys
HKG国际机场	HKG International Airport
巴拿马理工大学	Technological University of Panama
STATE_OF_DELAWARE	STATE_OF_DELAWARE
东亚大学	East Asia University
Contabo网络	Contabo
印第安纳波利斯公共学校	Indianapolis Public Schools
海星云数据中心	Haixing Cloud Data Center
关岛大学	University of Guam
上海上汽大众汽车销售有限公司电信节点	SAIC Volkswagen Sales Co., Ltd. China Telecom Node
加利福尼亚大学戴维斯分校	University of California, Davis
国立全南大学	Chonnam National University
Softcom科技公司	Softcom Technology Company
IVYTech社区学院大学	IVYTech Community College
Miami-Dade郡公立学校	Miami-Dade County Public Schools
ICARUS_NET_LTDA	ICARUS_NET_LTDA
忠南大学	Chungnam National University
堪萨斯大学医学中心	University of Kansas Medical Center
大学网络协会	University Network Association
中华电信(HiNet)数据中心DNS服务器	Chunghwa Telecom (HiNet) Data Center DNS Server
机场管理局	Airport Authority Network
加州大学圣塔芭芭拉校区	University of California, Santa Barbara
茨瓦尼科技大学	Tshwane University of Technology
中国科学技术信息研究所	China Institute of Scientific and Technical Information
易三仓大学	Assumption University
加州大学伯克利校区	University of California, Berkeley
哥伦比亚国立大学	National University of Colombia
华为公司	Huawei Technologies Co., Ltd.
KT电信DNS服务器	KT Telecom DNS Server
纽约州立大学奥尔巴尼分校	SUNY Albany
经济部	Ministry of Economic Affairs
West_Seneca市Erie_1_BOCES公司	Erie 1 BOCES West Seneca
WSIP用户	WSIP user
科罗拉多大学医院	University of Colorado Hospital
佛罗里达州农业和机械大学	Florida A&M University
US_Bureau_of_Indian_Affairs	US_Bureau_of_Indian_Affairs
MSFC城美国国家航空航天局(NASA)	MSFC NASA City U.S. National Aeronautics and Space Administration (NASA)
Mais_Net_Telecom	Mais_Net_Telecom
加利福尼亚州斯坦福市斯坦福大学	Stanford University, Stanford, California
加州大学圣克鲁斯校区	University of California, Santa Cruz
Frankfort市教育局	Frankfort City Board of Education
宾夕法尼亚大学医院	Hospital of the University of Pennsylvania
加州大学戴维斯校区	University of California, Davis
危地马拉大学	Guatemala University Network
CENIAInternet	CENIAInternet
比利时欧盟理事会	Council of the European Union, Belgium
Corporate_Express	Corporate_Express
美国商务部国际贸易管理局	International Trade Administration, U.S. Department of Commerce
高防节点-云网数据YUNDC	YUNDC
ReliableSite_Net_LLC	ReliableSite_Net_LLC
Psychz_Networks全球Anycast节点	Psychz Networks Global Anycast Nodes
加州大学Merced校区	UC Merced
本地链路(Link_Local)	Link_Local
SPARTANHOST	SPARTANHOST
Bird_Hosting	Bird_Hosting
NodeCache节点	NodeCache Node
GIGABIT-MY网络	GIGABIT-MY Network
Californiamission_hills	California
cloudflare	cloudflare
圣胡安大学	University of San Juan
AppNexus	AppNexus
曼谷True互联网公司	True Internet Bangkok
科罗拉多州布隆菲尔德市Level3	Level3 in Bloomfield, Colorado
Misaka骨干网	Misaka Backbone Network
Emory大学	Emory University
Google边缘网络节点	Google Edge Network Node
北京峰鸟网络科技有限公司(CN2GT)数据中心	Beijing Fengniao Network Technology Co., Ltd. (CN2GT) Data Center
CenturyTel互联网公司	CenturyTel
Psychz	Psychz
Choopa有限公司	Choopa Co., Ltd.
谷歌公司{日本}数据中心	Google {Japan} Data Center
BuyVM	BuyVM
Middletown市Mediacom通讯公司	Mediacom Communications of Middletown
Google公共DNS节点	Google Public DNS
Cedexis全球Anycast节点	Cedexis Global Anycast Node
Incero数据中心	Incero Data Center
QTS数据中心	QTS Data Centers
日本索尼媒体软件和服务有限公司	Sony Media Software and Services Inc., Japan
Choopa全球Anycast节点	Choopa Global Anycast Node
滴滴盾高防CN2节点	Dididun High Defense CN2 Node
NV_NEXT数据中心	NV_NEXT Data Center
Virpus网络公司	Virpus Network Company
Softlayer	Softlayer
Acenet数据中心	Acenet Data Center
theplanet	theplanet
数据中心(美国–加利福尼亚州芒廷维尤谷歌公司)	Data Center (Google, Mountain View, California, United States)
DNS服务器(dnsmasq-2.45)得州圣安东尼奥市Rackspace_Hosting公司节点	Rackspace Hosting, San Antonio, Texas (dnsmasq-2.45)
塞勒姆州立大学	Salem State University
Minkdog公司	Minkdog company
Rogers_Communications_Inc.	Rogers_Communications_Inc.
天朝世纪集团凤凰城ServerHub数据中心	Tianchao Century Group Phoenix ServerHub Data Center
Take2_Hosting有限公司	Take2_Hosting Co., Ltd.
ThePlanet互联网服务公司DNS服务器	ThePlanet
AWS有限公司EC2云服务器5号云机房	AWS EC2 Cloud Server 5 Cloud Data Center
东京都Amazon数据中心	Amazon Data Center in Tokyo
Carat网络公司(Carat_Networks)	Carat Networks
HOSTCREST公司	HOSTCREST
IT7网络公司	IT7 Network Company
Cellco(Verizon)无线网络	Cellco (Verizon) Wireless
电讯盈科(PCCW)	PCCW (PCCW Limited)
Colo4	Colo4
Krypt数据中心	Krypt Data Center
HOSTCREST-TW	HOSTCREST-TW
OPENX科技有限公司	OPENX Technology Co., Ltd.
华北油田通信有限公司	Huabei Oilfield Communication Co., Ltd.
ServerFarm数据中心	ServerFarm Data Center
WeHostWebSites	WeHostWebSites
Netropy公司KT数据中心	Netropy Company KT Data Center
TFN-NET	TFN-NET
香港教育大学	The Education University of Hong Kong
上海天祥网络科技有限公司	Shanghai Tianxiang Network Technology Co., Ltd.
中国信托	ChinaTrust
中华电信网络国际通(TWGate)骨干网	Chunghwa Telecom Global Network (TWGate) Backbone
宝拉维加亚大学	Brawijaya University
加札马达大学	Gadjah Mada University
Akamai科技公司CDN网络节点(WharfTT-AS9381汇港电讯BGP机房)	Akamai Technologies CDN Network Node (WharfTT-AS9381 WTT BGP Data Center)
朝鲜中央通讯社	Korean Central News Agency
上海有孚计算机网络有限公司	Shanghai Yovole Networks Co., Ltd.
CONTABO机房	Contabo Data Center
Thuringiakraja	Thuringiakraja
Emirates电信	Emirates Telecom
Simcentric	Simcentric
Rage4全球Anycast节点	Rage4 Global Anycast Nodes
Base_IP_BV	Base_IP_BV
HostHatch公司SoftLayer数据中心	HostHatch SoftLayer Data Center
香港理工大学	The Hong Kong Polytechnic University
TKO数据中心	TKO Data Center
朝鲜电脑研究中心	Korea Computer Center (KCC)
AlphaVPS数据中心	AlphaVPS Data Center
新南威尔士州悉尼Singtel_Optus通信	Singtel Optus Sydney New South Wales
TMNet电信公司	TMNet Telecom
Asianet高防数据中心	Asianet DDoS Protection Data Center
Baden-Württembergstuttgart	Baden-Württembergstuttgart
NTT巴西公司互联节点	NTT Brazil
Thuringiasulzbach	Thuringiasulzbach
Saxonyleipzig	Saxonyleipzig
Lonica_LLC网络Anycast节点	Lonica_LLC Network Anycast Node
Mega家庭宽带	Mega Home Broadband
Thuringiamuhlhausen	Thuringiamuhlhausen
Saxony-Anhaltklostermansfeld	Saxony-Anhaltklostermansfeld
岭南大学	Lingnan University
Tube-Hosting	Tube-Hosting
北京搜狐互联网信息服务有限公司香港环球全域电讯节点	Beijing Sohu Internet Information Service Co., Ltd. Hong Kong WTT (Wharf T&T) Node
香港都会大学	Hong Kong Metropolitan University
Dialog通讯公司	Dialog Communication Company
Saxonyoberneundorf	Saxonyoberneundorf
WorldStream数据中心	WorldStream
Saxonydresden	Saxonydresden
Hessewiesbaden	Hessewiesbaden
TimeWeb公司	TimeWeb Company
HE机房	HE.NET
Saxonymalkwitz	Saxonymalkwitz
Swisscom通讯	Swisscom
Nerim	Nerim
Saxony-Anhaltquedlinburg	Saxony-Anhaltquedlinburg
volgograd_state_pedagogical_university	volgograd_state_pedagogical_university
Mecklenburg-Western_Pomeraniagunz	Mecklenburg-Western_Pomeraniagunz
Trabia-Network公司	Trabia-Network
阿联酋大学	United Arab Emirates University
incl	INCL
Tata_Communications	Tata_Communications
menatelecom	menatelecom
策竹网络	CeZhu Network
Gibtelecom	Gibtelecom
EDIS_GmbH	EDIS_GmbH
OCN电信	OCN Telecom
NEROCLOUD	NEROCLOUD
Azion科技网络节点	Azion Technology Network Node
moldtelecom	Moldtelecom
Kazan_University	Kazan_University
百度CDN节点	Baidu CDN Node
狗盾cdn	Goudun CDN
DNS服务器(PublicDNS节点)	DNS Server (Public DNS Node)
DNS服务器[PublicDNS节点]	DNS Server [PublicDNS Node]
Playtech	Playtech
首都在线数据中心(TATA)	Capital Online Data Center (TATA)
Host1Plus数据中心	Host1Plus Data Center
北京百度网讯科技有限公司公共DNS服务器(电信节点)	Beijing Baidu Netcom Science Technology Co., Ltd. Public DNS Server (China Telecom Node)
北京三信时代信息公司	Beijing Sanxin Times Information Company
NKN_Research_Institutes	NKN_Research_Institutes
PTK	PTK
百度	Baidu
NKN_Central_University	NKN Central University
NKN_South_University	NKN_South_University
北京百度网讯科技有限公司电信节点	China Telecom Node of Beijing Baidu Netcom Science Technology Co., Ltd.
NKN_East_University	NKN_East_University
Indian_Institute_of_Technology_Delhi	Indian_Institute_of_Technology_Delhi
NKN_North_University	NKN_North_University
NKN_West_University	NKN_West_University
NKN_SINP_Kolkata	NKN_SINP_Kolkata
NKN_IISc_Bangalore	NKN_IISc_Bangalore
大坂府北区K-Opticom公司	K-Opticom Corporation, Kita-ku, Osaka Prefecture
LG	LG
北京蓝汛通信技术有限责任公司CDN节点(电信)	Beijing Blueview Communication Technology Co., Ltd. CDN Node (China Telecom)
PDSN_USER_POOL	PDSN_USER_POOL
GABIA公司KT电信数据中心	GABIA KT Telecom Data Center
M1移动通讯公司	M1 Limited
DATAJAPAN	DATAJAPAN
victoriasomers	victoriasomers
北京天地祥云科技有限公司联通数据中心	Beijing Tiandi Xiangyun Technology Co., Ltd. China Unicom Data Center
queenslandfarnborough	queenslandfarnborough
new_south_walesnewcastle	new_south_walesnewcastle
Ransom_IT数据中心	Ransom_IT Data Center
Gemnet	Gemnet
SkyMesh_DNS	SkyMesh_DNS
new_south_walesweethalle	New South Wales Weethalle
NKN_Infrastructure	NKN_Infrastructure
金桥网	China Golden Bridge Network (CHINAGBN)
Globe电信公司	Globe Telecom
NKN_JNU_Delhi	NKN_JNU_Delhi
commufa电信有限公司	Commufa Telecom Co., Ltd.
厦门快快网络科技有限公司	Xiamen Kuaikuai Network Technology Co., Ltd.
bgp_net数据中心	BGP Network Data Center
蓝汛ChinaCache数据中心	ChinaCache Data Center
bgp_net	bgp_net
CNISP	CNISP
queenslandfortitude_valley	queenslandfortitude_valley
new_south_walesnemingha	new_south_walesnemingha
经天科技有限公司	Jingtian Technology Co., Ltd.
和记电讯印度尼西亚	Hutchison Telecom Indonesia
上海众生网络科技有限公司(上海臣翊网络科技有限公司)	Shanghai Zhongsheng Network Technology Co., Ltd. (Shanghai Chenyi Network Technology Co., Ltd.)
Universitas_Esa_Unggul	Universitas Esa Unggul
厘米云	Centimeter Cloud
火山	Huo Shan
台州世通网络	Taizhou Shitong Network
驰骏网络科技有限公司	Chijun Network Technology Co., Ltd.
Telin公司	Telin
NetMagic_Solutions网络公司	NetMagic_Solutions
Alagappa_University	Alagappa_University
壹盾安全CN2节点	Yidun Security CN2 Node
亿安天下数据中心	Yian Tianxia Data Center
厦门快快网络科技有限公司电信节点	Xiamen Kuaikuai Network Technology Co., Ltd. China Telecom Node
广播电视网络公司	China Broadcasting Network
百度云BGP	Baidu Cloud BGP
北京经天科技有限公司中华电信(HiNet)节点	Beijing Jingtian Technology Co., Ltd. Chunghwa Telecom (HiNet) Node
北京舒华士科技有限公司	Beijing Shuhuashi Technology Co., Ltd.
百度云加速数据中心	Baidu Cloud Acceleration Data Center
Yahoo(TP2)数据中心	Yahoo (TP2) Data Center
上海新觉信息科技有限公司	Shanghai Xinjue Information Technology Co., Ltd.
Beam电信	Beam Telecom
格洛宝通信网络有限公司	Globo Communication Network Co., Ltd.
中天通信联通互联网专线	Zhongtian Communication China Unicom Internet Dedicated Line
北京互联互通网络科技有限公司	Beijing Internet Interconnection Network Technology Co., Ltd.
世纪互联(21vianet)联通数据中心	21vianet China Unicom Data Center
中国移动香港有限公司	China Mobile Hong Kong Company Limited
紫田网络	Purple Field Network
Webcentral公司	Webcentral
CNSevers	CNSevers
燕大正洋电子有限公司	Yandazhengyang Electronics Co., Ltd.
Universitas_Diponegoro	Universitas_Diponegoro
K-Opticom	K-Opticom
AIS无线通讯	AIS Wireless Communication
北京百度网讯科技有限公司广东BGP节点	Beijing Baidu Netcom Science Technology Co., Ltd. Guangdong BGP Node
shuiM数据交换中心联通节点	China Unicom Node of ShuiM Data Exchange Center
北京光电新创通信技术有限公司	Beijing Optic New Create Communication Technology Co., Ltd.
众屹赢时通信技术有限公司	Zhongyi Yingshi Communication Technology Co., Ltd.
双威大学	Sunway University
北京长电智源光电子有限公司	Beijing Changdian Zhiyuan Optoelectronics Co., Ltd.
中国移动香港数据中心IDC机房	China Mobile Hong Kong Data Center IDC Room
谷歌公司GVS服务器(中国移动香港数据中心)节点	Google GVS Server (China Mobile Hong Kong Data Center) Node
中国电信CN2节点	China Telecom CN2 Node
深圳市腾讯计算机系统有限公司电信节点(BGP)	Shenzhen Tencent Computer System Co., Ltd. China Telecom Node (BGP)
中嘉和网	Zhongjia Hewang
联通(蓝汛云计算湖北节点)	China Unicom (BlueCat Networks Hubei Node)
中国地质大学(海淀校区)学生宿舍(联通出口)	China University of Geosciences (Haidian Campus) Student Dormitory (China Unicom Exit)
LG_TELECOM_KIDC	LG_TELECOM_KIDC
华夏雅库网络科技BGP数据中心	Huaxia Yaku Network Technology BGP Data Center
谷歌公司GWS服务器(中国移动香港数据中心)节点	Google GWS Server (China Mobile Hong Kong Data Center) Node
STNet	STNet
海得拉巴Beam电信	Beam Telecom Hyderabad
移动_滴滴盾高防节点	China Mobile_DiDi Shield High Defense Node
Hosterion数据中心	Hosterion Data Center
香港城市电讯(香港宽频)	Hong Kong City Telecom (HKBN)
Visionary	Visionary
Atlantic宽带	Atlantic Broadband
龙网国际股份有限公司(德辅道中173号南丰大厦1609室)	Longnet International Co., Ltd. (Room 1609, Nan Fung Tower, 173 Des Voeux Road Central)
SecuredServers公司	SecuredServers
第一有线电视公司	First Cable TV Company
AkamaiGHost中国联通镜像节点	Akamai GHost China Unicom Mirror Node
SingleHop数据中心	SingleHop Data Center
北京百度网讯科技有限公司IDC机房(南沙区南江三路8号平谦国际现代产业园CD栋)	Beijing Baidu Netcom Science Technology Co., Ltd. IDC Data Center (Building CD, Pingqian International Modern Industrial Park, No. 8 Nanjiang 3rd Road, Nansha District)
cPanel股份有限公司	cPanel Co., Ltd.
iWeb数据中心	iWeb Data Center
Amazon西海岸数据中心	Amazon West Coast Data Center
Equinix公司数据中心	Equinix Data Center
美国Akamai科技公司CDN伦敦节点	Akamai Technologies CDN London Node
IOFLOOD数据中心	Ioflood Data Center
Akamai科技公司中国联通CDN网络节点	Akamai Technologies China Unicom CDN Network Node
Hurricane_Electric国际互联节点	Hurricane Electric International Interconnection Node
联通(蓝汛云分发nginx湖北节点)	China Unicom (ChinaCache CDN Nginx Hubei Node)
amanah	Amanah
Fusa公司	Fusa Company
NorthState数据中心	NorthState Data Center
Coloat公司	Coloat
Akamai联通CDN节点	Akamai China Unicom CDN
O3B	O3b Networks
环球全域电讯节点	Global全域Telecommunications Node
CENTRALNIC(Anycast)	CENTRALNIC(Anycast)
北京百度网讯科技有限公司欧洲BGP节点	Beijing Baidu Netcom Science and Technology Co., Ltd. European BGP Node
Servihosting公司	Servihosting
ExoScale	ExoScale
FishNet通信	FishNet Communications
Adolf_Noehmer_Gesellschaft	Adolf_Noehmer_Gesellschaft
Automattic	Automattic
Total_Server_Solutions公司	Total_Server_Solutions
VPLS数据中心	VPLS Data Center
AWS有限公司EC2云服务器7号云机房	AWS Co. Ltd. EC2 Cloud Server No. 7 Cloud Data Center
Exe_Net有限责任公司	Exe_Net Co., Ltd.
iLevant公司	iLevant
南加州大学节点	University of Southern California
Alwafai通信公司	Alwafai Communication Company
Adder_Global	Adder_Global
wavetelecom	wavetelecom
Freenom公司Anycast节点	Freenom Anycast Node
Dialpad	Dialpad
VME	VME
伊斯兰阿扎德大学	Islamic Azad University
CAT_Telecom	CAT_Telecom
Imperva	Imperva
uvensys公司	uvensys company
Evolution_Gaming	Evolution_Gaming
skHosting数据中心	skHosting Data Center
NS1	NS1
Booking	Booking
Vodafone网络	Vodafone network
BlazingFast节点	BlazingFast Node
阿拉梅·塔巴塔巴伊大学	Allameh Tabataba'i University
QRATOR	QRATOR
IFastNet有限公司	IFastNet Co., Ltd.
Creanova数据中心	Creanova Data Center
PCextreme数据中心	PCextreme Data Center
Wanwire	Wanwire
巴黎PROCEAU网络	PROCEAU Network Paris
Lancom	Lancom
阿姆斯特丹Choopa数据中心	Amsterdam Choopa Data Center
City_Network数据中心	City_Network Data Center
赞詹大学	University of Zanjan
Cratis数据中心	Cratis Data Center
DataCamp数据中心	DataCamp Data Center
Apelby	Apelby
Enjoyvc_Cloud_Group_Limited.	Enjoyvc_Cloud_Group_Limited
AS9009	AS9009
HostUS解决方案公司	HostUS Solutions Company
O2BS数据中心	O2BS Data Center
卡尚大学	University of Kashan
UK_Dedicated数据中心	UK_Dedicated Data Center
LUADNS全球Anycast节点	LUADNS Global Anycast Node
combahton数据中心	combahton datacenter
ProCredit银行	ProCredit Bank
teleservice	teleservice
AbeloHost数据中心	AbeloHost
科尔曼医科大学	Coleman Medical University
NetSource数据中心	NetSource Data Center
ardinet	ardinet
JPBE_Network	JPBE_Network
Airwire数据中心	Airwire Data Center
NGS新闻	NGS News
KeyCDN阿姆斯特丹节点	KeyCDN Amsterdam Node
Zenlayer_Inc_AS21859	Zenlayer Inc AS21859
ADMAN数据中心	ADMAN Data Center
ClouDNS全球Anycast节点	ClouDNS Global Anycast Nodes
Telenor	Telenor
SierraSur数据中心	SierraSur Data Center
CorkBIC数据中心	CorkBIC Data Center
Blink网络	Blink Network
Eagle&Wise数据中心	Eagle&Wise Data Center
ahd数据中心	AHD Data Center
Avagostar网络	Avagostar Network
SodaHost数据中心	SodaHost Data Center
DATAPLAN网络	DATAPLAN Network
Zettahost数据中心	Zettahost Data Center
Anson数据中心	Anson Data Center
Avanzas数据中心	Avanzas Data Center
LATNET数据中心	LATNET Data Center
Pros-Services数据中心	Pros-Services Data Center
Synthetel	Synthetel
Emizon	Emizon
LECOM	LECOM
Riotelecomm	Riotelecomm
LoveServers数据中心	LoveServers Data Center
Nedlook_Holding	Nedlook_Holding
SCC_Broadband	SCC_Broadband
Stream_Networks	Stream_Networks
Internet_Praha_Josefov	Internet_Praha_Josefov
vent	vent
KEYSTON	KEYSTON
Kappalys数据中心	Kappalys Data Center
Icodia数据中心	Icodia Data Center
McLaut	McLaut
ADS_Securities	ADS_Securities
Qavat	Qavat
GPLExpert	GPLExpert
Tesonet	Tesonet
2Cloud数据中心	2Cloud Data Center
华为技术有限公司	Huawei Technologies Co., Ltd.
Altitude公司	Altitude Networks
MSX	MSX
Histate数据中心	Histate Data Center
Invermae	Invermae
Erre-Elle_Net	Erre-Elle_Net
tojNet	tojNet
Kimerimeta数据中心	Kimerimeta Data Center
Snell	Snell
圣座传播秘书处	Holy See Secretariat for Communications
ALTSYSNET数据中心	ALTSYSNET Data Center
UK_Backup数据中心	UK_Backup Data Center
Net1	Net1
Prager-IT数据中心	Prager-IT Data Center
netVoz	netVoz
HOSTERIUM数据中心	HOSTERIUM Data Center
Connect网络	Connect Network
NETIQ	NETIQ
Peresecina_TV	Peresecina_TV
WebStack数据中心	WebStack Data Center
HaiSoft数据中心	HaiSoft Data Center
n62	n62
Lynxus数据中心	Lynxus Data Center
akiwifi	akiwifi
Cloudxtiny数据中心	Cloudxtiny
Stater	Stater
PayPal	PayPal
TerraTransit_AG	TerraTransit_AG
Offensive_Servers数据中心	Offensive_Servers Datacenter
Mentor_IT数据中心	Mentor_IT Data Center
Link_Web_Solutions	Link_Web_Solutions
Bytesource	Bytesource
cableworld_Fiber	cableworld_Fiber
Clx数据中心	Clx Data Center
trivago	trivago
Leidos	Leidos
Cablevisión_Guadalquivir	Cablevisión_Guadalquivir
Ischia_Wi-Fi	Ischia_Wi-Fi
NetCube	NetCube
Stadtwerke	Stadtwerke
TRC	TRC
Prometeia	Prometeia
Host4Geeks数据中心	Host4Geeks Data Center
DotNet	DotNet
farnoX数据中心	farnoX Data Center
MikroTik	MikroTik
滨海绍森德自治市议会	Southend-on-Sea Borough Council
Partitionware	Partitionware
Trivago	Trivago
EGC	EGC
猫里奥CN2节点	Mao Li Ao CN2 Node
TeamSystem	TeamSystem
ELEKTRA	ELEKTRA
TEHET	TEHET
pd网络	PD Network
X-City	X-City
ISP-BROADCAST	ISP-BROADCAST
Telkos	Telkos
阿米尔卡比尔理工大学	Amirkabir University of Technology
花卷科技节点	Huajuan Technology Node
HostHatch机房	HostHatch Data Center
Terrahost公司	Terrahost
OpenFiber	OpenFiber
直布罗陀政府	Gibraltar Government
Cosmic_Global_Networks	Cosmic_Global_Networks
semrush	semrush
CordCloud网络	CordCloud Network
koddos数据中心	Koddos Data Center
Tor出口节点	Tor Exit Node
AAGICO	AAGICO
It7网络	It7 Network
GitHub+Fastly节点	GitHub+Fastly CDN
Heymman_Servers	Heymman_Servers
OFIDC	OFIDC
Sale-Dedic数据中心	Sale-Dedic Data Center
WebZilla	WebZilla
沙田电信数据中心	Sha Tin Telecom Data Center
德黑兰艺术大学	University of Art Tehran
IDC_Cube_LLC	IDC_Cube_LLC
Starry_Network数据中心	Starry_Network
Vdsina	Vdsina
TYPCN全球骨干网	TYPCN Global Backbone Network
Bigcore数据中心	Bigcore Data Center
Tor网络出口	Tor Network Exit
Zenlayer_Inc_AS21860	Zenlayer_Inc_AS21860
Larus数据中心	Larus Data Center
ProxyPipe网络公司	ProxyPipe Network Company
巨牛云	Juniu Cloud
AKKOCLOUD_NETWORK_LTD	AKKOCLOUD_NETWORK_LTD
CNServers数据中心(hostdare)	CNServers Data Center (hostdare)
爱网互联	Aiwang Hulian
Psychz_Networks机房	Psychz Networks
沙田数据中心(枫叶主机)	Sha Tin Data Center (Maple Host)
CoreSite机房	CoreSite Data Center
TransTeleCom公司	TransTeleCom
ikoula网络	ikoula Network
Fibramar	Fibramar
OranMe_Limited	OranMe_Limited
TransTeleCom数据中心Google缓存节点	TransTeleCom Data Center Google Cache Node
IBEE_Hosting数据中心	IBEE Hosting Data Center
Chisinauchisinau	Chisinauchisinau
DNS服务器(POWERDNS2.9.2)	DNS Server (PowerDNS 2.9.2)
Misaka_Network全球Anycast边缘计算服务	Misaka_Network Global Anycast Edge Computing Service
Raiffeisen银行	Raiffeisen Bank
Helbor公司	Helbor
SourceForge缓存14of25拉美东nbtelecom节点	nbtelecom
SPICE_FLOW	SPICE_FLOW
WoodyNet全球Anycast节点	WoodyNet Global Anycast Node
Los_Llanos大学	Los_Llanos University
Mariana大学	Mariana University
Secure_Hosting数据中心	Secure_Hosting Data Center
伯明翰阿斯顿大学	Aston University, Birmingham
6P_Telecom	6P_Telecom
考卡大学	University of Cauca
哥伦比亚合作大学	Universidad Cooperativa de Colombia
Bogotá_'Jorge_Tadeo_Lozano'_大学	Bogotá Jorge Tadeo Lozano University
VTR_BANDA_ANCHA	VTR_BANDA_ANCHA
Guajira大学	University of La Guajira
rfchost数据中心	RFCHost Data Center
Datatelekom	Datatelekom
Hostclick数据中心	Hostclick Data Center
Metropolitana大学	Metropolitan University
Cauca中央大学	Cauca Central University
Atlántico大学	Atlántico University
Com_Hem	Com Hem
Bacaubacau	Bacaubacau
SELECTEL	SELECTEL
Zenedge	Zenedge
SUPPERNET	SUPPERNET
MissHosting数据中心	MissHosting Data Center
谷歌公司AS49624-LU-LU-CIX-20090515网络	Google AS49624-LU-LU-CIX-20090515
Cali大学	Cali University
北方大学	Northern University
Warmia-Masuriagierzwald	Warmia-Masuriagierzwald
Córdoba大学	Córdoba University
Vodafone通讯	Vodafone
DDoS_GUARD	DDoS_GUARD
institute_DE_CANCEROLOGIA	Institute of Cancerology
圣布埃纳文图拉大学	Saint Bonaventure University
VIDEO_CABLE_RIVERA	VIDEO_CABLE_RIVERA
Occidente自治大学	Occidente Autonomous University
UNIVERSIDAD_TECNOLOGICA_DEL_MAGDALENA	UNIVERSIDAD_TECNOLOGICA_DEL_MAGDALENA
Netia	Netia
互联网名称与数字地址分配机构	Internet Corporation for Assigned Names and Numbers
航空大学学院	Aviation University College
Caribe自治大学	Autonomous University of Caribe
保留地址(NAT64	Reserved Address (NAT64)
圣托马斯大学	University of St. Thomas
保留地址(Documentation(TEST-NET-1))	Documentation (TEST-NET-1)
Surcolombiana大学	Surcolombiana University
保留地址(IPv4_dummy_address)	Reserved Address (IPv4_dummy_address)
Classe_A_Fibra	Classe_A_Fibra
UNIVERSIDAD_DEL_SINU	Universidad del Sinú
保留地址(IETF_Protocol_Assignments)	Reserved Address (IETF Protocol Assignments)
antioquiamedellin	Antioquia Medellin
sao_paulopiracicaba	sao_paulopiracicaba
Simón_Bolívar大学	Simón_Bolívar University
保留地址(IPv4_Service_Continuity_Prefix)	Reserved Address (IPv4 Service Continuity Prefix)
UNIVERSIDAD_MILITAR_NUEVA_GRANADA	UNIVERSIDAD_MILITAR_NUEVA_GRANADA
达拉斯Automattic	Dallas Automattic
HCL	HCL
保留地址(Port_Control_Protocol_Anycast)	Reserved Address (Port_Control_Protocol_Anycast)
Nokia	Nokia
Front_Range_Hosting公司	Front_Range_Hosting
石溪大学	Stony Brook University
加利福尼亚大学华盛顿中心	California University Washington Center
Asian_Institute_of_Technology	Asian_Institute_of_Technology
隆德大学	Lund University
EdgeCast	EdgeCast
保留地址(AS112-v4)	Reserved Address (AS112-v4)
保留地址	Reserved Address
保留地址(Traversal_Using_Relays_around_NAT_Anycast)	Reserved Address (Traversal Using Relays around NAT Anycast)
密歇根州IC网络	IC Network of Michigan
魁北克大学	Université du Québec
VeriSign全球Anycast节点	VeriSign Global Anycast Node
奥肯那根学院	Okanagan College
罗格斯大学	Rutgers University
加利福尼亚大学校长办公室	University of California, Office of the President
valle_del_caucacali	valle_del_caucacali
英特尔(中国)有限公司	Intel (China) Co., Ltd.
保留地址(AMT)	Reserved Address (AMT)
圣迭戈大学	University of San Diego
Blacklotus科技	Blacklotus Technology
FORMTEK公司	FORMTEK
主根域名服务器全球第06OF13号F-ROOT-SERVERS节点(WorldAnycast任播网络互联网系统协会运作BIND9软件)	6th of 13 Global F-Root Servers Node (WorldAnycast Network operated by Internet Systems Consortium running BIND9)
PEG_TECH数据中心	PEG_TECH
VeriSign_CLTNIC	VeriSign_CLTNIC
Malone_College	Malone_College
Instart_Logic公司全球Anycast节点	Instart Logic Company Global Anycast Nodes
Europe_trifle_Telecommunications_UA	Europe_trifle_Telecommunications_UA
萨斯克汉那大学	Susquehanna University
DSC网络	DSC Network
Instart_Logic公司CDC数据中心	Instart_Logic Company CDC Data Center
日本网络信息中心(JPNIC)	Japan Network Information Center (JPNIC)
Virtual_Host公司	Virtual_Host
阿德雷德大学	University of Adelaide
UHN	UHN
Schlumberger公司	Schlumberger
LayerHost(GlobalFrag)	LayerHost (GlobalFrag)
劳里埃大学	Wilfrid Laurier University
京都大学微机俱乐部	Kyoto University Microcomputer Club
DukeNet通讯	DukeNet Communications
Daito_Bunka_University	Daito Bunka University
汉博学院	Humber College
特伦特大学	Trent University
自然科学博物馆	Natural Science Museum
主根域名服务器全球第09OF13号I-ROOT-SERVERS节点(WorldAnycast任播网络瑞典Netnod运作BIND软件)	I-ROOT-SERVERS Node 09OF13 (WorldAnycast Network Operated by Netnod Sweden, BIND Software)
St_Michael's_College	St_Michael's_College
希捷科技	Seagate Technology
Computing_and_Information_Services	Computing_and_Information_Services
Berea_College	Berea_College
南达科他大学	University of South Dakota
Lebanon_Valley_College	Lebanon_Valley_College
Chapman_University	Chapman_University
体育学院	Sports Institute
国科会	National Science Council
中央图书馆	National Central Library
行政院	Executive Yuan
宜兰农工专科学校	Ilan Institute of Technology
Assumption_College	Assumption_College
洛杉矶	Los Angeles
viNGN	viNGN
主根域名服务器全球第10OF13号J-ROOT-SERVERS节点(WorldAnycast任播网络VeriSign运作BIND软件)	10th of 13 global root name servers: J-ROOT-SERVERS (World Anycast Network operated by VeriSign, using BIND software)
贝瑞大学	Barry University
高雄工学院	Kaohsiung Institute of Technology
国家研究和教育网络	NREN (National Research and Education Network)
台北师范学院	Taipei Normal University
台北图书馆	Taipei Public Library
麦科文大学	MacEwan University
ST系统公司	ST System Co.
德州仪器公司	Texas Instruments
Nebraska_Wesleyan_University	Nebraska_Wesleyan_University
中华经济研究院	Chung-Hua Institution for Economic Research
交通大学台北校区	National Chiao Tung University Taipei Campus
中央气象局	Central Weather Bureau
国科会太空计画室	NSPO (National Space Program Office)
大业工学院	Daye Institute of Technology
台中商专	Taichung Commercial School
中兴法商学院	ZTE Law and Business School
得克萨斯州	Texas
SHARE_Incorporated网络	SHARE Incorporated
West_Virgina_Wesleyan_College	West_Virgina_Wesleyan_College
东新墨西哥大学	Eastern New Mexico University
台南师范学院	National Tainan Teachers College
高苑工商专科学校	Kao Yuan Vocational and Technical College
Young_Minds_Incorporated网络	Young_Minds_Incorporated
Alma_College	Alma_College
Democritus_University_of_Thrace	Democritus_University_of_Thrace
保留地址(Deprecated(6to4_Relay_Anycast))	Deprecated (6to4 Relay Anycast)
高雄海事专科学校	Kaohsiung Marine College
LANTROnix	LANTROnix
FRAME技术公司(FTC)	FRAME Technology Company (FTC)
Eloret研究所网络(ELORET-NET)	Eloret Institute Network (ELORET-NET)
海军网络信息中心(NNIC)SUBMEPP网络	Naval Network Information Center (NNIC) SUBMEPP Network
北京峰鸟网络科技有限公司高防CDN节点	Beijing Fengniao Network Technology Co., Ltd. High Defense CDN Node
Drew_University	Drew_University
Rider_College	Rider_College
Thomas_Edison_State_College	Thomas_Edison_State_College
西北州立大学	Northwestern State University
墨西哥互联网信息中心Anycast节点	NIC Mexico Anycast Node
University_of_Puget_Sound	University_of_Puget_Sound
电子图书技术公司(EBT)	Electronic Book Technology (EBT)
TELEnix公司	TELEnix Company
Sybase公司	Sybase
Northern_Kentucky_University	Northern_Kentucky_University
Kettering_University	Kettering_University
Bryant_University	Bryant_University
North_Idaho_College	North_Idaho_College
Antioch_University	Antioch_University
NCR	NCR
Texas_College_of_Osteopathic_Medicine	Texas College of Osteopathic Medicine
Lincoln_University	Lincoln_University
Harding_University	Harding_University
Saint_Peter's_College	Saint_Peter's_College
Texas_State_Technical_College_at_Waco	Texas State Technical College at Waco
阿拉巴马州立大学(ASU)	Alabama State University (ASU)
Langston_University	Langston University
Rhode_Island_College	Rhode_Island_College
Holy_Cross_College	Holy_Cross_College
Sucuri_WAF全球Anycast节点	Sucuri WAF Global Anycast Nodes
复旦大学	Fudan University
Coe_College	Coe_College
Ramapo_College	Ramapo_College
Dacentec股份有限公司	Dacentec Inc.
Augustana_College	Augustana_College
Wheaton_College	Wheaton_College
Western_New_Mexico_University	Western_New_Mexico_University
Google光纤公司AS16591(Google_Fiber_Inc.)	Google Fiber Inc.
Institute_of_Microelectronics	Institute_of_Microelectronics
梅迪辛哈特学院	Medicine Hat College
主根域名服务器全球第07OF13号G-ROOT-SERVERS节点(WorldAnycast任播网络美国国防部国防信息系统局运作BIND软件)	G-ROOT-SERVERS Node No. 07 of 13 (WorldAnycast Network Operated by DISA, U.S. Department of Defense, Running BIND)
剑智学院	Jianzhi College
大西洋海洋与气象实验室(AOML)	Atlantic Oceanographic and Meteorological Laboratory (AOML)
Northeast_Louisiana_University	Northeast_Louisiana_University
莱姆顿学院	Lambton College
红鹿学院	Red Deer College
Washington_College	Washington_College
Suffolk_University	Suffolk_University
莫哈克学院	Mohawk College
East_Stroudsburg_University_of_Pennsylvania	East_Stroudsburg_University_of_Pennsylvania
Loras_College	Loras_College
Univ._of_Science_&_Arts_of_OK	Univ._of_Science_&_Arts_of_OK
百年理工学院	Centennial College
乔治亚应用艺术及技术学院	Georgian College of Applied Arts and Technology
Inmotion_Hosting公司	Inmotion_Hosting
莱斯布里奇学院	Lethbridge College
大草原区学院	Great Plains College
堪诺多学院	Canadore College
Point_Loma_Nazarene_College	Point_Loma_Nazarene_College
Adelphi_University	Adelphi_University
Wayne_State_College	Wayne_State_College
Universita'_degli_Studi_-_L'Aquila	Universita'_degli_Studi_-_L'Aquila
Central_College	Central_College
Randolph-Macon's_Women_College	Randolph-Macon's_Women_College
Computer_Services	Computer_Services
伦敦帝国理工学院	Imperial College London
澳大利亚天主教大学	Australian Catholic University
SJS-DATA-SYSTEMS	SJS-DATA-SYSTEMS
Universita'_degli_Studi_di_Cagliari	Universita'_degli_Studi_di_Cagliari
Hiawatha宽带通信股份有限公司	Hiawatha Broadband Communications, Inc.
Geotrace	Geotrace
诊断成像中心	Diagnostic Imaging Center
Norwich_University	Norwich_University
Quinnipiac_College	Quinnipiac_College
Guilford_College	Guilford_College
通用电器	General Electric
Quantum	Quantum
Metro	Metro
High_Point_Collegeacme_highpoint	High_Point_Collegeacme_highpoint
Barton_College	Barton_College
ENSTAR天然气公司	ENSTAR Natural Gas Company
UBM	UBM
哈里斯大学	Harris University
Scientific-Vizualization-Associates	Scientific-Vizualization-Associates
Fairfield大学	Fairfield University
VIVIDHOSTING数据中心	VIVIDHOSTING Data Center
Blitz-Product-Development-Corporation	Blitz-Product-Development-Corporation
Greensboro_College	Greensboro_College
摩托罗拉半导体公司	Motorola Semiconductor
Arvixe公司	Arvixe
东北州立大学	Northeastern State University
芝加哥	Chicago
Istituto_Universitario_Europeo	Istituto_Universitario_Europeo
Scuola_Normale_Superiore	Scuola_Normale_Superiore
Adams_State_College	Adams State College
Seattle_Pacific_University	Seattle Pacific University
Frontier通讯公司	Frontier Communications
农业科学资料服务中心	Agricultural Science Data Service Center
Caterpillar(卡特彼勒)公司	Caterpillar Inc.
康伯斯威尔大学	Campbellsville University
台南应用科技大学	Tainan University of Technology
Univision	Univision
Universita'_degli_Studi_di_Sassari	University of Sassari
Universita'_degli_Studi_di_Pavia	Universita'_degli_Studi_di_Pavia
La_Sierra_University	La_Sierra_University
Harris-Corp.	Harris-Corp.
台湾中国医药研究所	China Medical Research Institute, Taiwan
Marywood_College	Marywood_College
Universita'_degli_Studi_di_Brescia	Universita' degli Studi di Brescia
Easel-Corporation	Easel-Corporation
国际癌症信息中心	International Cancer Information Center
Albuquerque	Albuquerque
AAPT_DNS	AAPT_DNS
North_Central_College	North_Central_College
三军大学电脑兵棋中心	Three Armies University Computer Wargaming Center
Universita'_degli_Studi_Mediterranea_di_Reggio_Calabria	Universita_degli_Studi_Mediterranea_di_Reggio_Calabria
Universita'_degli_Studi_di_SIENA	University of Siena
汤姆森河大学	Thompson Rivers University
University_of_Agricultural_Sciences	University_of_Agricultural_Sciences
Universita'_degli_Studi_di_Bari	University of Bari
衣阿华州立大学	Iowa State University
Dana_College	Dana_College
南得克萨斯大学	The University of South Texas
Baldwin-Wallace_College	Baldwin-Wallace_College
台湾图书馆	Taiwan Library
HEG数据中心	HEG Data Center
Montana_State_University	Montana_State_University
Universita'_di_Napoli_"Parthenope"	Universita' di Napoli 'Parthenope'
Universita'_degli_Studi_di_Messina	Universita_degli_Studi_di_Messina
保留地址(Direct_Delegation_AS112_Service)	Reserved Address (Direct Delegation AS112 Service)
国防大学(复兴岗校区)	National Defense University (Fuxinggang Campus)
华梵人文科技学院	Huafan College of Humanities and Technology
Universidade_Federal_da_Bahia	Universidade Federal da Bahia
圣何塞州立大学	San Jose State University
DataShack数据中心	DataShack Data Center
Universita'_di_Ferrara	Universita' di Ferrara
台湾中正纪念堂管理处	Chiang Kai-shek Memorial Hall Administration
长庚医学暨工程学院	Chang Gung Medical and Engineering College
台湾故宫博物院	National Palace Museum
花莲师范学院	Hualien Normal University
行政院原子能委员会核能研究所	Nuclear Energy Research Institute, Atomic Energy Council
RGnet	RGnet
The_Fielding_Institute	The_Fielding_Institute
台湾空中大学	National Open University
侨光科技大学	OCU (Overseas Chinese University)
台北艺术大学	Taipei National University of the Arts
Presbyterian_College	Presbyterian_College
中国医药大学北港附设医院	China Medical University Beigang Hospital
Wheeling-Jesuit_University	Wheeling-Jesuit_University
私立黎明技术学院	Private Lih Ming Institute of Technology
台湾南投特殊教育学校	Nantou Special Education School, Taiwan
中华民国海军军官学校	Republic of China Naval Academy
南台工商专科学校	Southern Taiwan Institute of Technology
台北市立图书馆	Taipei Public Library
万能工商专科学校	Wanneng Institute of Industry and Commerce
北方学院	Northern College
私立宜宁高级中学	Yining Private High School
台北区域网络中心	Taipei Regional Network Center
地震中心	Earthquake Center
Southern_University	Southern University
中国科技大学	University of Science and Technology of China
崑山工商专科学校	Kunshan Institute of Industrial and Commercial Technology
仁荷大学	Inha University
行政院原子能委员会	ROC Atomic Energy Council
EASY_Research_Institute	EASY_Research_Institute
行政院劳委会资讯中心	Council of Labor Affairs, Executive Yuan Information Center
江原大学	Kangwon National University
国防医学院	National Defense Medical Center
Redwood	Redwood
丰迪拉克	Fond du Lac
德汉姆学院	Dehan College
济州大学	Jeju National University
College_of_duPage	College_of_duPage
CDN520高防节点(CN2)数据中心	CDN520 DDoS Protection Node (CN2) Data Center
世界新闻传播学院	World Journalism and Communication Institute
崇右影艺科技大学	Chungyu University of Film and Arts
University_of_Nebraska_Medical_Center	University_of_Nebraska_Medical_Center
SUNY	SUNY
Hanover_College	Hanover_College
Luther_College	Luther_College
大仁科技大学	Ta Jen University
全北国立大学	Chonbuk National University
Hastings_College	Hastings_College
联合国大学	UNU
亚东工业专科学校	Yatung Industrial College
Sioux_Falls_College	Sioux_Falls_College
台中高级农业职业学校	Taichung Senior Agricultural Vocational High School
台北市立松山高级工农职业学校	Taipei Municipal Songshan High School of Agriculture and Industry
尼皮辛大学	Nipissing University
苏圣玛丽学院	Sault College
高屏澎区域网络中心	Kaohsiung-Pingtung-Penghu Regional Network Center
Bridgewater_State_College	Bridgewater_State_College
Salish_Kootenai_College	Salish_Kootenai_College
Franklin_College_of_Indiana	Franklin_College_of_Indiana
泰国朱拉隆功大学	Chulalongkorn University
尼亚加拉学院	Niagara College
高雄市立图书馆	Kaohsiung Public Library
建国大学	Konkuk University
表演艺术中心	Performing Arts Center
台湾公共资讯图书馆	Taiwan Public Information Library
University_of_Southern_Indiana	University_of_Southern_Indiana
Le_Moyne_College	Le Moyne College
美国在线公司	America Online
Asahi_University	Asahi_University
Winthrop_University	Winthrop_University
世新大学	Shih Hsin University
Georgian_Court_College	Georgian_Court_College
伊比利美洲大学	Iberian-American University
Millersville_Universitymarauder_millersv	Millersville_Universitymarauder_millersv
South	South
健行工业专科学校	Chien Hsing Institute of Technology
University_of_Central_Oklahoma	University_of_Central_Oklahoma
Randolph-Macon_College	Randolph-Macon_College
Concordia_College	Concordia_College
University_of_La_Verne	University of La Verne
科罗拉多州NTT(美国)通信公司	NTT Communications (Colorado, USA)
主根域名服务器全球第05OF13号E-ROOT-SERVERS节点(WorldAnycast任播网络美国国家航空航天局运作BIND软件)	Root Domain Name Server Global 05OF13 E-ROOT-SERVERS Node (WorldAnycast Anycast Network Operated by NASA with BIND Software)
嘉药学校财团法人嘉南药理大学	Chia Nan University of Pharmacy & Science (Chia-Nan)
Iona_College	Iona_College
Internode_DNS	Internode_DNS
WebXury公司Global_Frag_Networks数据中心	WebXury Global_Frag_Networks Data Center
Cheyney_University_Of_Pennsylvania	Cheyney_University_Of_Pennsylvania
国際基督教大学	International Christian University
智博(美国)有限责任公司数据中心	Siboin (USA) LLC Data Center
Aichi_Medical_University	Aichi_Medical_University
Xplornet通信	Xplornet Communications
CDK_Global	CDK_Global
立法院	Legislative Yuan
Tsukuba_Gakuin_University	Tsukuba_Gakuin_University
Boston_Global_Network_Services	Boston Global Network Services
Francis_Marion_University	Francis_Marion_University
Ntt通信公司	NTT Communications
York_College_of_Pennsylvania	York College of Pennsylvania
RIPE全球Anycast节点	RIPE Global Anycast Node
Fibrenoire	Fibrenoire
xTOM数据中心	xTOM Data Center
翰林大学	Hanlim University
Bard_College	Bard_College
Central_Methodist_College	Central Methodist College
University_of_Nova_Gorica	University_of_Nova_Gorica
Sendgrid	Sendgrid
Lanka_Education_and_Research_Network	LEARN
New_Bulgarian_University	New_Bulgarian_University
Mount_Mercy_College	Mount_Mercy_College
Golden_Gate_University	Golden_Gate_University
崇实大学	Chung-Ang University
东京海洋大学	Tokyo University of Marine Science and Technology
North_America_United_States	North_America_United_States
Edgecast_Inc	Edgecast_Inc
University_of_Ljubljana	University_of_Ljubljana
阿道夫.伊班尼兹大学	Adolfo Ibáñez University
University_of_Tartu	University_of_Tartu
University_of_South_Alabama	University of South Alabama
韩国科学技术院	KAIST
主根域名服务器全球第12OF13号L-ROOT-SERVERS节点(WorldAnycast任播网络ICANN运作NSD软件)	L-ROOT-SERVERS Node No.12 of 13 Global Root Name Servers (WorldAnycast Network operated by ICANN, NSD software)
CGI	CGI
多特蒙德应用技术大学	University of Applied Sciences and Arts Dortmund
主根域名服务器全球第02OF13号B-ROOT-SERVERS节点(美国–加利福尼亚州马里纳戴尔雷伊网络南加州大学信息科学研究所运作BIND软件)	B-ROOT-SERVERS Node 02OF13 of Root Name Server (Operated by Information Sciences Institute, University of Southern California, Marina del Rey, California, United States, running BIND software)
安哈尔特应用技术大学	Anhalt University of Applied Sciences
Universities_and_Colleges_Christian_Fellowship	Universities_and_Colleges_Christian_Fellowship
Tallinn_Pedagogical_University	Tallinn_Pedagogical_University
University_of_Littoral	University_of_Littoral
Thurrock_College	Thurrock_College
Concordia_International_University_Estonia	Concordia_International_University_Estonia
University_of_Saarland	University_of_Saarland
杜塞尔多夫应用技术大学	Düsseldorf University of Applied Sciences
Tallinn_Technical_University	Tallinn_Technical_University
Clinicum_of_University_of_Tartu	Clinicum_of_University_of_Tartu
塔林理工大学	Tallinn University of Technology
巴黎第九大学	Paris Dauphine University
University_of_Aix-en-Provence	University of Aix-en-Provence
University_of_Chemical_Technology_And_Metallurgy	University_of_Chemical_Technology_And_Metallurgy
College_Europeen_des_Nouvelles_Technologies	College_Europeen_des_Nouvelles_Technologies
University_Henri_Poincare_Nancy	University_Henri_Poincare_Nancy
凡尔赛大学	University of Versailles
College_de_France	College_de_France
圣-艾蒂安高等矿业大学	École des Mines de Saint-Étienne
Broussais_University_Hospital	Broussais_University_Hospital
University_of_Valenciennes	University_of_Valenciennes
Tartu_University_Library	Tartu_University_Library
Estonian_Agricultural_University	Estonian_Agricultural_University
Technical_University_of_Zielona_Gora	Technical_University_of_Zielona_Gora
巴黎第五大学	University of Paris V
克莱蒙费朗第一大学	University of Clermont-Ferrand 1
International_Space_University	International Space University
Tartu_University_Lung_Clinic	Tartu_University_Lung_Clinic
Tartu_University_Children_Clinic	Tartu_University_Children_Clinic
Greenwich_University	Greenwich_University
萨瓦大学	University of Savoie
University_Joseph_Fourier	University_Joseph_Fourier
Staffordshire_University	Staffordshire_University
波尔多国家农业工程大学	Bordeaux National School of Agricultural Engineering
University_of_Opole	University_of_Opole
Cité_internationale_universitaire_de_Paris	Cité_internationale_universitaire_de_Paris
Southampton_University_Hospital_Unit	Southampton_University_Hospital_Unit
Bury_College	Bury_College
Warsaw_Technical_University_in_Plock	Warsaw_Technical_University_in_Plock
University_of_Central_England_in_Birmingham	University_of_Central_England_in_Birmingham
Warsaw_University_of_Technology_in_Plock	Warsaw University of Technology in Plock
Technical_University_of_Lodz	Technical University of Lodz
University_of_Manchester	University_of_Manchester
University_of_Derby	University of Derby
Nelson_and_Colne_College	Nelson_and_Colne_College
Itchen_College;Sixth_Form_College	Itchen_College;Sixth_Form_College
Coleg_Glan_Hafren;FE_College	Coleg_Glan_Hafren;FE_College
University_of_Abertay_Dundee	University_of_Abertay_Dundee
University_of_Wales	University of Wales
诺桑比亚大学	University of Northumbria
The_French_bibliographic_university_agency	The_French_bibliographic_university_agency
Imperial_College	Imperial_College
Accrington_and_Rossendale_College	Accrington_and_Rossendale_College
Inter-University_Institute_for_High_Energy_Physics_(ULB-VUB)	Inter-University Institute for High Energy Physics (ULB-VUB)
Birkbeck_College	Birkbeck_College
Kings_College_Hospital	Kings_College_Hospital
Harper_Adams_Agricultural_College	Harper_Adams_Agricultural_College
Imperial_College_of_Science	Imperial College of Science
Queen_Mary's_College	Queen Mary's College
Cambrige_University	Cambridge_University
Brinsbury_College	Brinsbury_College
Norwich_City_College_of_Further_and_Higher_Education	Norwich_City_College_of_Further_and_Higher_Education
Falmouth_College_of_Arts	Falmouth_College_of_Arts
The_Sanger_Centre	The_Sanger_Centre
University_of_Durham	University_of_Durham
Regent_College	Regent_College
King's_College_Hospital	King's College Hospital
Joint_Univesity_of_Manchester	Joint_Univesity_of_Manchester
St_John_Rigby_Roman_Catholic_Sixth_Form_College	St_John_Rigby_Roman_Catholic_Sixth_Form_College
University_of_London	University_of_London
University_College_of_Stockton-on-Tees	University_College_of_Stockton-on-Tees
University_of_Birmingham	University_of_Birmingham
University_College_Salford	University_College_Salford
The_Robert_Gordon_University	The_Robert_Gordon_University
West_Surrey_College_of_Art_and_Design	West_Surrey_College_of_Art_and_Design
Epping_Forest_College	Epping_Forest_College
University_of_Glasgow	University_of_Glasgow
Edge_Hill_University_College	Edge_Hill_University_College
Welsh_College_of_Horticulture	Welsh College of Horticulture
Institute_of_Neurology	Institute_of_Neurology
Henley_Management_College	Henley_Management_College
University_of_Ulster_at_Jordanstown	University_of_Ulster_at_Jordanstown
University_of_Central_Lancashire	University_of_Central_Lancashire
University_of_Ulster_at_Coleraine	University_of_Ulster_at_Coleraine
Cheltenhan_and_Gloucester_College_of_Higher_Education	Cheltenham and Gloucester College of Higher Education
Loughborough_College	Loughborough_College
Chester_College_of_Higher_Education	Chester_College_of_Higher_Education
Queen_Margaret_College	Queen_Margaret_College
Brunel_University_Network	Brunel_University_Network
Nene_College	Nene_College
Keele_University	Keele_University
University_of_Luton	University_of_Luton
Edinburgh_University	Edinburgh_University
University_of_Wales_Institute	University of Wales Institute
University_of_Brighton	University_of_Brighton
The_University_of_Bolton	University of Bolton
Kings_College_School_of_Medicine_and_Dentistry	Kings_College_School_of_Medicine_and_Dentistry
Coventry_University	Coventry_University
Glasgow_Caledonian_University	Glasgow_Caledonian_University
Kingston_College	Kingston_College
Southwark_College	Southwark_College
Worcester_College_of_Higher_Education	Worcester_College_of_Higher_Education
S._Martin's_College_of_Higher_Education	S._Martin's_College_of_Higher_Education
University_of_East_Anglia	University_of_East_Anglia
University_of_Ulster_at_Magee_College	University of Ulster at Magee College
University_College_of_Ripon_and_York_St_John	University_College_of_Ripon_and_York_St_John
Oxford_University_Press	Oxford_University_Press
LEEDS_UNIVERSITY	LEEDS_UNIVERSITY
University_College_of_St_Martin	University_College_of_St_Martin
Royal_Northern_College_of_Music	Royal_Northern_College_of_Music
Thames_Valley_University	Thames_Valley_University
The_Buckinghamshire_College	The_Buckinghamshire_College
Royal_Military_College_of_Science	Royal Military College of Science
Scottish_Agricultural_College	Scottish_Agricultural_College
John_Cabot_City_Technology_College	John Cabot City Technology College
Anglia_Polytechnic_University	Anglia_Polytechnic_University
Warwick_University	Warwick_University
Blackpool_and_the_Fylde_College	Blackpool_and_the_Fylde_College
University_of_Ulster	University_of_Ulster
University_of_Wales_College_of_Medicine	University_of_Wales_College_of_Medicine
Bath_University	Bath_University
Newman_College	Newman_College
American_University_Brussels_Centre	American_University_Brussels_Centre
Comenius_University	Comenius_University
University_Library_in_Bratislava	University_Library_in_Bratislava
Czech_Technical_University	Czech Technical University
University_of_Northumbria_at_Newcastle	University_of_Northumbria_at_Newcastle
University_of_London_Computer_Centre	University_of_London_Computer_Centre
University_of_Glamorgan	University_of_Glamorgan
University_of_London_Library	University_of_London_Library
Prague_University_of_Economics	Prague_University_of_Economics
Trinity_College_Carmarthen	Trinity_College_Carmarthen
University_of_Education_Nitra	University_of_Education_Nitra
Economic_University	Economic_University
Slovak_Academy_of_Sciences	Slovak_Academy_of_Sciences
LEICESTER_SOUTH_FIELDS_COLLEGE	LEICESTER_SOUTH_FIELDS_COLLEGE
University_of_Agriculture	University_of_Agriculture
Charles_University	Charles_University
PTT_Research_Institute_Network	PTT_Research_Institute_Network
Military_Aviation_University	Military Aviation University
Hellenic_Open_University	Hellenic_Open_University
Technical_University	Technical_University
Pavol_Jozef_Safarik_University	Pavol_Jozef_Safarik_University
Adobe系统公司爱尔兰分公司	Adobe Systems Ireland
Faculty_of_Professional_Studies_of_STU	Faculty_of_Professional_Studies_of_STU
University_sv._Cyrila_a_Metoda	University_sv._Cyrila_a_Metoda
Pavol_Jozef_SAFARIK_University	Pavol_Jozef_SAFARIK_University
Slovak_Technical_University	Slovak_Technical_University
University_Library	University_Library
SARC-Centre_for_Advancement	SARC-Centre_for_Advancement
习梦云高防节点	Ximengyun High Defense Node
CVT_Slovak_Technical_University	CVT_Slovak_Technical_University
Matej_Bel_University	Matej_Bel_University
Trnava_University	Trnava_University
Irish_College_of_General_Proactitioners	Irish_College_of_General_Proactitioners
Slovak_Pedagogic_Library	Slovak Pedagogic Library
托木斯克国立师范大学	Tomsk State Pedagogical University
Technical_University_of_Radom	Technical_University_of_Radom
School_computer_centre_of_secondary_schools	School_computer_centre_of_secondary_schools
University_of_Architecture_Civil_Engineering_and_Geodesy	University of Architecture, Civil Engineering and Geodesy
Mercury_Private_College	Mercury_Private_College
University_of_Trencin	University_of_Trencin
Blackrock_College	Blackrock_College
2_Merrion_Square;Dublin_2;Ireland;	2_Merrion_Square;Dublin_2;Ireland
Irish_Management_Institute	Irish_Management_Institute
University_of_Economics_in_Bratislava	University_of_Economics_in_Bratislava
Church_of_Ireland_Colloege	Church_of_Ireland_Colloege
School_Computer_Center	School_Computer_Center
University_of_Transport_and_Communications	University_of_Transport_and_Communications
UNIVERSITY_OF_NORTHUMBRIA_AT_NEWCASTLE	University of Northumbria at Newcastle
Trinity_College_Enterprise_Centre	Trinity_College_Enterprise_Centre
British_Telecommunications	British_Telecommunications
st._Joseph_Calazancius_Grammar_School	St. Joseph Calazancius Grammar School
University_of_Veterinary_Medicine	University_of_Veterinary_Medicine
The_Police_Staff_College	The_Police_Staff_College
董布罗夫斯基军队技术学院	Dabrowski Military Technical Institute
Atlas_Travel;9_College_Green;Dublin_2;Ireland	Atlas_Travel;9_College_Green;Dublin_2;Ireland
Institute_of_Information_and_Prognoses	Institute_of_Information_and_Prognoses
Academy_of_Fine_Arts_and_Design	Academy_of_Fine_Arts_and_Design
Ventspils_University_College	Ventspils_University_College
NEWCASTLE_UNIVERSITY	NEWCASTLE_UNIVERSITY
College_Green;Dublin_2;Ireland;	College_Green;Dublin_2;Ireland
The_College_of_Law	The_College_of_Law
The_KHBO_is_a_university_level_engineering_school;located_in_Brugge_and_Oostende	KHBO (Katholieke Hogeschool Brugge-Oostende)
Enfield_College	Enfield_College
LEICESTER_UNIVERSITY	LEICESTER_UNIVERSITY
Sparsholt_College_Hampshire	Sparsholt_College_Hampshire
university_level_engineering_school	University-Level Engineering School
West_Suffolk_College	West Suffolk College
耶兹里尔谷学院	Yezreel Valley College
universitaires_et_juridiques	universitaires_et_juridiques
MCB_University_Press_Limited	MCB_University_Press_Limited
Wulfrun_College	Wulfrun_College
Royal_Agricultural_College	Royal_Agricultural_College
Kharkiv_State_Polytechnic_University	Kharkiv_State_Polytechnic_University
Mid_Cheshire_College	Mid_Cheshire_College
Tower_Hamlets_College	Tower_Hamlets_College
Middlesex_University	Middlesex_University
Portland_College	Portland_College
Moscow_State_University	Moscow_State_University
Knowsley_Community_College	Knowsley_Community_College
UNIVERSITY_OF_WARWICK	UNIVERSITY_OF_WARWICK
Dolmen_Corporate_Finance;3_College_Green;Dublin_2	Dolmen Corporate Finance; 3 College Green; Dublin 2
Royal_College_Of_Paediatrics_&_Child_Health	Royal_College_Of_Paediatrics_&_Child_Health
Norton_Radstock_College	Norton_Radstock_College
MCB_University_Press_Ltd	MCB_University_Press_Ltd
Hartlepool_College_of_Further_Education	Hartlepool_College_of_Further_Education
Chichester_College_of_Art_and_Technology	Chichester_College_of_Art_and_Technology
National_Academic_Network_and_Information_Center	National_Academic_Network_and_Information_Center
Skelmersdale_College_Northway	Skelmersdale_College_Northway
College_of_Occupational_Therapists	College_of_Occupational_Therapists
联邦森林	Federal Forest
Solihull_College	Solihull_College
Ashridge_Management_College	Ashridge Management College
Ripon_Community_College	Ripon_Community_College
Hastings_College_of_Arts_&_Technology	Hastings_College_of_Arts_&_Technology
Broomfield_College	Broomfield_College
Anadolu_Universitesi	Anadolu University
Gaziantep_University	Gaziantep_University
Cukurova_University	Cukurova_University
Fatih_University	Fatih_University
LUCIDNETWORKS	LUCIDNETWORKS
Karabuk_Universitesi	Karabuk_Universitesi
Dogu_Akdeniz_University	Dogu_Akdeniz_University
Eylul_University	Eylul_University
Erciyes_University	Erciyes_University
Yildiz_Teknik_University	Yildiz_Teknik_University
Nelson_&_Colne_College	Nelson_&_Colne_College
TAK-UEKAE	TAK-UEKAE
Tubitak	Tubitak
TUBITAK_UEKAE_ANKARA	TUBITAK_UEKAE_ANKARA
TUBITAK_TUSSIDE	TUBITAK_TUSSIDE
TUBITAK-UEKAE_KSM	TUBITAK-UEKAE_KSM
Osmangazi_University	Osmangazi_University
Guildford_College	Guildford_College
Suleyman_Demirel	Suleyman_Demirel
OSYM	OSYM
Türkiye_Teknoloji_Gelistirme_Vakfi	Türkiye_Teknoloji_Gelistirme_Vakfi
TUBITAK-UEKAE_ILTAREN	TUBITAK-UEKAE_ILTAREN
KOC_University	KOC_University
Suleymen_Demirel_Universitesi	Suleymen_Demirel_Universitesi
TOBB_Ekonomi_ve_Teknoloji_Universitesi	TOBB_Ekonomi_ve_Teknoloji_Universitesi
Gebze_Yuksek_Teknoloji_Enstitusu	Gebze_Yuksek_Teknoloji_Enstitusu
19_Mayis_University	19 Mayis University
TUBITAK_MAM	TUBITAK_MAM
Kara_Harp_Okulu	Kara_Harp_Okulu
GATA	GATA
Harran_University	Harran_University
TUBITAK_BUTAL	TUBITAK_BUTAL
Malatya_Inonu_Universitesi	Malatya_Inonu_Universitesi
National_Grid_Initiative	National_Grid_Initiative
TUBITAK_SAGE	TUBITAK_SAGE
TUBITAK_Ulusal_Gozlemevi	TUBITAK_National_Observatory
GOP_Universitesi	GOP_Universitesi
Ufuk_University	Ufuk_University
Selcuk_University	Selcuk_University
Bogazici_University	Bogazici_University
Baskent_Universitesi	Baskent_Universitesi
Suleyman_Demirel_University	Suleyman_Demirel_University
Arastirma_Enstitusu	Research_Institute
Karadeniz_Teknik_University	Karadeniz_Teknik_University
Hacettepe_University	Hacettepe_University
Universidade_da_Coru~na	University of A Coruña
Osmangazi_Univ._Bilgi_Islem	Osmangazi_Univ._Bilgi_Islem
Kayseri_Erciyes_Universitesi	Kayseri_Erciyes_Universitesi
TUBITAK_UZAY	TUBITAK_UZAY
MSB_ARGE_Dairesi_Bask.	MSB_ARGE_Dairesi_Bask
Rovira_i_Virgili_University	Rovira i Virgili University
Sakarya_University	Sakarya_University
Sivas_Cumhuriyet_Universitesi	Sivas_Cumhuriyet_Universitesi
拉里奥哈大学	Universidad de La Rioja
研究实验中心	Research and Experiment Center
Marmara_University	Marmara_University
庞培法布拉大学	Pompeu Fabra University
Dokuz_Eylul_University	Dokuz_Eylul_University
阿尔卡拉大学	University of Alcalá
Sivas_Cumhuriyet_University	Sivas_Cumhuriyet_University
拉古纳大学	Laguna University
Abant_Izzet_Baysal_Universitesi	Abant_Izzet_Baysal_Universitesi
netsilvania	netsilvania
安达卢西亚国际大学	International University of Andalusia
Uludag_University	Uludag_University
Dicle_University	Dicle University
Universitat_Oberta_de_Catalunya	Universitat_Oberta_de_Catalunya
Universidad_de_Santiago_de_Compostela	Universidad_de_Santiago_de_Compostela
Universidad_de_Cantabria	University of Cantabria
Beykent_University	Beykent_University
Yuksek_Ogretim_Kurulu_Baskanligi__Computer_Center	Yuksek_Ogretim_Kurulu_Baskanligi__Computer_Center
阿利坎特大学	University of Alicante
巴布罗·德奥拉维戴大学	Pablo de Olavide University
莱里达大学	University of Lleida
University_of_Las_Palmas_de_Gran_Canaria	University_of_Las_Palmas_de_Gran_Canaria
University_of_Almeria	University_of_Almeria
莱昂大学	University of Leon
STS特殊电信服务骨干网	STS Special Telecom Service Backbone Network
Science_&_Techonolgy_University	Science & Technology University
维戈大学	University of Vigo
Izmir_Yuksek_Teknoloji_Enstitusu	Izmir_Yuksek_Teknoloji_Enstitusu
埃尔切市米盖尔·埃尔南德斯大学	Miguel Hernández University of Elche
University_of_Jordan	University_of_Jordan
Applied_Science_University	Applied_Science_University
Limburg_University	Limburg_University
University_of_Ghent	University_of_Ghent
Vlerick_Leuven_Gent_Management_School	Vlerick_Leuven_Gent_Management_School
Girne_American_University	Girne_American_University
Katholieke_University_Leuven	Katholieke_University_Leuven
Institute_of_Tropical_Medicine	Institute_of_Tropical_Medicine
A'al_Al-Bayt_University	A'al_Al-Bayt_University
College_of_Europe	College_of_Europe
Faculte_des_Sciences_agronomiques	Faculte_des_Sciences_agronomiques
Facultes_University_Catholiques_de_Mons	Facultes_University_Catholiques_de_Mons
Fondation_University_Luxembourgeoise	Fondation_University_Luxembourgeoise
Kingston_FE_College	Kingston_FE_College
Faculte_Polytechnique_de_Mons	Faculte_Polytechnique_de_Mons
South_Thames_College	South_Thames_College
Kingston_college_of_further_Education	Kingston College of Further Education
Yarmouk_University	Yarmouk_University
Mu'tah_University	Mu'tah_University
Wimbledon_College_for_Boys	Wimbledon_College_for_Boys
Chessington_Community_College	Chessington_Community_College
Facultes_University_Saint-Louis	Facultes_University_Saint-Louis
North_Devon_College	North_Devon_College
St_Francis_Xavier_College	St_Francis_Xavier_College
Sherburn_Cyber_Centre	Sherburn_Cyber_Centre
The_Interactive_College;	The_Interactive_College
Worcester_College_of_Technology	Worcester_College_of_Technology
Odessa_State_Polytechnical_University;	Odessa_State_Polytechnical_University
Battersea_Technical_College	Battersea_Technical_College
John_Ruskin_College	John_Ruskin_College
Universities_of_Brussels	Universities_of_Brussels
卡梅里诺大学	University of Camerino
University_de_Mons-Hainaut	University_de_Mons-Hainaut
Nescot_College;DMZ_Lan	Nescot_College;DMZ_Lan
Merton_Sixth_Form_College	Merton_Sixth_Form_College
巴西利卡塔大学	University of Basilicata
斯图加特国立音乐和表演艺术学院大学	University of Music and Performing Arts Stuttgart
East_Surrey_College	East_Surrey_College
University_of_Maryland	University of Maryland
魏恩加腾师范大学	Weingarten University of Education
比伯拉赫建筑和经济应用技术大学	University of Applied Sciences Biberach
斯图加特工程应用技术大学	Stuttgart University of Applied Sciences
University_of_Paisley	University_of_Paisley
斯图加特国立造型艺术学院大学	State Academy of Fine Arts Stuttgart
施瓦本格明德设计学院大学	Schwäbisch Gmünd University of Design
Istituto_Nazionale_di_Ricerca_Metrologica	Istituto_Nazionale_di_Ricerca_Metrologica
阿奎拉大学	University of L'Aquila
Birmingham_Community_College	Birmingham_Community_College
Istituti_Fisioterapici_Ospitalieri_-_Roma	Istituti_Fisioterapici_Ospitalieri_-_Roma
社会学国际大学	International University of Sociology
罗马大学	Rome University
Istituto_Nazionale_di_Statistica	National Institute of Statistics
罗马生物医学大学	Università Campus Bio-Medico di Roma
The_University_of_Trento	The_University_of_Trento
锡耶纳大学	University of Siena
巴里大学	University of Bari
博科尼大学	Bocconi University
Syracuse_University_in_Florence	Syracuse_University_in_Florence
贝尔加莫大学	University of Bergamo
萨格勒布经济与管理大学	Zagreb School of Economics and Management
John_Cabot_University	John_Cabot_University
帕维亚大学	University of Pavia
马尔凯理工大学	Marche Polytechnic University
New_York_University	New_York_University
马切拉他大学	University of Macerata
莱切大学	University of Salento
维特博-图西亚大学	Università degli Studi della Tuscia
莫里塞大学	University of Moratuwa
巴里理工大学	Barry University
乌尔比诺_Carlo_Bo_大学	University of Urbino Carlo Bo
雷焦卡拉布里亚-雷焦卡拉布里亚地中海大学	Reggio Calabria-Mediterranean University of Reggio Calabria
萨萨里大学	University of Sassari
萨勒诺大学	University of Salerno
佩鲁贾外国人大学	University for Foreigners of Perugia
米兰天主都教圣心大学	Università Cattolica del Sacro Cuore (Milan)
天主教圣心大学	Catholic University of the Sacred Heart
佩斯卡拉邓南遮大学	Università degli Studi 'Gabriele d'Annunzio' di Pescara
卡梅里尼大学	University of Camerino
那不勒斯东方大学	University of Naples "L'Orientale"
卡西诺大学	Casino University
耶纳外国人大学	Jena University for Foreigners
University_of_Catanzaro	University_of_Catanzaro
Second_University_of_Naples	Second_University_of_Naples
罗马第二大学	University of Rome Tor Vergata
Turin_University	Turin_University
Ferrara_University	Ferrara_University
那不勒斯Parthenope大学	University of Naples Parthenope
Universita'_degli_Studi_di_Foggia	University of Foggia
Insubria_University	Insubria_University
Universita'_degli_Studi_di_Teramo	Universita' degli Studi di Teramo
Vilnius_University	Vilnius_University
特兰托大学	University of Trento
Johns_Hopkins_University	Johns_Hopkins_University
Free_University_Bozen	Free_University_Bozen
Kaunas_Technological_University	Kaunas_Technological_University
NTGROUP	NTGROUP
Kaunas_Medical_Academy	Kaunas_Medical_Academy
Vytautas_Magnus_University	Vytautas_Magnus_University
University_of_Pavia	University_of_Pavia
University_Benevento	University_Benevento
Institute_of_Physics	Institute_of_Physics
University_of_Ancona	University of Ancona
Insubria_University_Network	Insubria_University_Network
Institute_of_Semiconductor_Physics	Institute of Semiconductor Physics
Public_University_located_in_Rome	Public_University_located_in_Rome
Suor_Orsola_Benincasa_University_institute	Suor_Orsola_Benincasa_University_institute
Institute_of_Biotechnology	Institute_of_Biotechnology
Lithuanian_Energy_Institute	Lithuanian_Energy_Institute
Mykolo_Romerio_University	Mykolo_Romerio_University
Lithuanian_Academy_of_Agriculture	Lithuanian_Academy_of_Agriculture
Kaunas_Technical_College	Kaunas_Technical_College
Institute_of_Mathematics_and_Informatics	Institute_of_Mathematics_and_Informatics
Open_Society_Fund	Open_Society_Fund
Lithuanian_Catholic_information_Centre	Lithuanian Catholic Information Centre
Klaipeda_University	Klaipeda_University
LITNET_Backbone	LITNET_Backbone
Kaunas_County_Public_Library	Kaunas_County_Public_Library
Vilnius_Pedagogical_University	Vilnius_Pedagogical_University
Kretinga_and_Taurage_Educational_Organizations	Kretinga_and_Taurage_Educational_Organizations
Lithuanian_University_of_Agriculture	Lithuanian_University_of_Agriculture
Kaunas_Secondary_School_network	Kaunas_Secondary_School_network
SourceForge文件缓存服务器(南欧中05of25节点garr)	SourceForge File Cache Server (Southern Europe Central 05 of 25 nodes GARR)
LEI	LEI
Technical_University_of_Cluj	Technical University of Cluj
KAUNAS_UNIVERSITY_OF_TECHNOLOGY	KAUNAS_UNIVERSITY_OF_TECHNOLOGY
Litnet_NOC_backbone	Litnet_NOC_backbone
Seimas_of_the_Republic_of_Lithuania_&_National_Library_of_Lithuania	Seimas_of_the_Republic_of_Lithuania_&_National_Library_of_Lithuania
Kaunas_University_of_Technology	Kaunas_University_of_Technology
Vilnius_Gediminas'_Technical_University	Vilnius_Gediminas'_Technical_University
Siauliai_University	Siauliai_University
Lietuvos_Pedagogu_Kvalifikacijos_Institute	Lietuvos_Pedagogu_Kvalifikacijos_Institute
Internet_connection_to_Siauliai_sec_Schools	Internet_connection_to_Siauliai_sec_Schools
Lithuanian_Veterinary_Academy	Lithuanian_Veterinary_Academy
Utena_region_academic_organizations	Utena_region_academic_organizations
University_of_Targoviste	University_of_Targoviste
Lithuanian_Public_Libraries	Lithuanian_Public_Libraries
University_Lucian_Blaga	University_Lucian_Blaga
AxuanCDN	AxuanCDN
Educational_organizations_network	Educational organizations network
Romanian_Marine_Research_Institute	Romanian_Marine_Research_Institute
Politehnica_University_of_Bucharest	Politehnica_University_of_Bucharest
Educational_Organizations	Educational_Organizations
Civil_Engineering_University_of_Bucharest	Civil_Engineering_University_of_Bucharest
Technical_University_of_Tg_Mures	Technical University of Târgu Mureș
布加勒斯特经济研究学院	Bucharest University of Economic Studies
Medicine_University_of_Tg_Mures	Medicine_University_of_Tg_Mures
secondary_schools	Secondary Schools
Lithuanian_Institute_of_Physical_Education	Lithuanian_Institute_of_Physical_Education
New_Europe_College	New_Europe_College
University_of_Petrosani	University_of_Petrosani
Central_University_Library_of_Bucharest	Central_University_Library_of_Bucharest
School_network	School network
Gh._Asachi_Technical_University_of_Iasi	Gh._Asachi_Technical_University_of_Iasi
University_of_Baia_Mare	University_of_Baia_Mare
巴克乌大学	Bacău University
克拉尤瓦大学	University of Craiova
University_A_I_Cuza_of_Iasi	Alexandru Ioan Cuza University of Iasi
1API公司全球Anycast节点	1API Global Anycast Node
University_of_Bucharest	University of Bucharest
黎巴嫩大学网络	Lebanese University Network
University_of_Craiova	University_of_Craiova
Polytechnic_University_of_Bucharest	Polytechnic_University_of_Bucharest
Program_Systems_Institute	Program_Systems_Institute
国家政治与管理研究学院	National Institute of Politics and Management Studies
University_of_Medicine_&_Pharmacy_Carol_Davila	University_of_Medicine_&_Pharmacy_Carol_Davila
People's_Friendship_University_of_Russia	People's_Friendship_University_of_Russia
University_of_Pitesti	University_of_Pitesti
Chelyabinsk_Technical_University	Chelyabinsk_Technical_University
Dunarea_de_Jos_University_from_Galati	Dunarea_de_Jos_University_from_Galati
Moscow_State_Forestry_University	Moscow_State_Forestry_University
奥拉蒂亚大学	University of Olatia
莫斯科国立纺织大学	Moscow State Textile University
Petrozavodsk_State_University	Petrozavodsk_State_University
Lipetsk_State_Technical_University	Lipetsk State Technical University
Voronezh_State_Technical_University	Voronezh_State_Technical_University
Russian_Foundation_for_Basic_Research	Russian_Foundation_for_Basic_Research
University_of_Medicine_and_Pharmacy_Iasi	University_of_Medicine_and_Pharmacy_Iasi
The_Al_I_Cuza_University_IASI	The_Al_I_Cuza_University_IASI
The_University_of_Agronomy_and_Veterinary_Medicine_Iasi	The_University_of_Agronomy_and_Veterinary_Medicine_Iasi
BABES-BOLYAI_UNIVERSITY_of_CLUJ-NAPOCA	BABES-BOLYAI_UNIVERSITY_of_CLUJ-NAPOCA
international_university_of_business_and_new_technologies	international_university_of_business_and_new_technologies
I_M_Gubkin_Russian_State_University_of_Oil_and_Gas	I_M_Gubkin_Russian_State_University_of_Oil_and_Gas
Penza_State_Technical_University	Penza_State_Technical_University
Federal_Center_for_University_Network_RUNNet	Federal_Center_for_University_Network_RUNNet
State_Aviation_Technical_University_of_Ufa	State_Aviation_Technical_University_of_Ufa
Nizhni_Novgorod_State_University	Nizhni Novgorod State University
saratov_state_technical_university	saratov_state_technical_university
1_Decembrie_1918_University_of_Alba_Iulia	1_Decembrie_1918_University_of_Alba_Iulia
UNICOR_University	UNICOR_University
Kuzbass_State_Technical_University	Kuzbass State Technical University
伊斯坦布尔大学	Istanbul University
沃罗涅日国立技术大学	Voronezh State Technical University
Selcuk_Universitesi	Selcuk_Universitesi
Moscow_State_Engineering_Physics_Institute(Technical_University)	Moscow_State_Engineering_Physics_Institute(Technical_University)
Istanbul_University	Istanbul_University
Pamukkale_University	Pamukkale_University
Yalova_University	Yalova_University
ATILIM_University	ATILIM_University
Istanbul_Ticaret_Universitesi	Istanbul_Ticaret_Universitesi
Ataturk_Universitesi	Ataturk_Universitesi
Bahcesehir_University	Bahcesehir_University
Istanbul_Arel_University	Istanbul_Arel_University
Uninet公司用户	Uninet
Bartin_Universitesi	Bartin_Universitesi
Beykoz_Lojistik_Meslek_Yuksekokulu	Beykoz_Lojistik_Meslek_Yuksekokulu
Canakkale_University	Canakkale_University
Deniz_Astsubay_MYO_Komutanligi	Deniz_Astsubay_MYO_Komutanligi
Cantemir_Voda_National_College	Cantemir_Voda_National_College
Adiyaman_University	Adiyaman_University
Yeditepe_University	Yeditepe_University
Yildiz_University__Computer_Center	Yildiz_University__Computer_Center
Afyon_Kocatepe_University	Afyon_Kocatepe_University
Namik_Kemal_University	Namik_Kemal_University
Izmir_University_of_Economics	Izmir_University_of_Economics
Afyon_Kacatepe_Universitesi	Afyon_Kacatepe_Universitesi
ANADOLU_BIL_Tech._Vocational_School_of_Higher_Ed.	ANADOLU_BIL_Tech._Vocational_School_of_Higher_Ed.
Pamukkale_Universitesi	Pamukkale_Universitesi
ISIK_University	ISIK_University
Maltepe_University	Maltepe_University
Marmary_University	Marmary_University
Balikesir_Universitesi	Balikesir University
Polis_Akademisi_Baskanligi	Polis_Akademisi_Baskanligi
Trakya_University	Trakya_University
Kahramanmaras_Sutcu_Imam_University	Kahramanmaras_Sutcu_Imam_University
Sakarya_University__Computer_Center	Sakarya_University__Computer_Center
Kauno_technologijos_university	Kauno_technologijos_university
Mersin_University	Mersin_University
Cukurova_Universitesi	Cukurova_Universitesi
Hava_Harp_Okulu	Hava_Harp_Okulu
Aksaray_Universitesi	Aksaray_Universitesi
Firat_University	Firat_University
Harp_Akademileri_Komutanligi	Military Academy Command
Ahmet_Yesevi_University	Ahmet_Yesevi_University
Amasya_Universitesi	Amasya_Universitesi
Sabanci_Universitesi	Sabanci_Universitesi
ISIK_Universitesi	ISIK_Universitesi
Community_DNS全球Anycast节点	Community_DNS Global Anycast Node
Near_East_University	Near_East_University
Hitit_Universitesi	Hitit_Universitesi
Dogus_Schools_Group	Dogus_Schools_Group
Gazi_University	Gazi_University
T_C_Istanbul_Bilim_Universitesi	T_C_Istanbul_Bilim_Universitesi
Kadir_Has_University	Kadir_Has_University
Van_Yuzuncu_Yil_Universitesi	Van_Yuzuncu_Yil_Universitesi
Ankara_Universitesi	Ankara_Universitesi
Maliye_Bakanligi_BUMKO	Ministry of Treasury and Finance_BUMKO
Akdeniz_Universitesi	Akdeniz_Universitesi
Silahli_Kuvvetler_Bando_Okullari_Komutanligi	Command of Armed Forces Band Schools
香港靠谱云机房	Hong Kong Reliable Cloud Data Center
Riga_Technical_University	Riga_Technical_University
Turk_Tarih_Kurumu_Bilgi_Islem_Dairesi	Turk_Tarih_Kurumu_Bilgi_Islem_Dairesi
Turk_Silahli_Kuvvetleri	Turk_Silahli_Kuvvetleri
Kirikkale_University	Kirikkale_University
Trakya_Universitesi	Trakya_Universitesi
Mimar_Sinan_Universitesi	Mimar_Sinan_Universitesi
Istanbul_Arel_Universitesi	Istanbul_Arel_Universitesi
International_American_University_Computer_Center;Republic_of_Northern_Cyprus	International American University Computer Center; Northern Cyprus
Karatay_Universitesi	Karatay_Universitesi
Ankara_University	Ankara_University
TRAKYA_University	TRAKYA_University
Zonguldak_Karaelmas_University	Zonguldak Karaelmas University
Adnan_Menderes_University	Adnan Menderes University
DNS4Pro全球Anycast节点	DNS4Pro Global Anycast Nodes
Kafkas_Universitesi_Kars	Kafkas_Universitesi_Kars
YASAR_University	YASAR_University
Celal_Bayar_Universitesi	Celal_Bayar_Universitesi
Mugla_University	Mugla_University
European_University	European_University
Karadeniz_Teknik_Universitesi	Karadeniz_Teknik_Universitesi
Kocaeli_University	Kocaeli_University
Yildiz_Technical_University	Yildiz_Technical_University
Firat_Universitesi	Firat_Universitesi
Kirikkale_Universitesi_Muh._Fak.	Kirikkale_Universitesi_Muh._Fak.
Deniz_Harp_Okulu_Komutanligi_Tuzla	Deniz Harp Okulu Komutanligi Tuzla
Deniz_Harp_Okulu	Deniz_Harp_Okulu
Mustafa_Kemal_Universitesi	Mustafa_Kemal_Universitesi
Galatasaray_Universitesi	Galatasaray_Universitesi
Eastern_Mediterranean_University_Gazi_Magosa-TRNC	Eastern_Mediterranean_University_Gazi_Magosa-TRNC
Lefke_University	Lefke_University
Siirt_Universitesi	Siirt_Universitesi
Turgut_Ozal_Universitesi	Turgut_Ozal_Universitesi
Celal_Bayar_University	Celal_Bayar_University
Istanbul_Kultur_Universitesi	Istanbul Kultur University
Istanbul_Bilgi_Universitesi	Istanbul_Bilgi_Universitesi
Dumplupinar_Universitesi	Dumplupinar_Universitesi
Dokuz_Eylul_Universitesi	Dokuz_Eylul_Universitesi
Akdeniz_University	Akdeniz_University
Nigde_Universitesi	Nigde_Universitesi
Yozgat_Bozok_Universitesi	Yozgat_Bozok_Universitesi
Karadeniz_Technical_University	Karadeniz_Technical_University
I_U_Cerrahpasa_Med._Faculty	I_U_Cerrahpasa_Med._Faculty
Kilis_7_Aralik_Universitesi	Kilis_7_Aralik_Universitesi
Mustafa_Kemal_University_Iskenderun_Campus	Mustafa_Kemal_University_Iskenderun_Campus
Dumlupinar_Universitesi	Dumlupinar_Universitesi
Agri_Dagi_Universitesi	Agri_Dagi_Universitesi
Meliksah_Universitesi	Meliksah_Universitesi
TUBITAK_Ulusal_Metroloji_Enstitusu	TUBITAK_Ulusal_Metroloji_Enstitusu
华沙科技大学	Warsaw University of Technology
Joint_Services_Command_and_Staff_College	Joint Services Command and Staff College
Eastern_Mediterranean_University_Gazi_Magosa	Eastern_Mediterranean_University_Gazi_Magosa
T_C_KULTUR_BAKANLIGI_MILLI_KUTUPHANE_BASKANLIGI	T_C_KULTUR_BAKANLIGI_MILLI_KUTUPHANE_BASKANLIGI
Cankaya_Universitesi	Cankaya_Universitesi
University_for_Lloyds_TSB	University_for_Lloyds_TSB
国立经济大学二舍	National Economics University Dormitory 2
Newbold_Colleges_primary_allocation	Newbold_Colleges_primary_allocation
Ivano-Frankivsk_State_Technical_University_of_oil_and_gas	Ivano-Frankivsk State Technical University of Oil and Gas
Bracknell_and_Wokingham_College	Bracknell_and_Wokingham_College
格林威治大学	University of Greenwich
塞浦路斯大学	University of Cyprus
Halesowen_College	Halesowen_College
Turkish_Atomic_Energy_Authority	Turkish Atomic Energy Authority
HostPro	HostPro
Erciyes_Universitesi	Erciyes_Universitesi
MISD_London_University	MISD_London_University
READING-COLLEGE	READING-COLLEGE
哈尔科夫市国立工业大学	Kharkiv National University of Radio Electronics
Igdir_Universitesi	Igdir_Universitesi
Taras_Shevchenko_University_of_Kiev	Taras_Shevchenko_University_of_Kiev
Drohobych_State_Pedagogical_University	Drohobych_State_Pedagogical_University
哈尔科夫大学学生城	Kharkiv University Student City
State_Technical_University	State_Technical_University
hosthatch数据中心	HostHatch Data Center
Kharkov_State_Automobile_Highway_Technical_University	Kharkov_State_Automobile_Highway_Technical_University
The_University_of_Kiev-Mohyla_Academy	The_University_of_Kiev-Mohyla_Academy
Lviv_State_University	Lviv_State_University
University_of_Lviv	University_of_Lviv
Kharkov_State_University	Kharkov_State_University
The_Open_University	The_Open_University
Uzhgorod_State_University	Uzhgorod_State_University
Dniepropetrovsk_State_University	Dniepropetrovsk_State_University
Precarpathian_University	Precarpathian_University
University_of_Internal_Affairs	University_of_Internal_Affairs
Forest_University	Forest_University
Turkiye_ve_Orta_Dogu_Amme_Idaresi_Enstitusu	Turkiye_ve_Orta_Dogu_Amme_Idaresi_Enstitusu
ONEAPI公司	ONEAPI Company
Wigan_and_Leigh_College	Wigan and Leigh College
Bournemouth_University	Bournemouth_University
LVIV_MEDICAL_UNIVERSITY	LVIV_MEDICAL_UNIVERSITY
Volynian_State_University	Volynian_State_University
Wirral_Metropolitan_College_Educational_Network	Wirral_Metropolitan_College_Educational_Network
德国国际广播电台_Deutsche_Welle	Deutsche Welle
University_of_Manchester_&_UMIST	University of Manchester & UMIST
Darlington_College_of_Technology	Darlington_College_of_Technology
德国国际广播电台Deutsche_Welle	Deutsche Welle
The_Isle_of_Wight_College	The_Isle_of_Wight_College
Our_Lady_&_St._Patrick's_College	Our_Lady_&_St._Patrick's_College
Writtle_College	Writtle_College
University_of_London_Federal_Library_Coordinating_Services	University_of_London_Federal_Library_Coordinating_Services
University_College_Scarborough	University_College_Scarborough
St_Petersburg_State_Technical_University	St_Petersburg_State_Technical_University
niversity_of_Liverpool	University_of_Liverpool
University_of_Leeds	University_of_Leeds
University_of_Buckingham	University_of_Buckingham
Tynemouth_College	Tynemouth_College
Burton_upon_Trent_Technical_College	Burton_upon_Trent_Technical_College
Suffolk_College_Library	Suffolk_College_Library
King_Alfred's_College	King_Alfred's_College
The_Staff_College	The_Staff_College
Westminster_College	Westminster_College
Harrogate_College	Harrogate_College
University_of_Warwick_MAN	University_of_Warwick_MAN
Cheltenham_and_Gloucester_College_of_Higher_Education	Cheltenham and Gloucester College of Higher Education
Gateshead_College	Gateshead_College
Canterbury_Christ_Church_College	Canterbury Christ Church College
Loughborough_College_of_Art_and_Design	Loughborough_College_of_Art_and_Design
Newcastle-College	Newcastle-College
Queen_Elizabeth_6th_Form_College	Queen_Elizabeth_6th_Form_College
Borders_College	Borders_College
The_State_University_of_Management	The_State_University_of_Management
瑞典大学计算机网络	Swedish University Computer Network
East_Durham_College	East_Durham_College
Derwentside_College	Derwentside_College
Teeside_Tertiary_College	Teeside_Tertiary_College
Stockton_&_Billingham_College	Stockton_&_Billingham_College
North_Tyneside_College	North Tyneside College
Stockton_6th_Form_College	Stockton_6th_Form_College
Hereford_College_of_Technology	Hereford_College_of_Technology
QWearside_College	QWearside_College
Cleveland_Tertiary_College	Cleveland_Tertiary_College
University_of_Birmingham_aka_(Westhill_College)	University of Birmingham (Westhill College)
accrington_and_rossendale_college	Accrington and Rossendale College
Bishop_Auckland_College	Bishop_Auckland_College
North_Warwickshire_&_Hinckley_College	North_Warwickshire_&_Hinckley_College
New_College_Durham	New_College_Durham
Richmond_College	Richmond_College
Stranmillis_College	Stranmillis_College
Newcastle_College	Newcastle_College
Weston_College	Weston_College
Monkwearmouth_College	Monkwearmouth_College
burnley_college	burnley_college
Houghall_College_of_Agriculture	Houghall_College_of_Agriculture
Stroud_College_Of_Further_Education	Stroud_College_Of_Further_Education
South_Tyneside_College	South_Tyneside_College
Mid-Kent_College	Mid-Kent_College
Bishop-Auckaland-College	Bishop-Auckaland-College
The_Open_College	The_Open_College
Doncaster_College	Doncaster_College
Spurgeons_College	Spurgeons_College
North_East_Surrey_College_of_Technology_Further_Education_Corp	North_East_Surrey_College_of_Technology_Further_Education_Corp
Hartlepool_6th_Form_College	Hartlepool_6th_Form_College
University_of_Lincolnshire_and_Humberside	University of Lincolnshire and Humberside
Universities_and_Colleges_Admissions_Service	Universities_and_Colleges_Admissions_Service
South_Birmingham_College	South_Birmingham_College
Broxtowe_College	Broxtowe_College
Carlisle_College_of_Futher_Education	Carlisle_College_of_Further_Education
St_Mary's_College	St_Mary's_College
Prior_Purseglove_6th_Form_College	Prior_Purseglove_6th_Form_College
Northumberland_College	Northumberland_College
Farnborough_College_of_Technology	Farnborough_College_of_Technology
School_of_Advanced_Study	School_of_Advanced_Study
Royal_College_of_Art	Royal_College_of_Art
Middlesborough_College	Middlesborough_College
University_College_Suffolk	University College Suffolk
DMU_Project_Connect;Beauchamp_College	DMU_Project_Connect;Beauchamp_College
St_Mary's_University_College	St_Mary's_University_College
North_Shropshire_College	North_Shropshire_College
University_of_Lancaster	University of Lancaster
Kirley_Hall_College_of_Agriculture	Kirley_Hall_College_of_Agriculture
College_of_St_Mark_&_St_John	College_of_St_Mark_&_St_John
Bede_6th_Form_College	Bede_6th_Form_College
St_Andrew's_College	St_Andrew's_College
Askham_Bryan_College	Askham_Bryan_College
Newham_College_of_Further_Education	Newham_College_of_Further_Education
University_Field_Laboratory	University_Field_Laboratory
Burton_College	Burton_College
Ystrad-Mynach_College	Ystrad-Mynach_College
Birmingham_College_of_Food	Birmingham_College_of_Food
Queen_Mary's_University_Hospital	Queen Mary's University Hospital
Mundella_Community_College	Mundella_Community_College
Newham_sixth_form_college	Newham Sixth Form College
Afan_College	Afan_College
Spelthorne_College	Spelthorne_College
University_of_Wales_Swansea	University_of_Wales_Swansea
Bath_College_of_Higer_Education	Bath_College_of_Higer_Education
Edinburgh_College_of_Art	Edinburgh_College_of_Art
Swansea_College_of_Further_Education	Swansea_College_of_Further_Education
Heythrop_College_(University_of_London)	Heythrop_College_(University_of_London)
Bretton_Hall_College_of_the_University_of_Leeds	Bretton_Hall_College_of_the_University_of_Leeds
North_Trafford_College	North_Trafford_College
Scottish_College_of_Textiles;Part_of_Heriot-Watt_University	Scottish_College_of_Textiles;Part_of_Heriot-Watt_University
Sandwell_College	Sandwell_College
Walsall_College_of_Art_and_Technology	Walsall_College_of_Art_and_Technology
Rother_Valley_College_of_Further_Education	Rother_Valley_College_of_Further_Education
Swindon_College	Swindon_College
Cheltenham_and_Gloucester_College	Cheltenham_and_Gloucester_College
University_of_St._Andrews	University_of_St._Andrews
皇家协会	Royal Society
Herefordshire_College_of_Art_and_Design	Herefordshire_College_of_Art_and_Design
Bishop_Grosseteste_College	Bishop_Grosseteste_College
University_of_London_Computer_Center	University_of_London_Computer_Center
Stratford_upon_Avon_College	Stratford_upon_Avon_College
Stockport_College	Stockport_College
Henley_College_Coventry	Henley_College_Coventry
Bell_College_of_Technology	Bell College of Technology
Stanmore_College	Stanmore_College
Chesterfield_College	Chesterfield_College
Stoke-on-Trent_College	Stoke-on-Trent_College
Aberdeen_College	Aberdeen_College
Luton_Sixth_Form_College	Luton_Sixth_Form_College
Dartington_College_of_Arts	Dartington_College_of_Arts
Tile_Hill_College_of_Further_Education	Tile_Hill_College_of_Further_Education
Bishop_Grossteste_College	Bishop_Grossteste_College
Hammersmith_&_West_London_College_of_FE	Hammersmith & West London College of FE
City_&_Islington_College_of_FE	City & Islington College of Further Education
University_of_Wolverhampton	University_of_Wolverhampton
Kensington_&_Chelsea_College_of_FE	Kensington_&_Chelsea_College_of_FE
Gwent_College_of_Higher_Education	Gwent_College_of_Higher_Education
College_of_Guidance_Studies	College_of_Guidance_Studies
Wakefield_College	Wakefield_College
University_of_Strathclyde_Point_to_point_links	University_of_Strathclyde_Point_to_point_links
Merthyr_Tydfil_College_of_FE	Merthyr_Tydfil_College_of_FE
Canterbury_College	Canterbury_College
Blackburn_College	Blackburn_College
Royal_College_of_Music	Royal College of Music
City_of_Westminster_College_of_Further_Education	City of Westminster College of Further Education
Edinburgh's_Telford_College	Edinburgh's_Telford_College
Glasgow_College_of_Building_and_Printing	Glasgow_College_of_Building_and_Printing
Barnet_College	Barnet_College
Deeside_College	Deeside_College
Queen_Margret_College	Queen_Margret_College
Trinity_College_of_Music	Trinity_College_of_Music
Weymouth_College	Weymouth_College
Welsh_College_of_Music_and_Drama	Welsh_College_of_Music_and_Drama
Dundee_College	Dundee_College
Bridgend_College	Bridgend_College
Dunstable_College	Dunstable_College
Grantham_College	Grantham_College
Gorseinon_College_of_FE	Gorseinon_College_of_FE
Sheffield_College	Sheffield_College
Llandrillo_College	Llandrillo_College
Stourbridge_College	Stourbridge_College
Coventry_Technical_College	Coventry_Technical_College
Carmarthenshire_College_of_Technology_and_Art	Carmarthenshire College of Technology and Art
Clydebank_College	Clydebank_College
St_Davids_RC_6th_Form_College	St_Davids_RC_6th_Form_College
Cardinal_Newman_College	Cardinal_Newman_College
Brighton	Brighton
Havant_College	Havant_College
Reid_Kerr_College	Reid_Kerr_College
Pontypridd_College_of_FE	Pontypridd_College_of_FE
Kidderminster_College	Kidderminster_College
Barry_College_of_FE	Barry_College_of_FE
North_Hertfordshire_College	North_Hertfordshire_College
Djanogly_City_Technology_College	Djanogly_City_Technology_College
Cumbernauld_College	Cumbernauld_College
South_Lanarkshire_College	South_Lanarkshire_College
James_Watt_College_of_Further_&_Higher_Education	James_Watt_College_of_Further_&_Higher_Education
Angus_College	Angus_College
College_of_North_East_London	College of North East London
South_East_Derbyshire_College	South_East_Derbyshire_College
John_Leggott_Sixth_Form_College	John_Leggott_Sixth_Form_College
Northbrook_College	Northbrook_College
The_Cooperative_College	The_Cooperative_College
Rowley_Regis_College	Rowley_Regis_College
North_Warwickshire_and_Hinckley_College	North_Warwickshire_and_Hinckley_College
Basingstoke_College_of_Technology	Basingstoke_College_of_Technology
Oxford_College_of_Further_Education	Oxford_College_of_Further_Education
North_Lincolnshire_College	North_Lincolnshire_College
North_Derbyshire_Tertiary_College	North_Derbyshire_Tertiary_College
Aberdare_College	Aberdare_College
St_Charles_Catholic_Sixth_Form_College	St_Charles_Catholic_Sixth_Form_College
Hastings_College_of_Art_and_Technology	Hastings_College_of_Art_and_Technology
Herefordshire_College_of_Technology	Herefordshire_College_of_Technology
People's_College	People's_College
Rose_Bruford_College	Rose_Bruford_College
Moscow_State_University_	Moscow_State_University
Stamford_College	Stamford_College
Brockenhurst_College	Brockenhurst_College
St._Petersburg_State_Technical_University	St. Petersburg State Technical University
Cambridge_Regional_College	Cambridge_Regional_College
Aberdeen_University_Research_and_Industrial_Services	Aberdeen_University_Research_and_Industrial_Services
Tamworth_and_Lichfield_Colleges_Corporation	Tamworth_and_Lichfield_Colleges_Corporation
Bath_College_of_HE	Bath_College_of_HE
Huron_University	Huron_University
Scottish_Agricultural_College_(SAC)	Scottish_Agricultural_College_(SAC)
Trinity_&_All_Saits_University_College	Trinity_&_All_Saits_University_College
Leeds_College_of_Technology	Leeds_College_of_Technology
Regents_College	Regents_College
Yale_College	Yale_College
Hammersmith_&_West_London_College	Hammersmith & West London College
Far_East_State_Transport_University	Far_East_State_Transport_University
Pembrokeshire_College	Pembrokeshire_College
Touro_University	Touro_University
Kalmyk_State_University	Kalmyk_State_University
Tantal_Technical_College	Tantal_Technical_College
Gwent_Tertiary_College	Gwent_Tertiary_College
Cannock_Chase_Technical_College	Cannock_Chase_Technical_College
Saint-Petersburg_State_Electrotechnical_University	Saint-Petersburg_State_Electrotechnical_University
Ural_State_University_Ekaterinburg	Ural State University Ekaterinburg
Saint-Petersburg_State_University	Saint-Petersburg_State_University
State_Technical_University_of_Saint-Petersburg	State_Technical_University_of_Saint-Petersburg
Russian_State_Humanitarian_University	Russian_State_Humanitarian_University
South_Nottingham_College	South_Nottingham_College
London_University_Purchasing_Consortium	London_University_Purchasing_Consortium
University_Telecommunications_Saint-Petersburg	University_Telecommunications_Saint-Petersburg
Oaklands_College	Oaklands_College
Jewel_and_Esk_Valley_College	Jewel_and_Esk_Valley_College
St_Brendan's_VIth_Form_College	St_Brendan's_VIth_Form_College
St._Jozefs_College	St. Jozefs College
Technical_University_of_Lodz;Subsidiary_in_Bielsko_Biala	Technical_University_of_Lodz;Subsidiary_in_Bielsko_Biala
圣彼得堡精密机械与光学学院	Saint Petersburg State University of Information Technologies, Mechanics and Optics
South_Kent_College	South_Kent_College
Suceava_University	Suceava_University
Arges_County	Arges_County
Spb_State_University;St._Petersburg	Spb_State_University;St._Petersburg
St._Jame's_&_Seacroft_University_Hospitals_NHS_Trust	St._Jame's_&_Seacroft_University_Hospitals_NHS_Trust
Bihor_County	Bihor_County
Buzau_County	Buzau_County
Technical_University_of_Koszalin	Technical_University_of_Koszalin
Novosibirsk_State_University	Novosibirsk State University
莫斯科物理技术研究所	Moscow Institute of Physics and Technology
Arad_County	Arad_County
Kiev_International_University_of_Civil_Aviation	Kiev_International_University_of_Civil_Aviation
Braila_County	Braila_County
Cluj_County	Cluj_County
Calarasi_County	Calarasi_County
喀山国立大学	Kazan National Research Technical University named after A.N. Tupolev
Alba_County	Alba_County
Bistrita_County	Bistrita_County
Constanta_County	Constanta_County
Covasna_County	Covasna_County
Bucuresti_County	Bucuresti_County
Olt_County	Olt_County
Relcom网络	Relcom Network
Iasi_County	Iasi_County
Mures_County	Mures_County
Giurgiu_County	Giurgiu_County
Botosani_County	Botosani_County
Mehedinti_County	Mehedinti_County
Harghita_County	Harghita_County
Ialomita_County	Ialomita_County
Hunedoara_County	Hunedoara_County
St_Petersburg_ElectroTechnical_University	St_Petersburg_ElectroTechnical_University
Moscow_Institute_of_Economic_and_Statistic	Moscow_Institute_of_Economic_and_Statistic
Brasov_County	Brasov_County
Caras_County	Caras_County
Sibiu_County	Sibiu_County
Galati_County	Galati_County
Prahova_County	Prahova_County
Neamt_County	Neamt_County
Maramures_County	Maramures_County
Dolj_County	Dolj_County
St._Andrew's_College	St._Andrew's_College
Holborn_College	Holborn_College
Dimbovita_County	Dimbovita County
Salaj_County	Salaj_County
Solihull_Sixth_Form_College	Solihull_Sixth_Form_College
欧洲商业互联网交换中心(ECIX)Google全球缓存	ECIX (European Commercial Internet Exchange) Google Global Cache
Romanian_Adventist_Theological_Institute	Romanian_Adventist_Theological_Institute
Scarborough_Sixth_Form_College	Scarborough_Sixth_Form_College
National_College_Carol_I	National_College_Carol_I
West_University_of_Timisoara	West_University_of_Timisoara
Hopwood_Hall_College	Hopwood Hall College
Vrancea_County	Vrancea_County
Portobello_College	Portobello_College
克鲁日－纳波卡农业科学与兽医大学	University of Agricultural Sciences and Veterinary Medicine of Cluj-Napoca
Gyosei_International_College	Gyosei_International_College
Timis_County	Timis_County
Teleorman_County	Teleorman_County
Vaslui_County	Vaslui_County
Vilcea_County	Vilcea_County
彼黛什蒂大学	University of Bedayeh
Parnham_College	Parnham_College
University_of_Notre_Dame	University_of_Notre_Dame
Suceava_County	Suceava_County
Tulcea_County	Tulcea_County
Computer_College	Computer_College
Hartsdown_Technology_College	Hartsdown_Technology_College
moscow_technical_university_for_communicationsand_informatics	Moscow Technical University for Communications and Informatics
City_of_Bath_College	City_of_Bath_College
Army_Apprentices_College	Army_Apprentices_College
East_London_&_Lee_Valley_Teleregion_Co_Ltd_	East_London_&_Lee_Valley_Teleregion_Co_Ltd_
Middlesex_University_Services_Ltd	Middlesex_University_Services_Ltd
Gorj_County	Gorj_County
中立互联网交换中心	CNIX (China Neutral Internet Exchange)
Tertiary_Colege	Tertiary_Colege
华沙中央贸易学院	Warsaw School of Economics
凌梦云&壹盾安全CN2节点	Lingmeng Cloud & Yidun Security CN2 Node
Ayr_college	Ayr_college
Nottingham_University_Hospital_NHS_Trust	Nottingham_University_Hospital_NHS_Trust
GEC_Management_College	GEC_Management_College
主机壳(Hostker)数据中心	Hostker Data Center
Oxford_House_College	Oxford_House_College
Waltham_Forest_College	Waltham_Forest_College
Ealing_Tertiary_College_(ETC)	Ealing_Tertiary_College_(ETC)
健康和医学研究全国学院	National Institute of Health and Medical Research
The_Ridge_College	The_Ridge_College
Constantine_the_Philosopher_University_in_Nitra	Constantine_the_Philosopher_University_in_Nitra
Stroud_College_of_Further_Education	Stroud_College_of_Further_Education
The_Royal_College_of_Surgeons_of_England	The_Royal_College_of_Surgeons_of_England
南希第一大学	University of Nancy I
GRI_University_NHS_Trust_(Glasgow)	GRI_University_NHS_Trust_(Glasgow)
West_Thames_College	West_Thames_College
原子力安全研究所	Institute of Nuclear Safety
University_of_Presov	University_of_Presov
Dewsbury_College	Dewsbury_College
Association_of_University_Teachers	Association of University Teachers
Economic_and_Commercial_Industry_Training_College	Economic_and_Commercial_Industry_Training_College
巴黎社会科学高等研究学院	École des Hautes Études en Sciences Sociales
普瓦捷大学	University of Poitiers
University_of_Matej_Bel	University_of_Matej_Bel
上阿尔萨斯大学	University of Upper Alsace
勒芒大学	Le Mans University
里尔国立高等化学学院	Ecole Nationale Supérieure de Chimie de Lille
Palmers_College	Palmers_College
佩皮尼昂大学	University of Perpignan
里尔科技大学	University of Lille
南特大学	University of Nantes
图卢兹科技大学	Toulouse University of Technology
佩彼尼昂大学	University of Perpignan
波城大学	University of Poitiers
国立巴黎高等矿业学校	MINES ParisTech
南希一大学	Nancy University
勒芒大学材料学院	Institute of Materials, Le Mans University
埃克斯-马赛第三大学	Aix-Marseille University III
食品科学研究院	Food Science Research Institute
国立高等农业学校	National Higher School of Agriculture
南布列塔尼大学	Université de Bretagne-Sud
杜埃矿业学校	School of Mines of Douai
微生物学研究院	Institute of Microbiology
波尔多大学	University of Bordeaux
兰斯高等工商管理学院	Rouen Business School
克劳迪斯Regaud研究所	Cloudius Regaud Institute
发展研究院	Development Research Institute
Mer大学	Mer University
波尔多第二大学	University of Bordeaux 2
Arnold_Middle_College	Arnold_Middle_College
Cambuslang_College	Cambuslang_College
瓦朗谢纳大学	University of Valenciennes
巴黎第十三大学	Paris XIII University (Université Sorbonne Paris Nord)
拉萨尔-博韦综合理工大学	LaSalle-Beauvais Polytechnic University
Newark_and_Sherwood_College	Newark_and_Sherwood_College
国家公共卫生学院	National Academy of Public Health
赛尔齐－蓬多瓦兹大学	University of Cergy-Pontoise
鲁西研究所	Luxi Research Institute
图卢兹国立理工学院	National Polytechnic Institute of Toulouse
德马恩拉瓦利大学	University of Marne-la-Vallée
Franklin_College	Franklin_College
图卢兹一大学	Université Toulouse 1 Capitole
Saint_Francis_College	Saint_Francis_College
Frogmore_Community_College	Frogmore Community College
Kingsway_College	Kingsway_College
科尔特理工大学	Cortlandt Polytechnic University
Collingwood_College	Collingwood_College
Dominican_College	Dominican_College
Barnfield_College	Barnfield_College
Mount_Gilbert_Community_College	Mount Gilbert Community College
St_Louise's_Comprehensive_College	St_Louise's_Comprehensive_College
圣彼得堡国立电子工程大学	Saint Petersburg State Electrotechnical University
Methodist_College	Methodist_College
Pepperdine_University	Pepperdine University
Lowestoft_College	Lowestoft_College
Wellington_College	Wellington_College
St._Columbs_College	St. Columbs College
Technical_University_of_Kielce	Technical University of Kielce
Pedagogical_University	Pedagogical_University
Putteridge_High_School_&_Community_College	Putteridge High School & Community College
The_American_University_of_Rome	The_American_University_of_Rome
VODAFONE手机包月	VODAFONE Monthly Mobile Plan
Further_Education_college	Further Education College
ONYX_Customer_37_Gillbrook_Technology_College	ONYX_Customer_37_Gillbrook_Technology_College
West_Glasgow_Hospitals_University_NHS_Trust	West_Glasgow_Hospitals_University_NHS_Trust
St_Aloysius_College	St_Aloysius_College
Southampton_University_Hospitals_(NHS)_Trust	Southampton_University_Hospitals_(NHS)_Trust
Moscow_Technical_University_of_Telecommunications_and_Informatics	Moscow_Technical_University_of_Telecommunications_and_Informatics
Voronezh_State_Agricultural_University	Voronezh_State_Agricultural_University
St_Petersburg_State_University_Of_Aerospase_Instrumentation	St_Petersburg_State_University_Of_Aerospase_Instrumentation
Moscow_Technical_University;of_Communications_and_Informatics	Moscow Technical University of Communications and Informatics
Russian_Federal_University	Russian_Federal_University
Leland_Stanford_Junior_University	Leland_Stanford_Junior_University
Craven_College	Craven_College
Trinity_College_London	Trinity_College_London
Gateway_College	Gateway_College
Irkutsk_State_University	Irkutsk_State_University
Norfolk_College	Norfolk_College
Dagestan_State_Technical_University	Dagestan_State_Technical_University
Vologda_State_Technical_University	Vologda_State_Technical_University
Royal_College_of_General_Practitioners	Royal_College_of_General_Practitioners
Russian_Non-Commercial_College_Tantal	Russian Non-Commercial College Tantal
Derby_Tertiary_College	Derby_Tertiary_College
University_campus_of_Villeneuve_d'Ascq	University_campus_of_Villeneuve_d'Ascq
圣彼得堡理工大学	Saint Petersburg Polytechnic University
North_Ossetian_State_University	North_Ossetian_State_University
Tendring_Technology_Sixth_Form_College	Tendring_Technology_Sixth_Form_College
Halton_College	Halton_College
D._Mendeleev_University_of_Chemical_Tecnology_of_Russia	D._Mendeleev_University_of_Chemical_Tecnology_of_Russia
Adult_Education_College_for_Bexley	Adult Education College for Bexley
Lewes_Tertiary_College	Lewes_Tertiary_College
Paston_Chase_Ltd	Paston_Chase_Ltd
洛林大学	University of Lorraine
Dagestan_State_university	Dagestan State University
Nizhny_Novgorod_State_University	Nizhny_Novgorod_State_University
ONYX_Customer_Stockton_&_Billingham_College	ONYX_Customer_Stockton_&_Billingham_College
Woolwich_College	Woolwich_College
Royal_College_of_Obstetricians	Royal_College_of_Obstetricians
Cable&Wireless	Cable & Wireless
巴黎高等矿业大学	Mines ParisTech
Khajeh_Nasir-Edin_Toosi_University_Of_Technology	Khajeh_Nasir-Edin_Toosi_University_Of_Technology
International_Institute_of_Earthquake_Engineering	International_Institute_of_Earthquake_Engineering
Strode_College	Strode_College
德黑兰医科大学	Tehran University of Medical Sciences
Leicester_Southfields_College	Leicester_Southfields_College
Sharif_University_Network	Sharif_University_Network
Selby_College	Selby_College
Power_and_Water_University	Power and Water University
Matthew_Boulton_College	Matthew_Boulton_College
IPM	IPM
Shiraz_University_Computer_Center_(SUCC)	Shiraz_University_Computer_Center_(SUCC)
Iran_Color_Research_Center	Iran_Color_Research_Center
Amir_KAbir_University_of_Technology	Amir_Kabir_University_of_Technology
University_of_Isfahan	University_of_Isfahan
Universidad_de_Granada;Granada_University	Universidad_de_Granada;Granada_University
Otley_College_of_Agriculture	Otley_College_of_Agriculture
Cancer_Reasearch_Institute	Cancer_Reasearch_Institute
The_Isle_Of_Wight_College	The_Isle_Of_Wight_College
Institute_for_Studies_in_Theoretical_in_Physicsand_Mathematics	Institute_for_Studies_in_Theoretical_in_Physicsand_Mathematics
Colchester_Sixth_Form_College	Colchester_Sixth_Form_College
SHAHID_BAHONAR_UNIVERSITY_OF_KERMAN	SHAHID_BAHONAR_UNIVERSITY_OF_KERMAN
Lisburn_College	Lisburn_College
University_of_Sistan-Baloochestan	University of Sistan and Baluchestan
Kermanshah_University_of_Medical_Sciences	Kermanshah_University_of_Medical_Sciences
University_of_Tehran	University_of_Tehran
Tehran_University_of_Medical_Sciences	Tehran University of Medical Sciences
COLLEGE_D_ESPAGNE	COLLEGE_D_ESPAGNE
University_of_Tehran_Electrical_and_Computer_Engineering	University_of_Tehran_Electrical_and_Computer_Engineering
Islamic_Azad_University_South	Islamic Azad University South
University_Of_Sistan_and_Balochestan	University_Of_Sistan_and_Balochestan
Iranian_Academy_of_Medical_Sciences	Iranian_Academy_of_Medical_Sciences
Az-zahra_University	Az-zahra_University
Iranian_Institute_of_Philosophy	Iranian_Institute_of_Philosophy
Tarbiat_Moallem_University_of_Sabzevar	Tarbiat_Moallem_University_of_Sabzevar
University_of_Rafsanjan	University_of_Rafsanjan
Institute_for_Humanities_&_Cultural_studies	Institute_for_Humanities_&_Cultural_studies
Islamic_Azad_University_(North_Tehran_Branch)	Islamic_Azad_University_(North_Tehran_Branch)
Fundacio_d'Estudis_Universitaris_Ciutat_de_Tarragona;University_studies_related_foundation	Fundacio_d'Estudis_Universitaris_Ciutat_de_Tarragona
Zabol_University	Zabol_University
Tabriz_Medical_university	Tabriz Medical University
Mazandaran_University_of_Medical_Sciences	Mazandaran_University_of_Medical_Sciences
Razi_University	Razi_University
Materials_and_Energy_Research_Center	Materials and Energy Research Center
Mazandaran_University	Mazandaran University
Ardabil_Medical_Science_University	Ardabil_Medical_Science_University
International_research_Institute_of_Energy_Studies	International_research_Institute_of_Energy_Studies
Iran_University_Of_Medical_Sciences_&_Health_Services	Iran_University_Of_Medical_Sciences_&_Health_Services
Agriculture_University	Agriculture_University
The_University_Of_Mazandaran	The_University_Of_Mazandaran
Moscow_State_Agroengineering_University	Moscow_State_Agroengineering_University
伊朗科技大学	Iran University of Science and Technology
Institute_for_Research_in_Fundamental_Sciences	Institute for Research in Fundamental Sciences
Sheikh_Bahaei_university	Sheikh Bahaei University
University_of_Tabriz	University_of_Tabriz
Moscow_State_Aviation_Institute;Technical_University	Moscow_State_Aviation_Institute;Technical_University
An_Academical_Research_and_Education_Center_for_Cardiovascular_Disease	An_Academical_Research_and_Education_Center_for_Cardiovascular_Disease
Moskow_State_University_of_Enviromental_Engineering	Moskow_State_University_of_Enviromental_Engineering
Institute_for_Research_in_Planning_and_Development	Institute for Research in Planning and Development
Ural_State_Vocational_Pedagogical_University	Ural_State_Vocational_Pedagogical_University
Zanjan_University	Zanjan_University
St_Petersburg_Pavlov_Medical_University	St_Petersburg_Pavlov_Medical_University
An_institute_for_research_in_fields_of_Electric_power_Energy_waterin_all_aspects	An_institute_for_research_in_fields_of_Electric_power_Energy_waterin_all_aspects
塔比阿特莫达勒斯大学	Tarbiat Modares University
Framlingham_College	Framlingham_College
University_Hospital_Birmingham_NHS_Trust	University_Hospital_Birmingham_NHS_Trust
East_Devon_College	East_Devon_College
Amir_Kabir_University;of_Technology	Amir_Kabir_University_of_Technology
University_of_West_of_England	University_of_West_of_England
The_Ural_State_University	The_Ural_State_University
George_Eliot_Hospital_NHS_Trust	George_Eliot_Hospital_NHS_Trust
Basildon_Adult_Community_College	Basildon_Adult_Community_College
Urals_State_Academy_of_Architecture_and_Arts	Urals State Academy of Architecture and Arts
The_Ural_State_University_of_Economics	The_Ural_State_University_of_Economics
Urals_State_Technical_University	Urals_State_Technical_University
Izhevsk_State_Technical_University	Izhevsk_State_Technical_University
Sidney_Stringer_CT_College	Sidney_Stringer_CT_College
Mendeleyev_University_of_Chemical_Technology_of_Russia	Mendeleyev_University_of_Chemical_Technology_of_Russia
Herzen_State_Pedagogical_University	Herzen_State_Pedagogical_University
Tendering_Tech_College	Tendering_Tech_College
Kilmarnock_College	Kilmarnock_College
Uxbridge_College	Uxbridge_College
Amersham_and_Wycombe_College	Amersham_and_Wycombe_College
St_Petersburg_State_University_of_Cinema_and_Television	St_Petersburg_State_University_of_Cinema_and_Television
King's_College	King's_College
Woodhouse_College	Woodhouse_College
Warwickshire_College	Warwickshire_College
South_Cheshire_College	South Cheshire College
St_Paul's_Catholic_College	St_Paul's_Catholic_College
Ural_State_Pedagogical_University	Ural_State_Pedagogical_University
Uplands_Community_College	Uplands_Community_College
Archbishop_Tennison_College	Archbishop_Tennison_College
Newbury_College	Newbury_College
Bridgewater_College	Bridgewater_College
Marr_College	Marr_College
City_Literary_College	City_Literary_College
Truro_College	Truro_College
Yeovill_College	Yeovill_College
North_East_Worcester_College	North_East_Worcester_College
Thurston_Community_College	Thurston_Community_College
Landau_Forte_College	Landau_Forte_College
St_Benedicts_College	St_Benedicts_College
Rhonda_College	Rhonda_College
Tavistock_College	Tavistock_College
Wyke_College	Wyke_College
Ayr_College	Ayr_College
Magdalen_College_School	Magdalen_College_School
Penhros_College	Penhros_College
Stoke_Damerel_Community_College	Stoke_Damerel_Community_College
Stranground_College	Stranground_College
St._Coman's_College	St. Coman's College
Convent_of_Jesus_and_Mary_Language_College	Convent of Jesus and Mary Language College
Hopwood_Hall_College2;Further_Education_College	Hopwood_Hall_College2;Further_Education_College
Frome_Community_College	Frome_Community_College
College_Hall_Pupil_Referral_Unit	College_Hall_Pupil_Referral_Unit
Kent_College	Kent_College
Cheadle_Hulme_College	Cheadle_Hulme_College
Hurstpierpoint_College	Hurstpierpoint_College
Dulwich_College	Dulwich_College
St._Dunstan's_College	St. Dunstan's College
巴黎大学	Paris University
Rawlins_Community_College	Rawlins_Community_College
COLLEGE_GEORGES_POLITZER	COLLEGE_GEORGES_POLITZER
Kings_College_School	Kings_College_School
Stoke-on-Trent_Sixth_Form_College	Stoke-on-Trent_Sixth_Form_College
St_Clare's_College	St_Clare's_College
图卢兹国立高等农艺学校	Ecole Nationale Superieure Agronomique de Toulouse
Griffith_College_Dublin	Griffith_College_Dublin
法国国家健康与医学研究院	Inserm
Sir_William_Nottidge_Technology_College	Sir_William_Nottidge_Technology_College
Castlebar_College_of_Further_Education	Castlebar_College_of_Further_Education
Norham_Community_Technology_College	Norham_Community_Technology_College
Varndean_Sixth_Form_College	Varndean_Sixth_Form_College
Dubna_International_University	Dubna_International_University
国立科技学院	National Institute of Technology
Cavan_College_of_Further_Studies	Cavan_College_of_Further_Studies
University_of_Warwick_Science_Park_Ltd.	University_of_Warwick_Science_Park_Ltd.
State_University_of_Telecomunication	State_University_of_Telecomunication
The_College_of_Richard_Collyer	The_College_of_Richard_Collyer
Our_Lady's_College	Our_Lady's_College
Orel_State_Technical_University	Orel State Technical University
Kelly_College	Kelly_College
Dailymotion公司	Dailymotion
Tambov_Business_College	Tambov Business College
Kingston_Maurwood_College	Kingston_Maurwood_College
Perm_State_Technical_University	Perm_State_Technical_University
Oxford_College_International	Oxford_College_International
Uckfield_Community_College	Uckfield_Community_College
Moscow_College_of_Business_Administration	Moscow_College_of_Business_Administration
Limerick_Senior_College	Limerick_Senior_College
GEA_College	GEA_College
Volgograd_State_Pedagogical_University	Volgograd_State_Pedagogical_University
Visoka_strokovna_sola_za_podjetnistvo	Visoka_strokovna_sola_za_podjetnistvo
Worcester_College_of_Technology;Malvern	Worcester_College_of_Technology;Malvern
Lithuanian_Christian_Fund_College	Lithuanian_Christian_Fund_College
土伦及瓦尔大学	University of Toulon and Var
Visoka_strokovna_sola_za_podjetnistvo;	Visoka_strokovna_sola_za_podjetnistvo
Bauman_Moscow_State_Technical_University	Bauman Moscow State Technical University
Federal_Technical_University_at_St_Petersburg	Federal_Technical_University_at_St_Petersburg
Perm_Electric-Mechanical_College	Perm_Electric-Mechanical_College
Saint-Petersburg_State_University_of_Aerospace_Instrumentation	Saint-Petersburg_State_University_of_Aerospace_Instrumentation
Moscow_State_University_of_Geodesy_and_Cartography	Moscow_State_University_of_Geodesy_and_Cartography
Open_University_Press	Open_University_Press
State_University_of_Telecommunication;Saint-Petersburg	State_University_of_Telecommunication;Saint-Petersburg
Lysva_Polytechnical_College	Lysva_Polytechnical_College
Tambov_Military_Aircraft_Engineering_College	Tambov_Military_Aircraft_Engineering_College
D._A._Tsenov_Academy_of_Economics	D. A. Tsenov Academy of Economics
Perm_State_Pedagogical_University	Perm_State_Pedagogical_University
Moscow_State_Automobile_&_Road_Technical_University	Moscow_State_Automobile_&_Road_Technical_University
Modern_University_For_The_Humanities	Modern University for the Humanities
INTERNATIONAL_UNIVERSITY_OF_ENGINEERING_Moscow	INTERNATIONAL_UNIVERSITY_OF_ENGINEERING_Moscow
State_University_of_Telecommunications_St_Petersburg	State University of Telecommunications, St. Petersburg
勃兰登堡应用技术大学	Brandenburg University of Applied Sciences
敖德萨国立理工大学	Odessa National Polytechnic University
Last-fm公司	Last-fm company
St_Petersburg_State_University_Peterhoff_campus	St_Petersburg_State_University_Peterhoff_campus
圣彼得堡国立科技大学	Saint Petersburg State Polytechnical University
安贝格-魏登应用技术大学	Amberg-Weiden University of Applied Sciences
奥芬巴赫设计学院	Offenbach University of Design
Vodafone数据中心	Vodafone Data Center
Goerlitz应用技术大学	Goerlitz University of Applied Sciences
Barony_College	Barony_College
科隆莱茵应用技术大学	Cologne University of Applied Sciences
Tambov_State_University	Tambov_State_University
下莱茵应用科学大学	University of Applied Sciences and Arts of the Lower Rhine
The_Barony_College	The_Barony_College
Osetrovo_River_College	Osetrovo_River_College
Merton_College	Merton_College
慕尼黑影视学院	Munich Film Academy
Hillcroft_College	Hillcroft_College
霍夫应用技术大学	Hof University of Applied Sciences
波鸿技术应用大学	Bochum University of Applied Sciences
不来梅港专业大学	Bremerhaven University of Applied Sciences
比勒费尔德应用技术大学	Bielefeld University of Applied Sciences
布伦瑞克艺术设计大学	University of Fine Arts of Braunschweig
The_Cable_&_Wireless_College	The Cable & Wireless College
柏林设计高等学院	Berlin University of the Arts
Wigston_College	Wigston_College
Brighton_College	Brighton_College
Boston_University_British_Programmes	Boston_University_British_Programmes
Radcliffes_Crossman_Block;5_Great_College_Street	Radcliffes_Crossman_Block;5_Great_College_Street
吕内堡大学	Leuphana University of Lüneburg
Residencia_Universitaria;University_College	University College
Southampton_City_College	Southampton_City_College
Sir_Jonathan_North_Community_College	Sir_Jonathan_North_Community_College
Sandown_Court_Community_College	Sandown_Court_Community_College
Poole_School_&_Community_College	Poole School & Community College
吕贝克音乐学院	Lübeck University of Music
University_for_Industry	University for Industry
Havering_Sixth_Form_College	Havering_Sixth_Form_College
Weekend_Arts_College	Weekend_Arts_College
北豪森应用技术大学	University of Applied Sciences Nordhausen
University_of_Sunderland	University of Sunderland
Godalming_College	Godalming_College
基辅国立大学	Kyiv National University
国立基辅大学12舍\13舍	National University of Kyiv Dormitory 12/13
Redbridge_College	Redbridge_College
Bromley_Adult_Education_College	Bromley_Adult_Education_College
Epsom_College	Epsom_College
Uppingham_community_College	Uppingham_community_College
Sir_George_Monoux_College	Sir_George_Monoux_College
Woking_College	Woking_College
Radley_College	Radley_College
Comberton_Village_College	Comberton_Village_College
Shiplake_College	Shiplake_College
St_Josephs_College	St. Joseph's College
Worksop_College	Worksop_College
King_Edward_VI_College	King_Edward_VI_College
Soham_Village_College	Soham_Village_College
Hellenic_College_of_London	Hellenic College of London
Bishops_Castle_Community_College	Bishops_Castle_Community_College
Holy_Family_College	Holy_Family_College
Crawley_College	Crawley_College
Boston_University_London_Program	Boston_University_London_Program
Liskeard_Community_School_and_College	Liskeard_Community_School_and_College
DeepMedia公司	DeepMedia Company
Ernest_Bevin_College	Ernest_Bevin_College
Farnham_College	Farnham_College
Barrow_Sixth_Form_College	Barrow_Sixth_Form_College
Elmwood_College	Elmwood_College
College_Heath_Middle_School	College_Heath_Middle_School
Salesian_College	Salesian_College
Bodmin_Community_College	Bodmin_Community_College
LINX交换中心	LINX Exchange Center
Vale_of_Catmose_College	Vale_of_Catmose_College
Glenalmond_College	Glenalmond_College
Queens_College	Queens_College
KOZMINSKI_UNIVERSITY	KOZMINSKI_UNIVERSITY
Lord_Wandsworth_College	Lord_Wandsworth_College
Richmond_Adult_&_Community_College	Richmond_Adult_&_Community_College
St_Ignatious_College	St. Ignatious College
Seaford_College	Seaford_College
Russian_State_University_for_the_Humanities	Russian State University for the Humanities
萨哈林州立大学	Sakhalin State University
Reseau_d'interconnexion_avec_U-COLLEGE-DE-FRANCE-PARIS	Reseau_d'interconnexion_avec_U-COLLEGE-DE-FRANCE-PARIS
365_Online_Technology_Joint_Stock_Company	365_Online_Technology_Joint_Stock_Company
Moscow_State_University_of_Applied_Biology	Moscow_State_University_of_Applied_Biology
Moscow_State_Industrial_University	Moscow_State_Industrial_University
Hymers_College	Hymers_College
莱茵曼应用技术大学	Rheinman University of Applied Sciences
Komsomolsk-on-Amur;Pedagogical_University	Komsomolsk-on-Amur;Pedagogical_University
圣彼得堡国立大学	Saint Petersburg State University
The_Holy_Family_College	The Holy Family College
切尔尼戈夫理工学院	Chernihiv Polytechnic Institute
University_LAN	University_LAN
St_Mary's_RC_Aided_College	St_Mary's_RC_Aided_College
University_of_nations_friendship;Moscow	University_of_nations_friendship;Moscow
Silesian_Technical_University	Silesian Technical University
RHCHosting	RHCHosting
Interoute通信	Interoute Communications
Thamsmead_Community_College	Thamsmead_Community_College
The_Royal_College_of_Radiologists	The_Royal_College_of_Radiologists
University_of_Ecology_and_Management_in_Warsaw	University_of_Ecology_and_Management_in_Warsaw
Komsomolsk-on-Amur;Technical_University	Komsomolsk-on-Amur;Technical_University
Socite_ECHO	Socite_ECHO
Middlebury_College	Middlebury College
Pershore_&_Hindlip_College	Pershore & Hindlip College
MILA_COLLEGE	MILA_COLLEGE
Chichester_Priority_Care_Service_NHS_Trust	Chichester_Priority_Care_Service_NHS_Trust
College_de_Sanary	College_de_Sanary
Warsaw_University	Warsaw_University
Wake_Forest_University	Wake_Forest_University
Educational_Establishment_in_Warrington	Educational_Establishment_in_Warrington
West_Middlesecx_University_Hospital_NHS_Trust	West_Middlesecx_University_Hospital_NHS_Trust
Central_Sheffield_University_Hospitals_NHS_Trust	Central_Sheffield_University_Hospitals_NHS_Trust
谷歌公司AS39107-INTERLAN-SERVICES网络	Google LLC AS39107-INTERLAN-SERVICES Network
St_James'_&_Seacroft_University_Hospital's_Trust	St_James'_&_Seacroft_University_Hospital's_Trust
The_University_College_London_Hospitals_NHS_Trust	The_University_College_London_Hospitals_NHS_Trust
Center_for_Privatization_and_Economic_Reform_in_Agriculture;Collaborative_Project_of_Iowa_State_University;Institute_of_Agrarian_Economics	Center for Privatization and Economic Reform in Agriculture; Collaborative Project of Iowa State University; Institute of Agrarian Economics
WSH_private_College	WSH_private_College
萨拉热窝大学	University of Sarajevo
雅典大学	University of Athens
Royal_Liverpool_and_Broadgreen_University_Hospitals_NHS_Trust	Royal_Liverpool_and_Broadgreen_University_Hospitals_NHS_Trust
K_N_Toosi_University_Of_Technology	K_N_Toosi_University_Of_Technology
TREX地区互联网交换中心	TREX Regional Internet Exchange
South_Manchester_University_Hospitals_NHS_Trust	South_Manchester_University_Hospitals_NHS_Trust
Nizhny_Novgorod_Technical_University	Nizhny_Novgorod_Technical_University
COLLEGE_ST_LOUIS	COLLEGE_ST_LOUIS
University_of_Silesia	University_of_Silesia
Level(3)Communications	Level(3)Communications
College-St-Francois	College-St-Francois
Baghlatollah_Medical_Sciences_University	Baghlatollah_Medical_Sciences_University
ITLDC	ITLDC
Queens_Marlborough_College	Queens Marlborough College
College_Lycee_Experimental	College_Lycee_Experimental
ROYAL_COLLEGE_OF_MIDWIVES	Royal College of Midwives
Queen_Elizabeth_I_College	Queen_Elizabeth_I_College
College_St_Michel	College_St_Michel
East_Birmingham_College	East Birmingham College
Shiraz_University_of_Medical_Sciences	Shiraz_University_of_Medical_Sciences
Independent_University_of_Moscow	Independent_University_of_Moscow
Level3有限公司	Level3 Communication Ltd.
Haileybury_College	Haileybury_College
COLLEGE_ECOLE_ST_JULIEN	COLLEGE_ECOLE_ST_JULIEN
敖德萨国立海事大学	Odessa National Maritime University
卡巴斯基实验室封闭式股份公司Level3节点	Kaspersky Lab Closed Joint Stock Company Level3 Node
Royal_Forest_of_Dean_College	Royal_Forest_of_Dean_College
Basford_Hall_College	Basford_Hall_College
International_University_	International_University_
Knuston_Hall_Residental_College	Knuston_Hall_Residental_College
SAC_College	SAC_College
Lancaster_and_Morecambe_College	Lancaster_and_Morecambe_College
CITY_UNIVERSITY_英国	CITY_UNIVERSITY_UK
NATIONAL_EXTENSION_COLLEGE	National Extension College
ITLDC_Network	ITLDC Network
State_Pedagogical_University	State Pedagogical University
Natfhe_University_and_College_Lecturers_Union	Natfhe_University_and_College_Lecturers_Union
Preston_College	Preston_College
London_College_of_Business_&_Computing	London College of Business & Computing
University_della_Svizzera_italiana	University_della_Svizzera_italiana
Cardinal_Stefan_Wyszynski_University	Cardinal_Stefan_Wyszynski_University
Hartpury_College	Hartpury_College
EASYNET网络	EASYNET Network
Kurgan_International_University	Kurgan_International_University
strode_college	strode_college
ONLINE_S_A_S_数据中心	ONLINE S A S Data Center
Tyumen_State_Oil_and_Gas_University	Tyumen_State_Oil_and_Gas_University
Awalnet网络	Awalnet
GlobalGold网络	GlobalGold network
Veritas_College	Veritas_College
University_of_Cambridge	University_of_Cambridge
文尼察国立医科大学	Vinnytsia National Medical University
Broxtowe_College;Nottingham	Broxtowe_College;Nottingham
National_Agricultural_University_of_Ukraine	National_Agricultural_University_of_Ukraine
Kurgan_state_university	Kurgan_state_university
New_College_Leicester	New_College_Leicester
University_School_of_Medical_Sciences_in_Bydgoszcz	University_School_of_Medical_Sciences_in_Bydgoszcz
Florida_State_University_London	Florida_State_University_London
Pedagogical_University;Bydgoszcz	Pedagogical_University;Bydgoszcz
National_Technical_University_of_Ukraine	National_Technical_University_of_Ukraine
Communications_College	Communications_College
Don_State_Technical_University	Don_State_Technical_University
Fairham_Community_College;Nottingham	Fairham_Community_College;Nottingham
Kabardino-Balkar_state_university	Kabardino-Balkar_state_university
State_University;Kursk	State_University;Kursk
ONETEL网络	ONETEL network
Pedagogical_University_of_Zielona_Gora	Pedagogical_University_of_Zielona_Gora
Second_Moscow_Medical_University	Second Moscow Medical University
KIEVWEB网络	KIEVWEB Network
ROYAL_COLLEGE_OF_MIDWIVES_英国	ROYAL_COLLEGE_OF_MIDWIVES_UK
College_Street_Centre_for_Performing_Arts	College_Street_Centre_for_Performing_Arts
leigh_city_tech._college	leigh_city_tech._college
sapphire	sapphire
Rolnicza图书馆	Rolnicza Library
North-Causasus_Branch_of_Moscow_Technological;University_of_Communication_and_Informatics	North-Causasus_Branch_of_Moscow_Technological;University_of_Communication_and_Informatics
Babbington_Community_College	Babbington_Community_College
Wyggeston_&_Queen_Elizabeth_I_College;Leicester	Wyggeston_&_Queen_Elizabeth_I_College;Leicester
The_Fryderyk_Chopin_University_of_Music	The_Fryderyk_Chopin_University_of_Music
South_East_Essex_College	South_East_Essex_College
University_of_Warsaw	University of Warsaw
Civil_Aviation_International_University	Civil_Aviation_International_University
BLACKPOOL_6TH_FORM_COLLEGE	BLACKPOOL_6TH_FORM_COLLEGE
Bilston_Community_College	Bilston_Community_College
Media_Training_College;Bristol	Media_Training_College;Bristol
Hind_Leys_Community_College;Loughborough	Hind_Leys_Community_College;Loughborough
Ellesmere_College;Leicester	Ellesmere_College;Leicester
Basildon_College	Basildon_College
Trent_College;Nottingham	Trent_College;Nottingham
Mundella_Community_College;Leicester	Mundella Community College; Leicester
Donetsk_State_University	Donetsk_State_University
Weald_College	Weald_College
Donetsk_Christian_University	Donetsk_Christian_University
Fermanagh_College	Fermanagh_College
Greenhill_College	Greenhill_College
Branston_Community_College;Lincoln	Branston_Community_College;Lincoln
College_of_North_West_London	College_of_North_West_London
buskerud_college	Buskerud University College
Motherwell_College	Motherwell_College
North_West_London_Colleges_Consortium	North_West_London_Colleges_Consortium
LINKSHOP_LIMITED	LINKSHOP_LIMITED
Cheltenham_College	Cheltenham College
Lambeth_College	Lambeth_College
Filton_College	Filton_College
Bexley_College	Bexley_College
Royal_College_of_Nursing_Institute	Royal_College_of_Nursing_Institute
Stevenson_College	Stevenson_College
Coulsdon_College	Coulsdon_College
Superannuation_Services_of_the_University_of_London	Superannuation_Services_of_the_University_of_London
St_Dominic's_Sixth_Form_College	St_Dominic's_Sixth_Form_College
Orpington_College	Orpington_College
Leek_College_of_Further_Education_and_School_of_Art	Leek_College_of_Further_Education_and_School_of_Art
Runshaw_College	Runshaw_College
Exeter_College	Exeter_College
University_of_Wales_Registry	University_of_Wales_Registry
MISD_Development_Branch_London_University	MISD_Development_Branch_London_University
Trinity_College_Bristol	Trinity_College_Bristol
Bournemouth_and_Poole_College_of_Art_and_Design	Bournemouth_and_Poole_College_of_Art_and_Design
Stockton_Sixth_Form_College	Stockton_Sixth_Form_College
Ruskin_College	Ruskin_College
Queen_Elizabeth_Sixth_Form_College	Queen_Elizabeth_Sixth_Form_College
Telford_College_of_Arts_and_Technology	Telford_College_of_Arts_and_Technology
Clarendon_College_Nottingham_Corporation	Clarendon_College_Nottingham_Corporation
Bede_College	Bede_College
Myerscough_College	Myerscough_College
Shrewsbury_College_of_Arts_and_Technology	Shrewsbury_College_of_Arts_and_Technology
Broxtowe_College_Nottingham	Broxtowe_College_Nottingham
Bromley_College	Bromley_College
Christ_The_King_Sixth_Form_College	Christ_The_King_Sixth_Form_College
Burnley_College	Burnley_College
Croydon_College	Croydon_College
Furness_College	Furness_College
West_Cheshire_College	West_Cheshire_College
Rugby_College	Rugby_College
Langside_College	Langside_College
Hugh_Baird_College	Hugh_Baird_College
North_Glasgow_College	North_Glasgow_College
North_Oxfordshire_College_and_School_of_Art	North_Oxfordshire_College_and_School_of_Art
Hartlepool_Sixth_Form_College	Hartlepool_Sixth_Form_College
Glasgow_TeleColleges_Network_Consortium	Glasgow_TeleColleges_Network_Consortium
Highbury_College	Highbury_College
Kendall_College	Kendall_College
Anglo-European_College_of_Chiropractic	Anglo-European_College_of_Chiropractic
St_Francis_Xavier's_College	St_Francis_Xavier's_College
West_Herts_College	West_Herts_College
Prior_Pursglove_College	Prior_Pursglove_College
St_Vincent_College	St_Vincent_College
Stow_College	Stow_College
Wye_College	Wye_College
Leeds_College_of_Music	Leeds_College_of_Music
West_Oxfordshire_College	West_Oxfordshire_College
Newton_Rigg_College	Newton_Rigg_College
Havering_College	Havering_College
Hertford_Regional_College	Hertford_Regional_College
Glasgow_College_of_Nautical_Studies	Glasgow_College_of_Nautical_Studies
Thanet_College	Thanet_College
University_Of_London_Senate_House	University_Of_London_Senate_House
John_Wheatley_College	John_Wheatley_College
Lewisham_College	Lewisham_College
Central_College_of_Commerce	Central College of Commerce
Cardonald_College	Cardonald_College
Leeds_College_of_Building	Leeds College of Building
Glasgow_College_of_Food_Technology	Glasgow_College_of_Food_Technology
New_College_Pontefract	New College Pontefract
Cheltenham_Ladies_College	Cheltenham_Ladies_College
Keighley_College	Keighley_College
Arnold_and_Carlton_College	Arnold and Carlton College
St_Loye's_College_Foundation	St_Loye's_College_Foundation
Salford_College	Salford_College
Airedale_&_Wharfdale_College	Airedale & Wharfdale College
Anniesland_College	Anniesland_College
Handsworth_College_Corporation	Handsworth_College_Corporation
The_City_College_(London)	The_City_College_(London)
Hackney_Community_College	Hackney_Community_College
Leigh_City_Technology_College;Dartford	Leigh_City_Technology_College;Dartford
Greenhead_College	Greenhead_College
Grimsby_College	Grimsby_College
Barnsley_College	Barnsley_College
Huddersfield_Technical_College	Huddersfield_Technical_College
The_Bournmouth_and_Poole_College_of_Further_Education	The_Bournmouth_and_Poole_College_of_Further_Education
Shipley_College	Shipley_College
Oldham_College	Oldham_College
Bristol_Baptist_College	Bristol_Baptist_College
Huddersfield_New_College	Huddersfield_New_College
Evangelical_Theological_College_of_Wales	Evangelical_Theological_College_of_Wales
North_Area_College_Stockport	North_Area_College_Stockport
Stafford_College	Stafford_College
The_Royal_College_of_Physicians_and_Surgeons_of_Glasgow	The_Royal_College_of_Physicians_and_Surgeons_of_Glasgow
Thomas_Damby_College	Thomas Damby College
Nene_College_of_Higher_Education	Nene_College_of_Higher_Education
Yorkshire_Coast_College	Yorkshire_Coast_College
Carshalton_College	Carshalton_College
University_College_Chester	University College Chester
Ealing_Tertiary_College	Ealing_Tertiary_College
Rodbaston_College;Agricultural_College	Rodbaston_College;Agricultural_College
Calderdale_College	Calderdale_College
Notre_Dame_Sixth_Form_College	Notre_Dame_Sixth_Form_College
Park_Lane_College	Park_Lane_College
Eton_College	Eton College
The_College_of_Estate_Management	The_College_of_Estate_Management
St._Mary's_College	St. Mary's College
Rotherham_College_of_Art_and_Technology	Rotherham_College_of_Art_and_Technology
Thomas_Rotherham_College	Thomas_Rotherham_College
The_City_Technology_College	The_City_Technology_College
Walsall_College_of_Arts_and_Technology	Walsall_College_of_Arts_and_Technology
Cleveland_College_of_Art_&_Design	Cleveland College of Art & Design
Dearne_Valley_College	Dearne_Valley_College
Leeds_College_of_Art_and_Design	Leeds_College_of_Art_and_Design
Soundwell_College	Soundwell_College
University_of_Delaware	University_of_Delaware
Brighton_College_of_Technology	Brighton_College_of_Technology
City_of_Liverpool_Community_College	City_of_Liverpool_Community_College
Beverley_College_Humberside	Beverley_College_Humberside
Reading_College_and_School_of_Arts_and_Design	Reading College and School of Arts and Design
Huntingdonshire_Regional_College	Huntingdonshire_Regional_College
York_Sixth_Form_College	York_Sixth_Form_College
North_Lindsey_College	North Lindsey College
Park_College	Park_College
Wilberforce_College	Wilberforce_College
Bishop_Burton_College	Bishop_Burton_College
Rycotewood_College	Rycotewood_College
Sutton_Coldfield_College	Sutton_Coldfield_College
Cordwainers_College	Cordwainers_College
The_Royal_Veterinary_College	The Royal Veterinary College
East_Yorkshire_College	East_Yorkshire_College
Trowbridge_College	Trowbridge_College
Franklin_College;Grimsby	Franklin_College;Grimsby
York_College_of_Further_and_Higher_Education	York_College_of_Further_and_Higher_Education
Samara_State_University	Samara State University
Peterborough_Regional_College	Peterborough_Regional_College
Tomsk_Regional_Branch_of_Russian_University	Tomsk_Regional_Branch_of_Russian_University
Peter_Symonds_College;Location_Winchester	Peter_Symonds_College;Location_Winchester
UNIVERSITY_OF_SILESIA;CIESZYN	UNIVERSITY_OF_SILESIA;CIESZYN
Khabarovsk_Technical_State_University	Khabarovsk_Technical_State_University
City_College_Manchester	City_College_Manchester
Opole_University	Opole_University
Lancaster_and_Morcambe_college_of_Further_Education	Lancaster_and_Morcambe_college_of_Further_Education
Novocherkassk_Polytechnic_Institute	Novocherkassk Polytechnic Institute
Moscow_State_Technological_University	Moscow_State_Technological_University
Wycliffe_College	Wycliffe_College
North_Caucasian_State_Technological_University	North_Caucasian_State_Technological_University
Hull_College_Hull	Hull_College_Hull
Orenburg_State_University	Orenburg_State_University
Riga_Aviation_University_Hotel	Riga_Aviation_University_Hotel
Royal_College_of_Midwives	Royal_College_of_Midwives
Cambridge_Marketing_College	Cambridge_Marketing_College
College_Tce	College_Tce
Riga_Aviation_University	Riga_Aviation_University
Far_Eastern_State_University	Far_Eastern_State_University
Technical_University_of_varna	Technical University of Varna
Kensington_College_of_Business	Kensington_College_of_Business
Leeds_Technical_College	Leeds Technical College
普纳大学	University of Pune
Macclesfield_College	Macclesfield_College
Marine_Technical_University	Marine_Technical_University
Infomed	Infomed
Cremer_Fashion_university	Cremer_Fashion_university
Krasnoyarsk_State_Technical_University	Krasnoyarsk_State_Technical_University
莫斯科大学	Moscow State University
Network_of_Rostov_State_University	Network of Rostov State University
Hinckley_College	Hinckley_College
Stavropol_state_technical_university	Stavropol_state_technical_university
Royal_National_College_for_the_Blind	Royal_National_College_for_the_Blind
图卢兹第三大学	Université Toulouse III - Paul Sabatier
Novocherkassk_State_Technical_University	Novocherkassk_State_Technical_University
Moscow_State_University_of_Food_Processing	Moscow_State_University_of_Food_Processing
St_Petersburg's_State_Technical_University	St. Petersburg State Technical University
圣彼得堡国立技术大学第13或15号公寓楼	Saint Petersburg State Technical University Dormitory Building 13 or 15
斯图加特设计学院大学	University of Stuttgart Design Academy
Udmurt_State_University	Udmurt State University
Knipp通讯网络公司Anycast节点	Knipp Communication Network Company Anycast Node
Akhawayne_University	Akhawayne_University
College_Hill	College_Hill
Atlanta	Atlanta
STS特殊电信服务	STS Special Telecom Service
基因工程和生物技术中心	Genome Engineering and Biotechnology Center
Ethio网络公司	Ethio Net
State_University_of_Technology_and_Design;St_Petersburg	State_University_of_Technology_and_Design;St_Petersburg
University_Mohammed_Premier_-Oujda	University_Mohammed_Premier_-Oujda
Kabardino-Balkarian_State_University	Kabardino-Balkarian_State_University
Software_Technology_Park_of_India	Software_Technology_Park_of_India
LiquidTelecom	LiquidTelecom
云外科技日本Equinix安畅数据中心	Yunwai Technology Japan Equinix Anchang Data Center
International_Institute_for_Higher_Education_in_Morocco_-Rabat	International_Institute_for_Higher_Education_in_Morocco_-Rabat
Serrekunda互联网交换点	Serrekunda Internet Exchange Point
asyut	asyut
Africell	Africell
University_Ibn_Zohr-Agadir	University_Ibn_Zohr-Agadir
University_Sidi_Mohamed_Ben_Abdellah	University Sidi Mohamed Ben Abdellah
University_Hassan_premier-Settat	University_Hassan_premier-Settat
University_Mohamed__V-Agdal_-Rabat	University_Mohamed__V-Agdal_-Rabat
University_Hassan_II	Hassan II University
Te_Data	Te_Data
al_qahirahcairo	Al Qahirah Cairo
University_Cadi_Ayyad-Marrekech	University Cadi Ayyad Marrakech
NETPAGE	NETPAGE
东部中央大学	East Central University
AFRINIC全球Anycast节点	AFRINIC Global Anycast Node
University_Mohamed__V-Souissi_-Rabat	University_Mohamed__V-Souissi_-Rabat
Vidyo公司	Vidyo
Sweet_Briar_College	Sweet_Briar_College
L'Oreal公司	L'Oreal
Summit_Broadband公司	Summit_Broadband
FDCServers数据中心	FDCServers Data Center
Korbel公司	Korbel Company
默克公司	Merck & Co.
Regent_University	Regent_University
EBOX	EBOX
QCell	QCell
Gamtel	Gamtel
University_Moulay_Ismail_Mekn?s	University_Moulay_Ismail_Mekn?s
Defender_Cloud	Defender_Cloud
SolutionPro_Inc.	SolutionPro_Inc.
NBC环球	NBCUniversal
Ashland_University	Ashland_University
Cape_Peninsula_University_of_Technology	Cape_Peninsula_University_of_Technology
Ravand数据中心	Ravand Data Center
Virginia_Polytechnic_Institute_and_State_Univ.	Virginia Polytechnic Institute and State University
阿卡德尔菲亚汉德森州立大学	Henderson State University
Nicholls_State_University	Nicholls_State_University
加利福尼亚州Multacom公司	Multacom Corporation, California
Tri_State_University	Tri_State_University
Unique_Solutions	Unique_Solutions
Vox通信公司	Vox Communications
亚利桑那州斯科茨代尔市Go_Daddy集团公司	Go_Daddy Group LLC, Scottsdale, Arizona
Whitworth_College	Whitworth_College
TechEVE公司Sugarhosts洛杉矶网络	TechEVE Company Sugarhosts Los Angeles Network
North_Carolina_Research_and_Education_Network	North_Carolina_Research_and_Education_Network
泰国易三仓大学	Assumption University of Thailand
保留地址(Documentation(TEST-NET-2))	Reserved Address (Documentation (TEST-NET-2))
WCTel	WCTel
ACN	ACN
Dordt_College	Dordt College
Stellar	Stellar
Marymount_University	Marymount_University
乔治布朗学院	George Brown College
Optus_DNS	Optus_DNS
Rockhurst_College	Rockhurst_College
机房	Data Center
SoundHound公司	SoundHound
NYIIX交换中心	NYIIX Exchange Center
A-ROOT-SERVERS(VeriSign)	A-ROOT-SERVERS (VeriSign)
Daniel_Webster_College	Daniel_Webster_College
NS1_Anycast节点	NS1_Anycast node
NYIIX洛杉矶(TELEHOUSE-IIX)交换中心	NYIIX Los Angeles (TELEHOUSE-IIX) Exchange Center
Pace_University	Pace_University
保留地址(Benchmarking)	Reserved Address (Benchmarking)
Morningside_College	Morningside_College
OPTUS公司	OPTUS
Mars_Hill_College	Mars_Hill_College
威斯康辛大学计算机科学系	University of Wisconsin-Madison Department of Computer Sciences
Centenary_College_of_Louisiana	Centenary_College_of_Louisiana
Bennett_College	Bennett_College
Donuts_Inc.	Donuts_Inc.
Grambling_State_University	Grambling State University
乔治亚州州立大学	Georgia State University
Intercom_Online公司	Intercom_Online
电信研究实验室	Telecom Research Lab
赛门铁克公司	Symantec Corporation
赛门铁克公司诺顿DNS服务器	Symantec Norton DNS
内华达州克拉克县亨德森市Enzu股份有限公司	Enzu Inc., Henderson, Clark County, Nevada
温尼伯技术学院	Winnipeg Technical College
Asbury_Theological_Seminary	Asbury Theological Seminary
WiscNet	WiscNet
Public_Works_and_Government_Services	Public Works and Government Services
黑丘州立大学	Black Hills State University
红河学院	Honghe University
Vivid-Hosting数据中心	Vivid-Hosting Data Center
汤姆逊河大学	Thompson Rivers University
GRACELAND_COLLEGE	GRACELAND_COLLEGE
Microsoft骨干网	Microsoft Backbone
One通信	One Communications
德克萨斯大学系统	University of Texas System
落基山学院	Rocky Mountain College
Visa国际公司VISANET2网络节点	Visa International VISANET2 network node
SugarHosts数据中心	SugarHosts Data Center
FREEBEST公司	FREEBEST Company
William_Mitchell_College_of_Law	William_Mitchell_College_of_Law
坎普林区学院	Camplin District College
圣道大学	Saint University
ICANN全球Anycast节点	ICANN Global Anycast Node
Enotch网络	Enotch Network
L-ROOT-SERVERS(由美国ICANN维护)	L-ROOT-SERVERS (maintained by ICANN, USA)
deviantART公司	deviantART
纽约市立大学法学院	CUNY School of Law
Automattic公司全球Anycast节点	Automattic Global Anycast
Freedom无线通讯	Freedom Mobile
Methodist_Hospital_of_Memphis	Methodist_Hospital_of_Memphis
Lemuria通信公司	Lemuria Communications Company
KLAYER_LLC数据中心	KLAYER_LLC Data Center
Rebel_Hosting公司	Rebel_Hosting
Server_Complete科技公司	Server_Complete Technology Company
Totalchoice_Hosting公司	Totalchoice_Hosting
塞尔扣克学院	Selkirk College
Ustream公司	Ustream
Ugotfile公司	Ugotfile
PONYNET数据中心	PONYNET Data Center
1&1互联网公司	1&1 Internet
大飞云高防节点	Dafei Cloud High-defense Node
Zenimax_Media公司	Zenimax_Media
Lightwave_Networking有限公司	Lightwave Networking Co., Ltd.
Bodis有限责任公司	Bodis LLC
联邦快递集团	FedEx Corporation
Turnitin公司	Turnitin
UOHI	UOHI
艾米丽卡尔艺术与设计大学	Emily Carr University of Art and Design
Public_Domain_Registry	Public_Domain_Registry
CloudFlare公司CDN节点(Yandex)	CloudFlare Company CDN Node (Yandex)
eSited公司	eSited
诺顿公共DNS	Norton Public DNS
诺顿公共DNS(拦截成人及其他网站)	Norton Public DNS (Block Adult and Other Sites)
University_of_Virginia	University_of_Virginia
中国联通(美国)运营有限公司	China Unicom (Americas) Operations Limited
Astute数据中心	Astute Data Center
C_ROOT-SERVERS(由美国资讯科学研究院维护)	C.ROOT-SERVERS.NET (Operated by Information Sciences Institute)
HONEYWELL上海公司	Honeywell Shanghai
Confluence-Networks	Confluence-Networks
YesUp数据中心	YesUp Data Center
Wz_Communications公司	Wz_Communications
Dauphin电信	Dauphin Telecom
South_Central	South_Central
CSRA	CSRA
诺顿公共DNS(拦截成人网站)	Norton ConnectSafe (Block adult content)
Arizona大学	University of Arizona
Secure_Dragon数据中心	Secure_Dragon Data Center
ServInt数据中心	ServInt Data Center
CyrusOne数据中心	CyrusOne Data Center
Crown_Castle	Crown_Castle
中国电信(美洲)有限公司	China Telecom (Americas) Corporation
Volusion	Volusion
Fastcom公司	Fastcom
Vinakom数据中心	Vinakom Data Center
ISPRIME数据中心	ISPRIME Data Center
甲骨文公司	Oracle Corporation
Muscat_Solutions公司	Muscat Solutions
Affiniti	Affiniti
Rural_Broadband	Rural_Broadband
TravelClick	TravelClick
主根域名服务器全球第04OF13号D-ROOT-SERVERS节点(WorldAnycast任播网络美国马里兰大学学院市分校运作BIND软件)	The 04OF13 D-ROOT-SERVERS Node of the Primary Root Domain Name Server Global Network (WorldAnycast network operated by the University of Maryland, College Park, with BIND software)
SiteB_Data数据中心	SiteB_Data Data Center
Brown_Advisory	Brown_Advisory
CyberPoint	CyberPoint
OneNet_Global	OneNet_Global
FC2INC	FC2INC
Neodelphi公司	Neodelphi
Fibrenoire网络	Fibrenoire Network
ARIN全球Anycast节点	ARIN Global Anycast Node
埃德蒙顿康考迪亚大学	Concordia University of Edmonton
Global_IT数据中心	Global_IT Data Center
国王大学	King's University
Sungard数据中心	Sungard Data Center
MediaGeneral公司	MediaGeneral
SAMSA数据中心	SAMSA Data Center
VpsCheap公司	VpsCheap
博瓦立学院	Bovari College
Ontario_Kitchener	Ontario_Kitchener
雷克湖学院	Lakefield College School
Serveryou	Server
纽约市立大学-科技学院	New York City College of Technology
White_Sands_Hosting有限公司	White_Sands_Hosting Co., Ltd.
育空大学	Yukon University
Catolica_Andres_Bello大学	Catolica_Andres_Bello University
AMS_IS加勒比交换中心	AMS-IX Caribbean
Epocrates公司	Epocrates company
Intermax网络	Intermax Networks
阿尔格玛大学	Algoma University
LACNIC节点	LACNIC Node
博雷尔学院	Borel Academy
AFILIAS公司AS12041全球镜像CDN网络节点	Afilias Company AS12041 Global Mirror CDN Network Node
Critical_Impact	Critical_Impact
Universidad_Icesi	Universidad_Icesi
文理通讯大学	Wenli Communication University
EAFIT大学	EAFIT University
Enhanced电信集团公司	Enhanced China Telecom Group Corporation
Raksmart机房	Raksmart Data Center
Latinoamericana自治大学	Universidad Latinoamericana
HostZealot数据中心	HostZealot Data Center
哥伦比亚天主教大学	Pontifical Xavierian University
Universidad_Mayor_de_San_Andres	Universidad Mayor de San Andres
Vps21公司	Vps21
中南马托格罗索大学	Central University of Mato Grosso do Sul
亚马孙大学	Amazon University
帕拉州联邦大学	Federal University of Para
FORA联邦大学	FORA Federal University
圣克鲁斯大学	University of California, Santa Cruz
塞阿拉联邦大学	Federal University of Ceará
GROSSO联邦大学	GROSSO Federal University
米纳吉拉斯大学	Universidade Federal de Minas Gerais
圣保罗大学	University of São Paulo
Goiá联邦技术大学	Goiá Federal Institute of Technology
国立大学网络	National University Network
塞阿拉科学技术研究所	Ceará Institute of Science and Technology
贾弗里阿纳神学大学	Jabriya Theology University
巴西农业研究所	Embrapa
国家天体物理实验室	National Astrophysics Laboratory
Campanha大学	Campanha University
国家技术研究所	NICT (National Institute of Information and Communications Technology)
亚马逊国立研究所	Amazon National Research Institute
巴伊亚联邦大学	Federal University of Bahia
塞尔希培联邦大学	Federal University of Sergipe
马拉尼昂州联邦大学	Federal University of Maranhão
萨尔瓦多天主教大学	Universidad Católica de El Salvador
佩洛塔斯联邦大学	Federal University of Pelotas
塞阿拉公共卫生学院	Ceara School of Public Health
阿拉戈斯联邦大学数学研究所	Institute of Mathematics of the Federal University of Alagoas
圣保罗国家研究基金会	Sao Paulo Research Foundation
农业研究所	Agricultural Research Institute
联合国教科文组织	UNESCO
博利瓦里亚纳神学大学	Bolivarian University
unijui大学	Unijui University
里奥格兰德联邦大学	Federal University of Rio Grande
圣卡塔琳娜联邦大学	Federal University of Santa Catarina
南里奥格兰德联邦大学	Federal University of Rio Grande do Sul
若阿金Nabuco基金会	Joaquim Nabuco Foundation
里约兰德农业研究所	Rio Grande Agricultural Research Institute
巴拉那联邦理工大学	Federal University of Technology - Paraná
巴拉那联邦大学	Federal University of Parana
圣玛丽亚联邦大学	Federal University of Santa Maria
圣若昂德尔睿联邦大学	Federal University of São João del-Rei
圣保罗理工研究所	São Paulo Institute of Technology
维索萨联邦大学	Federal University of Viçosa
阿雷格里港大学	University of Porto Alegre
圣保罗卡洛斯联邦大学	Federal University of São Carlos
佩洛塔斯天主教大学	Catholic University of Pelotas
里约热内卢大学	Rio de Janeiro State University
戈亚斯教育技术研究所	Goias Institute of Education and Technology
联合国开发署	United Nations Development Programme
巴西社会经济研究所	Brazilian Socioeconomic Institute
伯南布哥州联邦大学	Federal University of Pernambuco
GRANDE大学	GRANDE University
UNIVERSIDAD_DE_NARI	UNIVERSIDAD_DE_NARI
Itajubá联邦大学	Federal University of Itajubá
戈亚斯州天主教大学	Catholic University of Goiás
巴西信息科学与技术学院	Brazilian Institute of Information Science and Technology
坎皮纳斯天主教大学	Pontifical Catholic University of Campinas
地理和统计研究所	Geographic and Statistical Institute
代卢斯同步辐射国家实验室	Diocles Synchrotron Radiation National Laboratory
Uberlandia联邦大学	Federal University of Uberlandia
米纳吉拉斯联邦大学	Federal University of Minas Gerais
菲格雷基金会	FiberCOR
核技术发展中心	Nuclear Technology Development Center
戈亚斯州联邦大学	Federal University of Goiás
Amazonia大学	Amazonia University
Ceará大学	University of Ceará
Manizales天主教大学	Manizales Catholic University
Tolima大学	University of Tolima
何塞大学	Jose University
Risaralda天主教大学	Technological University of Pereira
桑坦德大学	Universidad de Santander
循道卫理高等教育研究所	Methodist Institute of Higher Education
拉帕塔戈尼亚奥斯特瑞尔国立大学	National University of La Patagonia Austral
桑坦德工业大学	Universidad Industrial de Santander
北Fluminense州立大学	Northern Fluminense State University
军事工程大学	Military Engineering University
Pedagogica大学	Pedagogica University
Colombia自治大学	Colombia Autonomous University
VTR_BANDA_ANCHA_SA	VTR_BANDA_ANCHA_SA
Pamplona大学	Pamplona University
安蒂奥基亚大学	University of Antioquia
拉萨耶大学	Lashayah University
Piracicabano教育学院	Piracicabano Education Institute
Cesar大学	Cesar University
蒙特瑞伊技术研究学院	Monterrey Institute of Technology and Higher Education
Bosque大学	Bosque University
Pedagogica理工大学	Pedagogica University of Technology
Sucre大学	Universidad Mayor, Real y Pontificia de San Francisco Xavier de Chuquisaca
UNIVERSIDAD_SANTO_TOMAS	UNIVERSIDAD_SANTO_TOMAS
Fluminense联邦大学	Fluminense Federal University
瓦莱大学	University of Valle
佩雷拉理工大学	Universidad Tecnológica de Pereira
萨尔塔国立大学	National University of Salta
帕斯卡大学	Pascasarjana University
萨尔瓦多大学	University of El Salvador
CEMA大学学院	CEMA University
商业与社会科学大学	University of Commerce and Social Sciences
Cuernavaca	Cuernavaca
墨西哥学院	El Colegio de México
Itajuba联邦工程大学	Federal University of Itajuba
X-Host	X-Host
Coruniversitaria大学	Coruniversitaria
UNIVERSITY_FEDERAL_DE_GOIAS	UNIVERSITY_FEDERAL_DE_GOIAS
比阿维联邦大学	Federal University of Beauvais
Associao_Rede_Nacional_de_Ensino_e_Pesquisa	Associao_Rede_Nacional_de_Ensino_e_Pesquisa
UNIVERSITY_FEDERAL_DE_SANTA_MARIA	UNIVERSITY_FEDERAL_DE_SANTA_MARIA
Escola_Federal_de_Engenharia_de_Itajuba	Escola_Federal_de_Engenharia_de_Itajuba
Bogotá大学	Bogotá University
University_Federal_de_Santa_Catarina	University_Federal_de_Santa_Catarina
哥伦比亚Gran大学	Gran University Colombia
UNIVERSITY_FEDERAL_DE_VICOSA	UNIVERSITY_FEDERAL_DE_VICOSA
UniversityCatólica_de_Brasília	UniversityCatólica_de_Brasília
Intelig电信公司	Intelig Telecom
Vargas研究所	Vargas Institute
巴西利亚天主教大学	Catholic University of Brasília
圣埃斯皮里图联邦大学	Federal University of Espirito Santo
Embratel公司	Embratel
阿克里联邦大学	Federal University of Acre
南部圣卡塔琳娜州大学	University of Southern Santa Catarina
Bahia大学	Bahia University
圣保罗天主教大学	Pontifical Catholic University of São Paulo
SALVADOR天主教大学	SALVADOR Catholic University
PiauiParnaiba	PiauiParnaiba
GVT通信公司	GVT
弗鲁米嫩塞联邦大学	Fluminense Federal University
UNIVERSITY_FEDERAL_DO_ACRE	UNIVERSITY_FEDERAL_DO_ACRE
里奥格兰德天主教大学	Pontifical Catholic University of Rio Grande do Sul
FUNDACAO_DE_APOIO_DA_UNIVERSITY_FEDERAL_DO	FUNDACAO_DE_APOIO_DA_UNIVERSITY_FEDERAL_DO
Manizales大学	Manizales University
巴拉那天主教大学	Catholic University of Brasília
Vivax公司	Vivax
SourceForge文件缓存服务器(拉美东24of25节点ufpr)	SourceForge File Cache Server (Latin America East 24 of 25 Node ufpr)
sao_paulo	sao_paulo
圣保罗州立大学	São Paulo State University
SANTANA大学	SANTANA University
Universidad_Francisco_de_Paula_Santander	Universidad_Francisco_de_Paula_Santander
是方电讯股份有限公司	Chief Telecom Inc.
华北油田网络	Huabei Oilfield Network
一零四资讯	104 Information Technology Co., Ltd.
HostUs数据中心	HostUs Data Center
James_Cook_University	James_Cook_University
Loddon_Camapaspe_College_of_TAFE	Loddon_Camapaspe_College_of_TAFE
互联网管理委员会	Internet Management Committee
SUN_Techno_College	SUN_Techno_College
sao_paulosantos	sao_paulosantos
巴西电信公司	Brazil Telecom
中国石油工程设计有限公司	China Petroleum Engineering Design Co., Ltd.
Indian_Institute_of_Technology_Kanpur	Indian_Institute_of_Technology_Kanpur
Tokyo_Woman's_Christian_University	Tokyo Woman's Christian University
道亨银行环球全域电讯节点	Dah Sing Bank Global Watch Telecom Node
MD_Brazil技术信息与电信公司	MD_Brazil Technology Information and Telecommunications Company
佩德罗阿梅基金会	Fundacion Pedro Ame
名城大学	Meijo University
YAHOO公司	Yahoo Inc.
Universitas_Ciputra	Universitas Ciputra
Miyagi_National_College_of_Technology	Miyagi National College of Technology
同志社大学	Doshisha University
Yamagata_Women's_Junior_College	Yamagata_Women's_Junior_College
Oita_Industrial_Research_Institute	Oita Industrial Research Institute
Kobe_City_University_of_ForeignStudies;	Kobe_City_University_of_ForeignStudies
Kyoritsu_Women's_University	Kyoritsu_Women's_University
KYUSHU_KYORITSU_UNIVERSITY	KYUSHU_KYORITSU_UNIVERSITY
Hong_Kong_CyberLibrary	Hong_Kong_CyberLibrary
新网IDC	Xinnet IDC
Kochi_Polytechnic_College	Kochi_Polytechnic_College
Kinjo_Gakuin_University	Kinjo_Gakuin_University
Wakkanai_Hokusei_Gakuen_Junior_College	Wakkanai_Hokusei_Gakuen_Junior_College
Osaka_City_Kogei_Senior_High_School	Osaka_City_Kogei_Senior_High_School
National_University_of_Singapore	National_University_of_Singapore
中国石油华北石油管理局	PetroChina Huabei Oilfield Company
北京新网数码信息技术有限公司	Beijing Xin Wang Digital Information Technology Co., Ltd.
孔敬大学	Khon Kaen University
金沢工業大学	Kanazawa Institute of Technology
亚太互联网络信息中心(APNIC)Anycast节点	APNIC (Asia Pacific Network Information Centre) Anycast Node
Korea_University	Korea University
亚太环通(Pacnet)有限公司DNS服务器	Pacnet Limited DNS Server
北京化工大学教育网	BUCT-CERNET
福井工业大学	Fukui University of Technology
悉尼大学	The University of Sydney
主根域名服务器全球第13OF13号M-ROOT-SERVERS节点(WorldAnycast任播网络日本WIDE_Project运作BIND软件)	Root DNS Server M (World Anycast Network Japan WIDE_Project operated BIND software)
高能物理实验室	High Energy Physics Laboratory
Tokyo_University_of_Foreign_Studies	Tokyo University of Foreign Studies
明治学院大学	Meiji Gakuin University
计算机应用学院	Computer Application Institute
Aichi_University	Aichi_University
科技大学	China University of Science and Technology Network
Eichi_University	Eichi_University
Kisarazu_National_College_of_Technology	Kisarazu_National_College_of_Technology
Kobe_Yamate_Women's_Junior_College	Kobe_Yamate_Women's_Junior_College
亚太环通PACNET数据中心	Pacnet Data Center
The_National_Center_For_University_Entrance	The_National_Center_For_University_Entrance
Hiroshima_National_College_of_Maritime_Technology	Hiroshima_National_College_of_Maritime_Technology
Mie_University;Hospital	Mie_University;Hospital
AICHI_UNIVERSITY	AICHI_UNIVERSITY
Sojo_University	Sojo_University
华北计算技术研究所	North China Institute of Computing Technology
Gifu_Keizai_University	Gifu_Keizai_University
Kunitachi_College_of_Music	Kunitachi_College_of_Music
Sukhothai_Thammathirat_Open_University	Sukhothai_Thammathirat_Open_University
Tohoku_Bunka_Gakuen	Tohoku_Bunka_Gakuen
University_Miyama	University_Miyama
Miyazaki_International_College	Miyazaki_International_College
Shizuoka_University	Shizuoka_University
Aomori_Polytechnic_College	Aomori_Polytechnic_College
Kyushu_Kyoritsu_University	Kyushu_Kyoritsu_University
Otsuma_Women's_University	Otsuma_Women's_University
Matsuyama_University	Matsuyama_University
Tomakomai_National_College_of_Technology	Tomakomai National College of Technology
Akita_National_College_of_Technology	Akita_National_College_of_Technology
Shiga_University_of_Medical_Science	Shiga_University_of_Medical_Science
Hiroshima_Shudo_University	Hiroshima_Shudo_University
Maizuru_College_of_Technology	Maizuru_College_of_Technology
Josai_University	Josai_University
Fuji_Women's_College	Fuji_Women's_College
Sapporo_Gakuin_University	Sapporo_Gakuin_University
Saint_John's_College	Saint_John's_College
Kagoshima_National_College_of_Technology	Kagoshima National College of Technology
TOKYO_JYOGAKUKAN_JUNIOR_COLLEGE	TOKYO_JYOGAKUKAN_JUNIOR_COLLEGE
Shimane_Polytechnic_College	Shimane_Polytechnic_College
Department_of_Medical_Information	Department_of_Medical_Information
上海宏光经济信息发展中心优特交互网	Shanghai Hongguang Economic Information Development Center UTE Interactive Network
Nakanihon_Automotive_College	Nakanihon_Automotive_College
北里大学	Kitasato University
Maizuru_National_College_of_Technology	Maizuru_National_College_of_Technology
Ube_National_College_of_Technology	Ube_National_College_of_Technology
Yamanashi_Medical_University	Yamanashi_Medical_University
Miyazaki_Municipal_University	Miyazaki_Municipal_University
Suranaree_University_of_Technology	Suranaree_University_of_Technology
Mokpo_University	Mokpo_University
名古屋学院大学	Nagoya Gakuin University
Kyoto_Prefectural_University	Kyoto_Prefectural_University
Tokyo_Medical_and_Dental_University	Tokyo Medical and Dental University
Yonago_National_College_of_Technology	Yonago National College of Technology
Chaingmai_University	Chiang Mai University
Tokyo_University_of_Information_Sciences	Tokyo University of Information Sciences
Joetsu_University_of_Education	Joetsu_University_of_Education
Japan_Women's_University	Japan Women's University
Prefectural_University_of_Kumamoto	Prefectural_University_of_Kumamoto
Chiangmai_University	Chiangmai_University
Suzuka_College_of_Technology	Suzuka_College_of_Technology
Kagawa_Junior_College	Kagawa_Junior_College
Kangnung_National_University	Kangnung_National_University
Nara_National_College_of_Technology	Nara_National_College_of_Technology
Kumamoto_Gakuen_University	Kumamoto_Gakuen_University
Kyoto_University_of_Education	Kyoto_University_of_Education
Hokkaido_Polytechnich_College	Hokkaido_Polytechnich_College
Osaka_University_of_Foreign_Studies	Osaka University of Foreign Studies
熊本高等専门学校	Kumamoto National College of Technology
Osaka_Gakuin_University	Osaka_Gakuin_University
Hakodate_National_College_of_Technology	Hakodate National College of Technology
Inter-university_network	Inter-university_network
Miyazaki_Medical_College	Miyazaki_Medical_College
NAGOYA_KOGAKUIN_COLLEGE_OF_TECHNOLOGY	NAGOYA_KOGAKUIN_COLLEGE_OF_TECHNOLOGY
The_University_of_the_Thai_Chamber_of_Commerce	The_University_of_the_Thai_Chamber_of_Commerce
Niigata_University_of_International_and_Information_Studies	Niigata_University_of_International_and_Information_Studies
Ube_Technical_College	Ube_Technical_College
Sunchon_National_University	Sunchon_National_University
Silpakorn_University	Silpakorn_University
Toba_National_College_of_Maritime_Technology	Toba_National_College_of_Maritime_Technology
HONAM_UNIVERSITY	HONAM_UNIVERSITY
Konkuk_University	Konkuk_University
泰国玛希敦大学	Mahidol University Thailand
IIJ	IIJ
科学技术信息研究院	Institute of Scientific and Technical Information
Ichinoseki_National_College_of_Technology	Ichinoseki_National_College_of_Technology
全州大学	Jeonju University
Computer_Science_Dept.	Computer_Science_Dept.
National_Infomation_Society_Agency	National_Infomation_Society_Agency
庆星大学	Kyungsung University
内田洋行有限公司	Uchida Yoko Co., Ltd.
摩乃科斯(Monex)集団公司	Monex Group
Mokpo_National_University	Mokpo_National_University
泰国吞武里皇家大学	Thonburi Rajabhat University
南京大学	Nanjing University
Asahikawa_National_College_of_Technology	Asahikawa_National_College_of_Technology
Hannam_University	Hannam_University
Korea_Information_Security_Agency	Korea_Information_Security_Agency
软银(SOFTBANK)电信	SoftBank
大众汽车公司	Volkswagen Group
理论物理学会	Theoretical Physics Society
汕头大学	Shantou University
清迈皇家大学	Chiang Mai Rajabhat University
原子能学会	Atomic Energy Society
中国科学技术大学	University of Science and Technology of China
Yosu_National_Fisheries_University(YNFU)	Yosu_National_Fisheries_University(YNFU)
中国科学院高能物理研究所	Institute of High Energy Physics, Chinese Academy of Sciences
北方电信中国销售部	China Telecom North Sales Department
金乌工科大学	Jinwu University of Technology
Korea_Educational_Development_Institute	Korea Educational Development Institute
立正大学	Rissho University
财富信息公司	Fortune Information Company
中国矿业进出口公司	China Mining Import and Export Corporation
长春奥迪厂	Changchun Audi Factory
NeuStar公司全球Anycast节点	NeuStar Global Anycast Node
康乐及文化事务署	Leisure and Cultural Services Department
香港公开大学	Hong Kong Open University
澳大利亚电信节点	Telstra
华南理工大学教育网	CERNET (South China University of Technology)
NT环球公司番禺办事处	NT Global Company Panyu Office
职业训练局	Vocational Training Council
北方电信中国CITIC总部	China Telecom North China CITIC Headquarters
Indian_Institute_of_Science	Indian_Institute_of_Science
中国文物信息咨询中心	China Cultural Heritage Information and Consulting Center
电子工业部信息中心CEIC-CN网络	CEIC-CN Network of Information Center of Ministry of Electronics Industry
MORA电信	MORA Telecom
四环医疗信息中心	Sihuan Medical Information Center
Swiss_German_University	Swiss_German_University
Petra_Christian_University	Petra_Christian_University
国泰航空	Cathay Pacific
冈村制作所	Okamura Corporation
航数宽网	Hangshu Broadband
曼谷班颂德皇家大学	Bansomdejchaopraya Rajabhat University
中国科学技术大学教育网	USTC CERNET
Jawharlal_Nehru_University	Jawharlal_Nehru_University
Ministry_of_University_Affairs	Ministry_of_University_Affairs
和记黄埔	Hutchison Whampoa
Chiba_Polytechnic_College	Chiba_Polytechnic_College
University_of_Hasanuddin	University_of_Hasanuddin
优酷土豆股份有限公司BGP节点(电讯盈科)	Youku Tudou Inc. BGP Node (PCCW)
FEDERATION_OF_UNIVERSITY_CO-OPERATIVE	FEDERATION_OF_UNIVERSITY_CO-OPERATIVE
Kyoto_College_of_Economics	Kyoto_College_of_Economics
AICHI_MIZUHO_COLLEGE	AICHI_MIZUHO_COLLEGE
Akamai科技公司CDN网络节点(美国–加利福尼亚州三藩Visa国际公司VISANET2网络节点)	Akamai Technologies CDN Network Node (USA–San Francisco, California Visa International VISANET2 Network Node)
Niigata_University_of_Management	Niigata_University_of_Management
King_Mongkut's_Institute_of_Technology_North_Bangkok	King_Mongkut's_Institute_of_Technology_North_Bangkok
Pacific_Century_Matrix	Pacific_Century_Matrix
Mara理工大学	Mara University of Technology
香港国际货柜码头	Hong Kong International Container Terminals
Institut_Teknologi_Sepuluh_Nopember	Institut_Teknologi_Sepuluh_Nopember
蓝康恒大学	Blue Kangheng University
渣打银行	Standard Chartered Bank
National_Institute_of_Development_Administration	National Institute of Development Administration
爱知文教大学	Aichi Bunkyo University
SV_ENGG._COLLEGE	SV_ENGG._COLLEGE
Sripatum_University	Sripatum_University
NTT公司	NTT Corporation
桃山学院大学	St. Andrew's University
ANNA_UNIVERSITY	Anna University
Vongchavalitkul_University;	Vongchavalitkul_University
Universitas_Muhammadiyah_Malang	Universitas_Muhammadiyah_Malang
Indira_Gandhi_Institute_of_Development_Research	Indira_Gandhi_Institute_of_Development_Research
Institute_of_Advanced_Media_Arts_and_Sciences	Institute_of_Advanced_Media_Arts_and_Sciences
North_Chiengmai_College	North_Chiengmai_College
中国电信节点	China Telecom Node
Clara_Online公司	Clara_Online
科盈电信集团有限公司	Keying Telecom Group Co., Ltd.
University_of_Trisakti	University_of_Trisakti
Bina_Nusantara大学	Bina Nusantara University
北京天地通电信有限公司BGP节点(北京电信+北京联通)	Beijing Tianditong Telecom Co., Ltd. BGP Node (Beijing Telecom + Beijing Unicom)
巴库电厂	Baku Thermal Power Plant
毛里求斯大学	University of Mauritius
Bit_isle有限公司	Bit_isle Limited
Cyber_Express通信公司	Cyber_Express Communications Company
BGPNet	BGPNet
OYSTER-CK网络	OYSTER-CK Network
秦皇岛yanda-zhengyang电子有限公司chinyon网络(秦皇岛科技大厦614号)	Chinyon Network (Qinhuangdao Yanda-Zhengyang Electronics Co., Ltd., Room 614, Qinhuangdao Science and Technology Building)
中国电信(香港)国际有限公司电信CN2节点	China Telecom (Hong Kong) International Limited CN2 Node
中国电信广东网数据通信事业部NO-AS线路CHINANET-GD网络	China Telecom Guangdong Network Data Communication Division NO-AS Line CHINANET-GD Network
MGH集团MGH信息技术有限公司MGHNET网络	MGH Group MGH Information Technology Co., Ltd. MGHNET Network
AUSREGISTRY网络	AUSREGISTRY Network
CTGONLINENET网络	CTGONLINENET
Symantec赛门铁克公司	Symantec Corporation
超云网络技术有限公司	Supercloud Network Technology Co., Ltd.
网时集团有限公司	NetTime Group Co., Ltd.
BIGAIR-1网络BROADBANDNET_ISP节点	BIGAIR-1 Network BROADBANDNET_ISP Node
九龙先达电脑网络有限公司	Jiulong Xianda Computer Network Co., Ltd.
圣道顿马士大学UST网络	St. Doulton University UST Network
华电集团	Huadian Group
亚太环通(Pacnet)数据中心	Pacnet Data Center
INFOLINK	INFOLINK
DTSNET	DTSNET
BSESTELECOM	BSESTELECOM
SQUARE-ENIX有限公司	SQUARE-ENIX Co., Ltd.
中企通信	China Enterprises Communication
富士通亚洲科技园	Fujitsu Asia Technology Park
HKnet公司	HKnet
SQUARE-ENIX有限公司DNS服务器	SQUARE ENIX CO., LTD. DNS Server
Gassetta_net_Cyber_Cafe使用的JG-GASSETTA网络(由PT_Jembatan_Citra_Nusantara供网)	JG-GASSETTA Network used by Gassetta_net_Cyber_Cafe (provided by PT Jembatan Citra Nusantara)
九龙先达电脑网络有限公司DNS服务器	Kowloon Sendat Computer Network Co., Ltd. DNS Server
WEBSATMEDIA	WEBSATMEDIA
SPECTRUMNET	SPECTRUMNET
创联公司	Chuanglian Company
九龙CITIC	Jiulong CITIC
Papringan-Jalan_Petung31号PT_Jembatan_Citra_Nusantara互联网服务提供商CITRANET网络	Papringan-Jalan_Petung31 PT_Jembatan_Citra_Nusantara CITRANET Network
网银神州科技有限公司	Wangyin Shenzhou Technology Co., Ltd.
北京三快技术有限公司温州分部(人民东路Guoxin大厦27楼6室)	Beijing Sankuai Technology Co., Ltd. Wenzhou Branch (Room 6, 27/F, Guoxin Building, East Renmin Road)
北京三快技术有限公司西安分部(长安北路89号中信大厦2301室)	Beijing Sankuai Technology Co., Ltd. Xi'an Branch (Room 2301, CITIC Building, No. 89 Chang'an North Road)
Net4India公司	Net4India
北京西城区金融街31号中国电信福建网NO-AS线路CHINANET-FJ网络	China Telecom Fujian Network NO-AS line CHINANET-FJ network, located at No. 31 Financial Street, Xicheng District, Beijing
Saifabad区Samrat商务综合楼3D号Pioneer_Elabs有限公司PEL-IN网络(CtrlS数据中心有限公司)节点	Pioneer_Elabs Ltd., Samrat Commercial Complex, 3D, Saifabad, PEL-IN Network (CtrlS Data Centers Ltd.) Node
北京三快技术有限公司武汉分部(中南路7号Zhongshang大厦A座33层A6-A7室)	Beijing Sankuai Technology Co., Ltd. Wuhan Branch (Room A6-A7, 33/F, Block A, Zhongshang Building, No. 7 Zhongnan Road)
InterServe通讯(香港)有限公司(油尖旺区尖沙咀城区梳士巴利道3号星光行1712室)	InterServe Communications (Hong Kong) Limited (Room 1712, Star House, 3 Salisbury Road, Tsim Sha Tsui, Yau Tsim Mong District)
福田数据中心(联通出口)	Futian Datacenter (China Unicom Exit)
黄金网络城(九龙深水步)	Golden Network City (Sham Shui Po, Kowloon)
Verizon通讯公司UUNet互联点	Verizon Communications UUNet Interconnection Point
Telstra全球互联网服务网络	Telstra Global Internet Service Network
De_La_Salle_Catholic_University	De_La_Salle_Catholic_University
NetFront	NetFront
IDNIC-ID网络(爪哇岛-雅加达特区-西爪哇省-Kuningan地方-Kuningan市省8号Jl区-网际大厦11楼-印度尼西亚网信中心)	IDNIC-ID Network (Java Island - Jakarta Special Capital Region - West Java Province - Kuningan Region - Kuningan City Province 8 Jl District - Internet Building 11th Floor - Indonesia Network Information Center)
GLOBALDIAL公司拨号上网	GlobalDial Dial-up Internet Access
Saifabad区Samrat商务综合楼3D号Pioneer_Elabs有限公司Seek_Next网络(CtrlS数据中心有限公司)节点	Pioneer Elabs Private Limited, Seek Next Network (CtrlS Datacenters Ltd) Node, 3D, Samrat Commercial Complex, Saifabad
University_of_Calicut	University_of_Calicut
中国平安保险(集团)股份有限公司BGP节点	Ping An Insurance (Group) Company of China Ltd. BGP Node
湾仔区骆克道PowerNetIX有限公司互联网数据中心	PowerNetIX Limited Internet Data Center, Lockhart Road, Wan Chai District
Bitstop公司	Bitstop
Topslane	Topslane
中国联通国际公司	China Unicom Global
Chu_Hai_College	Chu_Hai_College
AST用户	AST user
Sanxin信息公司	Sanxin Information Company
巨潮证券	Juchao Securities
Universitas_Sanata_Dharma	Universitas_Sanata_Dharma
CNServers_LLC	CNServers_LLC
柴湾互联优势有限公司DNS服务器	Chai Wan Interconnection Advantage Co., Ltd. DNS Server
中网(netchina)	NetChina
电信局电话教室	Telecom Bureau Telephone Classroom
ZhonJian工业发展公司	ZhongJian Industrial Development Company
国家交通部	China Ministry of Transport
BGPNET_CN2数据中心	BGPNET_CN2 Data Center
菲律宾大学	University of the Philippines
首都师范大学	Capital Normal University
柴湾互联优势有限公司	Chai Wan Internet Advantages Co., Ltd.
SBI&S	SBI&S
马来西亚国际回教大学	International Islamic University Malaysia
电讯盈科有限公司PowerBase数据中心	PCCW Limited PowerBase Data Center
北京三快云计算机有限公司美团云数据中心BGP	Beijing Sankuai Cloud Computing Co., Ltd. Meituan Cloud Data Center BGP
YMCA_Career_College	YMCA_Career_College
MobileOne(M1)公司数据中心	MobileOne (M1) Company Data Center
电信局多媒体演示厅	Multimedia Demonstration Hall of China Telecom
良友电台(九龙大有街1号10楼)	Liangyou Radio
电信局文华电信营业厅网络	China Telecom Wenhua Telecom Business Hall Network
新加坡电信(香港)有限公司	SingTel (Hong Kong) Limited
中国农业科学院	Chinese Academy of Agricultural Sciences
林国荣创意科技大学	Limkokwing University of Creative Technology
东方环讯	EastRing Telecom
中国银行	Bank of China
联通DNS	China Unicom DNS
电信互联网机房	China Telecom Internet Data Center
飞华网络公司	Feihua Network Company
瑞得网络公司	Read Network Company
电信(含岑溪市)	China Telecom (including Cenxi City)
电信局枢纽楼(西口电信局)	China Telecom Hub Building (West Entrance Telecom Bureau)
易联时空(北京)科技有限公司(马连道街广外红莲南路欧园北欧印象4-2215号)	Elian Time-Space (Beijing) Technology Co., Ltd. (No.4-2215, Ouyuan Nordic Impression, Honglian South Road, Guangwai, Malian Road Street)
电信第三营业厅	China Telecom Third Business Hall
电信信息中心	China Telecom Information Center
联通家园(凤凰小区网通营业厅旁)	China Unicom Home (Next to China Netcom Business Hall of Fenghuang Community)
电信局第二枢纽楼(雁滩)	China Telecom Second Hub Building (Yantan)
Birla_Institute_of_Technology_and_Science	Birla Institute of Technology and Science
电信网吧专线	China Telecom Internet Bar Dedicated Line
海瑞网吧	Hairui Internet Cafe
电信局大户室	China Telecom VIP Room
电信信息台服务中心	China Telecom Information Service Center
电信武胜IDC机房	China Telecom Wusheng IDC Data Center
电信公司数据中心	China Telecom Data Center
电信局营销中心	China Telecom Marketing Center
小海地澄澄网吧	Xiaohaidi Chengcheng Internet Cafe
电信专线	China Telecom Dedicated Line
红苹果网吧	Red Apple Internet Cafe
柳林蔷薇网吧	Liulin Rose Internet Cafe
资金山路旅游学院附近银海网吧	Yinhai Internet Cafe near Zijinshan Road Tourism College
圆圆网吧(天津现代学院附近)	Yuanyuan Internet Cafe (near Tianjin Modern College)
BRIAT	BRIAT
海河畔网吧	Haihe Riverside Internet Cafe
电信局数据通信	China Telecom Data Communication
登陆网吧	Landing Internet Cafe
电信互联网数据中心IDC机房	China Telecom Internet Data Center IDC Room
联通家园旗舰店(千峰南路139号财专往南50米)	China Unicom Home Flagship Store (50m South of Caizhuan, No. 139 Qianfeng South Road)
九州电讯公司	Kyushu Telecom Company
TANGENT	TANGENT
佰隆网络科技有限公司	Bailong Network Technology Co., Ltd.
三楼)	Third Floor
DESTRA公司	DESTRA
Telstra_Global电讯	Telstra Global
INTERGEN-NET	INTERGEN-NET
名古屋经济大学	Nagoya University of Economics
HKCOLO	HKCOLO
泰阁网吧	Taige Internet Cafe
雅典耀大学	Ateneo de Manila University
信息港宽带网络	Information Port Broadband Network
TELECARD	TELECARD
电化教育馆	Electrification Education Hall
东京信息科技网络	Tokyo Information Technology Network
时尚空间网吧	Fashion Space Internet Cafe
南京互联网中心	Nanjing Internet Center
茂物农业大学	Bogor Agricultural University
里昂证券	CLSA
时代人网吧	Shidai Ren Internet Cafe
金铃铛网吧	Jinlingdang Internet Cafe
电视广播有限公司(TVB)	Television Broadcasts Limited (TVB)
中国科学院上海硅酸盐研究所	Shanghai Institute of Ceramics, Chinese Academy of Sciences
河西区利民道易网通网吧	Yi Wang Tong Internet Cafe, Limin Road, Hexi District
清源网吧(天津现代职业技术学院旁)	Qingyuan Internet Cafe (Near Tianjin Modern Vocational Technology College)
中国科学院上海微系统与信息技术研究所	Shanghai Institute of Microsystem and Information Technology, Chinese Academy of Sciences
中科院	CSTNET
中国科学院上海药物研究所	Shanghai Institute of Materia Medica, Chinese Academy of Sciences
高能物理所	CNIC (Computer Network Information Center, Chinese Academy of Sciences)
APMI	APMI
宝磊公司暇语网吧(职业大学旁)	Baolei Company Xiayu Internet Cafe (Near Vocational University)
Maxis网络	Maxis
中国科学院上海技术物理研究所	Shanghai Institute of Technical Physics of the Chinese Academy of Sciences
中华人民共和国海关总署	General Administration of Customs of the People's Republic of China
小海地合众网吧(天津科技大学附近)	Xiao Haidi Hezhong Internet Cafe (near Tianjin University of Science and Technology)
中国科学院武汉岩土力学研究所	Institute of Rock and Soil Mechanics, Chinese Academy of Sciences
宣武门西大街57号新华网	Xinhuanet, No. 57 Xuanwumen West Street
农科院	CAAS (Chinese Academy of Agricultural Sciences)
中国科学院上海巴斯德研究所	Shanghai Institute of Pasteur, Chinese Academy of Sciences
润科通信	Runke Communication
汇港电讯DNS服务器	Huigang Telecom DNS Server
首尔HAIonNet公司KT电信数据中心	Seoul HAIonNet KT Telecom Data Center
港龙航空	Kong Lung Airlines
经济信息中心	Economic Information Center
QANTAS_COLLEGE	QANTAS_COLLEGE
黄金海岸	Gold Coast
碧水泊网吧	Bishuibo Internet Cafe
中国银行(香港)有限公司	Bank of China (Hong Kong) Limited
中国科学院上海有机化学研究所	Shanghai Institute of Organic Chemistry, Chinese Academy of Sciences
中国科学院武汉物理与数学研究所	Wuhan Institute of Physics and Mathematics, Chinese Academy of Sciences
农展馆	Nongzhanguan
松江科技	Songjiang Technology
东方网景	Oriental Network
畅捷网络通信	Changjie Network Communication
Dodo_DNS	Dodo_DNS
AboveNet通信公司	AboveNet Communications
SEVENSTAR	SEVENSTAR
Punjab_Engineering_College	Punjab_Engineering_College
Bharathiar_University	Bharathiar_University
Tamil_Nadu_Agricultural_University	Tamil_Nadu_Agricultural_University
天拓网吧台东店	Tiantuo Internet Bar Taidong Branch
S_V_Regional_College_of_Engineering_&_Technology	S_V_Regional_College_of_Engineering_&_Technology
Karnataka_Regional_Engg_College	Karnataka_Regional_Engg_College
Whiz通讯	Whiz Communications
P_B_Siddharth_College_of_Arts_and_Science	P_B_Siddharth_College_of_Arts_and_Science
中国科学院武汉植物研究所	Wuhan Institute of Botany, Chinese Academy of Sciences
广东网城在线有限公司	Guangdong NetCity Online Co., Ltd.
Annamalai_University	Annamalai_University
德里大学	University of Delhi
东华广电	China Broadcasting Network Donghua
中科院合肥分院	Hefei Branch of Chinese Academy of Sciences
田家花园好读网吧	Tianjia Garden Haodu Internet Cafe
University_of_Roorkee	University of Roorkee
Banaras_Hindu_University	Banaras_Hindu_University
TERASNET	TERASNET
Regional_Engineering_College;Tiruchirappalli	Regional_Engineering_College;Tiruchirappalli
Guru_Nanak_Dev_University_Amritsar	Guru_Nanak_Dev_University_Amritsar
美天网络科技有限公司	Meitian Network Technology Co., Ltd.
互联通	Huliantong
驰骏网络BCIS海淀黄庄机房	Chijun Network BCIS Haidian Huangzhuang IDC
REGIONAL_ENGINEERING_COLLEGE;WARANGAL	REGIONAL_ENGINEERING_COLLEGE;WARANGAL
Railway_Staff_College;Vadodara	Railway_Staff_College;Vadodara
CWO_Customer_Network;24_College_Lane;Gibraltar	CWO_Customer_Network;24_College_Lane;Gibraltar
Universitas_Bunda_Mulia_Jakarta	Universitas_Bunda_Mulia_Jakarta
中国科学技术大学(CMNET广东移动出口)	University of Science and Technology of China (CMNET Guangdong Mobile Exit)
DIT-NET	DIT-NET
ROYAL_AUSTRALIAN_COLLEGE_OF_GENERAL_PRACTICTIONERS	ROYAL_AUSTRALIAN_COLLEGE_OF_GENERAL_PRACTICTIONERS
Sony_Sugema_College	Sony Sugema College
Motilal_Nehru_Regional_Engineering_College	Motilal_Nehru_Regional_Engineering_College
北京国研网络数据科技有限公司	Beijing Guoyan Network Data Technology Co., Ltd.
中国科学技术大学电信	China Telecom, University of Science and Technology of China
中央研究院网格计算团队ASGC	Academia Sinica Grid Computing, ASGC
TOSHIMA有线网络	TOSHIMA Cable Network
Malaviya_Regional_Engineering_College;Jaipur	Malaviya_Regional_Engineering_College;Jaipur
People_Telecom_DNS	People_Telecom_DNS
Universitas_Narotama	Universitas_Narotama
westvicnet	westvicnet
HansenTechnologies	HansenTechnologies
Maranatha_Christian_University	Maranatha_Christian_University
CBN网络	CBN (China Broadcasting Network)
Universitas_Paramadina	Universitas_Paramadina
ONESQUARED	ONESQUARED
NDS网络	NDS Network
CoreLink骨干网	CoreLink backbone network
文莱大学	University of Brunei Darussalam
知多传媒网	Zhidao Media Network
雅虎中国	Yahoo China
Islamic_University_of_Indonesia	Islamic_University_of_Indonesia
可爱宝贝网吧	Cute Baby Internet Cafe
Gunadarma_University	Gunadarma_University
新加坡管理大学	Singapore Management University
特利萨克帝(TRISAKTI)大学	Trisakti University
Webvisions数据中心	Webvisions Data Center
加速乐海外Anycast节点	Accelerated Overseas Anycast Node
北京众鑫恒业科技有限责任公司	Beijing Zhongxin Hengye Technology Co., Ltd.
北京首昌创业电信科技有限公司	Beijing Shouchang Chuangye Telecom Technology Co., Ltd.
长崎有线通	Nagasaki Cable TV
ODN	ODN
tplc	tplc
WestNet	WestNet
Chennai	Chennai
物资集团有限公司	Materials Group Co., Ltd.
物质集团有限公司	Material Group Co., Ltd.
永佳科技公司	Yongjia Technology Company
AIRNET	AIRNET
Microscan私人计算机有限公司	Microscan Private Computer Co., Ltd.
明震电子有限公司	Mingzhen Electronics Co., Ltd.
中惠熙元房地产集团有限公司	Zhonghui Xiyuan Real Estate Group Co., Ltd.
东方明珠学校	Shanghai Oriental Pearl School
汇智协同信息科技有限公司	Huizhi Collaborative Information Technology Co., Ltd.
马来西亚理科大学	Universiti Sains Malaysia
驰信信息技术有限公司	Chixin Information Technology Co., Ltd.
Callplus	Callplus
沙田镇星庆楼金牛网吧	Jinniu Internet Cafe, Xingqing Building, Shatian Town
Airgenie私人通讯有限公司	Airgenie Private Communications Limited
银丰假日酒店	Yinfeng Holiday Hotel
雅虎中国蜘蛛	Yahoo! China Spider
北师大石竹附属学校	BNU Shizhu Affiliated School
九州宫崎有线电视网	Kyushu Miyazaki Cable Television Network
雅虎中国公司蜘蛛	Yahoo China Crawler
Host_Group_of_Companies有限公司	Host_Group_of_Companies Limited
FTTB+LAN	FTTB+LAN
吉化通信公司	Jihua Communication Company
首尔星光互联(starrydns)公司KT电信数据中心	KT Telecom Data Center of Seoul Starlink (starrydns) Company
北龙中网(北京)科技有限公司(BGP)	Beilong Zhongwang (Beijing) Technology Co., Ltd. (BGP)
花旗网吧(汉阳街40-17号)	Citi Internet Cafe (No. 40-17 Hanyang Street)
东西大学	Dongseo University
八货运汇丰3部	Eight Cargo HSBC 3 Branch
龙潭区梦在线网吧	Longtan District Dream Online Internet Cafe
博路电信科技公司	Bolur Telecom Technology Company
绿色动力暴风网城博苑网吧(高新区恒山西路83号)	Green Power Storm Cyber City Boyuan Internet Cafe (No. 83 Hengshan West Road, High-tech Zone)
正企网络(吉林化工学院旁)	Zhengqi Network (near Jilin Chemical Institute)
酷网吧(新安街金色家园5栋A2号12号网点)	Cool Internet Bar (Xin'an Street, Golden Home Building 5, Unit A2, No. 12 Shop)
风帆网吧(龙谭区汉阳南路20-8)	Fengfan Internet Cafe (No.20-8 Hanyang South Road, Longtan District)
天龙网吧(电专新世纪公寓1号楼12号)	Tianlong Internet Bar (No. 12, Building 1, New Century Apartment, Electric Power College)
江北宇通网吧	Jiangbei Yutong Internet Cafe
The_Seoul_Metropolitan_Office_of_Education	Seoul Metropolitan Office of Education
263网络通信	263 Network Communications
新吉林汇丰1部	New Jilin Huifeng Part 1
阳光网吧(铁东街吉化新居1号楼3号网点)	Sunshine Internet Cafe (Tiedong Street, Jihua New Residence Building 1, Unit 3, Shop 3)
朋友网吧(通潭路65-13)	Pengyou Wangba (Tongtan Road 65-13)
七色雪网吧(承德街46号化工学院30路站桩)	Qisexue Internet Cafe (No. 46 Chengde Street, University of Chemical Technology Bus Stop Route 30)
八货运汇丰2部	Bahuo Huifeng 2 Branch
可儿网吧	Keer Internet Cafe
飞人网吧(南一楼16#网点)	Feiren Cyber Cafe (Nanyi Building 1st Floor, Shop 16#)
大时代网吧(江北分局新吉林农药厂2号楼)	Big Times Internet Cafe (Jiangbei Branch Xinjilin Pesticide Factory Building 2)
天桥网吧(福州路福州粮店)	Tianqiao Internet Cafe (Fuzhou Road Fuzhou Grain Shop)
教育网中心	CERNET (China Education and Research Network) Center
Outer_Eastern_College	Outer_Eastern_College
东京威力科创	Tokyo Electron Limited
德克萨斯州东京威力科创	Texas Tokyo Electron
鑫宇鑫网吧(武汉路34-8号)	Xinyuxin Internet Cafe (No. 34-8, Wuhan Road)
永华网吧(铁东化工学院后门)	Yonghua Internet Cafe (Behind Tiedong Chemical Institute)
千叶商科大学	Chiba University of Commerce
武藏野大学	Musashino University
心雨网吧(合肥路联合1号楼)	Xinyu Internet Cafe (Hefei Road United Building 1)
龙潭区新吉林汇丰网吧	Longtan District Xinjilin Huifeng Internet Cafe
梦在线网吧(大同路18#)	Meng Online Internet Cafe (Datong Road 18#)
Knowledge_Engineering_Pty_Ltd	Knowledge_Engineering_Pty_Ltd
幸运网吧(铁东大同路商贸小区1#楼11#)	Lucky Internet Bar (Tiedong Datong Road Commercial Community Building 1 #11 #)
百事得网吧(新山街1-27)	Best Broadband Internet Cafe (Xinshan Street 1-27)
SINET	SINET
Westnet_DNS	Westnet_DNS
正企网吧(吉林化工学院旁)	Zhengqi Internet Cafe (Near Jilin Institute of Chemical Technology)
相约网吧(通潭大路通潭大路50-10号)	Xiangyue Internet Cafe (Tongtan Road, Tongtan Road No. 50-10)
麦考瑞大学	Macquarie University
Australian_Computer_Emergency_Response_Team;University_of_Queensland	Australian Computer Emergency Response Team (AusCERT); University of Queensland
Cambridge_University_Press_(Australian_Branch)	Cambridge_University_Press_(Australian_Branch)
Telstar_Systems_Pty_Ltd;University_of_Wollongong	Telstar_Systems_Pty_Ltd;University_of_Wollongong
IIJ_GIO	IIJ_GIO
教育网主节点	CERNET backbone node
TPG	TPG
莱克网吧(汉阳街兵工花园13号-14号)	Laike Internet Cafe (No.13-14, Binggong Garden, Hanyang Street)
南十字星大学	Southern Cross University
河内理工大学	Hanoi University of Science and Technology
CSIRO_Institute_of_Information_Science_and_Engineering	CSIRO_Institute_of_Information_Science_and_Engineering
Gordon_Technical_College	Gordon Technical College
天缘网吧(通潭大路1-1)	Tianyuan Internet Cafe (Tongtan Road 1-1)
Victorian_College_of_Agriculture_and_Horticulture	Victorian_College_of_Agriculture_and_Horticulture
中国电信(香港)国际公司	China Telecom (Hong Kong) International Company
Moorabbin_College_of_TAFE	Moorabbin_College_of_TAFE
Karratha_College	Karratha_College
中国电信(香港)CTExcel网络节点	China Telecom (Hong Kong) CTExcel Network Node
新时尚网吧(电专新世纪大学生公寓商场1号)	New Fashion Internet Cafe (Dianzhuan New Century College Student Apartment Mall No.1)
Ormond_College	Ormond_College
Hedland_College	Hedland_College
Xavier_College	Xavier_College
蓝色魅力网吧(汉阳街8号公寓1-10号)	Blue Charm Internet Cafe (No. 1-10, Block 8, Hanyang Street Apartment)
Campaspe_College_of_Adult_Education	Campaspe_College_of_Adult_Education
TPG_DNS	TPG_DNS
Perth_College	Perth_College
Wesley_College_Melbourne	Wesley_College_Melbourne
Bendigo_Senior_Secondary_College	Bendigo_Senior_Secondary_College
圣母大学	University of Notre Dame
独协大学	Dokkyo University
iiNet_DNS	iiNet_DNS
Methodist_Ladies_College	Methodist_Ladies_College
保留地址(Documentation(TEST-NET-3))	Reserved Address (Documentation (TEST-NET-3))
Australian_College_of_Law	Australian_College_of_Law
Christian_Outreach_College	Christian_Outreach_College
Ballajura_Community_College	Ballajura_Community_College
Glen_Waverly_College	Glen_Waverly_College
Sunraysia_College_of_TAFE	Sunraysia_College_of_TAFE
Dusseldorp_Skills_Forum_Inc	Dusseldorp_Skills_Forum_Inc
Mildura_Senior_Secondary_College	Mildura_Senior_Secondary_College
Bond_University	Bond_University
Wesley_College_(Glen_Wavereley_Campus)	Wesley_College_(Glen_Wavereley_Campus)
Australian_College_of_Physical_Education_Ltd	Australian_College_of_Physical_Education_Ltd
Cobram_Secondary_College	Cobram Secondary College
new_south_walessydney	new_south_walessydney
Matthew_Flinders_Anglican_College_Limited	Matthew_Flinders_Anglican_College_Limited
Molonglo_Radio_Observatory;University_of_Sydney	Molonglo_Radio_Observatory;University_of_Sydney
Forest_Hill_Secondary_College	Forest_Hill_Secondary_College
St._Josephs_College	St. Joseph's College
查尔斯特大学	Charles Sturt University
Melbourne_Girls_College	Melbourne_Girls_College
Bridge_Business_College	Bridge_Business_College
Vermont_Secondary_College	Vermont_Secondary_College
Eumemmerring_Secondary_College	Eumemmerring_Secondary_College
Ascension_College_Incorporated	Ascension_College_Incorporated
Winthrop_Technology_(University_of_WA)	Winthrop_Technology_(University_of_WA)
St_Rita's_College_Ltd	St_Rita's_College_Ltd
Flora_Hill_Secondary_College	Flora_Hill_Secondary_College
Nudgee_College	Nudgee_College
St_Leonard's_College	St_Leonard's_College
Northcote_Secondary_College	Northcote_Secondary_College
Ormiston_College	Ormiston_College
Royal_College_of_Pathologists_Australasia	Royal_College_of_Pathologists_Australasia
Iona_College_Brisbane	Iona_College_Brisbane
Mercy_Diocesan_College	Mercy_Diocesan_College
Hobsons_Bay_Secondary_College	Hobsons_Bay_Secondary_College
Loreto_College_Brisbane	Loreto_College_Brisbane
UNIVERSITY_PATON_LTD	UNIVERSITY_PATON_LTD
aaNet_DNS	aaNet_DNS
Clairvaux_MacKillop_College	Clairvaux_MacKillop_College
Irymple_Secondary_College	Irymple_Secondary_College
Parade_College	Parade_College
LeaseWeb_HKG10数据中心	LeaseWeb_HKG10 Data Center
Toorak_College	Toorak_College
Charlton_College	Charlton_College
Collegiate_School_of_St._Peter;St_Peters_College	Collegiate_School_of_St._Peter;St_Peters_College
Footscray_City_Secondary_College	Footscray_City_Secondary_College
Comcen_DNS	Comcen_DNS
Mt_Waverley_Secondary_College	Mt_Waverley_Secondary_College
St_Bede's_College	St_Bede's_College
John_XXIII_College	John_XXIII_College
Agile网络	Agile Network
Trinity_College_TEC	Trinity_College_TEC
Royal_College_of_Pathologists	Royal_College_of_Pathologists
ClubTelco_DNS	ClubTelco_DNS
Kyneton_Secondary_College	Kyneton_Secondary_College
Progressive_Information_Systems_Pty_Ltd	Progressive_Information_Systems_Pty_Ltd
Our_Lady_of_the_Sacred_Heart_College	Our_Lady_of_the_Sacred_Heart_College
Rochester_Secondary_College	Rochester_Secondary_College
Canning_College	Canning_College
Bairnsdale_Secondary_College	Bairnsdale_Secondary_College
Dominic_College	Dominic_College
Dimboola_Memorial_Secondary_College	Dimboola_Memorial_Secondary_College
Emerald_Secondary_College	Emerald_Secondary_College
The_Scots_College	The_Scots_College
Trinity_Lutheran_College	Trinity_Lutheran_College
Keilor_Downs_Secondary_College	Keilor_Downs_Secondary_College
Kooning_Secondary_College	Kooning_Secondary_College
Avondale_College	Avondale_College
Doncaster_Secondary_College	Doncaster_Secondary_College
Warrandyte_Secondary_college	Warrandyte_Secondary_college
Immanuel_College	Immanuel_College
中央昆士兰大学	Central Queensland University
KVB_College_of_Visual_Communication	KVB College of Visual Communication
Great_Southern_Regional_College	Great Southern Regional College
McKinnon_Secondary_College	McKinnon_Secondary_College
Kilbreda_College	Kilbreda_College
Open_Access_College	Open_Access_College
阳光海岸大学	University of the Sunshine Coast
Boronia_Heights_Secondary_College	Boronia_Heights_Secondary_College
南澳大利亚大学	University of South Australia
Ignatius_Park_College	Ignatius_Park_College
Kooweerup_Secondary_College	Kooweerup_Secondary_College
Eltham_College	Eltham_College
Cranbourne_Secondary_College	Cranbourne_Secondary_College
Genazzano_FCJ_College_Ltd	Genazzano_FCJ_College_Ltd
Hampton_Park_Secondary_College	Hampton_Park_Secondary_College
Brauer_College	Brauer_College
William_Clarke_College	William_Clarke_College
The_New_South_Wales_College_of_Nursing	The New South Wales College of Nursing
St_Helena's_Secondary_College	St_Helena's_Secondary_College
The_Cathedral_College	The_Cathedral_College
Albany_TAFE_(Great_Southern_Regional_College)	Albany_TAFE_(Great_Southern_Regional_College)
Murtoa_Secondary_College	Murtoa_Secondary_College
Strathmore_Secondary_College	Strathmore_Secondary_College
Mount_Scopus_Memorial_College	Mount_Scopus_Memorial_College
The_Council_Of_Barker_College	The_Council_Of_Barker_College
Sandringham_Secondary_College	Sandringham_Secondary_College
Coburg_Preston_Secondary_College	Coburg_Preston_Secondary_College
Belmont_Christian_College_Ltd	Belmont_Christian_College_Ltd
Pascal_Vale_Girls_Secondary_College	Pascal_Vale_Girls_Secondary_College
Braybrook_Secondary_College	Braybrook_Secondary_College
Lyndhurst_Secondary_College	Lyndhurst_Secondary_College
Melbourne_University_Residential_College's	Melbourne_University_Residential_College's
Langwarrin_Secondary_College	Langwarrin_Secondary_College
Eaglehawk_Secondary_College	Eaglehawk_Secondary_College
Santa_Sabina_College	Santa_Sabina_College
Taylors_College	Taylors_College
Newington_College	Newington_College
Kingswood_College	Kingswood_College
Mt_Lilydale_College	Mt_Lilydale_College
Glen_Waverley_Secondary_College	Glen_Waverley_Secondary_College
University_of_Melbourne	University_of_Melbourne
Deer_Park_Secondary_College	Deer_Park_Secondary_College
Pascoe_Vale_Girls'_Secondary_College	Pascoe_Vale_Girls'_Secondary_College
St_Laurence's_College	St_Laurence's_College
emmaus_college	emmaus_college
Ballarat_Secondary_College	Ballarat_Secondary_College
St_Joseph's_College_Mildura	St. Joseph's College Mildura
Pymble_Ladies_College	Pymble_Ladies_College
Gisborne_Secondary_College	Gisborne_Secondary_College
Overnewton_Anglican_Community_College_Ltd	Overnewton_Anglican_Community_College_Ltd
Catholic_Regional_College_Geelong	Catholic_Regional_College_Geelong
Santa_Maria_College_Ltd	Santa_Maria_College_Ltd
Central_Coast_Community_College	Central_Coast_Community_College
Box_Hill_Senior_Secondary_College	Box_Hill_Senior_Secondary_College
St_Leo_International_College	St_Leo_International_College
Mercy_College	Mercy_College
Mt_Clear_Secondary_College	Mt Clear Secondary College
St_Mary's_Coptic_Orthodox_College	St_Mary's_Coptic_Orthodox_College
Servite_College	Servite_College
University_of_Ballarat	University_of_Ballarat
University_of_Western_Australia	University_of_Western_Australia
Avila_College	Avila_College
Karingal_Secondary_College	Karingal Secondary College
Lumen_Christi_College	Lumen_Christi_College
Penola_Catholic_College	Penola_Catholic_College
St_Ignatius_College	St. Ignatius College
Swan_College	Swan_College
Southern_Metropolitan_College_of_TAFE	Southern_Metropolitan_College_of_TAFE
Mount_Erin_Secondary_College	Mount_Erin_Secondary_College
South_East_Metropolitan_College_of_TAFE	South_East_Metropolitan_College_of_TAFE
Sacred_Heart_College_Middle_School	Sacred_Heart_College_Middle_School
Woodcroft_College_Inc.	Woodcroft_College_Inc.
La_Salle_College	La_Salle_College
Prendiville_Catholic_College	Prendiville_Catholic_College
Loreto_College	Loreto_College
Prides_College	Prides College
Marist_Regional_College	Marist_Regional_College
St_Scholastica's_College	St_Scholastica's_College
Xavier_Catholic_College	Xavier_Catholic_College
St_Virgils_College_Hobart	St_Virgils_College_Hobart
West_Coast_College_of_TAFE	West_Coast_College_of_TAFE
Rostrevor_College	Rostrevor_College
Tabor_College	Tabor_College
Trinity_Theological_College	Trinity_Theological_College
St_George_&_Sutherland_Community_College	St_George_&_Sutherland_Community_College
University_Co-Op_Bookshop_Ltd	University_Co-Op_Bookshop_Ltd
St_Michaels_College	St_Michaels_College
Star_of_the_Sea_College	Star_of_the_Sea_College
Cornerstone_College_Inc.	Cornerstone_College_Inc.
Kestrel_Aviation_College	Kestrel_Aviation_College
Trinity_College	Trinity_College
Endeavour_College	Endeavour_College
Novogen_Laboratories_Pty_Ltd;Maquarie_University	Novogen_Laboratories_Pty_Ltd;Maquarie_University
Curtin_University_of_Technology	Curtin_University_of_Technology
Cabra_College	Cabra_College
University_SA	University_SA
Christian_Boy's_College	Christian_Boy's_College
Marymount_College	Marymount_College
Wilson_Park_Secondary_College	Wilson_Park_Secondary_College
John_Paul_College	John_Paul_College
Dromana_Secondary_College	Dromana_Secondary_College
Central_Coaching_College_Pty_Ltd	Central_Coaching_College_Pty_Ltd
Rogers_Milne_&_Associates_Pty_Ltd	Rogers_Milne_&_Associates_Pty_Ltd
Datamini_Computers_(Vic)_Pty_Ltd	Datamini_Computers_(Vic)_Pty_Ltd
Australian_College_of_English_Pty_Ltd	Australian_College_of_English_Pty_Ltd
Scotch_College	Scotch_College
Cabra_Dominican_College	Cabra_Dominican_College
Marden_Senior_College	Marden_Senior_College
Catholic_Ladies_College	Catholic_Ladies_College
Beaconhills_College	Beaconhills_College
St_James_Regional_College	St_James_Regional_College
Blackwell_Science	Blackwell_Science
Macquarie_University	Macquarie_University
Sydney_Community_College	Sydney_Community_College
St_Peter's_College	St_Peter's_College
Cardijn_College	Cardijn_College
Sydney_Institute_of_Business_&_Technology_Pty_Ltd;MacQuarie_University	Sydney_Institute_of_Business_&_Technology_Pty_Ltd;MacQuarie_University
Sunshine_Secondary_College	Sunshine_Secondary_College
Canterbury_Girls'_Secondary_College	Canterbury_Girls'_Secondary_College
CN2(电信)	CN2 (China Telecom)
Presbyterian_Ladies_College	Presbyterian_Ladies_College
Bishop_Druitt_College	Bishop Druitt College
Guilford_Young_College	Guilford_Young_College
Mater_Christi_College	Mater_Christi_College
Moreton_Bay_College	Moreton_Bay_College
Royal_Australasian_College_of_Surgeons;College_of_Surgeons'_Gardens	Royal_Australasian_College_of_Surgeons;College_of_Surgeons'_Gardens
Brisbane_Boys'_College	Brisbane_Boys'_College
Viewbank_College	Viewbank_College
Datamini_P	Datamini_P
Verizon通讯公司UUNet_Asia亚太骨干网	Verizon Communications UUNet_Asia Asia-Pacific Backbone
Saint_Stephens_College	Saint_Stephens_College
Horsham_College	Horsham_College
Cheltenham_Secondary_College	Cheltenham_Secondary_College
Saint_Margaret_Marys_College	Saint Margaret Marys College
Goroke_P-12_College	Goroke_P-12_College
慈济大学	Tzu Chi University
Victorian_College_of_the_Arts;	Victorian_College_of_the_Arts
台北医学大学	Taipei Medical University
大汉技术学院	Dahan Institute of Technology
Artson_System_Pty_Ltd_;Bond_University	Artson_System_Pty_Ltd_;Bond_University
新北市立图书馆	New Taipei City Public Library
台湾警察专科学校	Taiwan Police College
慈济科技大学	Tzu Chi University of Science and Technology
花莲县	Hualien County
市立阳明高级中学	Municipal Yangming Senior High School
花莲高级商业职业学校	Hualien Senior Commercial Vocational School
台湾观光学院	Taiwan Hospitality and Tourism College
台北教育大学附设实验国民小学	Taipei Municipal University of Education Affiliated Experimental Elementary School
市立新北高级工业职业学校	Municipal New Taipei Senior Industrial Vocational School
花莲高级农业职业学校	Hualien Senior Agricultural Vocational School
芦洲国中	Luzhou Junior High School
康宁大学台北校区	Kang Ning University Taipei Campus
私立侨泰高级中学	Private Chiao Tai Senior High School
私立新民高级中学	Xinmin Private Senior High School
台湾教育广播电台花莲分台	Taiwan Education Radio Station Hualien Branch
台湾板桥高级中学	Taiwan Banqiao Senior High School
私立崇光女子高级中学	Private Chongguang Girls' Senior High School
经国管理暨健康学院	Ching Kuo Institute of Management and Health
中山高级工商职业学校	Zhongshan Senior Industrial and Commercial Vocational School
台湾台东高级商业职业学校	Taiwan Taitung Senior Commercial Vocational School
台湾台东生活美学馆	Taiwan Taitung Life Aesthetics Museum
花莲女子高级中学	Hualien Girls' Senior High School
财团法人大学入学考试中心	College Entrance Examination Center Foundation
台湾空中大学台东中心	National Open University Taitung Center
远东科技大学	Far East University
市立内湖高级工业职业学校	Municipal Neihu Vocational High School of Industry
市立惠文高级中学	Municipal Huiwen Senior High School
台湾关山高级工商职业学校	Guanshan Senior Vocational School of Industry and Commerce, Taiwan
私立大明高级中学	Private Daming Senior High School
私立四维高级中学	Private Siwei Senior High School
德霖技术学院	De Lin Institute of Technology
台湾教育广播电台台东分台	Taiwan Education Radio Station Taitung Branch
台湾内坜高级中学	Taiwan Neili Senior High School
私立树人高级家事商业职业学校	Private Shuren Senior Home Economics and Commercial Vocational School
私立海星高级中学	Private Kaisei Senior High School
莺歌国中	Yingge National Junior High School
市立松山高级商业家事职业学校	Municipal Songshan Senior Commercial and Home Economics Vocational School
花莲特殊教育学校	Hualien Special Education School
花莲高级工业职业学校	Hualien Senior Industrial Vocational School
空中大学花莲中心	Air University Hualien Center
台湾台东高级中学	Taitung Senior High School, Taiwan
私立南山高级中学	Private Nanshan Senior High School
市立和平高级中学	Heping Senior High School Municipal
私立公东高级工业职业学校	Si Li Gong Dong Senior Industrial Vocational High School
金陵女子高级中学附设国民中学	Jinling Girls' High School Affiliated National High School
台湾旗美高级中学	Chi-Mei Senior High School
私立治平高级中学	Private Zhiping Senior High School
台湾玉里高级中学	Yuli Senior High School
台湾兴大附中	Taichung Girls Senior High School
私立智光高级商工职业学校	Private Zhiguang Senior Commercial and Industrial Vocational School
私立岭东高级中学	Private Lingdong Senior High School
天主教晓明女子高级中学	Catholic Hsiao Ming Girls' High School
普门中学	Pumen Middle School
私立宜宁中学国中部	Private Yining Middle School (Junior High)
私立至善高级中学	Private Zhishan Senior High School
私立复兴实验高级中学	Private Fuxing Experimental Senior High School
江翠国中	Jiangcui Junior High School
私立沪江高级中学	Private Hujiang Senior High School
台中启明学校	Taichung Ciming School
黎明技术学院	Li-Ming Institute of Technology
台湾阳明高级中学	Yang Ming High School
私立清华高级中学	Private Tsinghua Senior High School
市立三民高级中学	Sanmin Municipal Senior High School
私立延平高级中学	Private Yanping Senior High School
星光互联(Starry_Network)	Starry Network
桃园市私立汉英高级中学	Taoyuan City Private Hanyin Senior High School
美团云	Meituan Cloud
私立格致高级中学	Sili Gezhi Senior High School
台湾凤山高级商工职业学校	Fengshan Senior Commercial & Industrial Vocational School
Gujarat_University	Gujarat_University
金旺网吧	Jinwang Internet Cafe
NTT公司大马公司互联节点	NTT MSC Interconnection Node
紫风网络(泰山路)	Zifeng Network (Taishan Road)
8_To_Infinity公司	8_To_Infinity Company
私立惠明学校	Private Huiming School
私立开平餐饮职业学校	Private Kaiping Catering Vocational School
奇缘网吧(振兴路科研小区22号楼25号商网)	Qiyuan Internet Cafe (Room 25, Building 22, Zhenxing Road Scientific Research Community)
台湾中央大学附属中坜高级中学	Affiliated Zhongli Senior High School of National Central University, Taiwan
金门大学	Quemoy University
豫章工商	Yuzhang Industrial and Commercial
互联天下网吧(迎宾路与兴油街交汇处)	Internet World Internet Cafe (Intersection of Yingbin Road and Xingyou Street)
新时尚网吧(香稻路149号)	New Fashion Internet Cafe (Xiangdao Road No. 149)
彤旭网苑(兴隆台街125号)	Tongxu Net (No.125 Xinglongtai Street)
光明网吧(钻二平安街)	Guangming Internet Cafe (Zu'an Er Ping'an Street)
无忧网吧(兴隆台街79号山路西500米)	Wuyou Internet Cafe (Xinglongtai Street, 79 Shanshan Road West 500 meters)
South_China_Telecom公司	China Telecom South China Company
相约网吧(钻二平安街)	Xiangyue Internet Cafe (Zuan'er Ping'an Street)
北极星网吧(石油大街与人路交汇东行)	Polaris Internet Cafe (Intersection of Shiyou Street and Renlu, Eastbound)
欢喜岭镇小灵通网吧(西区一条街)	Huansiling Town Xiaolingtong Internet Cafe (West District One Street)
战国网吧(香稻路137号)	Zhanguo Internet Cafe (137 Xiangdao Road)
颖林网城(双兴路体育场东门对面)	Yinglin Net City
爱你网吧(香稻路186号)	Aini Internet Cafe (No. 186 Xiangdao Road)
TELPACIFIC	TELPACIFIC
Sebastopol_Secondary_College	Sebastopol_Secondary_College
东京电信CN2CTClouds	Tokyo Telecom CN2CTClouds
城市电讯有限公司DNS服务器	City Telecom (HK) Limited DNS Server
St_Stephen's_College	St_Stephen's_College
Catholic_College_Bendigo	Catholic_College_Bendigo
Ararat_Community_College	Ararat_Community_College
Clarendon_College	Clarendon_College
Highview_College	Highview_College
榕程网吧(迎宾路与兴友街交汇)	Rongcheng Internet Cafe (Intersection of Yingbin Road and Xingyou Street)
光环迅通	GHN (Guanghuan Xuntong)
井下蓝宝石网吧	Underground Sapphire Internet Cafe
高采镇红星网吧(高采移动营业厅东行30米巷子内)	Gaocai Town Red Star Internet Cafe (30 meters east of Gaocai China Mobile Business Hall inside the alley)
天使家园网吧(迎宾路与兴油街交汇处)	Angel Home Internet Cafe (Intersection of Yingbin Road and Xingyou Street)
深水埗香港《星岛日报》电子版	Deep Water Bay Hong Kong Sing Tao Daily Electronic Edition
佰晟网苑(兴隆台街与人民路交汇西行)	Baisheng Netcom (Intersection of Xinglongtai Street and Renmin Road, Westbound)
香港宽频网络有限公司	Hong Kong Broadband Network Limited
兴宏网吧(兴油街)	Xinghong Internet Cafe (Xingyou Street)
商务中心区通信科技有限公司	CBD Communication Technology Co., Ltd.
网宿科技香港宽频CDN节点	ChinaNetCenter Hong Kong Broadband CDN Node
创新网吧(兴油街与迎宾路交汇东50米钻工村新区)	Chuangxin Internet Cafe (50 meters east of the intersection of Xingyou Street and Yingbin Road, Zuangongcun New Area)
高采镇开心网吧(高采邮政局西)	happy internet cafe in gaocai town (west of gaocai post office)
巨人网络超凡网吧(渤海海园新区2号楼)	Giant Network Extraordinary Internet Cafe (Bohai Haiyuan New District Building 2)
St_Margaret's_Girls'_College	St_Margaret's_Girls'_College
e时代网吧(石油大街与人路交汇东行)	e-era Internet Cafe (East of the intersection of Shiyou Street and Ren Road)
鑫空网苑(兴隆台街91号)	Xinkong Net Park (No. 91 Xinglongtai Street)
科技大学管理学院	School of Management, University of Science and Technology
Amazon科技电信公司	Amazon Technology Telecom Company
新阳光网吧(一条街三分厂路南)	Xinyangguang Internet Cafe (Yitiaojie Sanfendian Lu South)
润迅通信集团有限公司	Runxun Communications Group Co., Ltd.
The_Maharaja_Sayajirao_University_of_Baroda	The_Maharaja_Sayajirao_University_of_Baroda
PLKV_College	PLKV_College
易通网吧(希望小区金宇市场附近)	Yitong Internet Cafe (Near Jinyu Market, Xiwang Community)
StPats_College	StPats_College
沙井镇和一村魔域网吧	Shajing Town Heyi Village Demon Domain Internet Cafe
StPats_College_temporary_NAT	StPats_College_temporary_NAT
天威有线宽带(关内))	Topway Cable Broadband (Inside the Customs)
St_Bonaventure_College_and_High_Sch	St. Bonaventure College and High School
首尔电信CN2CTClouds	Seoul Telecom CN2CTClouds
HK_Shue_Yan_College	HK_Shue_Yan_College
中国建设银行(亚洲)有限公司	China Construction Bank (Asia) Corporation Limited
天威有线宽带(关内)	Topway Cable Broadband (Inside the Pass)
Seikei_Eizo网络	Seikei_Eizo Network
无间道网吧(深南东路金丰城A座三楼)	Infernal Affairs Internet Cafe (3rd Floor, Block A, Jinfeng City, Shennan East Road)
桃李网用户	Taoli Network User
阿里巴巴阿里云	Alibaba Cloud
中華電信	Chunghwa Telecom
TELPACIFIC公司	TELPACIFIC
i-Care宽频用户	i-Care Broadband Users
清华大学FIT中心	Tsinghua University FIT Center
北京新浪互联信息服务有限公司香港环球全域电讯节点	Beijing Sina Internet Information Service Co., Ltd. Hong Kong Global全域Telecommunications Node
视通网	Shitong Network
AT&T环球网络	AT&T Global Network
慧谷白猫科技园	Huigu Baimao Science and Technology Park
信息网络中心	Information Network Center
DTAC电信	DTAC
阿里巴巴阿里云NTP服务器	Alibaba Cloud NTP Server
Universitas_Bakrie	Universitas_Bakrie
天下网络(New_Sky_Internet)有限公司	New_Sky_Internet Co., Ltd.
GTT网络	GTT
亚太环通(Pacnet)国际骨干网节点	Pacnet International Backbone Node
麦可泰尔生物科技有限公司	Meiketaier Biotechnology Co., Ltd.
天下网路有限公司	Tianxia Network Co., Ltd.
布里斯班昆士兰大学	University of Queensland, Brisbane
Bharti宽带网络有限公司	Bharti Airtel Broadband Network Co., Ltd.
SONY公司	SONY Corporation
LGA网络	LGA Network
阿里云Anycast节点	Alibaba Cloud Anycast Node
方正集团	Founder Group
Internap_Japan有限公司	Internap Japan Co., Ltd.
MONASH_UNIVERSITY	MONASH_UNIVERSITY
Griffith_University	Griffith_University
MT_ST_BENEDICT_COLLEGE_LTD	MT_ST_BENEDICT_COLLEGE_LTD
Scots_PGC_College	Scots_PGC_College
MARYMOUNT_COLLEGE	Marymount College
阿里云anycast高防ip	Alibaba Cloud Anycast Anti-DDoS IP
Australian_Catholic_University	Australian_Catholic_University
The_Royal_Australian_College_of_Physicians	The_Royal_Australian_College_of_Physicians
科委	Kewei (Beijing Municipal Science & Technology Commission)
北京城市网络股份有限公司	Beijing City Network Co., Ltd.
光通通信网游事业部	Optical Communication Network Game Division
上海电信恒联网络有限公司BGP数据中心	Shanghai Telecom Heng Lian Network Co., Ltd. BGP Data Center
MOriah_War_Memorial_College	MOriah_War_Memorial_College
SALESIAN_COLLEGE	SALESIAN_COLLEGE
MT_CARMEL_COLLEGE	MT_CARMEL_COLLEGE
Australian_National_University	Australian_National_University
St_Johns_College	St_Johns_College
Indian_Institute_Of_Technology	Indian_Institute_Of_Technology
UCOM公司MIINET网络	UCOM Corporation MIINET Network
OCTA4网络	OCTA4 Network
WAVERLY_COLLEGE	WAVERLY_COLLEGE
MT_ST_JOSEPH_GIRLS_COLLEGE	MT_ST_JOSEPH_GIRLS_COLLEGE
CLARENDON_BUSINESS_COLLEGE	CLARENDON_BUSINESS_COLLEGE
Presbetarian_Ladies_College	Presbetarian_Ladies_College
BARKER_COLLEGE	BARKER_COLLEGE
ST_AUGUSTINES_COLLEGE	ST_AUGUSTINES_COLLEGE
HAYTON_COLLEGE_TRAVEL_&_TOURISM	HAYTON_COLLEGE_TRAVEL_&_TOURISM
ST_PIUS_X_COLLEGE	ST_PIUS_X_COLLEGE
Huesoft_Company	Huesoft_Company
图像数据通信有限公司	Image Data Communications Co., Ltd.
RIM_TECHNOLOGIES_VIET_NAM	RIM_TECHNOLOGIES_VIET_NAM
金电网安科技有限公司	Jindian Network Security Technology Co., Ltd.
ARTERIA_Networks	ARTERIA_Networks
Ip_range_for_ProjectOrbisInternational_in_Hanoi_City	Ip_range_for_ProjectOrbisInternational_in_Hanoi_City
新朗恩软件公司	Xinlangen Software Company
UCOM公司	UCOM
Information_Technology_Institute	Information_Technology_Institute
Vietnam_Insurance_Corp	Vietnam_Insurance_Corp
Public_Health_University	Public_Health_University
Software_Development_and_technology_support_company	Software_Development_and_technology_support_company
ELCOM_Company	ELCOM_Company
上海汇丰银行有限公司	HSBC Bank (China) Company Limited
UCOM公司MIINET网络DNS服务器	UCOM MIINET Network DNS Server
墨尔本大学图书馆	University of Melbourne Library
Christian_College	Christian_College
域名注册公司	Domain Name Registration Company
bb宽频	BB Broadband
National_Institute_of_Technology	National_Institute_of_Technology
网宿科技股份有限公司NTT日本–东京都CDN节点	Wangsu Science & Technology Co., Ltd. NTT Japan - Tokyo CDN Node
阿特玛加亚天主教大学	Atma Jaya Catholic University
Universitas_Surabaya	Universitas Surabaya
中国互联网信息中心	CNNIC (China Internet Network Information Center)
Shine_Want_Technology_Co.	Shine_Want_Technology_Co.
Transportation_and_Communication_University	Transportation_and_Communication_University
Road_Science_and_Technology_Investment_Consultancy_Company	Road_Science_and_Technology_Investment_Consultancy_Company
Ip_range_for_BotuphapInformationCenter_in_Hanoi_City	Ip_range_for_BotuphapInformationCenter_in_Hanoi_City
阿里云BGP网络	Alibaba Cloud BGP Network
The_Military_Joint_Stock_Commercial_Bank	The_Military_Joint_Stock_Commercial_Bank
网宿科技股份有限公司荷兰–北荷兰省–阿姆斯特丹市CDN节点	CDN Node in Amsterdam, North Holland, Netherlands of Wangsu Science & Technology Co., Ltd.
The_Office_of_Ministry_of_Police	The_Office_of_Ministry_of_Police
视讯宽带网	Vision Broadband Network
Maharshi_Dayanand_University	Maharshi_Dayanand_University
星和电信(Starhub)骨干网	StarHub Backbone Network
网宿科技股份有限公司英国–英格兰–大伦敦–伦敦城市CDN节点	Wangsu Science & Technology Co., Ltd. UK-England-Greater London-London City CDN Node
Aomori_Akenohoshi_Junior_College	Aomori_Akenohoshi_Junior_College
JAPAN_INFOMATION_BUSINESS_COLLEGE	JAPAN_INFOMATION_BUSINESS_COLLEGE
CNNIC权威云解析(DNSCN)全球Anycast节点	CNNIC Authoritative Cloud Resolution (DNSCN) Global Anycast Nodes
HKIX-OPTAGE国际互联节点	HKIX-OPTAGE International Interconnection Node
恒生网吧	Hengsheng Netbar
Prince_of_Songkhla_University	Prince of Songkhla University
Osaka_Sangyo_University_High_School	Osaka_Sangyo_University_High_School
St._Mary's_Business_Administration_College	St. Mary's Business Administration College
APINIC全球Anycast节点	APNIC Global Anycast Node
Shinshu_University	Shinshu_University
VeriSign亚太区网络	VeriSign Asia Pacific Network
iPrimus_DNS	iPrimus_DNS
Webster_University_(Thailand)	Webster_University_(Thailand)
Assumption_College_(Bangrak)	Assumption_College_(Bangrak)
和信超媒体宽带网	GigaMedia Broadband
Yonok_college	Yonok College
Lumpang_college_of_Commerce_and_Technology	Lumpang College of Commerce and Technology
Chiangmai_Commercial_of_College	Chiangmai_Commercial_of_College
Pakklang_College	Pakklang_College
Prachinburi_Technical_College	Prachinburi_Technical_College
OPTAGE-NTT互联节点	OPTAGE-NTT Interconnection Node
Universitas_Hangtuah_Surabaya	Universitas_Hangtuah_Surabaya
Mobile	China Mobile
Songkhla_University	Songkhla_University
Far_Eastern_College	Far_Eastern_College
Walialuck_University	Walialuck_University
Aso_Business_Computer_College	Aso_Business_Computer_College
北京宽捷网通信技术有限公司电信节点	Beijing Kuanjie Network Communication Technology Co., Ltd. Telecom Node
IDCF	IDCF
宽捷网通信技术有限公司	Kuanjie Network Communication Technology Co., Ltd.
九州电力BBIQ	Kyushu Electric BBIQ
Corperate_Suranaree_University	Corperate_Suranaree_University
Ubisoft	Ubisoft
Chiang_Mai_Physical_Education_College	Chiang_Mai_Physical_Education_College
Corperate_Jalaprathan_College	Corperate_Jalaprathan_College
中国移动香港有限公司DNS服务器	China Mobile Hong Kong Company Limited DNS Server
和记电讯移动网	Hutchison Telecom Mobile Network
Computer_Science_of_Thammarsat_University	Computer Science of Thammasat University
Chiangmai_Library_of_Chiangmai_University	Chiangmai_Library_of_Chiangmai_University
Sukhothai_Commercial_College	Sukhothai_Commercial_College
Maha_Sarakham_University	Maha_Sarakham_University
BURAPA_UNIVERSITY	BURAPA_UNIVERSITY
SIAM_University	SIAM_University
Mahidol_University_College_of_Management	Mahidol_University_College_of_Management
Sripatum_University_in_Chonburi_Province	Sripatum University in Chonburi Province
CHRISTIAN_COLLEGE	CHRISTIAN_COLLEGE
Chainat_Technical_College	Chainat_Technical_College
Payap_University;Academic_Institute	Payap_University;Academic_Institute
Naresuan_University	Naresuan_University
ANET有限公司	ANET Co., Ltd.
北京乐金系统集成有限公司	Beijing LG System Integration Co., Ltd.
Graduate_Rangsit_University	Graduate_Rangsit_University
安莱信息通信技术有限公司	Anlai Information and Communication Technology Co., Ltd.
Dhurakijpundit_University	Dhurakijpundit_University
Bangkok_University	Bangkok_University
Universitas_Terbuka	Universitas_Terbuka
Nivadhana_University	Nivadhana_University
Phetchburi_Technical_College.	Phetchburi_Technical_College
Bangkok_University_Computer_Center;Academic_Institute_of_Thailand	Bangkok_University_Computer_Center;Academic_Institute_of_Thailand
Dhurakij_Bundit_University	Dhurakij_Bundit_University
Rangsit_University	Rangsit_University
Maha_Sarakham_University;	Maha_Sarakham_University
息壤网络	Xirang Network
乐达网吧	Leda Internet Cafe
Mahanakorn_University	Mahanakorn_University
Narasuan_University	Narasuan_University
UBON_RATCHATHANI_UNIVERSITY;University_in_Ubon_Ratchathani_province	UBON_RATCHATHANI_UNIVERSITY;University_in_Ubon_Ratchathani_province
上海世纪互联信息系统有限公司上海联通节点	Shanghai Century Interconnect Information System Co., Ltd. Shanghai Unicom Node
Globe通讯	Globe Telecom
mandarava酒店	Mandarava Hotel
@Home网络	@Home Network
宽带服务商联盟	Broadband Service Provider Alliance
Amnet_DNS	Amnet_DNS
Kyoto_University_of_Art_and_Design	Kyoto_University_of_Art_and_Design
CXCC互联网服务提供商	CXCC Internet Service Provider
Nvidia企业网络	Nvidia Enterprise Network
MYTELECOM电讯	MYTELECOM
mizobe_academy_beppu_women's_junior_college	mizobe_academy_beppu_women's_junior_college
Kyoto_Prefectural_University_of_Medicine	Kyoto_Prefectural_University_of_Medicine
NewMedia_Express_Pte_Ltd	NewMedia_Express_Pte_Ltd
鄞州畅联信息技术有限公司	Yinzhou Changlian Information Technology Co., Ltd.
Komazawa_University	Komazawa_University
DTAC电信(流动数据上网公共网关)	DTAC Telecom (Mobile Data Internet Public Gateway)
Osaka_Prefectural_College_of_Technology	Osaka Prefectural College of Technology
Shoin_Junior_College	Shoin_Junior_College
电信桃浦IDC机房	China Telecom Taopu IDC Center
上海圆通速递(物流)有限公司(华新镇华徐公路3029弄28号)	Shanghai Yuantong Express (Logistics) Co., Ltd. (No. 28, Lane 3029, Huaxu Highway, Huaxin Town)
润讯网络	Runxun Network
Rajamangala_Institute_of_Technology	Rajamangala Institute of Technology
法国兴业银行中国国公司	Societe Generale China
首都在线数据中心(是方电讯)	Capital Online Data Center (Chief Telecom)
电报电话公司网络	Telegraph and Telephone Company Network
Ashiya_University	Ashiya_University
Ohtani_Women's_University	Ohtani_Women's_University
Internet_Services_Network	Internet_Services_Network
Nara_Sangyo_University	Nara_Sangyo_University
OSAKA_UNIVERSITY_OF_ARTS	Osaka University of Arts
Marine_Technical_College	Marine_Technical_College
Osaka_Aoyama_Junior_College	Osaka_Aoyama_Junior_College
Tezukayama_Gakuin_University	Tezukayama_Gakuin_University
Hyogo_College_of_Medicine	Hyogo_College_of_Medicine
Akita_International_University	Akita_International_University
Kabuto-yama_College_of_International_Liberal_Arts	Kabuto-yama_College_of_International_Liberal_Arts
Gifu_Polytechnic_College	Gifu_Polytechnic_College
Miyazaki_Sangyou-Keiei_University	Miyazaki Sangyou-Keiei University
新世界电讯宽频服务	New World Telecommunications Broadband Service
TOYO_WOMEN'S_COLLEGE	TOYO_WOMEN'S_COLLEGE
So-net娱乐	So-net Entertainment
SG-GS通讯公司	SG-GS Communications
Liu_Po_Shan_Memorial_College	Liu_Po_Shan_Memorial_College
Ogaki_Women's_College	Ogaki Women's College
Nara_University_of_Commerce	Nara University of Commerce
INTERNATIONAL_BUDDHIST_UNIVERSITY	INTERNATIONAL_BUDDHIST_UNIVERSITY
Osaka_University_of_Economics_&_Law	Osaka_University_of_Economics_&_Law
China_Holiness_Church_Living_Spirit_College	China_Holiness_Church_Living_Spirit_College
Vocus	Vocus
Lui_Cheung_Kwong_Lutheran_College	Lui_Cheung_Kwong_Lutheran_College
利达宽带	Lida Broadband
HKNet有限公司(湾仔爱群道32号爱群商业大厦12楼)	HKNet Co., Ltd. (12/F, Eton Tower, 38-40 Comfort Terrace, Wan Chai, Hong Kong)
Azabu_University	Azabu_University
Equinix_Asia_Pacific国际互联节点	Equinix_Asia_Pacific
M2电信集团有限公司	M2 Telecom Group Co., Ltd.
Akamai科技公司CDN网络节点(HKBN-AS9269城电宽频联通机房)	Akamai Technologies CDN Network Node (HKBN-AS9269 City Broadband Unicom IDC)
IDCF软银数据中心	IDC Frontier Softbank Data Center
广播电视信息网络股份有限公司	Broadcasting and Television Information Network Co., Ltd.
Chuou_Computer_and_Business_College	Chuou_Computer_and_Business_College
osaka-university_of_arts	Osaka University of Arts
TENRI_UNIVERSITY_CORPORATION	TENRI_UNIVERSITY_CORPORATION
日本KDDI通信公司国际互联节点	KDDI Corporation Japan International Interconnection Node
中国银联	China UnionPay
OSAKA_WOMEN'S_JUNIOR_COLLEGE	OSAKA_WOMEN'S_JUNIOR_COLLEGE
KSC	KSC
Jadavpur_University	Jadavpur_University
ATT公司亚太区网络	ATT Asia Pacific Network
COMINDICO公司	COMINDICO
英国电信节点	British Telecom Node
SRM_college	SRM_college
北京马健数码科技网络数据中心	Beijing Majian Digital Technology Network Data Center
YOU_Broadband_India	YOU_Broadband_India
电信云计算数据中心	China Telecom Cloud Computing Data Center
Loyola_College_	Loyola_College_
腾讯公司	Tencent
Gitim_College	Gitim_College
JS_College	JS_College
ST_ANTONIUS_GIRLS_COLLEGE	ST_ANTONIUS_GIRLS_COLLEGE
iAdvantage机房	iAdvantage Data Center
BOMBAY_UNIVERSITY	BOMBAY_UNIVERSITY
地铁车站(公众电脑)	Subway Station (Public Computer)
Universitas_Kristen_Petra	Petra Christian University
利毫酒店	Li Hao Hotel
观塘区	Kwun Tong District
NOTRE_DAM_COLLEGE	NOTRE_DAM_COLLEGE
GERTRUDE_SIMON_LUTHERAN_COLLEGE	GERTRUDE_SIMON_LUTHERAN_COLLEGE
POPE_PAUL_VI_COLLEGE	POPE_PAUL_VI_COLLEGE
GMO互联网公司亚太环通(Pacnet)国际互联节点	GMO Internet Company Pacnet International Interconnection Node
TWGHS_S_C_GAW_MEMORIAL_COLLEGE	TWGHS_S_C_GAW_MEMORIAL_COLLEGE
ST._MARY'S_CANOSSIAN_COLLEGE	ST. MARY'S CANOSSIAN COLLEGE
YU_CHUN_KEUNG_MEM_COLLEGE	YU_CHUN_KEUNG_MEM_COLLEGE
New_Horizon_college	New_Horizon_college
Kamraj_University	Kamraz_University
PO_LEUNG_KUK_1984_COLLEGE	PO_LEUNG_KUK_1984_COLLEGE
JU_CHING_CHU_SECONDARY_SCHOOL_(KWAI_CHUNG)	JU_CHING_CHU_SECONDARY_SCHOOL_(KWAI_CHUNG)
Christian_Medical_College	Christian_Medical_College
ITC	ITC
TRUE_LIGHT_GIRLS'_COLLEGE	TRUE_LIGHT_GIRLS'_COLLEGE
E动网络机房	E-Dynamic Network
MRS_WU_YORK_YU_MEMORIAL_COLLEGE	MRS_WU_YORK_YU_MEMORIAL_COLLEGE
SUM_HEUNG_LAM_MEMORIAL_COLLEGE	SUM_HEUNG_LAM_MEMORIAL_COLLEGE
TWGHS_WONG_FUNG_LING_COLLEGE	TWGHS_WONG_FUNG_LING_COLLEGE
METHODIST_LEE_WAI_LEE_COLLEGE	METHODIST_LEE_WAI_LEE_COLLEGE
BUDDHIST_MAU_FUNG_MEMORIAL_COLLEGE	BUDDHIST_MAU_FUNG_MEMORIAL_COLLEGE
CHRISTIAN_ALLIANCE_COLLEGE	CHRISTIAN_ALLIANCE_COLLEGE
MA_CHAN_DUEN_HEY_MEMORIAL_COLLEGE	MA_CHAN_DUEN_HEY_MEMORIAL_COLLEGE
MA_KO_PAN_MEMORIAL_COLLEGE	MA_KO_PAN_MEMORIAL_COLLEGE
BUDDHIST_YIP_KEI_NAM_MEM_COLLEGE	BUDDHIST_YIP_KEI_NAM_MEM_COLLEGE
特别行政区贸易大楼	Special Administrative Region Trade Building
PUI_YING_COLLEGE;SHATIN_PUI_YING_COLLEGE	PUI_YING_COLLEGE;SHATIN_PUI_YING_COLLEGE
POH_CHAN_KAI_MEMORIAL_COLLEGE;CHAN_KAI_MEMORIAL_COLLEGE	POH_CHAN_KAI_MEMORIAL_COLLEGE;CHAN_KAI_MEMORIAL_COLLEGE
QUEEN'S_COLLEGE	QUEEN'S_COLLEGE
BUDDHIST_SIN_TAK_COLLEGE	Buddhist Sin Tak College
ST_FRANCIS_XAVIER'S_COLLEGE	ST_FRANCIS_XAVIER'S_COLLEGE
BUDDHIST_WONG_WAN_TIN_COLLEGE	BUDDHIST_WONG_WAN_TIN_COLLEGE
PLK_YAO_LING_SUN_COLLEGE	PLK_YAO_LING_SUN_COLLEGE
BUDDHIST_TAI_HUNG_COLLEGE	BUDDHIST_TAI_HUNG_COLLEGE
LIONS_COLLEGE;LIONS_PREVOCATIONAL_SCH	LIONS_COLLEGE;LIONS_PREVOCATIONAL_SCH
PUI_TAK_CANOSSIAN_COLLEGE	PUI_TAK_CANOSSIAN_COLLEGE
CHEUNG_CHUK_SHAN_COLLEGE;CHEUNG_CHUK_SHAN_SCHOOL	CHEUNG_CHUK_SHAN_COLLEGE;CHEUNG_CHUK_SHAN_SCHOOL
LUI_MING_CHOI_LUTHERAN_COLLEGE	LUI_MING_CHOI_LUTHERAN_COLLEGE
Yu_Chun_Keung_Memorial_College	Yu_Chun_Keung_Memorial_College
ST_MARGARETS_COLLEGE	ST_MARGARETS_COLLEGE
PLK_CW_CHU_COLLEGE	PLK_CW_CHU_COLLEGE
BUDDHIST_HUNG_SEAN_CHAU_MEMORIAL_COLLEGE_HUNG_SEAN_CHAU_MEMORIAL_COLLEGE	BUDDHIST_HUNG_SEAN_CHAU_MEMORIAL_COLLEGE_HUNG_SEAN_CHAU_MEMORIAL_COLLEGE
CCC_MONG_MAN_WAI_COLLEGE;MONG_MAN_WAI_COLLEGE	CCC_MONG_MAN_WAI_COLLEGE;MONG_MAN_WAI_COLLEGE
TWGHS_LI_KA_SHING_COLLEGE;G	TWGHS_LI_KA_SHING_COLLEGE;G
BUDDHIST_HO_NAM_KAM_COLLEGE;BUDDHIST_PREVOCATIONAL_COLLEGE	BUDDHIST_HO_NAM_KAM_COLLEGE;BUDDHIST_PREVOCATIONAL_COLLEGE
PAK_KAU_COLLEGE	PAK_KAU_COLLEGE
SACRED_HEART_CONOSSIAN_COLLEGE_OF_COMMER	SACRED_HEART_CONOSSIAN_COLLEGE_OF_COMMER
Queen's_College	Queen's_College
ST_JOSEPHS_COLLEGE	ST_JOSEPHS_COLLEGE
HK_Baptist_University	HK_Baptist_University
HOLY_SPIRIT_SEMINARY_COLLEGE	HOLY_SPIRIT_SEMINARY_COLLEGE
BUDDHIST_WONG_FUNG_LING_COLLEGE	BUDDHIST_WONG_FUNG_LING_COLLEGE
City_University_of_HK	City_University_of_HK
STFA_TEM_PAK_YU_COLLEGE;TAM_PAK_YU_COLLEGE	STFA_TEM_PAK_YU_COLLEGE;TAM_PAK_YU_COLLEGE
LOK_SIN_TONG_LEUNG_KAU_KUI_COLLEGE	LOK_SIN_TONG_LEUNG_KAU_KUI_COLLEGE
COGNITIO_COLLEGE_(HONG_KONG);COGNITIO_COLLEGE	COGNITIO_COLLEGE_(HONG_KONG);COGNITIO_COLLEGE
BUDDHIST_WAI_YAN_MEMORIAL_COLLEGE	BUDDHIST_WAI_YAN_MEMORIAL_COLLEGE
STFA_SEAWARD_WOO_COLLEGE	STFA_SEAWARD_WOO_COLLEGE
KWUN_TONG_MARYKNOLL_COLLEGE	KWUN_TONG_MARYKNOLL_COLLEGE
HOLY_TRINITY_COLLEGE	HOLY_TRINITY_COLLEGE
JOCKEY_CLUB_TI_COLLEGE	JOCKEY_CLUB_TI_COLLEGE
Indian_Institute_of_Technology_Madras	Indian_Institute_of_Technology_Madras
新界天主教圣安德肋小学	St. Andrew's Catholic Primary School, New Territories
ST_GLORIA_COLLEGE	ST_GLORIA_COLLEGE
大浦区和记电信	Dapu District Hutchison Telecom
ISLAMIC_KASIM_TUET_MEMORIAL_COLLEGE	ISLAMIC_KASIM_TUET_MEMORIAL_COLLEGE
TWGHS_LEE_CHING_DEA_MEMORIAL_COLLEGE	TWGHS_LEE_CHING_DEA_MEMORIAL_COLLEGE
OUR_LADY_OF_THE_ROSARY_COLLEGE	OUR_LADY_OF_THE_ROSARY_COLLEGE
The_Jockey_Club_Eduyoung_College	The_Jockey_Club_Eduyoung_College
AD_&_FD_POHL_LEUNG_SING_TAK_COLLEGE	AD_&_FD_POHL_LEUNG_SING_TAK_COLLEGE
TWGHS_SUN_HOI_DIRECTORS_COLLEGE	TWGHS_SUN_HOI_DIRECTORS_COLLEGE
ST_PAUL'S_CO-EDUCATIONAL_COLLEGE	ST_PAUL'S_CO-EDUCATIONAL_COLLEGE
HKSYCIA_WONG_TAI_SHAN_MEMORIAL_COLLEGE	HKSYCIA_WONG_TAI_SHAN_MEMORIAL_COLLEGE
ST_PAULS_COLLEGE	ST_PAULS_COLLEGE
oatley_campus学校	oatley_campus
深圳市腾讯计算机系统有限公司南非BGP节点	Shenzhen Tencent Computer Systems Co., Ltd. South Africa BGP Node
经济信息网	CEINET (China Economic Information Network)
ST_FRANCIS_CANOSSIAN_COLLEGE	ST_FRANCIS_CANOSSIAN_COLLEGE
经济信息网(华东地区)	Economic Information Network (East China)
深圳市腾讯计算机系统有限公司香港BGP节点	Shenzhen Tencent Computer Systems Co., Ltd. Hong Kong BGP Node
北京谷翔信息技术有限公司上海电信节点	Beijing Guxiang Information Technology Co., Ltd. Shanghai Telecom Node
北京谷翔信息技术有限公司电信数据中心	Beijing Gushang Information Technology Co., Ltd. Telecom Data Center
University_of_Madras	University_of_Madras
NG_WAH_COLLEGE_PRIMARY_PM	NG_WAH_COLLEGE_PRIMARY_PM
经济信息网(华中地区)	CEInet (Central China)
讯业金网用户	Xunye Gold Net User
国家信息中心	State Information Center
权智集团	Rightman Group
LINGNAM_UNIVERSITY_ALUMNI_ASSOC_PRI_SCH	LINGNAM_UNIVERSITY_ALUMNI_ASSOC_PRI_SCH
SKY公司	SKY Company
West_Bengal_University_of_Technology	West_Bengal_University_of_Technology
SHATIN_COLLEGE	SHATIN_COLLEGE
索菲亚研究所股份有限公司	Sophia Research Institute Co., Ltd.
谷歌公司GWS服务器(移讯HKCSL公司gprsnet下一代数据中心)节点	Google GWS (CSL HK GPRSNet Next Generation Data Center) Node
THE_HK_POLYTECHNIC_UNIVERSITY	THE_HK_POLYTECHNIC_UNIVERSITY
CCC_Kwei_Wah_Shan_College	CCC_Kwei_Wah_Shan_College
NTTSmartConnect公司	NTTSmartConnect Company
关岛社区学院	Guam Community College
VIC市	VIC City
马来西亚诺丁汉大学	University of Nottingham Malaysia
北京鑫诺卫星通信NAT出口	Beijing Xinnuo Satellite Communication NAT Exit
AIMS公司	AIMS
移讯HKCSL公司gprsnet下一代数据中心IDC机房	HKCSL GPRSNext Generation Data Center IDC Room
Dongseo_University	Dongseo_University
Catholic_University_of_Korea	Catholic_University_of_Korea
Flow通信公司	Flow Communications Company
ASHFIELD	ASHFIELD
谷歌公司GVS服务器(移讯HKCSL公司gprsnet下一代数据中心)节点	Google GVS Server (Moveline HKCSL GPRSNET Next Generation Data Center) Node
AUSTSTAR公司	AUSTSTAR
National_Computing_&_Information_Agency	National_Computing_&_Information_Agency
TPG网络墨尔本DNS服务器	TPG Melbourne DNS Server
谷歌公司内部服务器(移讯HKCSL公司gprsnet下一代数据中心)节点	Google Internal Server (Hutchison Telecom CSL GPRSNet Next Generation Data Center)
SingTel网络	SingTel
Keimyung_University_Daemyung-Dong_branch_school.	Keimyung_University_Daemyung-Dong_branch_school
University_of_Ulsan	University_of_Ulsan
世宗电信(Sejong_Telecom)	Sejong Telecom
Korea_National_University_of_Education	Korea_National_University_of_Education
AOL7网络	AOL7 Network
Taegu_University	Taegu_University
Andong_National_University	Andong_National_University
Honam_Professional_College	Honam_Professional_College
KOREA_INSTITUTE_OF_MACHINERY_&_MATERIALS	KOREA_INSTITUTE_OF_MACHINERY_&_MATERIALS
弘益大学	Hongik University
SoongSil_University	SoongSil_University
Kangwon_National_University	Kangwon_National_University
Duksung_Womens_University	Duksung_Womens_University
SookMyung_Women`s_university	Sookmyung Women's University
Institute_of_Industrial_Technoligy	Institute of Industrial Technology
大邱加图立大学	Daegu Catholic University
Hankuk_University_of_Foreign_Studies	Hankuk_University_of_Foreign_Studies
KYUNG-HEE_UNIVERSITY	KYUNG-HEE_UNIVERSITY
Daelim_College_of_Technology	Daelim_College_of_Technology
DONG-EUI_UNIVERSITY	DONG-EUI_UNIVERSITY
Rural_Development_Adminstration	Rural_Development_Adminstration
Woosong_University	Woosong_University
HANDONG_University	HANDONG_University
启明大学	Keimyung University
Korea_Basic_Science_Institute	Korea_Basic_Science_Institute
Seoul_Health_Junior_College	Seoul_Health_Junior_College
Chongju_University	Chongju_University
NATIONAL_FISHERIES_UNIVERSITY_OF_PUSAN	NATIONAL_FISHERIES_UNIVERSITY_OF_PUSAN
仁济大学	Inje University
CHUNGKANG_COLLEGE_OF_CULTURAL_INDUSTRIES	CHUNGKANG_COLLEGE_OF_CULTURAL_INDUSTRIES
东国大学庆州校区_DONGGUK_University	Dongguk University Gyeongju Campus_DONGGUK_University
Oversee	Oversee
Cheju_National_University	Cheju_National_University
Gyeongsang_National_University	Gyeongsang_National_University
Tongmyong_University_of_Information_Technology	Tongmyong_University_of_Information_Technology
Kongju_National_University	Kongju_National_University
HANKUK_Aviation_University	Hankuk Aviation University
Hallym_University	Hallym_University
CHUNGBUK_NATIONAL_UNIVERSITY	CHUNGBUK_NATIONAL_UNIVERSITY
Dynamic_Network_Services公司	Dynamic Network Services
ChangeIP	ChangeIP
DONGGUK_University	DONGGUK_University
HeymmanServers	HeymmanServers
Chonbuk_National_University	Chonbuk_National_University
Seowon_University	Seowon_University
KYUNGNAM-UNIVERSITY	KYUNGNAM-UNIVERSITY
Lore_Systems公司	Lore_Systems
Nature's_Sunshine	Nature's_Sunshine
Newpark	Newpark
IPCOM	IPCOM
Yonam_College_of_Engineering	Yonam_College_of_Engineering
梨花女子大学	Ewha Womans University
大通银行	China CITIC Bank
Korea_Maritime_University	Korea Maritime University
维耶蒙特利尔学校	VieMontreal School
SAY_Media公司	SAY_Media
马自达株式会社	Mazda Motor Corporation
新斯科舍省社区学院	Nova Scotia Community College
FDC丹佛机房	FDC Denver Data Center
Hospital_Sisters	Hospital_Sisters
Flexfab	Flexfab
Wyoming互联网服务公司	Wyoming Internet Service Company
Tri大学	Tri University
Callidus_Software数据中心	Callidus_Software Data Center
卡莫森学院	Camosun College
Sprint公司	Sprint Corporation
卡普兰诺大学	Capilano University
美商美西銀行	Bank of the West
DynDNS_Anycast节点	DynDNS_Anycast Node
AWS有限公司EC2云服务器6号云机房	AWS EC2 Cloud Server No. 6 Cloud Data Center
MediaFire公司	MediaFire
澳门电讯(Cogent)	Macau Telecom (Cogent)
安大略艺术设计大学	Ontario College of Art and Design University
Rutgers_University	Rutgers_University
阿尔伯塔省学院	Alberta College
雪兰多大学	Shenandoah University
Eons_Data_Communications	Eons_Data_Communications
Qwest通信有限公司DNS服务器	Qwest Communications Co., Ltd. DNS Server
Ktunaxa_Nation	Ktunaxa_Nation
Jones_Lang_LaSalle	Jones_Lang_LaSalle
Akamai公司Level3机房AS3549线路CDN节点(Edgesuite客户:Tencent)	Akamai Level3 Data Center AS3549 CDN Node (Edgesuite Customer: Tencent)
PCCW首都在线数据中心	PCCW Capital Online Data Center
Network_Solutions公司	Network_Solutions
密歇根大学法学院图书馆	University of Michigan Law Library
里奥内尔格鲁莱克斯学院	Lionel Groulx College
CoreSite_Any2Exchange交换中心	CoreSite_Any2Exchange
OFIDC(GTT)数据中心	OFIDC (GTT) Data Center
CacheFly亚洲Anycast节点	CacheFly Asia Anycast Node
Highwinds_Network_Group	Highwinds Network Group
CacheFly全球Anycast节点	CacheFly Global Anycast Nodes
GAT港安电讯数据中心	GAT Gang'an Telecom Data Center
北极星工业	Northstar Industries
Server_Central_Network	Server_Central_Network
美国XO通信公司BGP网络	XO Communications BGP Network
香港电讯盈科有限公司美国分公司	PCCW Limited (Hong Kong) - US Branch
UUNET_Technologies	UUNET Technologies
Los_Nettos公司	Los_Nettos
三角研究园北卡罗来纳州科研和教育网	North Carolina Research and Education Network (NCREN)
StackPath(Highwinds)CDN节点	StackPath (Highwinds) CDN Node
NYIIX费城交换中心	NYIIX Philadelphia
NTTEC数据中心	NTTEC Data Center
FCIX互联网交换中心	FCIX Internet Exchange Center
Flyio全球Anycast节点	Flyio Global Anycast Nodes
纽约AMS_IX纽约交换中心	AMS-IX New York
LINX_NOVA交换中心	LINX_NOVA
网件公司	NETGEAR
AMS_IX湾区交换中心	AMS-IX Bay Area
公共图书馆	Public Library Network
Nintendo公司	Nintendo
AMS_IX芝加哥交换中心	AMS-IX Chicago Exchange Center
Allstream公司	Allstream
Ponderosa有线电视公司	Ponderosa Cable TV Company
CoreSite_Any2Exchange	CoreSite_Any2Exchange
Equinix公司	Equinix
帕拉默斯西联公司	Paramus West Union Company
网宿科技股份有限公司香港电讯盈科CDN节点	CDN Node of Hong Kong Telecom PCCW (ChinaNetCenter Technology Co., Ltd.)
Wikipedia_維基媒體	Wikipedia
皇家大学	Royal University
主教大学	Bishop's University
So-net_Entertainment	So-net_Entertainment
Palmerton市	Palmerton City
GlobalCrossing公司	Global Crossing
Accelerated_Connections网络	Accelerated_Connections Network
Equinix公司环球全域电讯数据中心	Equinix Company Global全域Telecommunications Data Center
Skyview宽带	Skyview Broadband
BullsEye电信	BullsEye Telecom
Westhost	Westhost
RCN_Corporation	RCN_Corporation
Microsoft(微软)公司日本接入点	Microsoft Japan Access Point
WoodyNet公司	WoodyNet
AOL网景公司	AOL Netscape
Valve_Software	Valve_Software
Surrey_Memorial医院	Surrey_Memorial Hospital
Ponderosa有线电视公司DNS服务器	Ponderosa Cable Television Company DNS servers
Colo4公司	Colo4 Company
南加州圣迭戈县市American_Internet_Services(AIS)数据中心	American Internet Services (AIS) Data Center in San Diego County, Southern California
Desync_Networks	Desync_Networks
Virginiareston	Virginiareston
Internet_Archive机构	Internet Archive
AGIS	AGIS
Virtbiz互联网服务公司	Virtbiz
BellMTS宽带	BellMTS Broadband
OpenDNS有限公司公众DNS服务器	OpenDNS Co., Ltd. Public DNS Server
cnservers公司	cnservers Company
乔治亚州亚特兰大MacStadium云计算公司	MacStadium Cloud Computing, Atlanta, Georgia
WZ通信公司	WZ Communication Company
Broadband_VI	Broadband_VI
DNSMadeEasy_Anycast_DNS节点	DNSMadeEasy_Anycast_DNS节点
HopOne网络公司	HopOne Internet Corporation
Leaseweb(WDC-01)数据中心	Leaseweb (WDC-01) Data Center
中华电信国际公司网络国际通(TWGate)	Chunghwa Telecom International Network International Access (TWGate)
Invision_Power_Services公司	Invision_Power_Services
SourceForge文件缓存服务器(北美东21of25节点superb-dca3)	SourceForge File Cache Server (North America East 21of25 Node superb-dca3)
黑莓手机公司	BlackBerry Limited
OpenDNS有限公司	OpenDNS Co., Ltd.
Secure_Hosting公司	Secure_Hosting
圣安妮大学	St. Anne's University
Broward县图书馆	Broward County Library
ShockHosting	ShockHosting
Fortressitx公司	Fortressitx
Southern	Southern
Slicehost有限公司	Slicehost Co., Ltd.
Hostigation	Hostigation
Phillips_County_Telephone_Company	Phillips County Telephone Company
Reliablehosting	Reliablehosting
LeaseWeb(HKG-10)数据中心	LeaseWeb (HKG-10) Data Center
Bronte_College	Bronte_College
Destek网络集团	Destek Network Group
UpCloud	UpCloud
Dana_Point市AT&T环球网	AT&T Global Network in Dana Point City
Vr	Vr
SonderCloud	SonderCloud
eNet股份有限公司	eNet Co., Ltd.
Red_Hat公司Fedora基础设施云	Red Hat Fedora Infrastructure Cloud
Wowrack科技公司	Wowrack Technology Company
Nearlyfreespeech	Nearlyfreespeech
SafeSoft_Solutions	SafeSoft_Solutions
Pair网络	Pair Network
温哥华社区学院	Vancouver Community College
QTS科技	QTS Technology
Washingtonbellevue	Washingtonbellevue
Photobucket	Photobucket
Fuse_Internet_Access	Fuse_Internet_Access
NetSource通讯	NetSource Communications
LeaseWeb(SFO12)数据中心	LeaseWeb (SFO12) Data Center
California_Computer_Schools	California_Computer_Schools
谷歌公司骨干网电信出口(仅供中国大陆专用)	Google Backbone Network Telecom Exit (Dedicated for Mainland China Only)
Highwinds数据中心	Highwinds
Sharktech公司	Sharktech
Alabamabirmingham	Alabamabirmingham
Data_Foundry数据中心	Data_Foundry Data Center
SourceForge文件缓存服务器(北美东20of25节点superb-dca2)	SourceForge File Cache Server (North America East Node superb-dca2 20 of 25)
Highwinds公司CDN节点	Highwinds CDN Node
Valley_TELIA	Valley_TELIA
Red_Hat公司	Red_Hat company
StackPath_CDN_Anycast节点	StackPath CDN Anycast Node
ArkCloud	ArkCloud
Landis_Holdings公司	Landis_Holdings
Level3内部DNS服务器	Level3 Internal DNS Server
CogecoPeer1	Cogeco Peer 1
ULTRADNS(NeuStar公司)全球Anycast节点	ULTRADNS (NeuStar) Global Anycast Nodes
Bell_纽芬兰纪念大学	Bell_Memorial University of Newfoundland
中国互联网络信息中心公众DNS服务器	CNNIC Public DNS Server
United_States_Sunnyvale_Altavista_Company	United_States_Sunnyvale_Altavista_Company
龙采科技	Longcai Technology
基金会(美国–哥伦比亚特区–哥伦比亚特区–华盛顿)	Foundation (United States - District of Columbia - Washington, D.C.)
Level3公共DNS服务器	Level3 Public DNS
Cato网络	Cato Networks
Level3公共DNS服务ntp1节点	Level3 Public DNS Service NTP1 Node
Globix	Globix
MCI通信服务公司DNS服务器	MCI Communications Service Company DNS Server
Level3公共NS服务器dialns2节点	Level3 Public NS Server dialns2 Node
Akamai科技公司加州机房	Akamai Technologies California Data Center
安大略省教师学院	Ontario College of Teachers
铁通公司	China Tietong
有线电视宽带	Cable TV Broadband
Satellite_Management_Services股份有限公司	Satellite_Management_Services Co., Ltd.
Siam	Siam
北京思博展科科技有限公司	Beijing ExpoComm Technology Co., Ltd.
Level3公共DNS服务ntp2节点	Level3 Public DNS Service ntp2 Node
百讯通信有限公司	Baixun Communication Co., Ltd.
伊利诺伊世纪网络	Illinois Century Network
PhoenixNAP数据中心	PhoenixNAP Data Center
Internap网络服务公司(INSC)	Internap Network Services Corporation (INSC)
Wesley_College	Wesley_College
Strong_Technologies_LLC	Strong_Technologies_LLC
Luther_College_Croydon	Luther_College_Croydon
纳帕溪谷联合校区_AT&T	Napahills United School District_AT&T
CollegeHouse	CollegeHouse
Emmaus_College	Emmaus_College
光通	Guangtong
联通(新昌)	China Unicom (Xinchang)
Westall_Secondary_College	Westall_Secondary_College
Mount_Eliza_Secondary_College	Mount_Eliza_Secondary_College
广州地铁总公司	Guangzhou Metro Corporation
Traralgon_Secondary_College	Traralgon_Secondary_College
Sydney_Grammar_School	Sydney_Grammar_School
教育网络中心	Education Network Center
视迅宽带	Shi Xun Broadband
天地软件园	Tiandi Software Park
St_Patricks_College	St Patricks College
Australian_&_New_Zealand_College_of_Anaesthetists	Australian & New Zealand College of Anaesthetists
sg	Singapore
郑州广电信息网络有限公司	Zhengzhou Broadcasting Network Information Co., Ltd.
创高科技有限公司	Chuanggao Technology Co., Ltd.
CNNIC权威云解析(CDNSCN)全球Anycast节点	CNNIC Authoritative Cloud Resolution (CDNSCN) Global Anycast Nodes
上海大学无线网络	Shanghai University Wireless Network
北京思博展科科技有限公司上海分公司	Beijing Sibozhanke Technology Co., Ltd. Shanghai Branch
北京数据家科技有限公司(北苑路170号凯旋城C座26层)	Beijing Datahome Technology Co., Ltd. (26F, Block C, Triumphal City, 170 Beiyuan Road)
房屋土地管理局	Housing and Land Administration Bureau
游戏蜗牛网游公司	GameSnail
Spark商业宽带	Spark Business Broadband
Saint_Stephens_College_Ltd	Saint_Stephens_College_Ltd
联通(尚未启用)	China Unicom (Not Yet Activated)
亦庄联通通泰IDC机房(亦庄经济技术开发区北环东路一号联通国际大厦)	Yizhuang China Unicom Tongtai IDC (China Unicom International Building, No. 1 Beihuan East Road, Yizhuang Economic and Technological Development Zone)
中国科学技术协会	China Association for Science and Technology
联通(文昌)	China Unicom (Wenchang)
悉尼Netspace_DNS	Netspace_DNS Sydney
PRIMUS公司	PRIMUS
台南市	Tainan City
厦广新闻台	Xiamen Broadcasting News Channel
玛拉工艺大学	Universiti Teknologi MARA
私立徐汇高级中学	Shanghai Private Xuhui High School
教育网(大学城节点)	CERNET (University Town Node)
中华海商	China Marine Merchant Network
台湾成功商业水产职业学校	Taiwan Chenggong Commercial Aquaculture Vocational School
Universitas_Airlangga	Universitas_Airlangga
东京Telstra网络	Tokyo Telstra Network
私立大兴高级中学	Private Daxing Senior High School
IDXNET互联网服务私人有限公司	IDXNET Internet Services Private Limited
桃园高级中学	Taoyuan Senior High School
私立新光高级中学	Si Xin Guang High School
马来西亚国际伊斯兰大学	International Islamic University Malaysia
私立六和高级中学	Private Liuhe Senior High School
涵江广电	Hanjiang Broadcasting Network
私立文德女子高级中学	Private Wende Girls' Senior High School
有线宽频	i-CABLE
私立玉山高级中学	Yu-Shan Private High School
台湾中和高级中学	Zhonghe Senior High School, Taiwan
私立启英高级中学	Chiying Private Senior High School
花莲高级中学	Hualien Senior High School
高苑科技大学	Kao Yuan University
私立淡江高级中学	Tamkang Senior High School
广州城市职业学院(海珠校区)	Guangzhou City Polytechnic (Haizhu Campus)
高英工商	Kaohsiung University of Science and Technology (Kaohsiung Campus)
市立启聪学校	Shili Qicong School
私立育仁高中	Private Yuren High School
私立成功高级工商职业学校	Private Chenggong Senior Vocational School of Industry and Commerce
台湾冈山高级农工职业学校	Taiwan Gangshan Senior Agricultural & Industrial Vocational School
私立中华高级工商职业学校	Private Chung Hua Senior Industrial and Commercial Vocational School
私立开南高级商工职业学校	Private Kainan Senior Commercial and Industrial Vocational School
天主教私立卫道高级中学	Catholic Private Weidao Senior High School
宏碁电子化资讯管理中心	Acer e-Enabling Data Center
新北市立新北特殊教育学校	New Taipei Special Education School
台湾台东大学附属体育高级中学	National Taitung University Affiliated Physical Education Senior High School
私立清传高级商业学校	Private Qingchuan Senior Commercial School
台湾瑞芳高级工业职业学校	Taiwan Ruifang Senior Industrial Vocational School
市立四张犁国民中学	Municipal Sizhangli National Middle School
台湾凤新高级中学	Taiwan Fengxin Senior High School
台湾凤山高级中学	Fengshan Senior High School
私立振声高级中学	Zhensheng Private High School
台南大学附设实验国民小学	Tainan University Affiliated Experimental Elementary School
市私立正义高级中学	Municipal Private Justice Senior High School
中华电信HiNet	Chunghwa Telecom HiNet
私立嘉阳高级中学	Private Jiayang Senior High School
私立静修女子高级中学	Private Seishu Girls' High School
台湾互联网交换中心	Taiwan Internet Exchange
台湾台东女子高级中学	Taitung Girls' Senior High School
台湾武陵高级中学	Taichung Wu-Ling Senior High School
台湾新庄高级中学	Taiwan Xinzhuang Senior High School
台北市立大学天母校区	Taipei Municipal University of Education Tianmu Campus
DYXnet数据中心	DYXnet Data Center
私立再兴高级中学	Private Zaixing Senior High School
马偕医护管理专科学校	Mackay Junior College of Medicine, Nursing and Management
私立立人高级中学	Private Liren Senior High School
私立复兴高级商工职业学校	Private Fuxing Senior Vocational School of Commerce and Industry
埔墘国小	Pucheng Elementary School
淡水商工	Freshwater Commercial and Industrial
私立育达高级商业家事职业学校	Private Yu Da High School of Commerce and Home Economics
市立万芳高级中学	Municipal Wanfang Senior High School
私立光启高级中学	Private Guangqi Senior High School
私立开明高级工商职业学校	Private Kaiming Senior Industrial and Commercial Vocational School
中国科学院金属研究所	Institute of Metal Research, Chinese Academy of Sciences
政府文化处	Government Culture Department
中石化石油化工科学研究院	Sinopec Research Institute of Petroleum Processing
广州图书馆	Guangzhou Library
莺歌高职	Yingge Vocational College
台湾三重高级商工职业学校	Taiwan Sanchong High School of Commerce and Home Economics
台湾泰山高级中学	Taiwan Taishan Senior High School
私立东海高级中学	Private Donghai High School
政府网(各区)	Government Network (Districts)
教育学院	Education Institute Network
中科三方网络技术有限公司内部DNS服务器	Zhongke Sanfang Network Technology Co., Ltd. Internal DNS Server
国家统计局	National Bureau of Statistics
中科三方网络技术有限公司	Zhongke Sanfang Network Technology Co., Ltd.
中国科学院上海应用物理研究所	Shanghai Institute of Applied Physics, Chinese Academy of Sciences
中国科学院沈阳应用生态研究所	Institute of Applied Ecology, Chinese Academy of Sciences
中国科学院上海光学精密机械研究所	Shanghai Institute of Optics and Fine Mechanics, Chinese Academy of Sciences
私立国光高级商工职业学校	Private Guoguang Senior Commercial and Industrial Vocational School
私立中华高级中学	Private Zhonghua Senior High School
中国科学院国家授时中心	National Time Service Center, Chinese Academy of Sciences
中国科学院沈阳计算技术研究所	Shenyang Institute of Computing Technology, Chinese Academy of Sciences
航空信息网	Aviation Information Network
中国科学院应用生态研究所农产品安全与环境质量检测中心	Agricultural Product Safety and Environmental Quality Testing Center, Institute of Applied Ecology, Chinese Academy of Sciences
中国科学院青岛生物能源与过程研究所	Qingdao Institute of Bioenergy and Bioprocess Technology, Chinese Academy of Sciences
中国航天工业总公司第一研究院	China Aerospace Industry Corporation First Academy
东环中学电脑室	Donghuan Middle School Computer Room
中国科学院海洋研究所	Institute of Oceanology, Chinese Academy of Sciences
中国地震局数据信息中心	China Earthquake Administration Data Information Center
中国地震局	China Earthquake Administration
地震信息网监测中心	Earthquake Information Network Monitoring Center
国家地震局	China Earthquake Administration
中国科学院理化技术研究所	Technical Institute of Physics and Chemistry, Chinese Academy of Sciences
航天信息网	Aerospace Information Network
中国科学院沈阳自动化研究所	Shenyang Institute of Automation, Chinese Academy of Sciences
中国航天工业总公司第一研究院设计部	Design Department of the First Academy of China Aerospace Industry Corporation
中国科学院地球环境研究所	Institute of Earth Environment, Chinese Academy of Sciences
中国科学院电工研究所	Institute of Electrical Engineering, Chinese Academy of Sciences
中国地震局分析预报中心	China Earthquake Administration Analysis and Prediction Center
中国航天工业总公司第一研究院人事部	Personnel Department of the First Academy of China Aerospace Corporation
诺瓦科技发展有限公司	Nova Technology Development Co., Ltd.
科学院光电研究院	Academy of Sciences Institute of Optoelectronics
中国科学院西安光学精密机械研究所	Xi'an Institute of Optics and Precision Mechanics, Chinese Academy of Sciences
中元金融数据网络公司	Zhongyuan Financial Data Network Company
中国航天工业总公司第一研究院物资部	Materials Department of the First Academy of China Aerospace Industry Corporation
国家地质实验测试中心	National Geological and Experimental Testing Center
中国航天工业总公司第一研究院第二研究所	The Second Research Institute of the First Academy of China Aerospace Science and Industry Corporation
辽宁成大集团有限公司	Liaoning Chengda Group Co., Ltd.
统计信息网	Statistical Information Network
中国航天工业总公司第一研究院行政基建部	Administrative and Infrastructure Department of the First Academy of China Aerospace Science and Industry Corporation
中国学术信息中心	China Academic Information Center
北京亿安天下网络科技有限公司北京联通节点	Beijing Billion Safe World Network Technology Co., Ltd. China Unicom Beijing Node
中国科学院近代物理研究所	Institute of Modern Physics, Chinese Academy of Sciences
中国科学院兰州分院子弟中学	Lanzhou Branch of Chinese Academy of Sciences Middle School for Children of Staff
中科网	CSTNET
中国科学院研究生院玉泉四公寓	Chinese Academy of Sciences Graduate School Yuquan 4th Apartment
互联通网络技术有限公司	Interlink Network Technology Co., Ltd.
中电飞华通信股份有限公司	Zhongdian Feihua Communication Co., Ltd.
中国科学院研究生院玉泉教学楼	Graduate School of Chinese Academy of Sciences Yuquan Teaching Building
中国科学院研究生院奥运村园区	Graduate University of Chinese Academy of Sciences, Olympic Village Campus
科学院研究生院	Chinese Academy of Sciences Graduate University
广东互联网络交换中心(越秀区东风路305号)	Guangdong Internet Exchange (No. 305 Dongfeng Road, Yuexiu District)
国锋科技大厦	Guofeng Technology Building
北京首都在线科技股份有限公司(北京联通+北京电信互联网数据中心)BGP节点	Beijing Capital Online Technology Co., Ltd. (Beijing Unicom + Beijing Telecom Internet Data Center) BGP Node
中国科学院研究生院青年公寓8号楼	Apartment 8, Youth Apartment, Graduate School of Chinese Academy of Sciences
国际信托投资网	International Trust and Investment Network
海电信科技发展有限公司电信节点	Shanghai Telecom Technology Development Co., Ltd. Telecom Node
电话发展总公司	Telephone Development Corporation
创联万网国际信息技术有限公司	Chuanglian Wanwang International Information Technology Co., Ltd.
中国科学院研究生院	Graduate University of Chinese Academy of Sciences
北京首都国际机场有限公司	Beijing Capital International Airport Co., Ltd.
龙广IDC	Longguang IDC
江汉油田金桥网	Jianghan Oilfield Jinqiao Net
广东精科信息网络中心	Guangdong Jingke Information Network Center
中国科学院兰州地质研究所	Lanzhou Institute of Geology, Chinese Academy of Sciences
中国科学院南海海洋研究所	Chinese Academy of Sciences South China Sea Institute of Oceanology
中国科学院广州化学研究所	Guangzhou Institute of Chemistry, Chinese Academy of Sciences
中国科学院研究生院玉泉二公寓	Chinese Academy of Sciences Graduate School Yuquan 2 Apartment
文化公园地区视讯宽带	Cultural Park Area Video Broadband
人民医院	People's Hospital
石牌地区视讯宽带	Shipai Area Video Broadband
沙面地区视讯宽带	Shamian District Vision Broadband
中国科学院寒区旱区环境与工程研究所	Cold and Arid Regions Environmental and Engineering Research Institute, Chinese Academy of Sciences
中国平煤神马集团六矿	China Pingmei Shenma Group No.6 Coal Mine
中国科学院广州分院能源研究所	Energy Research Institute of the Chinese Academy of Sciences, Guangzhou Branch
沙河地区视讯宽带	Shahe District Video Broadband
流花地区视讯宽带	Liuhua Area Video Broadband
广州天河中科院华南植物园	South China Botanical Garden, Chinese Academy of Sciences, Tianhe, Guangzhou
中国科学院广州地球化学研究所	Guangzhou Institute of Geochemistry, Chinese Academy of Sciences
国家科学基金会	National Science Foundation
中国国家电力信息网	China State Power Information Network
视讯宽带(全省通用)	Shixun Broadband (Province-wide)
海山街地区视讯宽带	Haishan Street Area Video Broadband
三水区视讯宽带	Sanshui District Video Broadband
财经信息中心	CNFN (China Financial Network)
邮电大学	University of Posts and Telecommunications
邮电学院	ChinaP&T Academy
人民北路地区视讯宽带	Shixin Broadband (Renmin North Road Area)
航天一院	China Aerospace Science and Technology Corporation First Academy
中国工程技术信息网	China Engineering and Technology Information Network
南阳心缘网络	Nanyang Xinyuan Network
东森宽频	Eastern Broadband
Speedcast	Speedcast
陕西广电	China Broadcasting Network Shaanxi
Seoul_Simin_University	Seoul_Simin_University
263网络通信股份有限公司	263 Network Communications Co., Ltd.
工程技术信息网	Engineering Technology Information Network
联通灞桥地球村网吧	China Unicom Baqiao Earth Village Internet Cafe
济南中学	Jinan Middle School
山东交通学院	Shandong Jiaotong University
联通IDC	China Unicom IDC
DAEMYUNG_OCCUPATION_COLLEGE	DAEMYUNG_OCCUPATION_COLLEGE
Kyongbuk_Industry_Professional_College	Kyongbuk_Industry_Professional_College
Hankook_Industry_Professional_College	Hankook_Industry_Professional_College
Osan_College	Osan_College
Kwangynag_College	Kwangyang_College
天朗明居	Tianlang Mingju
美国Verizon通讯公司UUNet_Asia亚太骨干网	Verizon UUNet_Asia Asia-Pacific Backbone
MIDDLE_SCHOOL_ATTACHED_TO_THE_EDUCATIONAL_COLLEGE_OF_INHA_UNIVERSITY	MIDDLE_SCHOOL_ATTACHED_TO_THE_EDUCATIONAL_COLLEGE_OF_INHA_UNIVERSITY
联通(安贞桥IDC机房)	China Unicom (Anzhenqiao IDC Center)
联通(北方多城市分布)	China Unicom (Distributed across multiple cities in northern China)
国际教育振兴院	Institute of International Education Advancement
Dankook_University_Hospital	Dankook_University_Hospital
Seoul_Shinhak_University	Seoul_Shinhak_University
Dong-ah_Broadcasting_College	Dong-ah_Broadcasting_College
电脑报	PC Newspaper
Yeojoo_Technical_College	Yeojoo_Technical_College
Honam_Theological_University_and_Seminary	Honam_Theological_University_and_Seminary
National_Police_College	National_Police_College
MASAN_COLLEGE	Masan College
PowerTel网络	PowerTel Network
University_of_Inchon	University_of_Inchon
Sangji_University	Sangji_University
YEUNGJIN_JUNIOR_COLLEGE	YEUNGJIN_JUNIOR_COLLEGE
YEUNGNAM_UNIVERSITY_INFORMATION_&_COMMUNICATION_VENTURE_CENTER	YEUNGNAM_UNIVERSITY_INFORMATION_&_COMMUNICATION_VENTURE_CENTER
东国大学	Dongguk University
世宗大学	Sejong University
JOONG-ANG_COMPUTER_SCIENCE_TECHNICAL_COLLEGE	JOONG-ANG_COMPUTER_SCIENCE_TECHNICAL_COLLEGE
LG_Dacom	LG Dacom
COLLAGE_OF_MEDICINE_POCHON_CHA_UNIVERSITY_PUNDANG_CHA_GENERAL_HOSPITAL	COLLAGE_OF_MEDICINE_POCHON_CHA_UNIVERSITY_PUNDANG_CHA_GENERAL_HOSPITAL
三育大学	Sahmyook University
KT数据中心	KT Data Center
ANDONG_NATIONAL_UNIVERSITY	ANDONG_NATIONAL_UNIVERSITY
Ansung_National_University	Ansung National University
ONSE通信	ONSE Communications
POHANG_COLLEGE	POHANG_COLLEGE
Civil_Aviation_College	Civil Aviation College
Wonkwang_University	Wonkwang_University
Inha-venture_of_Inha_University	Inha-venture_of_Inha_University
秋田县立大学	Akita Prefectural University
Tokyo_National_College_of_Technology	Tokyo_National_College_of_Technology
IDC_Frontier东日本软银(SoftBank)数据中心	IDC Front East Japan SoftBank Data Center
Yong-in_Technical_College	Yong-in_Technical_College
CHANGSHIN_COLLEGE	CHANGSHIN_COLLEGE
Chungnam_Sanup_University	Chungnam_Sanup_University
Kofu_Commecial_College	Kofu_Commecial_College
Taegu_Hyosung_Catholic_University	Taegu Hyosung Catholic University
So-net公司DNS服务器	So-net DNS Server
Nakano_Hachiouji_High_School_Attached_to_Meiji_University	Nakano_Hachiouji_High_School_Attached_to_Meiji_University
Oita_Medical_University	Oita Medical University
Utsunomiya_Bunsei_Junior_College	Utsunomiya_Bunsei_Junior_College
Niigata_University	Niigata_University
IDCF云计算数据中心	IDCF Cloud Computing Data Center
Oita_Prefectural_College_of_Arts_and_Culture	Oita Prefectural College of Arts and Culture
FUKUYAMA_YMCA_INTERNATIONAL_BUSINESS_COLLEGE	FUKUYAMA_YMCA_INTERNATIONAL_BUSINESS_COLLEGE
Takamatsu_University	Takamatsu_University
Saga_University	Saga_University
Anabuki_College	Anabuki_College
Bunka_Academy_of_Art_College	Bunka_Academy_of_Art_College
Naju_Dongshin_university	Naju_Dongshin_university
The_University_of_The_Air	The_University_of_The_Air
Seigakuin_University	Seigakuin_University
IB_College	IB_College
ROYAL_COLLEGE	ROYAL_COLLEGE
Osaka_Designers'_College	Osaka_Designers'_College
Fukuyama_Polytechnic_College	Fukuyama_Polytechnic_College
Kyoto_University	Kyoto_University
Kyushu_University_of_Nursing_and_Social_Welfare	Kyushu_University_of_Nursing_and_Social_Welfare
埼玉医科大学	Saitama Medical University
软银福冈数据中心	SoftBank Fukuoka Data Center
Takachiho_University	Takachiho_University
Kyushu_University_of_Health_And_Welfare	Kyushu_University_of_Health_And_Welfare
Shokei_College	Shokei_College
SHOHOKU_COLLEGE	SHOHOKU_COLLEGE
Shokei_Junior_College	Shokei_Junior_College
Yamanashi_Women's_Junior_College	Yamanashi Women's Junior College
University_of_Hamamatsu	University_of_Hamamatsu
SIEBOLD_University_of_NAGASAKI	SIEBOLD_University_of_NAGASAKI
Ibaraki_Christian_College	Ibaraki_Christian_College
BUNKA_WOMEN'S_UNIVERSITY	BUNKA_WOMEN'S_UNIVERSITY
YMCA_COLLEGE_OF_MEDICAL_&_HUMAN_SERVICES_IN_YONAGO	YMCA_COLLEGE_OF_MEDICAL_&_HUMAN_SERVICES_IN_YONAGO
Nursing_College	Nursing_College
Meikai_University	Meikai_University
Nishikyushu_University	Nishikyushu_University
Kagawa_Prefectural_College_of_Health_Sciences	Kagawa Prefectural College of Health Sciences
Jumonji_University	Jumonji_University
Nishogakusha_University	Nishogakusha_University
Tokyo_Management_College	Tokyo_Management_College
GMO互联网数据中心DNS服务器	GMO Internet Data Center DNS Server
Shoin_University	Shoin_University
Gunma_Prefectural_Women's_University	Gunma_Prefectural_Women's_University
Showa_College_of_Pharmaceutical_Sciences	Showa_College_of_Pharmaceutical_Sciences
Kagoshima_Women's_College	Kagoshima_Women's_College
WASEDA_University_DC	WASEDA_University_DC
HAMAMATSU_UNIVERSITY_SCHOOL_OF_MEDICINE	HAMAMATSU_UNIVERSITY_SCHOOL_OF_MEDICINE
The_Japan_Association_of_Private_Colleges_and_Universities	The_Japan_Association_of_Private_Colleges_and_Universities
Kure_University_Junior_College	Kure_University_Junior_College
KOKUSAI_TECHNICAL_BUSINESS_COLLEGE	KOKUSAI_TECHNICAL_BUSINESS_COLLEGE
ECC_Business_College_Co.	ECC_Business_College_Co.
Ehime_Woman's_Junior_College	Ehime_Woman's_Junior_College
OGIS_Computer_College	OGIS_Computer_College
Computer_Nihongakuin_Vocational_College	Computer_Nihongakuin_Vocational_College
Kurume_SHIN-AI_Women's_College	Kurume_SHIN-AI_Women's_College
Waseda_University_Digital_Campus_Consortium	Waseda_University_Digital_Campus_Consortium
GMO互联网公司DNS服务器	GMO Internet Group DNS Server
Yamanashi_College_of_Nursing	Yamanashi_College_of_Nursing
Osaka_Sangyo_University	Osaka_Sangyo_University
Okinawa_Prefectural_College_of_Nursing	Okinawa_Prefectural_College_of_Nursing
Kwansei_Gakuin_University	Kwansei_Gakuin_University
IDC_Frontier西日本软银(SoftBank)数据中心	IDC Frontier West Japan SoftBank Data Center
Japan_College_of_Medical_Care_and_Welfare	Japan_College_of_Medical_Care_and_Welfare
University_of_Tsukuba_Senior_High_School_at_Sakado	University_of_Tsukuba_Senior_High_School_at_Sakado
Fukushima_National_College_of_Technology	Fukushima National College of Technology
Osaka_Jogakuin_Junior_College	Osaka_Jogakuin_Junior_College
Konan_University	Konan_University
Kagawa_Medical_University	Kagawa_Medical_University
Nagoya_University	Nagoya_University
Toyo_University	Toyo_University
Kobe_City_Junior_College_of_Nursing	Kobe_City_Junior_College_of_Nursing
Umeda_Business_Vocational_College	Umeda_Business_Vocational_College
Showa_University	Showa_University
Honan_College	Honan_College
Japan_Electronics_College	Japan_Electronics_College
Osaka_Christian_College	Osaka_Christian_College
Osaka_University_of_Commerce	Osaka_University_of_Commerce
High_School_of_Nara_University	High_School_of_Nara_University
Hiroshima_Bunka_Jyoshi_College	Hiroshima Bunka Jyoshi College
aichi-mizuho_junior_college	Aichi Mizuho Junior College
Oyama_Polytechnic_College	Oyama_Polytechnic_College
Seian_zoukei_university	Seian_zoukei_university
MicroAd公司NTT数据中心	MicroAd NTT Data Center
Takaoka_University_of_Law	Takaoka_University_of_Law
Heian_Jogakuin_College	Heian_Jogakuin_College
Odawara_Women's_junior_college	Odawara_Women's_junior_college
Ohara_College_Tsudanuma_School	Ohara_College_Tsudanuma_School
Subaru_College	Subaru_College
Tama_Art_University	Tama_Art_University
Matsumoto_Dental_College	Matsumoto_Dental_College
The_Japanese_Red_Cross_College_of_Nursing	The_Japanese_Red_Cross_College_of_Nursing
Oita_prefectural_Saiki_technical_college	Oita Prefectural Saiki Technical College
Kawamura_Gakuen_Woman's_University	Kawamura_Gakuen_Woman's_University
Tokyo_Zokei_University	Tokyo Zokei University
Amakusa_Marine_Biological_Laboratory	Amakusa_Marine_Biological_Laboratory
Kanagawa_University_Co-op	Kanagawa_University_Co-op
Keisen_University	Keisen_University
ACADEMIC_JURIDICAL_PERSON_KOKUGAKUIN_UNIVERSITY_TOCHIGI_SCHOOL	ACADEMIC_JURIDICAL_PERSON_KOKUGAKUIN_UNIVERSITY_TOCHIGI_SCHOOL
Tsukuba_International_University_High_School	Tsukuba_International_University_High_School
Wakayama_Agricultural_College	Wakayama_Agricultural_College
Kyushu_Denki_Junior_College	Kyushu_Denki_Junior_College
Gifu_City_Women's_College	Gifu_City_Women's_College
Setagaya_Junior_High_School_Attached_to_Tokyo_Gakugei_University	Setagaya_Junior_High_School_Attached_to_Tokyo_Gakugei_University
Tokyo_Women's_Medical_College	Tokyo_Women's_Medical_College
Ritsumeikan_University	Ritsumeikan_University
YAMAGATA_SOGO_BUSINESS_COLLEGE	YAMAGATA_SOGO_BUSINESS_COLLEGE
SHINSHU_JUNIOR_COLLEGE	SHINSHU_JUNIOR_COLLEGE
Vocational_College_Internet_Conference;Japan_Electronics_College	Vocational_College_Internet_Conference;Japan_Electronics_College
Kansai_Gaidai_University	Kansai_Gaidai_University
Nara_Women's_University	Nara Women's University
Kawamura_College	Kawamura_College
Mie_University	Mie_University
Osaka_City_University	Osaka_City_University
Chiba_University_School	Chiba_University_School
Fuchigami_medical_welfare_college	Fuchigami_medical_welfare_college
Osaka_Information_and_Computer_Science_College	Osaka_Information_and_Computer_Science_College
Nihon_Fukushi_University	Nihon_Fukushi_University
Kobe_Business_Association_of_University_Co-operatives	Kobe_Business_Association_of_University_Co-operatives
Kanazawa_Medical_University	Kanazawa_Medical_University
东京富士电视台	Tokyo Fuji TV
AERONAUTICAL_SAFETY_COLLEGE_MINISTRY_OF_TRANSPORT	AERONAUTICAL_SAFETY_COLLEGE_MINISTRY_OF_TRANSPORT
Niimi_College	Niimi_College
Kansai_University_of_International_Studies	Kansai University of International Studies
Nagano_National_College_of_Technology	Nagano_National_College_of_Technology
KOBE_SHOIN_WOMEN'S_UNIVERSITY	KOBE_SHOIN_WOMEN'S_UNIVERSITY
TOHOKU_COMPUTER_COLLEGE	TOHOKU_COMPUTER_COLLEGE
Hiroshima_Bunkyo_Women's_University	Hiroshima_Bunkyo_Women's_University
Tsuyama_National_College_of_Technology	Tsuyama_National_College_of_Technology
pixiv公司	Pixiv Inc.
Marine_Biological_Station	Marine Biological Station
St_Luke's_College_of_Nursing	St_Luke's_College_of_Nursing
International_Technacal_College	International_Technacal_College
Sun_Computer_Business_College	Sun_Computer_Business_College
OSAKA_UNIVERSITY_OF_ECONOMICS	OSAKA_UNIVERSITY_OF_ECONOMICS
Kure_National_College_of_Technology	Kure_National_College_of_Technology
OSAKA_COLLEGE_OF_HIGH_TECHNOLOGY	OSAKA_COLLEGE_OF_HIGH_TECHNOLOGY
日本电信公司(软银集团)	SoftBank Group
OCN通讯网络	OCN Communications Network
Nagoya_Ohara_Gakuen_Colleges	Nagoya_Ohara_Gakuen_Colleges
Consortium_of_Vocational_Colleges_for_Developing_Distance_Education;KOBEDENSHI_Computer_Technical_College	Consortium_of_Vocational_Colleges_for_Developing_Distance_Education;KOBEDENSHI_Computer_Technical_College
KOBEDENSHI_Computer_Technical_College	KOBEDENSHI_Computer_Technical_College
Sanyo_Women's_College	Sanyo_Women's_College
University_of_Marketing_and_Distribution_Sciences	University_of_Marketing_and_Distribution_Sciences
Jorudan有限公司	Jorudan Co., Ltd.
Seishin_nursing_college	Seishin Nursing College
Osaka_Kyoiku_University;Information_Processing_Center	Osaka_Kyoiku_University;Information_Processing_Center
Seinan_Jogakuin_College	Seinan_Jogakuin_College
Sugiyama_Jogakuen_University	Sugiyama_Jogakuen_University
Kyoto_University_Center_for_Informationand_Multimedia_Studies	Kyoto_University_Center_for_Informationand_Multimedia_Studies
Taejon_Catholic_University	Taejon_Catholic_University
Bera_University_of_Gradute_Studies	Bera_University_of_Gradute_Studies
东亚银行有限公司	The Bank of East Asia Limited
INTERNET_MULTIFEED有限公司DNS服务器	Internet Multifeed Co., Ltd. DNS Server
CHUKYOGAKUIN_UNIVERSITY	CHUKYOGAKUIN_UNIVERSITY
OKAZAKI_WOMEN'S_JUNIOR_COLLEGE	OKAZAKI_WOMEN'S_JUNIOR_COLLEGE
kobe_college	kobe_college
IIJ_KossCloud	IIJ_KossCloud
首尔	Seoul
TOKYO_SEITOKU_College	TOKYO_SEITOKU_College
日本互联网交换中心	Japan Internet Exchange (JPIX)
Osaka_University_Medical_School	Osaka_University_Medical_School
The_Chonju_college_of_Technical	The_Chonju_college_of_Technical
Korea_Vocational_College	Korea_Vocational_College
INTERNET_MULTIFEED有限公司	INTERNET_MULTIFEED Co., Ltd.
交通銀行股份有限公司香港分行	Bank of Communications Co., Ltd. Hong Kong Branch
Kangwon_College	Kangwon_College
Luter_Theological_University	Luter_Theological_University
The_Catholic_University_of_Korea	The_Catholic_University_of_Korea
Shatin_College	Shatin College
NTT通讯公司	NTT Communications Corporation
Meisei_University	Meisei_University
Kyungwoon_University	Kyungwoon University
Korea_University_of_Technology_and_Education	Korea_University_of_Technology_and_Education
YAMAGATA_ART_COLLEGE_OF_DESIGN	YAMAGATA_ART_COLLEGE_OF_DESIGN
KYUNGBUK_FOREIGN_LANGUAGE_COLLEGE	KYUNGBUK_FOREIGN_LANGUAGE_COLLEGE
KYONGBUK_COLLEGE_OF_SCIENCE	KYONGBUK_COLLEGE_OF_SCIENCE
TAESHIN_CHRISTIAN_UNIVERSITY	TAESHIN_CHRISTIAN_UNIVERSITY
ChungCheong_College	ChungCheong_College
Hongsung_Polytechnic_College	Hongsung_Polytechnic_College
HAN_YOUNG_THEOLOGICAL_UNIVERSITY	HAN_YOUNG_THEOLOGICAL_UNIVERSITY
Songwon_College	Songwon_College
Dongguk_University_Medical_Center	Dongguk_University_Medical_Center
Chungnam_National_University_Hospital	Chungnam_National_University_Hospital
HACHINOHE_NATIONAL_COLLEGE_OF_TECHNOLOGY	HACHINOHE_NATIONAL_COLLEGE_OF_TECHNOLOGY
NATIONAL_TAX_COLLEGE	NATIONAL_TAX_COLLEGE
Hong_Kong_Baptist_University	Hong Kong Baptist University
有线网	China Cable Network
CHEJU_HALLA_COLLEGE	CHEJU_HALLA_COLLEGE
Hokkaido_University_of_Education_Attached_Kushiro_Elementary_School	Hokkaido_University_of_Education_Attached_Kushiro_Elementary_School
Kinki_University	Kinki University
Toyo_Eiwa_Women's_University	Toyo_Eiwa_Women's_University
ECC_College_of_Computer_&_Multimedia	ECC_College_of_Computer_&_Multimedia
air_university	air_university
SANGMYUNG_WOMEN_UNIVERSITY_SUBSIDIARY_WOMEN_HIGH_SCHOOL	SANGMYUNG_WOMEN_UNIVERSITY_SUBSIDIARY_WOMEN_HIGH_SCHOOL
Tochigi_Prefectural_Agricultural_College	Tochigi Prefectural Agricultural College
Daehan_Christian_University	Daehan_Christian_University
Mokpo_Science_College	Mokpo Science College
Hokkaido_University_of_Education_Attached_Kushiro_Junior_High_School	Hokkaido_University_of_Education_Attached_Kushiro_Junior_High_School
Nagoya_Sangyo_University	Nagoya_Sangyo_University
Tokai_University	Tokai_University
Utsunomiya_junior_College_High_School	Utsunomiya_junior_College_High_School
Taegu_Art`s_University	Taegu_Art`s_University
Hanlyo_Sanup_University	Hanlyo_Sanup_University
Meikei-Mihagino_College_of_Medical_Technology	Meikei-Mihagino_College_of_Medical_Technology
Joongang_Technological_college	Joongang_Technological_college
Joong-Ang_Sangha_University	Joong-Ang_Sangha_University
Takushoku_University_Hokkaido_Junior_College	Takushoku_University_Hokkaido_Junior_College
Narabunka_Women's_Junior_College	Narabunka_Women's_Junior_College
Yoshimoto_Keiko	Yoshimoto_Keiko
Saitama_Women's_Junior_College	Saitama_Women's_Junior_College
Kumo_Computer_Technical_College	Kumo_Computer_Technical_College
International_University_of_Health_and_Welfare	International_University_of_Health_and_Welfare
Ritsumeikan_Asia_Pacific_University	Ritsumeikan_Asia_Pacific_University
ISAHAYA_Computer_College	ISAHAYA_Computer_College
Tokyo_Metropolitan_College_of_Technology	Tokyo Metropolitan College of Technology
nougyou_jissen_university	Nougyou Jissen University
Japan_Animation_and_Manga_College	Japan_Animation_and_Manga_College
Ohara_Gakuen_Colleges	Ohara_Gakuen_Colleges
Takayama_College	Takayama_College
Kinki_Polytechnic_College	Kinki Polytechnic College
Fukushima_Medical_College	Fukushima_Medical_College
北京信诺立公司	Beijing Xinnuoli Company
Saitama_Technical_College	Saitama_Technical_College
KT公司	KT Corporation
t-broad	t-broad
The_College_of_Sapporo_Rikou_Gakuin	The_College_of_Sapporo_Rikou_Gakuin
k2_xrea	k2_xrea
网宿科技CDN联通节点	Wangsu Technology CDN China Unicom Node
Tohoku_Polytechnic_College	Tohoku_Polytechnic_College
网宿科技电信数据中心	ChinaNetCenter China Telecom Data Center
国门数据中心	Guomen Data Center
KOBE_COLLEGE_KOKUI_HOUSE	KOBE_COLLEGE_KOKUI_HOUSE
CBN	CBN
万网公司IDC	HiChina IDC
亚太电信股份有限公司DNS服务器	Asia Pacific Telecom Co., Ltd. DNS Server
中国威信(香港)	China Weixin (Hong Kong)
Kyoei_Gakuen_Junior_College	Kyoei_Gakuen_Junior_College
VietelIDC	Viettel IDC
Malviya_Regional_Engineering_College	Malviya_Regional_Engineering_College
Kyoto_Sosei_University	Kyoto_Sosei_University
D's_Fashion_College	D's_Fashion_College
Tezpur_University	Tezpur_University
Malaviya_National_Institute_of_Technology	Malaviya National Institute of Technology
DigiRock公司	DigiRock Company
Macquarie电信	Macquarie Telecom
Chugoku_Shikoku_Business_Association_of_University_Co-opratives	Chugoku_Shikoku_Business_Association_of_University_Co-opratives
Motilal_Nehru_National_Institute_of_Technology	Motilal_Nehru_National_Institute_of_Technology
Rajasthan_University	Rajasthan_University
东京大学经贸院	University of Tokyo Economics and Trade Institute
Indian_Institute_of_Technology_Roorkee	Indian_Institute_of_Technology_Roorkee
Osaka_Electro-Communication_University_Coop	Osaka_Electro-Communication_University_Coop
Birbal_Sahni_Institute_of_Palaeobotany	Birbal_Sahni_Institute_of_Palaeobotany
Ueno_college_System	Ueno_college_System
Mangalore_University	Mangalore_University
TOKAI_UNIVERSITY_FUZOKU_GYOUSEI_SENIOR_HIGHSCHOOL	TOKAI_UNIVERSITY_FUZOKU_GYOUSEI_SENIOR_HIGHSCHOOL
Sakushin_Gakuin_University	Sakushin_Gakuin_University
PLDT	PLDT
Surgespace公司	Surgespace
A_K_College_of_Engineering	A_K_College_of_Engineering
Nexon_Asia_Pacific	Nexon_Asia_Pacific
KARNATAKA_REGIONAL_ENGINEERING_COLLEGE__SURATHKAL	KARNATAKA_REGIONAL_ENGINEERING_COLLEGE__SURATHKAL
Institute_of_Computer_Science_&_Electronics;Takshashila_University_Campus	Institute_of_Computer_Science_&_Electronics;Takshashila_University_Campus
University_of_NorthBengal	University_of_NorthBengal
Pondicherry_University	Pondicherry_University
弘光科技大学	Hungkuang University
COCHIN_UNIVERSITY_OF_SCIENCE_&_TECHNOLOGY	Cochin University of Science and Technology
SK_BroadbandDNS服务器	SK_Broadband
Karnataka_Regional_Engineering_College	Karnataka_Regional_Engineering_College
台湾台东大学附设实验国民小学	Experimental Elementary School Attached to National Taitung University
Mysore_University_Library	Mysore_University_Library
Visveswaraiah_Technological_University	Visveswaraiah_Technological_University
J_N_Medical_College	Jiangxi Medical College
Shivaji_University	Shivaji_University
北投区文化国民小学	Beitou District Cultural Elementary School
KDDI通信	KDDI Communications
College_of_India	College_of_India
花莲县教育网络中心	Hualien County Education Network Center
台东市宝桑国民小学	Taitung City Baosang Elementary School
县立东海国民中学	County Donghai National Middle School
信义区福德国民小学	Xinyi District Fude Elementary School
台东市马兰国民小学	Taitung County Malan Elementary School
Mahatma_Gandhi_University	Mahatma_Gandhi_University
县立新生国民中学	County Xin Sheng National Middle School
台湾体育大学	Taiwan Sport University
North_Eastern_Regional_Institute_of_Science_&_Technology	NERIST
县立宝桑国民中学	County Baosang National Middle School
Indian_Institute_of_Space_Science_and_Technology	Indian_Institute_of_Space_Science_and_Technology
台东市仁爱国民小学	Taitung City Renai Elementary School
The_Principal_Periyar_Maniammai_College_of_Technology_for_Women	The_Principal_Periyar_Maniammai_College_of_Technology_for_Women
南华大学	University of South China
万华区龙山国民小学	Longshan National Elementary School, Wanhua District
私立奎山学校	Private Kuishan School
文山区辛亥国民小学	Wenshan District Xinhai National Elementary School
明志科技大学	Ming Chi University of Technology
中正区萤桥国民小学	Zhongzheng District Yingqiao National Elementary School
台湾台东大学	National Taitung University
文山区万福国民小学	Wanfu Elementary School, Wenshan District
市立启明学校	Qiming City School
大同区大同国民小学	Datong District Datong National Elementary School
北投区关渡国民小学	Beitou District Guandu Elementary School
私立静心国民中小学	Private Jingxin National Primary and Secondary School
Tokyo_International_College_of_Business	Tokyo International College of Business
文山区实践国民小学	Wenshan District Practice National Elementary School
市立瑠公国民中学	Municipal Liugong Junior High School
太平洋科技资讯公司	Pacific Tech Information Co., Ltd.
Webcentral数据中心	Webcentral Data Center
Tsukuba_International_Junior_College	Tsukuba_International_Junior_College
市立天母国民中学	Taipei Municipal Tianmu Junior High School
内湖区潭美国民小学	Neihu District Tanmei Elementary School
FPT数据中心	FPT Data Center
Aobagakuen_Junior_College	Aobagakuen_Junior_College
Tokyo_Nissan_driving_college	Tokyo_Nissan_driving_college
内湖区丽山国民小学	Lishan Elementary School, Neihu District
市立龙门国民中学	City Li Men National High School
Nagoya_Information_Accounting_College	Nagoya_Information_Accounting_College
大安区新生国民小学	Da'an District Xinsheng National Elementary School
College_of_Nakanippon_Aviation	College_of_Nakanippon_Aviation
Tokyo_University_of_Agriculture	Tokyo_University_of_Agriculture
松山区健康国民小学	Songshan District Health National Elementary School
中山区滨江国民小学	Zhongshan District Binjiang National Elementary School
中山区永安国民小学	Yongan National Elementary School, Zhongshan District
台湾网络信息中心	Taiwan Network Information Center
Iwate_Medical_University_Hospital	Iwate_Medical_University_Hospital
内湖区丽湖国民小学	Neihu District Lihu Elementary School
Nagoya_Economics	Nagoya_Economics
市立民族国民中学	Municipal Ethnic National Middle School
市立滨江国民中学	Municipal Binjiang National Middle School
私立东山高级中学	Private Dongshan Senior High School
Ashikaga_Junior_College_High_School	Ashikaga_Junior_College_High_School
RAKUNOGAKUEN_University	RAKUNOGAKUEN_University
Saitama_College_of_Welfare	Saitama_College_of_Welfare
私立薇阁双语高级中学	Private Wego Bilingual Senior High School
Mohka_Computer_College	Mohka_Computer_College
天主教方济高级中学	Catholic Franciscan Senior High School
Ashikaga_Junior_College	Ashikaga_Junior_College
Yamaguchi_Junior_College_of_Arts	Yamaguchi_Junior_College_of_Arts
Hakodate_Junior_High_School_attached_to;Hokkaido_University_of_Education	Hakodate_Junior_High_School_attached_to;Hokkaido_University_of_Education
私立立人国际国民中小学	Private Lih-Ren International National Primary and Secondary School
Sakurano_Seibo_Junior_College	Sakurano_Seibo_Junior_College
Tottori_Women's_College	Tottori_Women's_College
Tsuruga_Junior_College	Tsuruga_Junior_College
Tokyo_Business_Fedaration_of_University	Tokyo_Business_Fedaration_of_University
Aichi_Sangyo_University	Aichi_Sangyo_University
Shizuoka_Electronics_Information_College	Shizuoka_Electronics_Information_College
Hokkaido_University_Education_Attached;School_for_Mentally_Handicapped_Children	Hokkaido_University_Education_Attached;School_for_Mentally_Handicapped_Children
玛凯电信股份公司	Makay Telecom Co., Ltd.
University_of_East_Asia	University_of_East_Asia
Hokkaido_University_of_Education_Attached_Hakodate_Elementary_School	Hokkaido_University_of_Education_Attached_Hakodate_Elementary_School
Kansai_Professional_College_of_Art_and_Design	Kansai_Professional_College_of_Art_and_Design
College_Foundation_Moritani_Gakuen_Trajal;Hospitality&TourismCollege	College_Foundation_Moritani_Gakuen_Trajal;Hospitality&TourismCollege
Akita_Prefectural_University	Akita_Prefectural_University
Niigata_College_of_Art_&_Design	Niigata_College_of_Art_&_Design
EHIME_OHARABOKI_KOUMUIN_COLLEGE	EHIME_OHARABOKI_KOUMUIN_COLLEGE
Kyorin_University	Kyorin_University
Nagoya_Business_College	Nagoya_Business_College
HAGI_INTERNATIONAL_UNIVERSITY	HAGI_INTERNATIONAL_UNIVERSITY
Takushoku_University_Fusoryo	Takushoku_University_Fusoryo
RYUTSU_KEIZAI_University	RYUTSU_KEIZAI_University
Iwate_Technical_College	Iwate_Technical_College
Urawa_Junior_College	Urawa_Junior_College
Koka_Women's_College	Koka_Women's_College
THE_ASSOCIATION_OF_PRIVATE_JUNIOR_COLLEGE_IN_JAPAN	THE_ASSOCIATION_OF_PRIVATE_JUNIOR_COLLEGE_IN_JAPAN
Iwatani_College_of_Business	Iwatani College of Business
Polytechnic_University	Polytechnic_University
Hosen_Gakuen_Junior_College	Hosen_Gakuen_Junior_College
SAGA_WOMEN'S_JUNIOR_COLLEGE	SAGA_WOMEN'S_JUNIOR_COLLEGE
YMCA_COLLEGE_OF_HUMAN_SERVICES;	YMCA_COLLEGE_OF_HUMAN_SERVICES
索尼商务解决方案公司	Sony Business Solutions Corporation
Fukuoka_Women's_University	Fukuoka_Women's_University
FUKUOKA_COLLEGE_OF_BUSINESS	FUKUOKA_COLLEGE_OF_BUSINESS
Suga_Gakuen_Nasu_University	Suga_Gakuen_Nasu_University
Onomichi_Junior_College	Onomichi_Junior_College
Visual_Arts_College	Visual_Arts_College
Fukuoka_Technical_College	Fukuoka_Technical_College
ANABUKI_COLLEGE_OF_DESIGN	ANABUKI_COLLEGE_OF_DESIGN
Shizuoka_Seika_College	Shizuoka_Seika_College
Tottori_College_of_Information_Technology	Tottori_College_of_Information_Technology
Hijiyama_University	Hijiyama_University
OSAKA_BUNKA_FASHION_COLLEGE	OSAKA_BUNKA_FASHION_COLLEGE
Senzoku_Gakuen_College	Senzoku_Gakuen_College
Shimane_Nursing_College	Shimane_Nursing_College
TAKEHAYA_Elementary_School_attached_to_Tokyo_Gakugei_University	TAKEHAYA_Elementary_School_attached_to_Tokyo_Gakugei_University
Kyushu_Polytechnic_College	Kyushu_Polytechnic_College
Junior_High-School_attached_Shimane_University	Junior_High-School_attached_Shimane_University
Shimane_prefectual_shimane_women's_college	Shimane Prefectural Shimane Women's College
Aichi_Konan_College	Aichi_Konan_College
Hiroshima_Aki_Women's_University	Hiroshima_Aki_Women's_University
Seattle_Colleges_East_Asia_Network	Seattle_Colleges_East_Asia_Network
Nippon_Engineering_College_of_Hachioji	Nippon_Engineering_College_of_Hachioji
Nippon_Engineering_College	Nippon_Engineering_College
Canadian_International_College_Japan	Canadian_International_College_Japan
Bunka_Women's_University_Suginami_High_School	Bunka Women's University Suginami High School
OKAYAMA_SHOKA_UNIVERSITY	OKAYAMA_SHOKA_UNIVERSITY
SONODA_Women's_University	SONODA_Women's_University
Coto_College	Coto_College
Kagoshima_Prefectural_College	Kagoshima_Prefectural_College
KUSHIRO_NATIONAL_COLLEGE_OF_TECHNOLOGY	KUSHIRO_NATIONAL_COLLEGE_OF_TECHNOLOGY
Shikoku-sougou-business_College	Shikoku-sougou-business_College
Obihiro_Industrial_University_Livelihood	Obihiro_Industrial_University_Livelihood
College_of_Industrial_Technology	College_of_Industrial_Technology
Automotive_Engineering_College	Automotive_Engineering_College
JTB_TRAVEL_COLLEGE	JTB_TRAVEL_COLLEGE
International_University	International_University
Niigata_College_of_Technology	Niigata_College_of_Technology
OKAYAMA_UNIVERSITY_OF_SCIENCE_HIGH_SCHOOL	OKAYAMA_UNIVERSITY_OF_SCIENCE_HIGH_SCHOOL
Tokyo_Business_Federation_of_University	Tokyo_Business_Federation_of_University
Matsusho_Gakuen_Junior_College	Matsusho_Gakuen_Junior_College
Tokyo_College_of_Music	Tokyo College of Music
Hokkaido_University	Hokkaido_University
Chuogakuin_University	Chuogakuin_University
Minnesota_State_University	Minnesota_State_University
Nippon_Engineering_Hachioji_College	Nippon_Engineering_Hachioji_College
Kurume_University_School_of_Medicine	Kurume_University_School_of_Medicine
Shizuoka_Sangyo_University	Shizuoka_Sangyo_University
Toyo_College_of_Medical	Toyo_College_of_Medical
Gifu_Shotoku_Gakuen_University	Gifu_Shotoku_Gakuen_University
Elementary_School_attached_to_Notre_Dume_Seishin_University	Elementary_School_attached_to_Notre_Dume_Seishin_University
Tokyo_Institute	Tokyo_Institute
Belle_Epoque_College_of_Beauty	Belle_Epoque_College_of_Beauty
Tsukuba_International_University	Tsukuba_International_University
Osaka_Young_Men's_Christmas_Association_College	Osaka_Young_Men's_Christmas_Association_College
Fukui_University	Fukui_University
Gunma_College_of_Technology	Gunma_College_of_Technology
High_School_Attached_to_Nihon_Bunri_University	High_School_Attached_to_Nihon_Bunri_University
School_Corporation_Century_College	School_Corporation_Century_College
Kumano_Technical_College	Kumano_Technical_College
College_Corporation	College_Corporation
Hofu_Welfare_&_Medical_College	Hofu_Welfare_&_Medical_College
东映动画	Toei Animation
Tohoku_University_of_Art_and_Design	Tohoku University of Art and Design
Tokai_Gakuen	Tokai_Gakuen
Kyushu_Lutheran_College	Kyushu_Lutheran_College
Tokyo_University_of_Social_Welfare	Tokyo_University_of_Social_Welfare
Mimasaka_Women's_College	Mimasaka_Women's_College
I-Techno_Co.	I-Techno_Co.
Chiba-Keizai_University	Chiba-Keizai_University
TAISHO_UNIVERSITY	TAISHO_UNIVERSITY
Juntendo_University	Juntendo_University
CHUKYO_JUNIOR_COLLEGE	CHUKYO_JUNIOR_COLLEGE
Trajal_Hospitality_and_Tourism_College	Trajal_Hospitality_and_Tourism_College
Polytechnich_University_Research_&_Development_Center	Polytechnic University Research & Development Center
Nagoya_College_of_Information	Nagoya_College_of_Information
Takushoku_University	Takushoku_University
Osaka_Shoin_Women's_college	Osaka_Shoin_Women's_college
Natioonal_Tax_Administration_National_Tax_College	Natioonal_Tax_Administration_National_Tax_College
The_University_of_Shimane	The_University_of_Shimane
Fuji_Computer_College.	Fuji_Computer_College
Musashigaoka_College	Musashigaoka_College
Toyo_University's_Affiliated_Ushiku_Senior_High_School	Toyo University's Affiliated Ushiku Senior High School
St_Margaret's_Junior_College	St_Margaret's_Junior_College
Kokugakuin_University_Kugayama_Junior_Highschool	Kokugakuin_University_Kugayama_Junior_Highschool
SEIAN_COLLEGE_OF_ART_AND_DESIGN	SEIAN_COLLEGE_OF_ART_AND_DESIGN
Shirayuri_College	Shirayuri_College
Toita_Women's_college	Toita Women's College
OSAKA_SANGYO_UNIVERSITY	OSAKA_SANGYO_UNIVERSITY
Elisabeth_University_of_Music	Elisabeth_University_of_Music
Meijo_University_Senior_High_School	Meijo_University_Senior_High_School
The_Senior_High_School_Affiliated_to_Showa_College	The_Senior_High_School_Affiliated_to_Showa_College
Sato_Business_College	Sato_Business_College
KYORIN_UNIVERSITY	KYORIN_UNIVERSITY
showagakuin_college	showagakuin_college
Shujitsu_Women's_University	Shujitsu_Women's_University
ooharabookkeeping_colleges_yokohama	ooharabookkeeping_colleges_yokohama
Siebold_University_of_Nagasaki	Siebold_University_of_Nagasaki
Kyushu_Gaigo_College	Kyushu_Gaigo_College
Hachinohe_University	Hachinohe_University
Rakuno_Gakuen_University_Library	Rakuno_Gakuen_University_Library
Educational_Foundation_Oosaka_Music_College	Educational_Foundation_Oosaka_Music_College
Hyogo_Nutrition_Vocational_College	Hyogo_Nutrition_Vocational_College
Kobe_University_of_Mercantile_Marine	Kobe_University_of_Mercantile_Marine
Koriyama_College_for_Women	Koriyama_College_for_Women
Kanda_University_of_International_Studies	Kanda_University_of_International_Studies
Chikushi_Jogakuen_University	Chikushi_Jogakuen_University
ANABUKI_COLLEGE_SERVICE_CO.	ANABUKI_COLLEGE_SERVICE_CO
SEGA公司雅虎数据中心	SEGA Yahoo! Data Center
The_Meirinkan_Educational_Foundatio	The_Meirinkan_Educational_Foundatio
Hanada_College	Hanada_College
BroadBand_Tower	BroadBand_Tower
KYUSHU_SANGYO_SENIOR_HIGH_SCHOOL_AFFILIATED_WITH_KYUSHU_SANGYO_UNIVERSITY	KYUSHU_SANGYO_SENIOR_HIGH_SCHOOL_AFFILIATED_WITH_KYUSHU_SANGYO_UNIVERSITY
OKINAWA_POLYTECHNIC_COLLEGE	Okinawa Polytechnic College
funabasi-joho-bijinesu_college_of_technology	funabasi-joho-bijinesu_college_of_technology
日本桥茅场町	Nihonbashi Kayabacho
Kyoto_Pharmaceutical_University	Kyoto_Pharmaceutical_University
Waseda_University_Yamamoto_laboratory	Waseda_University_Yamamoto_laboratory
Bunka_Fasion_College	Bunka Fashion College
Osaka_Medical_College	Osaka Medical College
Iwate_Agricultural_Junior_College	Iwate_Agricultural_Junior_College
Keiwa_Gakuen_College	Keiwa_Gakuen_College
Faculty_of_Agriculture_Kinki_University	Faculty_of_Agriculture_Kinki_University
OSAKA_BUSINESS_COLLEGE	OSAKA_BUSINESS_COLLEGE
Kochigakuen_Junior_College	Kochigakuen_Junior_College
Shikoku_Medical_Engineering_College	Shikoku_Medical_Engineering_College
Nagaoaka_College_of_Technology	Nagaoaka_College_of_Technology
OBIRIN_University	OBIRIN_University
Okayama_Information_College	Okayama_Information_College
Tokyo_College_of_Biotechnology	Tokyo_College_of_Biotechnology
Osaka_College_of_Foreign_Languages_&_International_Busines	Osaka_College_of_Foreign_Languages_&_International_Busines
Ueda_Women's_Junior_College	Ueda_Women's_Junior_College
Kinki_University_School_of_Biology-Oriented_Science_and_Technology	Kinki_University_School_of_Biology-Oriented_Science_and_Technology
Chiba_Keizai_University_High_School	Chiba_Keizai_University_High_School
AICHI-SHINSHIRO-OTANI_COLLEGE	AICHI-SHINSHIRO-OTANI_COLLEGE
Tsuruoka_National_College_of_Technology	Tsuruoka National College of Technology
Jikei_University	Jikei_University
Tokai_University_Fukuoka_Junior_College	Tokai_University_Fukuoka_Junior_College
University_Industry_Partnership	University_Industry_Partnership
Nagaoka_Junior_College	Nagaoka_Junior_College
University_of_Tokushima	University_of_Tokushima
BAIKA_Women's_College	BAIKA_Women's_College
Koibuchi_college_of_agriculture	Koibuchi_college_of_agriculture
Hyogo_Prefecture_Hospital_Association;Kobe_Narse_College	Hyogo_Prefecture_Hospital_Association;Kobe_Narse_College
Yong_In_Mental_Hospital	Yong_In_Mental_Hospital
Fashion_College_Sakuragaoka	Fashion_College_Sakuragaoka
Nishinippon_Junior_College	Nishinippon_Junior_College
SCHOOL_CORPORATION_NOMATAGAKUEN_HAKODATE_UNIVERSITY	SCHOOL_CORPORATION_NOMATAGAKUEN_HAKODATE_UNIVERSITY
ANABUKI_COLLEGE	ANABUKI_COLLEGE
Osaka_College_of_Foreign_Languages_&_International_Business	Osaka_College_of_Foreign_Languages_&_International_Business
CHIBA_COLLEGE_OF_HEALTH_SCIENCE	CHIBA_COLLEGE_OF_HEALTH_SCIENCE
TAMA_UNIVERSITY_HIJIRIGAOKA_HIGH_SCHOOL	TAMA_UNIVERSITY_HIJIRIGAOKA_HIGH_SCHOOL
台湾爱鸥网	Taiwan Airgo Networks
登门数位通信	Dengmen Digital Communication
Tobata_accounting_college	Tobata_accounting_college
Kurashiki_City_College	Kurashiki_City_College
洄澜有线电视	Huilian Cable TV
宏碁	Acer
Miyazaki_Infomation_Business_College	Miyazaki_Infomation_Business_College
安碁资讯	Anchi Information Technology Co., Ltd.
Hokuriku_Business_Association_of_University	Hokuriku_Business_Association_of_University
中国国际电子商务中心	China International Electronic Commerce Center
联通DNS服务器(全省通用)	China Unicom DNS Server (Province-wide)
神坊资讯	Symphox Information
国网中心	China Grid Center
联通(数字北京大厦IDC机房)	China Unicom (Digital Beijing Building IDC)
新世纪资通股份有限公司DNS服务器	New Century InfoComm Co., Ltd. DNS Server
联通(省体育局接入)	China Unicom (Provincial Sports Bureau Access)
SourceForge文件缓存服务器(亚太东15of25节点nchc)	SourceForge File Cache Server (Asia Pacific East 15 of 25 nodes NCHC)
联通祝站镇无名网吧	China Unicom Zhuzhan Town Anonymous Internet Cafe
联通江场IDC机房	China Unicom Jiangchang IDC Room
联通创智网吧(武商旁边)	China Unicom Chuangzhi Internet Bar (Next to Wushang)
联通晋中分公司	China Unicom Jinzhong Branch
联通(揭东	China Unicom (Jiedong)
华义国际数位娱乐股份有限公司	Wayi International Digital Entertainment Co., Ltd.
路数互联bgp	Lushu Interconnection BGP
电信互联网络交换中心	China Telecom Internet Exchange Center
互联网信息交换中心	Internet Exchange Center
路数互联BGP节点	Lushu Interconnect BGP Node
计算机世界传媒集团	Computer World Media Group
联通网吧(青大麦岛车站附近)	China Unicom Internet Cafe (Near Qingdao Maidao Station)
国创科技发展有限公司	Guochuang Technology Development Co., Ltd.
联通网苑(南坪店光大银行旁)	China Unicom NetWan (Nanping Store Near Everbright Bank)
北京宽捷网络信息技术有限公司	Beijing Kuanjie Network Information Technology Co., Ltd.
联通分公司	China Unicom Branch
263网络通信电信数据中心	263 Network Communications Telecom Data Center
和乔大厦网络	HeQiao Building Network
联通广场江西联通总部	China Unicom Square, Jiangxi China Unicom Headquarters
北京云方舟科技有限公司	Beijing Cloud Ark Technology Co., Ltd.
联通大唐国际潮州发电股份有限公司设备部	China Unicom Datang International Chaozhou Power Generation Co., Ltd. Equipment Department
联通新时空	China Unicom New Horizon
CNNIC	CNNIC
铁通互联节点	China Tietong Interconnection Node
IDC_Frontier	IDC_Frontier
联通(静安中心机房)	China Unicom (Jing'an Center Computer Room)
广电网(移动出口)	China Broadcasting Network (China Mobile Exit)
联通营业部	China Unicom Business Department
飞天网吧	Feitian Internet Cafe
有线通(移动出口)	China Mobile (Cable)
TCL天津分公司	TCL Tianjin Branch
Nagano_University	Nagano_University
妙通纺织有限公司	Miaotong Textile Co., Ltd.
Public_Kasugai-Komaki_Nursing_College	Public_Kasugai-Komaki_Nursing_College
国际教育园-学生广场A区-2楼移动营业厅	International Education Park - Student Square Area A - 2nd Floor China Mobile Business Hall
联通数码港	Unicom Digital Port
Rakuno_Gakuen_University_Faculty_of_Environment_systems	Rakuno_Gakuen_University_Faculty_of_Environment_systems
中铁二十三局集团公司瑞儿酒店	China Railway 23rd Bureau Group Company Rui'er Hotel
CNNIC会员联通节点	CNNIC Member China Unicom Node
移动NS服务器	China Mobile NS Server
仁川大学	Incheon National University
Construction_Site_for_Keio_University's	Keio University Construction Site
移动随E行	China Mobile E-surfing
Toyoko_Gakuen_Woman's_College	Toyoko Gakuen Woman's College
移动公众宽带DNS服务器	China Mobile Public Broadband DNS Server
Miyazaki_Imformation_Business_College	Miyazaki_Imformation_Business_College
KDDI通信公司DNS服务器	KDDI Communications DNS Server
移动宽带LAN	China Mobile Broadband LAN
Tokyo_Designers_Gakuin_College	Tokyo_Designers_Gakuin_College
中电飞华PLC网络	Zhongdian Feihua PLC Network
南沈灶网吧	Nanshenzao Internet Cafe
移动骨干网(铁通互联节点)	China Mobile Backbone Network (Tietong Interconnection Node)
企商在线数据通信科技有限公司	Qishang Online Data Communication Technology Co., Ltd.
北京联通数据中心	Beijing Unicom Data Center
联通网苑网吧	China Unicom Netbar
Osaka_Designer's_College	Osaka Designer's College
Chuo_Commercial_Technical_College	Chuo_Commercial_Technical_College
飞华通信	Feihua Communication
中电飞华	Zhongdian Feihua
Oita_University_of_Nursing_and_Health_Sciences	Oita_University_of_Nursing_and_Health_Sciences
Setsunan_University	Setsunan_University
Higashi_Chikushi_Junior_College	Higashi_Chikushi_Junior_College
Waseda_University	Waseda_University
水利部	Ministry of Water Resources
广电百度CDN	China Broadcasting Network Baidu CDN
移动节点	China Mobile Node
华东医院	Huadong Hospital
移动宽带	China Mobile Broadband
移动动感地带体验店	China Mobile M-Zone Experience Store
移动公司	China Mobile
移动通信分公司	China Mobile Communications Branch
科技管理干部学院	Science and Technology Management Cadre Institute
北京科技大学	University of Science and Technology Beijing
大柳树铁道部科学研究院	China Academy of Railway Sciences
天宇网络通信集团	Tianyu Network Communication Group
八维计算机学校	Bawei Computer School
灵图软件技术有限公司	Lingtu Software Technology Co., Ltd.
汇申信息网络有限公司	Huicheng Information Network Co., Ltd.
中国电子集团第五十研究所	The 50th Research Institute of China Electronics Technology Group Corporation
北京科技大学管理学院	School of Management, University of Science and Technology Beijing
基网电脑有限公司	JiWang Computer Co., Ltd.
城市规划展示馆	City Planning Exhibition Hall
第二医科大学	Second Medical University
岳阳医院	Yueyang Hospital
中科恒业科技有限公司	Zhongke Hengye Technology Co., Ltd.
漕河泾科技网IDC机房	CSTNET IDC Room in Caohejing
出版大楼	Publishing Building
中华通信	China Communication
国研网络数据科技有限公司	Guoyan Network Data Technology Co., Ltd.
洪山科技创业中心A座	Hongshan Science and Technology Venture Center Building A
石化有线网宽带	PetroChina Cable Broadband
蓝狼网络技术有限公司	Bluewolf Network Technology Co., Ltd.
国通数据中心	Guotong Data Center
中国科学院成都计算机应用研究所	Chengdu Institute of Computer Application, Chinese Academy of Sciences
台商子弟学校	Taiwan Businessmen's School
北京世纪互联宽带数据中心电信节点	Beijing Century Internet Broadband Data Center Telecom Node
北京大学第一医院	Peking University First Hospital
搜于特服装股份有限公司	Souyute Garment Co., Ltd.
融海世纪科技有限公司	Ronghai Century Technology Co., Ltd.
印佳图色文具厂	Yinjia Tuse Stationery Factory
楚烟信息技术有限公司	ChuYan Information Technology Co., Ltd.
网宽天地科技有限公司	Wangkuan Tiandi Technology Co., Ltd.
中成化工股份有限公司	Zhongcheng Chemical Co., Ltd.
北京蓝信同正科技有限公司联通节点	Beijing Lanxin Tongzheng Technology Co., Ltd. China Unicom Node
民航数据公司网络部(朝阳十里河)	Civil Aviation Data Network Department (Chaoyang Shilihe)
长丰宽带	Changfeng Broadband
北京世纪互联宽带数据中心有限公司电信节点	Beijing Century Internet Broadband Data Center Co., Ltd. Telecom Node
广东广播电视网络股份公司韶关分公司联通节点	China Broadcasting Network Co., Ltd. Shaoguan Branch Unicom Node
CNNIC会员上海电信节点	CNNIC Member Shanghai Telecom Node
网宿科技电信CDN节点	ChinaNetCenter Telecom CDN Node
东糖集团有限公司	Dongtang Group Co., Ltd.
精讯云顿数据软件有限公司(东城区安德里北街21号八一综合楼南二楼)	Jingxun Yundun Data Software Co., Ltd. (South Second Floor, August 1st Comprehensive Building, No. 21 Andeli North Street, Dongcheng District)
E-joint网络信息服务有限公司用户	E-joint Network Information Service Co., Ltd.
亿力电力通信有限公司	Yili Electric Power Communication Co., Ltd.
北京时代网星科技有限公司	Beijing Times Netstar Technology Co., Ltd.
成都西维数码科技有限公司四川电信成都光华互联网数据中心节点	Chengdu Xiwei Digital Technology Co., Ltd. Sichuan Telecom Chengdu Guanghua Internet Data Center Node
四川托普信息技术学院	Sichuan Top Information Technology Institute
北京电信互联网数据中心	Beijing Telecom Internet Data Center
新一代技术(广州)有限公司BGP节点	New Generation Technology (Guangzhou) Co., Ltd. BGP Node
北京畅捷科技有限公司联通节点	Beijing Changjie Technology Co., Ltd. - China Unicom Node
聂各庄-圆明园学院-学生机房	Niegezhuang-Yuanmingyuan College-Student Computer Room
润迅通信集团有限公司联通节点	China Unicom (Runxun Communication Group Co., Ltd. Node)
黑蜘蛛网吧(一环路东一段)	Black Spider Internet Cafe (Section East of First Ring Road)
上海延华智能科技(集团)股份有限公司	Shanghai Yanhua Smartech Group Co., Ltd.
中国国家邮政局BGP节点	China Post BGP Node
北京时代网星科技有限公司联通节点	Beijing Times Netstar Technology Co., Ltd. China Unicom Node
万通宽带	Wantong Broadband
北京世纪互联宽带数据中心有限公司	Beijing Century Internet Broadband Data Center Co., Ltd.
杭州世导通讯有限公司互联网数据中心电信节点	Hangzhou ShiDao Communication Co., Ltd. Internet Data Center China Telecom Node
杭州世导通讯有限公司	Hangzhou Starnet Communications Co., Ltd.
风情网吧	Fengqing Internet Cafe
易泰达科技有限公司	Etada Technology Co., Ltd.
对外图书交流中心	International Book Exchange Center
杭州世导通讯有限公司互联网数据中心移动节点	Hangzhou Seda Communication Co., Ltd. Internet Data Center Mobile Node
中国电信集团股份有限公司北京分公司	China Telecom Group Corporation Beijing Branch
万通宽带网	Wantong Broadband Network
互联港湾云数据中心	Internet Harbor Cloud Data Center
神州在线	China Online
中电华通通信有限公司	China Electric Huatong Communication Co., Ltd.
广东金科信息网络中心	Guangdong Goldtech Information Network Center
博升拓网络技术有限公司	Bosheng Tuo Network Technology Co., Ltd.
263网络集团BGP节点	263 Network Group BGP Node
优创金融电信服务网	Youchuang Financial Telecom Service Network
金汉王通信有限公司	Kinghanwang Communication Co., Ltd.
杭州世导通讯有限公司互联网数据中心联通节点	Hangzhou ShiDao Communication Co., Ltd. Internet Data Center China Unicom Node
中国传媒大学	Communication University of China
中国石油大学(华东)	China University of Petroleum (East China)
中央民族大学	Minzu University of China
广电宽带出口	China Broadcasting Network Broadband Exit
北京中电飞华通信股份有限公司	Beijing Zhongdian Feihua Communication Co., Ltd.
万通宽带飞越网吧	Wantong Broadband Feiyue Internet Cafe
宇通创新科技发展有限公司	Yutong Innovative Technology Development Co., Ltd.
盈通宽带	Yingtong Broadband
中国联合网络通信集团有限公司	China Unicom
豪海网络俱乐部	Haohai Network Club
国研网	DRCnet
银盾泰安电信节点	Yindun Tai'an China Telecom Node
中电飞华数据中心	CEC-Fibrlink Data Center
广州石油培训中心	Guangzhou Petroleum Training Center
金融大街通泰大厦	Financial Street Tongtai Building
中国联合网络通信集团有限公司上海分公司	China United Network Communications Group Co., Ltd. Shanghai Branch
ONSE电信公司	ONSE Telecom
禅城区汇友网吧	Huibe Internet Cafe, Chancheng District
中软英特信息技术	ChinaSoft International Information Technology
世明大学	Semyung University
北四环西路58号理想国际大厦	North Fourth Ring Road West No. 58 Ideal International Building
上海电信科技发展有限公司电信节点	Shanghai Telecom Technology Development Co., Ltd. Telecom Node
电视台	TV Station
北四环西路58号晶合时代软件	North Fourth Ring West Road No. 58, Jinghe Times Software
铁道部党校	Railway Party School
阜城门华联对面信息产业部电信规划研究院	Academy of Telecommunications Planning Research, Ministry of Information Industry, Opposite Hualian, Fuchengmen
小南庄怡秀园晶合时代软件公司	Jinghe Times Software Company
Modern_University_for_the_Humanities	Modern_University_for_the_Humanities
西坝河南路1号北京金岛花园	Beijing Jindao Garden, No. 1 XiBaHe South Road
Private_owned_University	Private_owned_University
Isle_College	Isle_College
East-Siberian_state_technological_university	East-Siberian State Technological University
SK_broadband	SK Broadband
BARKINGCOLLEGE	Barking College
Maritime_University_of_Szczecin	Maritime_University_of_Szczecin
HCLC数据中心	HCLC Data Center
中央民族大学图书馆	Minzu University of China Library
PARALLELS软件(北京)有限公司	Parallels Software (Beijing) Co., Ltd.
Tiscali公司	Tiscali
University_of_Bradford	University_of_Bradford
JSC_Vostoktelecom	JSC_Vostoktelecom
Buryat_state_university	Buryat State University
Virtual_WWW_Server	Virtual_WWW_Server
大丘庆北国立大学	Kyungpook National University
King_Abdul_Aziz_City_for_Science_and_Technology	King Abdul Aziz City for Science and Technology
Nour_Communication_Co_Ltd-Nournet	Nour Communication Co. Ltd - Nournet
Technical_University_of_Szczecin	Technical_University_of_Szczecin
Davies_Laing_&_Dick_Independant_College	Davies Laing & Dick Independent College
City_University	City_University
Oldham_Sixth_Form_College	Oldham_Sixth_Form_College
New_University_of_Humanities_by_Natalia_Nesterova	New_University_of_Humanities_by_Natalia_Nesterova
dediserv网络公司	Dediserv Network Co., Ltd.
KrLine互联网服务公司	KrLine Internet Service Company
New_Humanitarian_University	New_Humanitarian_University
纽伦堡音乐学院	Nuremberg University of Music
Omsk_State_Pedagogical_University	Omsk State Pedagogical University
Serving_Jordan_University_in_Amman_Jordan	Serving_Jordan_University_in_Amman_Jordan
University_Of_Szczecin	University_Of_Szczecin
Reading_University	Reading_University
Internet_Cafee;University_Area	Internet Cafe; University Area
Northern_International_University	Northern International University
The_Moscow_state_building_university	The Moscow State Building University
Free_Sas_IDC	Free_Sas_IDC
比亚韦斯托克医药大学	Medical University of Bialystok
Internet_Cafee;Serving_Yarmouk_University_in_Irbed_Jordan	Internet_Cafe;Serving_Yarmouk_University_in_Irbed_Jordan
国立莫斯科大学	Moscow State University
Omsk_State_University	Omsk_State_University
Internet_Services_Company;Serving_the_university_students	Internet_Services_Company;Serving_the_university_students
State_University_of_Valahia	State University of Valahia
suffolk_university_madrid_campus	suffolk_university_madrid_campus
比亚威斯托克工业大学	Bialystok University of Technology
kaliningrad_state_university	Kaliningrad State University
什切青农业学院	Agricultural University of Szczecin
UwB_University_of_Bialystok	UwB_University_of_Bialystok
Saudi_Business_Machines	Saudi_Business_Machines
Williams_College	Williams_College
Oxford_University_Press_Espa	Oxford University Press España
Scandinavian_University_Press	Scandinavian_University_Press
华沙大学	University of Warsaw
Harlaxton_College	Harlaxton_College
Internet_Cafee;University_St	Internet Cafe; University
Technical_University_of_Czestochowa	Technical_University_of_Czestochowa
Bilborough_College	Bilborough_College
Atheeb_trading_Co_Ltd(Saudi_Internet)	Atheeb_trading_Co_Ltd(Saudi_Internet)
St_Mary's_College;Further_Education_establishment	St_Mary's_College;Further_Education_establishment
University_of_Foreign_Languages_and_Economics	University_of_Foreign_Languages_and_Economics
The_College_of_Computer_Science	The_College_of_Computer_Science
BBC广播公司	BBC
West_Nottinghamshire_College	West_Nottinghamshire_College
Trent_College	Trent_College
Internet_Cafee;Mafrak	Internet_Cafee;Mafrak
Sutton_Centre_Community_College	Sutton_Centre_Community_College
King_Saud_University	King Saud University
Jeraisy_For_Internet_Services_Co_Ltd	Jeraisy_For_Internet_Services_Co_Ltd
Knowsley_Community_College;Further_Education_Establishment	Knowsley_Community_College;Further_Education_Establishment
Technology_college_in_Liverpool	Technology_college_in_Liverpool
Medical_University_of_Silesia	Medical_University_of_Silesia
Jan_Dlugosz_University	Jan_Dlugosz_University
University_Zielonogorski	University of Zielona Góra
State_University;St-Petersburg.	State_University;St-Petersburg
University_of_Music_in_Bydgoszcz	University_of_Music_in_Bydgoszcz
Medical_University_of_Lodz	Medical_University_of_Lodz
Leeds_Metropolitan_University	Leeds Metropolitan University
哈勒艺术和设计学院	University of Art and Design Halle
Spanish_University	Spanish_University
Medical_Academy	Medical_Academy
Vladivostok_State_University	Vladivostok_State_University
YeCDN高防节点	YeCDN DDoS Protection Node
SpaceDump公司	SpaceDump
Surgutgasprom_Co._Ltd.	Surgutgasprom_Co._Ltd.
University_of_Techn._&_Agric._in_Bydgoszcz	University of Technology and Agriculture in Bydgoszcz
University_of_Technology_and_Agriculture_in_Bydgoszcz	University_of_Technology_and_Agriculture_in_Bydgoszcz
NATO-DEFENSE-COLLEGE	NATO-DEFENSE-COLLEGE
Canadian_University	Canadian_University
Berkshire_College_of_Agriculture	Berkshire_College_of_Agriculture
Keyham_College_Road_Primary_School	Keyham_College_Road_Primary_School
SABANCI_UNIVERSITY	SABANCI_UNIVERSITY
Surgut_State_University	Surgut_State_University
Russian_State_Technology_University_(MATI)_named_after_K_Tciolkovsky	Russian State Technology University named after K. E. Tsiolkovsky (MATI)
d'Overbroeck's_College	d'Overbroeck's_College
Pedagogical_University_in_Bydgoszcz	Pedagogical_University_in_Bydgoszcz
敖德萨国立海运学院	Odessa National Maritime Academy
Dereham_Sixth_Form_College	Dereham_Sixth_Form_College
All_Saints_Catholic_College	All_Saints_Catholic_College
Kings_College_London	Kings_College_London
Royal_College_of_Pathologists_ltd	Royal_College_of_Pathologists_ltd
Wycliffe_College_ltd	Wycliffe_College_ltd
Eggbuckland_Community_College	Eggbuckland Community College
East_Devon_College_3rd_Class_C	East_Devon_College_3rd_Class_C
University_of_Technology_and_Agriculture	University_of_Technology_and_Agriculture
Gillingham_College	Gillingham_College
St_Georges_College	St_Georges_College
Hazelwood_College	Hazelwood_College
west_cumbria_college	west_cumbria_college
PlusNetDNS服务器	PlusNetDNS server
Groby_Community_College	Groby_Community_College
Sedgefield_Community_College	Sedgefield_Community_College
Suffolk_University_Madrid	Suffolk_University_Madrid
Crown_Hills_School_&_Community_College	Crown_Hills_School_&_Community_College
Felpham_Community_College	Felpham_Community_College
Imperial_College_of_Science_Technology	Imperial_College_of_Science_Technology
PlusNet	PlusNet
St_John's_School_&_Community_College	St_John's_School_&_Community_College
City_College_Norwich	City_College_Norwich
Technical_University_of_Lodz;The_Bielsko-Biala_Branch	Technical_University_of_Lodz;The_Bielsko-Biala_Branch
Imperial_College_School_of_Medicine;	Imperial_College_School_of_Medicine
The_College_of_Optometrists_ltd	The_College_of_Optometrists_ltd
Sittingbourne_Community_College	Sittingbourne_Community_College
Carterton_Community_College	Carterton_Community_College
Launceston_College	Launceston_College
WIND手机包月上网	WIND mobile monthly internet
St_Louis_University_in_Spain	St. Louis University in Spain
College_Town_Junior_School	College_Town_Junior_School
Arabic_Computer_System_Co.	Arabic Computer System Co.
Barnaul_State_Pedagogical_University	Barnaul_State_Pedagogical_University
Royal_College_of_Vetinerary_Surgeons	Royal_College_of_Vetinerary_Surgeons
Siberian_State_University_of_Telecommunication_and_Information_Sciences_in_Novosibirsk.	Siberian State University of Telecommunication and Information Sciences in Novosibirsk
Imperial_College_School_of_Medicine	Imperial_College_School_of_Medicine
London_College_of_Fashion	London_College_of_Fashion
Eastbourne-College-of-Arts	Eastbourne-College-of-Arts
Regus_UK_University_Gate	Regus_UK_University_Gate
Soar_Valley_Community_College	Soar Valley Community College
Thomas_Estley_Community_College	Thomas_Estley_Community_College
Latimer_Community_Art_College	Latimer_Community_Art_College
Hamilton_Community_College	Hamilton_Community_College
Kent_College_Infant_and_Junior_School	Kent_College_Infant_and_Junior_School
Kent_College_Pembury__39672	Kent_College_Pembury__39672
Pontville_School_&_College	Pontville School & College
St_Columba's_College	St_Columba's_College
Fullhurst_Community_College	Fullhurst_Community_College
ThornHill_College	ThornHill_College
Oakgrove_Integrated_College	Oakgrove_Integrated_College
Ivanhoe_College	Ivanhoe_College
Castle_Donington_Community_College	Castle_Donington_Community_College
Countesthorpe_Community_College	Countesthorpe_Community_College
Eltham_Hill_Technnology_College_for_Girls	Eltham_Hill_Technnology_College_for_Girls
Chesham_Park_Community_College	Chesham_Park_Community_College
UMCS	UMCS
Military_Medical_University	Military_Medical_University
欧洲-地中海气候变化中心	Euro-Mediterranean Center on Climate Change
Medway_Community_College	Medway_Community_College
Stanground_College	Stanground_College
Arthur_Mellows_Village_College	Arthur_Mellows_Village_College
Consorzio_di_Calcolo_Inter_universitario	Consorzio di Calcolo Interuniversitario
University_of_Lodz	University_of_Lodz
Novorossisk_State_University	Novorossisk_State_University
Bushfield_Community_College	Bushfield_Community_College
Universita'_di_Ferrara_-_sede_di_Rovigo	Universita'_di_Ferrara_-_sede_di_Rovigo
Kuban_State_Agrarian_University	Kuban_State_Agrarian_University
Siberian_State_Medical_University	Siberian_State_Medical_University
The_Salezian_College_of_Economy_and_Management_in_Lodz	The_Salezian_College_of_Economy_and_Management_in_Lodz
Barnaul_State_Educational_University	Barnaul_State_Educational_University
Altai_State_Technical_University	Altai_State_Technical_University
Tomsk_State_University_of_Architecture_and_Building	Tomsk_State_University_of_Architecture_and_Building
European_University_at_St._Petersburg	European_University_at_St._Petersburg
Catholic_University	Catholic University
Tomsk_State_University_of_Control_Systems_and_Radioelectronics	Tomsk_State_University_of_Control_Systems_and_Radioelectronics
Saratov_State_Medical_University	Saratov_State_Medical_University
Tomsk_State_Pedagogical_University	Tomsk_State_Pedagogical_University
Saratov_State_Technical_University	Saratov_State_Technical_University
法伦达尔WHU管理学院大学	WHU - Otto Beisheim School of Management
Siberian_Branch_of_Russian_Academy_of_Sciences	Siberian_Branch_of_Russian_Academy_of_Sciences
Medical_University	Medical_University
Plymouth_College	Plymouth_College
大学图书馆	University Library
Salvatorian_College	Salvatorian_College
Kuban_State_University	Kuban_State_University
Altai_State_Agrarian_University	Altai State Agrarian University
Perm_State_University;Soros_University	Perm_State_University;Soros_University
Altai_State_Medical_University	Altai State Medical University
塞尔维亚电信公司	Telekom Serbia
Senare_Technology_College	Senare_Technology_College
Gamlingay_Village_College	Gamlingay_Village_College
维斯马应用技术大学	University of Applied Sciences Wismar
St_Helens_College	St_Helens_College
saratov_state_university	Saratov State University
友谊大学	Friendship University
The_Royal_College_of_Surgeons_of_Edinburgh	The Royal College of Surgeons of Edinburgh
施马卡尔登应用技术大学	Schmalkalden University of Applied Sciences
Lancing_College_	Lancing_College_
Nizhny_Tagil_Universities_Campus_Network	Nizhny_Tagil_Universities_Campus_Network
Saratov_State_Agro-Engineering_University	Saratov_State_Agro-Engineering_University
吉森-弗里德贝格应用技术大学	University of Applied Sciences Giessen-Friedberg
Stewarts_Melville_College	Stewarts_Melville_College
Chippenham_College	Chippenham_College
Saint_Petersburg_State_Pavlov_Medical_University	Saint_Petersburg_State_Pavlov_Medical_University
东威斯特法伦-利普应用技术大学	Ostwestfalen-Lippe University of Applied Sciences
St_George's_College_Junior_School	St_George's_College_Junior_School
Dartford_West_Tech_College	Dartford_West_Tech_College
Northwood_College	Northwood_College
Queen_Ethelburga's_College	Queen_Ethelburga's_College
Lord_Mayor_Treloar_College	Lord_Mayor_Treloar_College
Convent_of_Jesus_&_Mary_Language_College	Convent_of_Jesus_&_Mary_Language_College
不来梅国际大学	Bremen International University
Magdalen_College	Magdalen_College
Malvern_Girls_College	Malvern_Girls_College
Harrogate_Ladies_College	Harrogate_Ladies_College
Ratcliffe_College	Ratcliffe_College
Manchester_College_of_arts_&_Technology	Manchester College of Arts & Technology
North_Allerton_College	North_Allerton_College
Slough_&_Eton_College	Slough & Eton College
COLLEGE_TOWN_JUNIOR	COLLEGE_TOWN_JUNIOR
Kingston_Maurward_College	Kingston_Maurward_College
COLLEGE_TOWN_INFANTS	COLLEGE_TOWN_INFANTS
Oakmead_College_of_Technology	Oakmead_College_of_Technology
Salisbury_College	Salisbury_College
College_of_Further_Education	College of Further Education
St_John_Deane's_College	St_John_Deane's_College
Joseph_Priestley_College	Joseph_Priestley_College
Lackham_College	Lackham_College
King_Edward_VII_Community_College	King_Edward_VII_Community_College
Wyvern_College	Wyvern_College
New_College	New_College
Winchester_College	Winchester_College
Homerton_College_Of_Technology	Homerton_College_Of_Technology
Bournemouth_&_Poole_College_of_FE	Bournemouth_&_Poole_College_of_FE
Liverpool_College	Liverpool_College
College_Town_Infants_School	College_Town_Infants_School
The_Royal_College_of_Veterinary_Surgeons	The_Royal_College_of_Veterinary_Surgeons
Long_Road_6th_Form_College	Long_Road_6th_Form_College
Eccles_College	Eccles_College
Northumberland_College;	Northumberland_College
Cardonald_College_is_an_FE_college_in_Glasgow	Cardonald_College_is_an_FE_college_in_Glasgow
Winstanley_High_School_&_Community_College	Winstanley_High_School_&_Community_College
Stroud_College	Stroud_College
Stephenson_College	Stephenson_College
Brooklands_College;Further_and_Higher_Education_institution	Brooklands_College;Further_and_Higher_Education_institution
Abbingdon_College	Abbingdon_College
Royal_College_of_Surgeons_of_Edinburgh	Royal_College_of_Surgeons_of_Edinburgh
Winstanley_6th_form_College	Winstanley_6th_form_College
Cleveland_College_of_Art_and_Design	Cleveland_College_of_Art_and_Design
Hendon_College	Hendon_College
Ridge_Danyers_College;FE_&_sixth_form_college	Ridge_Danyers_College;FE_&_sixth_form_college
Barton_Peveril_Sixth_Form_College;'A'_Level_Mixed_College	Barton_Peveril_Sixth_Form_College;'A'_Level_Mixed_College
ST_Helens_College	ST_Helens_College
Eastleigh_College	Eastleigh_College
Shena_Simon_College;A_further_education_college_in_Manchester	Shena_Simon_College;A_further_education_college_in_Manchester
SourceForge文件缓存服务器(西欧北12of25节点kent)	SourceForge File Cache Server (Western Europe North 12 of 25 node kent)
Filton_College;Western_College_Consortium	Filton_College;Western_College_Consortium
Xaverian_College;A_further_education_college_in_Manchester	Xaverian_College;A_further_education_college_in_Manchester
Gloucestershire_College_of_Art_and_Technology	Gloucestershire_College_of_Art_and_Technology
Harlow_College;College_of_Further_&_Higher_education	Harlow_College;College_of_Further_&_Higher_education
Cavendish_College	Cavendish_College
City_College_Manchester;Manchester	City_College_Manchester;Manchester
Hereward_College;A_college_within_the_FE_Sector.	Hereward_College;A_college_within_the_FE_Sector.
North_Birmingham_College	North_Birmingham_College
City_of_Bath_College;Western_College_Consortium	City of Bath College; Western College Consortium
Bridgwater_College	Bridgwater_College
London_Bible_College_in_Northwood_Middx	London_Bible_College_in_Northwood_Middx
Cirencester_College	Cirencester_College
National_Star_Centre	National_Star_Centre
Southport_College	Southport_College
South_East_Essex_Sixth-From_College	South_East_Essex_Sixth-From_College
UNIVERSITY_of_NORTHUMBRIA	University of Northumbria
St_Marys_Sixth_Form_College	St_Marys_Sixth_Form_College
City_of_Bristol_College;Western_College_Consortium	City_of_Bristol_College;Western_College_Consortium
The_Standing_Conference_of_National_and_University_Libraries	The_Standing_Conference_of_National_and_University_Libraries
Redcar_and_Cleveland_College	Redcar and Cleveland College
College_of_Care_and_Earley_Education;Western_College_Consortium	College_of_Care_and_Earley_Education;Western_College_Consortium
Teesside_Tertiary_College	Teesside_Tertiary_College
East_Durham_&_Houghall_College	East_Durham_&_Houghall_College
Northern_College;Adult_education_college	Northern_College;Adult_education_college
Northern_Ireland_Hotel_&_Catering_College	Northern_Ireland_Hotel_&_Catering_College
Royal_College_of_Physicians_of_Edinburgh	Royal College of Physicians of Edinburgh
Braintree_College	Braintree_College
South_Tyneside_College;	South_Tyneside_College
King_Edward_VI_College_Nuneaton	King_Edward_VI_College_Nuneaton
Chelmsford_College	Chelmsford_College
Loreto_College;A_further_education_college_in_Manchester	Loreto_College;A_further_education_college_in_Manchester
RNIB_Vicational_College	RNIB_Vicational_College
Ashton_6th_Form_College;A_further_education_college_in_Manchester	Ashton_6th_Form_College
Northampton_College	Northampton_College
Esher_College	Esher_College
Norton_Radstock_College;Western_College_Consortium	Norton Radstock College; Western College Consortium
Pendleton_College;A_further_education_college_in_Salford	Pendleton_College;A_further_education_college_in_Salford
South_Trafford_College;A_further_education_college_in_Manchester	South Trafford College
Worcester_Sixth_Form_College	Worcester_Sixth_Form_College
Soundwell_College;Western_College_Consortium	Soundwell_College;Western_College_Consortium
Stoke_on_Trent_6th_Form_College	Stoke_on_Trent_6th_Form_College
Evesham_College	Evesham_College
Richmond_Adult_and_Community_College	Richmond_Adult_and_Community_College
West_Kent_College	West_Kent_College
Omagh_College_of_Further_Education	Omagh_College_of_Further_Education
Wigston_College_of_Further_Education	Wigston College of Further Education
Strodes_College	Strodes_College
Limavady_College_of_Further_and_Higher_Education	Limavady_College_of_Further_and_Higher_Education
Working_Men's_College	Working_Men's_College
Dumfries_and_Galloway_College	Dumfries_and_Galloway_College
Otley_College_of_Agriculture_and_Horticulture	Otley_College_of_Agriculture_and_Horticulture
Leyton_Sixth_Form_College	Leyton_Sixth_Form_College
New_York_University_in_London	New_York_University_in_London
South_East_Essex_College_of_Arts_and_Technology	South_East_Essex_College_of_Arts_and_Technology
Newry_and_Kilkeel_College_of_Further_and_Higher_Education	Newry_and_Kilkeel_College_of_Further_and_Higher_Education
Somerset_College_of_Arts_and_Technology	Somerset_College_of_Arts_and_Technology
Reigate_College	Reigate_College
Hadlow_College	Hadlow_College
Wyggeston_and_Queen_Elizabeth_I_College	Wyggeston_and_Queen_Elizabeth_I_College
East_Norfolk_Sixth_Form_College	East_Norfolk_Sixth_Form_College
Paston_College	Paston_College
Spelthorne_College;Sixth_Form_College	Spelthorne_College;Sixth_Form_College
Cannington_College	Cannington_College
Yeovil_College	Yeovil_College
Queen_Margaret_University_College	Queen_Margaret_University_College
Tresham_Institute	Tresham_Institute
Tameside_College;A_further_education_college_in_Manchester	Tameside_College;A_further_education_college_in_Manchester
College_of_West_Anglia	College of West Anglia
Haywards_Heath_College	Haywards_Heath_College
Fermanagh_College_of_Further_and_Higher_Education	Fermanagh_College_of_Further_and_Higher_Education
Castlereagh_College_of_Further_and_Higher_Education	Castlereagh_College_of_Further_and_Higher_Education
Plumpton_College	Plumpton_College
Richard_Huish_College	Richard_Huish_College
Easton_College	Easton_College
Merrist_Wood_College	Merrist_Wood_College
College_of_Richard_Collyer_in_Horsham	College_of_Richard_Collyer_in_Horsham
Taunton's_College	Taunton's_College
Capel_Manor_College	Capel_Manor_College
Varndean_College	Varndean_College
Armagh_College_of_Further_Education	Armagh_College_of_Further_Education
Plater_College	Plater_College
Richmond_upon_Thames_College	Richmond_upon_Thames_College
Matthew_Boulton_College_of_Further_and_Higher_Education	Matthew_Boulton_College_of_Further_and_Higher_Education
Shrewsbury_Sixth_Form_College	Shrewsbury_Sixth_Form_College
Josiah_Mason_Sixth_Form_College	Josiah_Mason_Sixth_Form_College
Aylesbury_College	Aylesbury_College
Isle_of_Wight_College	Isle_of_Wight_College
Hills_Road_Sixth_Form_College	Hills_Road_Sixth_Form_College
Priestley_College	Priestley_College
Long_Road_Sixth_Form_College	Long_Road_Sixth_Form_College
East_Tyrone_College_of_Further_Education	East_Tyrone_College_of_Further_Education
Brooksby_College	Brooksby College
Skelmersdale_College	Skelmersdale_College
Ludlow_College	Ludlow_College
Daventry_Tertiary_College	Daventry Tertiary College
Aquinas_College	Aquinas_College
Stockton_and_Billingham_College_of_Further_Education	Stockton_and_Billingham_College_of_Further_Education
Portsmouth_College	Portsmouth_College
Mackworth_College_Derby	Mackworth_College_Derby
Bexhill_College	Bexhill_College
City_of_Sunderland_College	City_of_Sunderland_College
Wolverhampton_College	Wolverhampton_College
Neath_College_of_FE	Neath_College_of_FE
Great_Yarmouth_College_of_Further_Education	Great_Yarmouth_College_of_Further_Education
Reaseheath_College	Reaseheath_College
Sir_John_Deane's_College	Sir_John_Deane's_College
Sparsholt_College	Sparsholt_College
Gorseinon_College	Gorseinon_College
Palmer's_College	Palmer's_College
Morley_College	Morley_College
Totton_College	Totton_College
Barrow-in-Furness_Sixth_Form_College	Barrow-in-Furness_Sixth_Form_College
Cadbury_Sixth_Form_College	Cadbury_Sixth_Form_College
Bournville_College_of_Further_Education	Bournville_College_of_Further_Education
Fareham_College	Fareham_College
Mid-Cheshire_College_of_Further_Education	Mid-Cheshire_College_of_Further_Education
Eastbourne_College_of_Arts_and_Technology	Eastbourne_College_of_Arts_and_Technology
Glenrothes_College	Glenrothes_College
Leicester_College	Leicester_College
Rodbaston_College	Rodbaston_College
Bolton_Sixth_Form_College	Bolton_Sixth_Form_College
Drumragh_College;Secondary_School	Drumragh College; Secondary School
Fife_College_of_Further_&_Higher_Education	Fife_College_of_Further_&_Higher_Education
Lauder_College	Lauder_College
达德利学院	Dudley College
North_West_Kent_College_of_Technology	North_West_Kent_College_of_Technology
Alton_College	Alton_College
Coatbridge_College	Coatbridge_College
Universidad_de_Alicante.	University of Alicante
Academic_College	Academic_College
Clackmannan_College_of_Further_Education	Clackmannan_College_of_Further_Education
University_Road;York	University_Road;York
Leeds_Metropolitan_University_Rich_Hall	Leeds_Metropolitan_University_Rich_Hall
Universitat_Pompeu_Fabra	Universitat_Pompeu_Fabra
Cricklade_College	Cricklade_College
North_Nottinghamshire_College	North_Nottinghamshire_College
Birkenhead_Sixth_Form_College	Birkenhead_Sixth_Form_College
Pershore_Group_of_Colleges	Pershore_Group_of_Colleges
Oatridge_Agricultural_College	Oatridge_Agricultural_College
Technology_Colleges_Trust_Supergrid_for_Learning	Technology_Colleges_Trust_Supergrid_for_Learning
Burton_Technical_College	Burton_Technical_College
Bedford_College	Bedford_College
Royal_College_of_Signals	Royal_College_of_Signals
Hilderstone_College	Hilderstone College
Kingsland_community_college	Kingsland_community_college
The_Sixth_Form_College	The_Sixth_Form_College
COLUMBIA_UNIVERSITY	COLUMBIA_UNIVERSITY
Hereford_Sixth_Form_College	Hereford_Sixth_Form_College
St_Joseph's_College	St. Joseph's College
Mid_Essex_Adult_Community_College	Mid_Essex_Adult_Community_College
John_Cleveland_College	John_Cleveland_College
Sherborne_School_International_College	Sherborne School International College
College_Mendes_France	College_Mendes_France
Herefordshire_College_of_Training	Herefordshire_College_of_Training
Kielce_University_of_Technology	Kielce_University_of_Technology
Central_European_University__Departament_of_Sociology	Central_European_University__Departament_of_Sociology
St_Malachy's_College	St_Malachy's_College
Racksrv通讯公司	Racksrv Communications Company
Universidad_Catolica_San_Antonio_de_Murcia	Catholic University of Saint Anthony of Murcia
Instituto_Nacional_de_Estadistica	Instituto_Nacional_de_Estadistica
Campbell_College	Campbell_College
Priory_College	Priory_College
Wellington_College_Grammar_School	Wellington_College_Grammar_School
Victoria_College	Victoria_College
Universidad_Politecnica_de_Cataluna	Universidad_Politecnica_de_Cataluna
Kew_College	Kew_College
St_Marys_College	St_Marys_College
St_Cecilias_college	St. Cecilia's College
Hereward_Community_College	Hereward_Community_College
William_Bradford_Community_College	William_Bradford_Community_College
Arkhangelsk_State_Technical_University	Arkhangelsk State Technical University
Ufa_State_College_of_Radioelectronics	Ufa State College of Radioelectronics
St_Michael's_Grammar_College	St_Michael's_Grammar_College
Burford_School_&_Community_College	Burford_School_&_Community_College
University_STC_Pascal	University_STC_Pascal
Camborne_School_&_Community_College	Camborne_School_&_Community_College
Rostov_State_Pedagogical_University	Rostov_State_Pedagogical_University
Universitat_Autonoma_de_Barcelona	Universitat_Autonoma_de_Barcelona
Shireland_Language_College	Shireland_Language_College
Ashville_College	Ashville_College
Sidney_Stringer_School_&_Community_College	Sidney_Stringer_School_&_Community_College
Kingsthorpe_Community_College	Kingsthorpe_Community_College
Rostov_State_University_of_transport_communications	Rostov State University of Transport Communications
Emmanuel_College	Emmanuel_College
SK电信	SK Telecom
PORTMAN_COLLEGE_LTD	PORTMAN_COLLEGE_LTD
Torquay_Community_College	Torquay_Community_College
韦德尔应用技术大学	University of Applied Sciences Wedel
UNIVERSITY_OF_ST._THOMAS	UNIVERSITY_OF_ST._THOMAS
Laurelhill_Community_College	Laurelhill_Community_College
Princethorpe_College	Princethorpe_College
Imam_Sadiq_University	Imam_Sadiq_University
EIRCOM网络	EIRCOM
University_Hospitals_Of_Leicester	University_Hospitals_Of_Leicester
Fort_Hill_College	Fort_Hill_College
St_Davids_College_Trust	St_Davids_College_Trust
Tendring_Technology_College	Tendring_Technology_College
DU电信	DU Telecom
Hampton_Community_College	Hampton_Community_College
ITEX	ITEX
RosTelecom	RosTelecom
TeliaSonera国际节点	TeliaSonera International Node
invitel	invitel
DdediPath	DdediPath
UNION_THELOGICAL_COLLEGE	UNION_THELOGICAL_COLLEGE
Archbishop_Michael_Ramsey_Technology_College	Archbishop_Michael_Ramsey_Technology_College
University_Of_Maryland	University_Of_Maryland
沸点网吧	Feidian Internet Cafe
Petroleum_university_of_Ufa	Ufa State Petroleum Technological University
LYCEE_COLLEGE_KONAN_DE_TOURAINE	LYCEE_COLLEGE_KONAN_DE_TOURAINE
TeliaSonera_International_Carrier	TeliaSonera_International_Carrier
Kazan_State_University	Kazan_State_University
The_Building_College_of_Velikiye_Luky	The_Building_College_of_Velikiye_Luky
DNS服务器(Microsoft_DNS6.1.76011DB14556)	Microsoft DNS
SUHUF_Internet_Services	SUHUF_Internet_Services
University_of_Information_Technology_and_Management	University_of_Information_Technology_and_Management
Imam_Hussein_University	Imam_Hussein_University
TeliaSonera国际互联节点	TeliaSonera International Connectivity Node
Yazd_University	Yazd_University
互联网中心	Internet Center
University_of_Warmia_and_Mazury_in_Olsztyn	University_of_Warmia_and_Mazury_in_Olsztyn
Persiam_gulf_university	Persiam_gulf_university
University_of_Latvia	University_of_Latvia
Allameh_Tabatabaee_University	Allameh_Tabatabaee_University
Technical_University_of_Gdansk	Technical University of Gdansk
Boston_College	Boston_College
Diginet	Diginet
Riga_International_College_of_Economics_and_Business_Administration	Riga_International_College_of_Economics_and_Business_Administration
莫斯科国立语言大学	Moscow State Linguistic University
OVH公司全球骨干网	OVH Global Backbone
University_of_Arak	University_of_Arak
Shahdi_Beheshti_University	Shahdi_Beheshti_University
标准互联	Standard Internet
Amir_Kabir_University_of_Technology	Amir_Kabir_University_of_Technology
Cork_College_of_Commerce	Cork_College_of_Commerce
Bu_Ali_Sina_University	Bu_Ali_Sina_University
University_of_Art	University_of_Art
Ferdowsi_University_of_Mashhad	Ferdowsi_University_of_Mashhad
Tarbiat-Modares_university	Tarbiat-Modares_university
Ovh系统公司	OVH Systems
Internap网络服务公司	Internap
Windows_Azure北欧数据中心	Windows Azure North Europe Data Center
创新公司网络	Innovation Company Network
Vortech公司	Vortech
TowardEX_QuantumColo专用	TowardEX_QuantumColo dedicated
Bon_Secours_Cork	Bon_Secours_Cork
TowardEX科技公司-内部信息系统	TowardEX Technology Company - Internal Information System
AnyNode	AnyNode
TowardEX科技-内部	TowardEX Technology - Internal
Compliance科技国际	Compliance Technology International
StackPath	StackPath
Accius系统公司	Accius System Corporation
Dyn公共DNS	Dyn Public DNS
Theplanet机房	ThePlanet Data Center
AeroWeb专用	AeroWeb
Cloudflare伦敦有限责任公司CDN节点	Cloudflare London LLC CDN Node
EGI_Hosting_公司	EGI_Hosting_Company
PEER1专线服务器	PEER1 Dedicated Server
Nobis公司Ubiquity洛杉矶数据中心	Nobis Ubiquity Los Angeles Data Center
Enhanced电信集团公司DNS服务器	Enhanced China Telecom Group Company DNS Server
TowardEX互联网服务公司	TowardEX Internet Service Company
Sourceforge公司	Sourceforge
Bell_加拿大皇家军事学院	Bell_Canada Royal Military College
System_On_Grid数据中心	System_On_Grid Data Center
time-nist-gov服务器	time-nist-gov server
pair公司	Pair Networks
中国电信Peer1网络国际接入点	China Telecom Peer1 Network International Access Point
SynerSoft公司	SynerSoft
CNET网络公司	CNET Networks
Arachnitec	Arachnitec
Lyndeborough镇MUSHpark组织	MUSHpark Organization of Lyndeborough Town
Lightship电信有限公司	Lightship Telecom Co., Ltd.
HostHatch数据中心	HostHatch Data Center
FasterVM	FasterVM
Williamsville村与布法罗市CoreComm互联网服务公司	CoreComm Internet Services for the Village of Williamsville and the City of Buffalo
Troy有线电视公司	Troy Cable TV Company
Arel通讯公司	Arel Communications Company
ViaWest公司DNS服务器	ViaWest Company DNS server
国防部网络(弗吉尼亚州)	Department of Defense Network (Virginia)
Nvidia公司	Nvidia
内医实验室有限公司	Internal Medicine Laboratory Co., Ltd.
Discovery	Discovery
Optimal_Link公司	Optimal_Link Corporation
netlibrary公司	NetLibrary
Yahoo公司	Yahoo Inc.
Transitional_DataServices公司	Transitional_DataServices
MembersFirst公司	MembersFirst
杨百翰大学夏威夷分校	Brigham Young University–Hawaii
Champlain学院	Champlain College
Consolidated通信公司	Consolidated Communications
Northeast_Data_Vault	Northeast_Data_Vault
Saudi_Arabian_Airlines	Saudi Arabian Airlines
Manitoba_BraddonMTS	Manitoba_BraddonMTS
Colosseum_Online公司	Colosseum_Online Company
Xodiax	Xodiax
VIF互联网公司	VIF Internet Company
nFrame公司	nFrame Company
Multacom	Multacom
Cable_&_Wireless_Americas_Operations_公司	Cable & Wireless Americas Operations
FOLIOfn公司	FOLIOfn Company
The_Telecom_Security_Group	The_Telecom_Security_Group
EstNOC数据中心	EstNOC Data Center
MicrosoftMiX网络节点	MicrosoftMiX network node
Latisys-Denver_有限公司	Latisys-Denver_Co., Ltd.
Tyumen_State_University	Tyumen_State_University
Jura_Web公司	Jura_Web Company
newcastle	newcastle
CROYDONLONDON	CROYDONLONDON
702通信公司	702 Communications Company
Keldysh_institute_of_Applied_Math._RAS	Keldysh_institute_of_Applied_Math._RAS
Lviv_National_Polytechnic_University	Lviv_National_Polytechnic_University
XandMail	XandMail
WinRAR有限公司(柏林苏曼斯特17号)	WinRAR GmbH (Berliner Straße 17)
DICKINSON_COLLEGE_CENTER	DICKINSON_COLLEGE_CENTER
Yaroslavl_Technical_University	Yaroslavl_Technical_University
Zayo公司zColo机房	Zayo zColo Data Center
国立经济与服务大学	National University of Economics and Services
Tbilisi_Pedagogical_University	Tbilisi_Pedagogical_University
新西伯利亚国立技术大学	Novosibirsk State Technical University
Ziffa_Internet_Centre	Ziffa_Internet_Centre
netsonic公司	NetSonic
Omnis网络有限公司	Omnis Network Co., Ltd.
Georgian_Academy_of_Sciences	Georgian_Academy_of_Sciences
GhostNet网络公司数据中心	GhostNet Network Company Data Center
Interactiveprint公司	Interactiveprint Company
AppNexus公司Anycast节点	AppNexus company Anycast node
Filoo_GmbH	Filoo_GmbH
Datastream公司	Datastream
BANK_AL_JAZIRA	BANK_AL_JAZIRA
LOTTOMATICA	LOTTOMATICA
ATMLINK	ATMLINK
Wroxton_College	Wroxton_College
Yakutsk_State_University	Yakutsk_State_University
LGI_UPC宽带	LGI_UPC Broadband
UNIVERSITY_OF_MIGHIGAN	UNIVERSITY_OF_MICHIGAN
Skyway_West	Skyway_West
iPass公司	iPass
汉堡商学院	Hamburg Business School
Upc_Cablecom_GmbH	Upc_Cablecom_GmbH
NetPama网吧	NetPama
BeelineGPRS用户	BeelineGPRS User
克鲁日-纳波卡艺术与装饰大学	University of Art and Design Cluj-Napoca
Agricultural_Bank_of_Iran	Agricultural Bank of Iran
Tbilisi_State_University	Tbilisi_State_University
奥波莱大学	Opole University
University_Gas-Oil_Ploiesti	University_Gas-Oil_Ploiesti
HEUROPE	HEUROPE
Rostov_College_of_Economics_&_Finance	Rostov_College_of_Economics_&_Finance
Super_Council_Information_Communication_and_Technology	Super_Council_Information_Communication_and_Technology
Export_Development_Bank_of_Iran	Export_Development_Bank_of_Iran
iranian_veterinary_organization	Iranian Veterinary Organization
MelitaNet公司网吧	MelitaNet Internet Cafe
statistical_center_of_iran	Statistical Center of Iran
TransTeleCom	TransTeleCom
布莱顿贝勒比斯学院	Bellerbys College Brighton
Micronicos_Ltd	Micronicos_Ltd
rodbar_ghasran_university	Rodbar Ghasran University
BEELINEGPRS	BEELINEGPRS
Iran_National_Science_Foundation	Iran_National_Science_Foundation
University_Of_Applied_Science_&_Technology_Of__Iran	University_Of_Applied_Science_&_Technology_Of__Iran
Shahid_Beheshti_university_in_Tehran	Shahid_Beheshti_university_in_Tehran
Army_University_Of_Medical_Science	Army_University_Of_Medical_Science
Port_and_shipping_organization	Port_and_shipping_organization
High_Energy_Physics_Institute_of_Tbilisi_State_University	High_Energy_Physics_Institute_of_Tbilisi_State_University
Malek-e-ashtar_university	Malek-e-ashtar_university
Georgian_Technical_University	Georgian_Technical_University
Women's_Information_and_Statistics_Center	Women's_Information_and_Statistics_Center
Deputy_for_Information_Technology_Iranology_Foundation	Deputy_for_Information_Technology_Iranology_Foundation
Applied_Technologies_Co.	Applied_Technologies_Co.
Islamic_Azad_University_Tehran_South_Unit	Islamic_Azad_University_Tehran_South_Unit
islamic_azad_university	islamic_azad_university
Murmansk_State_Technical_University	Murmansk_State_Technical_University
费希塔	Fishta
khajeh_nasir_tehran_university	Khajeh Nasir Tehran University
Atomic_Energy_Organization_of_Iran	Atomic_Energy_Organization_of_Iran
Mellat_Bank_of_Iran	Mellat Bank of Iran
shahid_beheshti_university	shahid_beheshti_university
Educational_Technology_Office_(Roshd_Network)	Educational_Technology_Office_(Roshd_Network)
National_Youth_Of_Organization_Of_Iran	National_Youth_Of_Organization_Of_Iran
South_Russian_State_Technical_University	South_Russian_State_Technical_University
tehran_development&engineering_organization	Tehran Development & Engineering Organization
communication_university	Communication University
Shahid_Beheshti_University_of_Medical_Sciences	Shahid_Beheshti_University_of_Medical_Sciences
Iranian_Remote_Seinsing_Center(IRSC)	Iranian Remote Sensing Center (IRSC)
Expediency_Council	Expediency_Council
波斯湾大学	Persian Gulf University
ARAK_University	ARAK_University
FAGH_UNIVERSITY_COMPLEX	FAGH_UNIVERSITY_COMPLEX
Azad_University	Azad_University
Islamic_Azad_University_of_Sabzevar	Islamic Azad University of Sabzevar
road_and_transportation_ministry	road_and_transportation_ministry
Iran_Department_of_Environment	Iran_Department_of_Environment
Alzahra_University	Alzahra_University
Azad_University_of_Saveh	Azad_University_of_Saveh
荷姆兹甘教育机构	Hormozgan Educational Institution
IRANINAN_RED_CRESCENT_SOCIETY	IRANINAN_RED_CRESCENT_SOCIETY
Shazand_payamnur_University	Shazand_payamnur_University
Aubonne	Aubonne
islamic__azad_university	Islamic Azad University
Niroo_Research_Institute	Niroo Research Institute
University_of_Tehran_Informatics_Statistics_of_Center	University_of_Tehran_Informatics_Statistics_of_Center
Georgia_Foundation	Georgia_Foundation
Azad_university_of_Semnan	Azad_university_of_Semnan
Moscow_Aviation_Institute	Moscow_Aviation_Institute
Azad_University_of_Tafresh	Azad_University_of_Tafresh
Boushehr_Payam-e_Noor_University	Boushehr_Payam-e_Noor_University
Azad_university_of_Ashtian	Azad_university_of_Ashtian
islamic_azad_university__tehran_medicine_unit	Islamic Azad University Tehran Medicine Unit
Jasb_Azad_University	Jasb_Azad_University
K_N_Toosi_university_of_technology	K_N_Toosi_university_of_technology
KHARG	KHARG
AZAD_UNIVERSITY	AZAD_UNIVERSITY
Khomein_Azad_University	Khomein_Azad_University
Islamic_Azad_University_of_Damghan	Islamic Azad University of Damghan
电信视频点播	China Telecom Video on Demand
电信局综合办公室	China Telecom Comprehensive Office
khorramshahr_marine_science_and_technology_university	Khorramshahr Marine Science and Technology University
Deutsche_Telekom_AG	Deutsche_Telekom_AG
Hamedan_Veterinary_Management	Hamedan_Veterinary_Management
电信局数据维护中心	China Telecom Data Maintenance Center
电信局计算机中心	Telecom Bureau Computer Center
电信光纤	China Telecom Fiber
通达网吧	Tongda Internet Cafe
电信局网吧	China Telecom Bureau Internet Cafe
电信指挥大楼领导办公室新视通	China Telecom Command Building Leadership Office New Vision
西南建筑大学机房	Computer Room of Southwest University of Architecture
电信多功能演示厅	China Telecom Multi-Function Demonstration Hall
四川工程职业技术学院	Sichuan Engineering Technical College
电信网吧光纤专线	China Telecom Internet Cafe Fiber Optic Dedicated Line
WIESBADEN	WIESBADEN
(南昌路中段)世纪网吧	Shiji Internet Cafe (Middle Section of Nanchang Road)
电信实业公司工程分公司	China Telecom Industrial Company Engineering Branch
电信南京邮电大学	China Telecom Nanjing University of Posts and Telecommunications
电信局宽带部	Broadband Department of China Telecom Bureau
电信实业有限公司	China Telecom Industrial Co., Ltd.
蜀都大厦宾馆	Shudu Mansion Hotel
电信东中市实验小学校	China Telecom Dongzhongshi Experimental Primary School
建筑职业技术学院(实验室四楼)	Architecture and Engineering College (Lab 4th Floor)
莲花电信机房	Lotus Telecom IDC
天府热线机房	Tianfu Hotline IDC
工农村星星网吧	Gongnongcun Xingxing Internet Cafe
Virtual_university_of_Shiraz	Virtual_university_of_Shiraz
Amir_Kabir_Technical_university	Amir_Kabir_Technical_university
海军网络服务部(江浦区园外园2号)	Naval Network Service Department (Jiangpu District, Yuanwaiyuan No.2)
阳光城想你网吧	Sunshine City Xiangni Internet Cafe
阳光城动感网吧	Sunshine City Donggan Internet Cafe
外国语学校	Foreign Language School
腾云网吧	Tengyun Internet Cafe
阳光城亿翔网吧	Sunshine City Yixiang Internet Cafe
四川建筑职业技术学院	Sichuan College of Architectural Technology
四川工程职业技术学院教务处	Academic Affairs Office of Sichuan Engineering Technical College
建院机房	JianYuan Data Center
星美数码文锦店	Xingmei Digital Wenjin Store
四川石油管理局	Sichuan Petroleum Administration
阳光城飘网吧	Sunshine City Piaoyou Internet Cafe
四川工程职业技术学院图书馆阅览室	Library Reading Room of Sichuan Engineering Technical College
一线天网吧	Yixiantian Internet Cafe
长江网吧	Yangtze Internet Cafe
龙泉网日情深网吧	Longquanwang Riqing Shenqing Internet Cafe
(三台县)电信	China Telecom (Santai County)
龙泉欣欣网吧	Longquan Xinxin Internet Cafe
伊点网吧	Yi Dian Internet Cafe
阳光城阳光网络(四川联合经济学校对面)	Sunshine City Sunshine Network (Across from Sichuan Union Economic School)
绿色网吧	Green Internet Cafe
天天网吧	Tiantian Internet Cafe
龙泉镇数维网吧	Longquan Town Shuwei Internet Cafe
世纪风网吧	Century Wind Internet Cafe
信息工程学院龙泉校区第二阅览室	Library of Longquan Campus, Information Engineering College
喷水池网吧	Fountain Cybercafe
沸点网吧(航天学院附近)	Feidian Internet Cafe (near Hangtian College)
阳光城草青青网吧	Sunshine City Grass Green Internet Cafe
星光东路长江网吧	Xingguang East Road Changjiang Internet Cafe
飞跃网吧	Feiyue Internet Cafe
骄子网吧(团校附近)	Jiaozi Internet Cafe (near the Youth League School)
图书馆第一分室网吧	Library Branch 1 Internet Cafe
龙泉航校后街聚友网吧	Longquan Aviation School Backstreet Juyou Internet Cafe
跨世纪网吧	Kuashiji Internet Cafe
慧眼网吧	Huiyan Internet Cafe
情牵一线网吧	Qingqianyixian Internet Cafe
智科网吧	Zhike Internet Cafe
学知网吧	Xuezhi Internet Cafe
环碧小墅网吧	Huanbi Xiaoshu Internet Cafe
情圣网吧	Qingsheng Internet Cafe
情牵一线网吧双福分店	Qingqian Yixian Internet Cafe Shuangfu Branch
缘谊网吧(航天学院附近)	Yuanyi Internet Bar (Near the School of Astronautics)
冰河时代备	Ice Age Backup
蓝色零点网吧	Blue Zero Internet Cafe
升腾网吧	Shengteng Internet Cafe
发烧友网吧(航天学院附近)	Fever Internet Cafe (near Space Academy)
全新网吧	New Internet Cafe
双福飞宇网吧	Shuangfu Feiyu Internet Cafe
网络风云网吧	Wangluo Fengyun Internet Cafe
劝业场E点沙龙网吧	Quanyechang E-dian Salon Internet Cafe
建南厂网吧	Jiannan Factory Internet Cafe
异度冰点网吧	Yidubingdian Internet Cafe
白门桥新干线网吧	Baimenqiao Shinkansen Internet Cafe
高桥联友网吧	Gaoqiao Lianyou Internet Cafe
冰河时代	Ice Age
超光速网吧	SuperLuminal Cybercafe
自在网吧	Zizai Internet Cafe
梦幻网吧	Menghuan Internet Cafe
劝业场E12网吧	Quanyechang E12 Internet Cafe
传奇网吧	Legendary Internet Cafe
有家网吧	Internet Cafe
五通桥区牛华海洋网吧	Wutongqiao District Niuhua Ocean Internet Cafe
交大情愿网吧	Jiaotang Qingyuan Internet Cafe
少年宫新干线网吧	Youth Palace Shinkansen Internet Cafe
劝业场木头网吧	Quanyechang Wood Internet Cafe
喷水池亿龙网吧	Penshuichi Yilong Netbar
马路桥好友网吧	Malou Bridge Haoyou Internet Cafe
北门桥汪易网吧	Beimenqiao Wangyi Internet Cafe
金太阳网吧(交大后校门)	Golden Sun Internet Cafe (Behind Jiaotong University)
全业厂传奇网吧	Quanye Factory Legend Internet Cafe
环碧小墅网吧港	Huanbi Xiaoshu Cybercafe Port
高桥新感觉网吧	Gaoqiao New Sensation Internet Cafe
高桥秀源网吧	Gaoqiao Xiuyuan Internet Cafe
劝业场雕刻时光网吧	Quanyechang Diaoke Shiguang Internet Cafe
交大宇宙网吧	Jiaoda Universe Internet Bar
凯邦一楼银河网吧	Kaibang First Floor Galaxy Internet Cafe
马路桥超音速网吧	Maluqiao Supersonic Internet Cafe
双龙网吧	Shuanglong Internet Cafe
杨柳街新世界网吧	Yangliu Street New World Internet Cafe
斯巴达克网络会所网吧	Spartan Cyber Café
高鑫网吧	Gaoxin Internet Cafe
玲玲网吧	Lingling Internet Cafe
马路桥世纪网吧	Maluqiao Century Internet Cafe
国电四川岷江发电有限公司	Guodian Sichuan Minjiang Power Generation Co., Ltd.
东门小石头网吧	Dongmen Xiaoshitou Internet Cafe
天骄网吧(师范学院正门旁)	Tianjiao Internet Cafe (Near the Main Gate of Normal University)
凯邦火烈鸟网吧	Kaibang Flamingo Netbar
鼎极网吧新城店(肖坝满廷芳旁)	Dingji Internet Cafe Xincheng Store (Near Xiaoba Mantingfang)
水色天涯网吧(顺城街50号)	Shuise Tianya Internet Cafe (No. 50 Shuncheng Street)
后街新浪网吧	HOUJIE SINA Internet Cafe
劝业场金海网吧	Quanyechang Jinhai Internet Cafe
电信有限公司成都市分公司	Chengdu Branch of China Telecom Co., Ltd.
罗马假日网吧	Romance Holiday Internet Cafe
雷池阿俊网吧	Leichi Ajun Internet Cafe
俩缘铁三角网吧(白塔街201号)	Liangyuan Iron Triangle Internet Cafe (No. 201 Baitai Street)
联通多媒体培训中心	China Unicom Multimedia Training Center
马路桥大森林网吧	Maluqiao Forest Internet Cafe
马路桥七色光网吧	Maluqiao Qiseguang Internet Cafe
唐伟网吧	Tangwei Internet Bar
杨柳街新世纪网吧	Yangliu Street New Century Internet Cafe
凯邦新奇乐网吧	Kaibang Xinqile Internet Cafe
交大后门捷经网吧	Internet Cafe at Jiaotong University Back Door
凯邦二楼飞狐网吧	Kai Bang Second Floor Feihu Internet Cafe
联通光纤IP	China Unicom Fiber Optic IP
让区心通网苑	Rangqu Xintong Wangyuan
电信局宿舍	China Telecom Dormitory
电信LAN	China Telecom LAN
凯邦二楼欣欣网吧	Kaibang Second Floor Xinxin Internet Cafe
联通中华北大街红光网吧	China Unicom North China Street Hongguang Internet Cafe
检察院办公楼五楼)	Procuratorate Office Building, 5th Floor
电信实业公司	China Telecom Industrial Company
一往情深网吧	Yiwangqingshen Internet Cafe
联通(阿里云高防云盾节点)	China Unicom (Alibaba Cloud Anti-DDoS Shield Node)
动物园附近)	Near the Zoo
天虎网吧旗舰店	Tianhu Internet Cafe Flagship Store
联通网吧(秋林上面)	China Unicom Internet Cafe (Above Qiulin)
联通数据局	China Unicom Data Bureau
天地人网吧	Tiandiren Cybercafe
电信ASDL	China Telecom ADSL
联通(蓝汛云计算铁岭节点)	China Unicom (ChinaCache Cloud Computing Tieling Node)
电信网吧用户	China Telecom Internet Cafe User
电信局对面四喜网吧	Sixi Internet Cafe opposite China Telecom Office
溜园宾馆南走200米-网事如梦网吧	Liu Yuan Hotel 200m South - Wangshi Rumeng Internet Cafe
电信涡阳县中医院	China Telecom Guoyang County Hospital of Traditional Chinese Medicine
茅桥镇旺久久网吧(涌泉街109号)	Wang Jiujiu Internet Cafe (109 Yongquan Street) (via local ISP)
联通(全省通用)	China Unicom (General for Province)
革镇堡广场下车	Gezhenpu Square Get Off
动感地带网吧(高北门原政券大楼2楼)	M-zone Internet Cafe (2nd Floor, Former Securities Building, Gaobeimen)
联通(蓝汛云分发nginx铁岭节点)	China Unicom (BlueCN Cloud Distribution nginx Tieling Node)
联通红蜻蜓网吧(马家师专附近)	Unicom Red Dragonfly Internet Cafe (near Ma Jia Normal College)
联通天网络大世界(常青街40栋)	China Unicom Tianwangluo DashiJie (Changqing Street Building 40)
好当家超市北门)	Hao Dang Jia Supermarket North Gate
联通公司机房	China Unicom Data Center
联通家园日月网吧连锁店(西宫)	China Unicom Home Sun Moon Internet Cafe Chain (Xi Palace)
中国电信美国接入点	China Telecom US Access Point
联通家园自由比特网吧	China Unicom Home Free Bit Internet Cafe
HTI	HTI
联通家园连锁网吧	China Unicom Home Chain Internet Cafe
联通旗舰店	China Unicom Flagship Store
电信互联网数据中心骨干网	China Telecom Internet Data Center Backbone Network
联通家园网吧(晋华分店)	China Unicom Home Internet Bar (Jinhua Branch)
6马路之间世纪之星网吧	6 Ma Road Century Star Internet Cafe
联通家园滑翔店	China Unicom Home Huaxiang Store
联通家园桂花树店	China Unicom Home Osmanthus Tree Store
首尔东大门区	Seoul Dongdaemun-gu
尼崎市兵库县	Amagasaki City, Hyogo Prefecture
ODN用户	ODN User
东京四谷区	Yotsuya, Tokyo
联通家园网吧(工艺巷店)	China Unicom Home Internet Cafe (Gongyixiang Branch)
东京文京区	Tokyo Bunkyo-ku
联通家园新时空网吧	Unicom Home New Space Internet Cafe
联通家园新视听店	China Unicom Home New Audiovisual Store
电信华能玉环电站	China Telecom Huaneng Yuhuan Power Station
联通博尚网吧	China Unicom Bosun Internet Cafe
亚太宽频网络	Asia Pacific Broadband Network
电信合川电信	China Telecom Hechuan
联通(海城)	China Unicom (Haicheng)
电信人民局网关	China Telecom People's Bureau Gateway
华东理工大学	East China University of Science and Technology
电信营业大厅网吧	China Telecom Business Hall Internet Cafe
电信IDC张江机房	China Telecom IDC Zhangjiang Data Center
电信兴沙网吧	China Telecom Xingsha Internet Cafe
联通(蓝汛云分发nginx驻马店节点)	China Unicom (ChinaCache Cloud Distribution nginx Zhumadian Node)
联通(蓝汛云分发nginx德州节点)	China Unicom (Bluex cloud distribution nginx Dezhou node)
同济大学学生宿舍	Tongji University Student Dormitory
联通(蓝汛云计算驻马店节点)	China Unicom (BlueXun Cloud Computing Zhumadian Node)
联通16900上网	China Unicom 16900 Internet Access
联通知音网吧(宝丰城)	China Unicom Zhiyin Internet Cafe (Baofengcheng)
首尔东大门区里门2洞	Seoul Dongdaemun-gu Imun 2-dong
OCN用户(京都)	OCN user (Kyoto)
同济大学西北四楼228	Tongji University Northwest Building 4 Room 228
七天酒店上海华东师大店	7 Days Inn Shanghai East China Normal University
同济大学本部西南八楼	Tongji University Main Campus Southwest Building 8
同济大学沪西校区	CERNET Tongji University West Campus
电信红专局网关	China Telecom Hongzhuan Bureau Gateway
同济大学本部西南七楼	Tongji University Main Campus Southwest Building 7
同济大学本部西北一楼	CERNET (China Education and Research Network) - Tongji University North West Building 1
电信信息大楼(陆家嘴)九楼中心机房	China Telecom Information Building (Lujiazui) 9th Floor Central Computer Room
联通(蓝汛云计算德州节点)	China Unicom (BlueCloud Computing Dezhou Node)
电信实业公司工程部	Engineering Department of China Telecom Industrial Company
电信网吧(欧里镇)	China Telecom Internet Bar (Ouli Town)
同济大学西北四楼225	Tongji University Northwest Building 4 Room 225
同济大学西南八楼	Tongji University Southwest Building 8
同济大学本部西南二楼	Tongji University Main Campus Southwest Building 2
同济大学西南一楼	CERNET
同济大学本部西南二楼211	Southwest Building 2, Room 211, Tongji University Main Campus
同济大学西南二楼	Tongji University Southwest Building 2
同济大学本部西北四楼338	Room 338, Building 4 Northwest, Tongji University Main Campus
同济大学本部西南一楼	Tongji University Main Campus Southwest Building 1
同济大学西南7楼	Tongji University Southwest Building 7
同济大学本部西南三楼	Tongji University Main Campus Southwest Building 3
同济大学本部西北五楼	Tongji University Main Campus Northwest Building 5
同济大学西北四楼	Tongji University Northwest Building 4
同济大学本部西北二楼	Tongji University Main Campus Northwest Building 2
同济大学沪东校区16号楼	Tongji University Hutong Campus Building 16
同济大学本部西南九楼	CERNET (Tongji University Main Campus Southwest Building 9)
同济大学本部西北四楼	CERNET (Tongji University Main Campus Northwest Building 4)
电信上网服务中心	China Telecom Internet Service Center
同济大学本部西南八楼二层	Tongji University Main Campus, Southwest Building 8, 2nd Floor
同济大学沪东校区宁远楼	Ningyuan Building, Hudong Campus, Tongji University
电信网络体验店	China Telecom Network Experience Store
同济大学本部西北三楼	Tongji University Main Campus Northwest Building 3
同济大学沪东校区15号楼	Tongji University Hudong Campus Building 15
电信(溧阳)	China Telecom (Liyang)
电信(沈家弄路)IDC机房	China Telecom (Shenjianong Road) IDC Room
电信(联通出口)	China Telecom (China Unicom egress)
电信银川公司	China Telecom Yinchuan Company
同济大学沪东校区宁远楼黄宿舍	Tongji University Hudong Campus Ningyuan Building Yellow Dormitory
同济大学南校区西南十楼	CERNET-Tongji University South Campus Building 10 Southwest
同济大学沪东校区8-16楼	Tongji University Hudong Campus Building 8-16
同济大学沪东校区14栋107室	Tongji University Hudong Campus Building 14 Room 107
百灵信息网	Balancing Information Network
电信网络城市	China Telecom City Network
同济大学四平路校区	Tongji University Siping Road Campus
电信网城金星晨网吧	Telecom City Juxing Chen Internet Cafe
同济大学西北楼	Tongji University Northwest Building
电讯盈科(PCCW)有限公司DNS服务器	PCCW Limited DNS Server
Eppstore	Eppstore
电信网城	China Telecom
联通亦庄数据中心	China Unicom Yizhuang Data Center
电信局(新世纪酒店边隔壁)	Telecom Bureau (Next to New Century Hotel)
中企通信电信节点	China Enterprise Communications Telecom Node
电信中心IDC机房	China Telecom Center IDC Computer Room
京都市	Kyoto City
大庆油田信息港	Daqing Oilfield Info Port
电信光纤LAN用户	China Telecom Optical Fiber LAN User
安莱信息电信节点	China Telecom Anlai Information
安莱信息BGP节点	Anlai Information BGP Node
中企通信BGP节点	China Enterprise Communications BGP Node
同济大学沪东校区14号楼	Tongji University, Building 14, Hudong Campus
安莱信息联通节点	China Unicom
华数宽带骨干网节点	Wasu Broadband Backbone Network Node
移动IDC机房	China Mobile IDC Data Center
东京武藏野大学	Tokyo Musashino University
同济大学沪东校区13号楼	Tongji University Hudong Campus Building 13
BBIX互联网交换中心	BBIX Internet Exchange
华数宽带DNS服务器	Wasu Broadband DNS Server
合肥有线电视宽带网络公司	Hefei Cable TV Broadband Network Company
移动规划设计院	China Mobile Planning and Design Institute
中广网	China Broadcasting Network
移动骨干网(电信互联节点)	China Mobile Backbone Network (Telecom Interconnection Node)
新竹市	Hsinchu City
联通(很多学校共享)	China Unicom (shared by many schools)
CATV	China Broadcasting Network
加利福尼亚州洛杉矶Eppstore	Eppstore, Los Angeles, California
移动LAN	China Mobile LAN
联通工业骨干网(AS9929)	China Unicom Industrial Backbone Network (AS9929)
移动(全省通用)	China Mobile (Province-wide)
移动专用DNS服务器(省内)	China Mobile Dedicated DNS Server (Province)
移动专用DNS服务器(市内)	China Mobile Dedicated DNS Server (City)
移动分公司	China Mobile Branch
Telekom_Malaysia	Telekom_Malaysia
SBN有线网络	SBN Cable Network
环球全域电讯国际互联节点	Global Telecommunications International Interconnection Node
电信网城东燕网吧	China Telecom East Yan Internet Cafe
移动E视通	China Mobile E-Vision
移动VIP俱乐部	China Mobile VIP Club
移动中山路营业厅	China Mobile Zhongshan Road Business Hall
移动传输数据中心	China Mobile Transmission Data Center
移动江阴学院动感营业厅	China Mobile Jiangyin College Dynamic Business Hall
移动江阴市中山路动感营业厅	Jiangyin Zhongshan Road Donggan Business Hall of China Mobile
EDION	EDION
移动开县分公司	China Mobile Kaixian County Branch
ACROSS	ACROSS
移动梦网网吧	China Mobile Mengwang Internet Cafe
联通家园(径圜一村扬东路)	China Unicom Home (Jinghuan Yicun Yangdong Road)
SWIFTEL通信公司	SWIFTEL Communications
广东信息投资公司	Guangdong Information Investment Company
新罗大学	Silla University
北京星缘新动力科技有限公司	Beijing Star Power Technology Co., Ltd.
中国互联网络信息中心DNS服务器	CNNIC DNS Server
中电华通通信江苏分公司	Zhongdian Huatong Communication Jiangsu Branch
移动通讯公司忠县分公司花园路营业厅	China Mobile Communications Corporation Zhongxian Branch Garden Road Business Hall
人民大学	Renmin University
禄元网吧(太平桥南14号)	Luyuan Internet Cafe (No. 14 South Taipingqiao)
北京蓝汛通信技术有限责任公司CDN节点(BGP)	Beijing Blue ICDC Communication Technology Co., Ltd. CDN Node (BGP)
西三旗和利时公司	Xisanqi HollySys Company
寒潭网吧(状元境19号)	Hantan Internet Cafe (No. 19 Zhuangyuanjing)
畅捷通信BGP节点	Changjie Communication BGP Node
麦来网吧(安得门104号2幢)	Mailai Internet Cafe (Andemen 104, Building 2)
移动集团公司	China Mobile Group Corporation
来迪网吧(雨花西路16-37.38号)	Laidi Internet Cafe (Yuhua West Road No.16-37.38)
网杰网吧(白下区文思巷6号)	Wangjie Internet Cafe (No.6 Wensi Lane, Baixia District)
侗睿网吧(秦淮区钓鱼台131号)	Dongrui Internet Cafe (No. 131 Diaoyutai, Qinhuai District)
球迷网吧(鼓楼区中山北路110号)	Qiumi Internet Cafe (No. 110 Zhongshan North Road, Gulou District)
传讯网吧(白下区石门坎海福巷1号)	Transmission Internet Bar (No. 1 Haifu Lane, Shimenkan, Baixia District)
亮星星网吧(鼓楼区洪庙街20号)	Liangxingxing Internet Cafe (No. 20 Hongmiao Street, Gulou District)
中国互联网络信息中心(CNNIC)	China Internet Network Information Center (CNNIC)
春笋网吧(江宁区东上镇竹山路27幢)	Chunshun Internet Cafe (Building 27, Zhushan Road, Dongsang Town, Jiangning District)
信义井世纪新网吧	Xinyi Jingshiji New Internet Cafe
如梦网吧(鼓楼区虎踞路3号)	Rumeng Internet Cafe (No. 3 Huju Road, Gulou District)
歌华宽带	Gehua Broadband
珊瑚小学	Coral Primary School
金蝶软件重庆分公司	Kingdee Software Chongqing Branch
华严岗1号南京旅游学校(丁山香格里拉后面)	Huayangang No.1 Nanjing Tourism School (Behind Dingshan Shangri-La)
程远网吧(白下区文思巷11号2楼)	Chengyuan Internet Cafe (2F, No.11 Wensi Alley, Baixia District)
易火网吧(雨花台区丁墙农民新村鑫晟居204号)	Yihuo Internet Cafe (No. 204, Xinshengju, Dingqiang Farmers' New Village, Yuhuatai District)
宇通资讯电信节点	Yutong Information Telecom Node
星空互联(重庆)信息服务有限公司	StarrySky (Chongqing) Information Services Co., Ltd.
火车头网吧(鼓楼区铁路北街186-3号)	Huochetou Internet Cafe (No. 186-3, Tielu North Street, Gulou District)
京润房产有限公司	Jingrun Real Estate Co., Ltd.
小天鹅宾馆	Swan Hotel
博得门网吧(白下区七家湾88号)	Bode Men Internet Cafe (No. 88 Qijiawan, Baixia District)
雪松网吧(雨花台区鑫晟居208号)	Xuesong Internet Cafe (No.208, Xinshengju, Yuhuatai District)
聊斋网吧(鼓楼区西瓜圃桥18号)	Liaozhai Internet Cafe (No. 18 Xiguapu Bridge, Gulou District)
梦巴黎网吧(解放南路尚书村78号)	Mengbalijia Internet Cafe (78 Jiefang South Road, Shangshu Village)
同辉网络通信公司	Tonghui Network Communication Company
指南针计算机专修学院	Compass Computer College
闪客网吧(石门坎115号)	Shanke Internet Cafe (No. 115 Shimenkan)
皇冠建设开发有限公司	Crown Construction and Development Co., Ltd.
方正宽带网络用户	Founder Broadband Network User
湖西网吧(建邺区湖西路30-1号)	Huxi Internet Cafe (No. 30-1 Huxi Road, Jianye District)
成都交通局	Chengdu Transportation Bureau
兄妹时代网吧(营苑西村14幢108室)	Brother and Sister Era Internet Cafe (Room 108, Building 14, Yingyuan Xicun)
智音网吧(秦淮区健康路152号)	Zhiyin Internet Cafe (No. 152, Jiankang Road, Qinhuai District)
Fusion网络	Fusion Network
建设科技促进中心	Construction Science and Technology Promotion Center
石桥铺科技孵化楼	Shiqiaopu Science and Technology Incubation Building
环境监测院	Environmental Monitoring Institute
中电华通LAN	CEC Huatong LAN
成都信息工程学院龙泉校区	Chengdu University of Information Technology Longquan Campus
威尔泰克工程技术大学	Welteke Engineering Technical University
开心一族网吧(兰旗街18号)	Kaixin Yizu Internet Cafe (No.18 Lanqi Street)
Jawaharlal_Nehru_Centre_for_Advanced_Scienfitic_research	Jawaharlal_Nehru_Centre_for_Advanced_Scientific_Research
凯凯网吧(秦淮区龙蟠中路590号)	Kaikai Internet Cafe (No. 590 Longpan Middle Road, Qinhuai District)
时空引擎星空店(菊乐路1号)	Shikong Engine Star Store (No.1 Jule Road)
National_Law_School_of_India_University	National_Law_School_of_India_University
铜牛天坛IDC数据机房(天坛东路31号)	Tongniu Tiantan IDC Data Center (31 Tiantan East Road)
CABLE宽频	CABLE Broadband
中信网络有限公司宽带	CITIC Network Co., Ltd. Broadband
Indian_Institute_of_Technology_Hyderabad	Indian_Institute_of_Technology_Hyderabad
HKCABLE	HKCABLE
聚友网络	JuYou Network
Biju_Patnaik_University_of_Technology	Biju_Patnaik_University_of_Technology
汇港电讯(WTTHK)	WTT HK (Wharf T&T Hong Kong)
北京师范大学第二附属中学	The Second High School Attached to Beijing Normal University
成都信息港公司	Chengdu Information Port Co., Ltd.
台中县	Taichung County
中信网络有限公司DNS服务器	CITIC Network Co., Ltd. DNS Server
昌化中学	Changhua Middle School
SRI_MUTHUKUMARAN_INSTITUTE_OF_TECHNOLOGY	SRI_MUTHUKUMARAN_INSTITUTE_OF_TECHNOLOGY
计算机教育学会(馆)	Computer Education Society (Museum)
NTTSC	NTTSC
硕网网路娱乐股份有限公司	Shuo Wang Network Entertainment Co., Ltd.
KANDA_UNIVERSITY	KANDA_UNIVERSITY
二仙桥东路标点网吧(成都理工大学主校区)	Biaodian Internet Cafe, Erxianqiao East Road (Main Campus of Chengdu University of Technology)
KDDI网络公司	KDDI Network Corporation
电信_卓越网吧	China Telecom_Excellent Internet Cafe
电信_云都网络会所	China Telecom_Yundu Internet Cafe
Akamai科技公司CDN网络节点(PCCW-AS4760和黄电盈BGP机房)	Akamai Technologies CDN Network Node (PCCW-AS4760 and Hutchison Telecom BGP Data Center)
TOKAI通信集团公司	TOKAI Communication Corporation
普尔网络信息技术有限公司	Pure Network Information Technology Co., Ltd.
Hi-Ho公司	Hi-Ho Company
So-Net公司	So-Net
IIJ-OPTAGE互联节点	IIJ-OPTAGE interconnection node
中文网吧	Internet Cafe
电信_太平洋网络(兴华路)	China Telecom (Xinghua Road)
电信_井岸镇海霞网吧	China Telecom_Jingan Town Haixia Internet Cafe
电信_盛发网吧(乾务镇盛兴二路)	China Telecom_Shengfa Internet Cafe (Shengxing 2nd Road, Qianwu Town)
电信_正点网吧	China Telecom_Zhengdian Internet Cafe
电信_莹火虫网吧	China Telecom_Firefly Internet Cafe
电信_珠海金山公司	China Telecom_Zhuhai Kingsoft Company
电信_智翔网吧(金湾区红旗红安花园2楼)	China Telecom_ZX Internet Cafe (2nd Floor, Hong'an Garden, Hongqi, Jinwan District)
电信_金城网吧	China Telecom_Jincheng Internet Cafe
电信_置信网吧AMD64位专区	China Telecom Zhixin Internet Cafe AMD64 Zone
中信网络有限公司	CITIC Network Co., Ltd.
电信_通美网络会所	China Telecom_Tongmei Network Club
电信_星运网吧	China Telecom_Xingyun Internet Cafe
樱花互联网大阪堂岛数据中心	Sakura Internet Osaka Dojima Data Center
电信_博文网吧(白蕉桥湖南路618号)	China Telecom_Bowen Internet Cafe (Baijiao Bridge Hunan Road No. 618)
电信_井岸镇平安网吧	China Telecom_Jing'an Town Ping'an Internet Cafe
电信_创艺电脑	China Telecom_Chuangyi Computer
电信_快乐无限网吧(平沙镇兆平市场2楼)	China Telecom_Kuaile Wuxian Internet Cafe (2nd Floor, Zhaoping Market, Pingsha Town)
电信_北京理工大学珠海校区	China Telecom_Beijing Institute of Technology, Zhuhai Campus
Akamai科技公司CDN网络节点(香港电讯(HKT)有限公司Mass网AS4760线路NETVIGATOR机房)	Akamai Technologies CDN Network Node (Hong Kong Telecommunications (HKT) Limited Mass Network AS4760 Line NETVIGATOR IDC)
电信_致盛电器工业有限公司	China Telecom_Zhisheng Electric Industrial Co., Ltd.
电信_吉大飞速网吧	China Telecom_Jida Feisu Internet Cafe
电信_金湾小区天下网吧	China Telecom_Jinwan Community Tianxia Internet Cafe
中文天地网吧	Zhongwen Tiandi Network Bar
电信_井岸镇富旭网吧(西埔村)	China Telecom_Fuxu Internet Cafe at Jing'an Town (Xipu Village)
电信_置信网吧	China Telecom_Zhixin Cyber Cafe
电信_南屏深蓝网络新时代	China Telecom_Nanping Shenlan Network New Era
电信_小林镇时代快吧	China Telecom_Xiaolin Town Shidai Kuaiba
电信_南水镇广东火电珠海分公司	China Telecom_Nanshui Town Guangdong Huodian Zhuhai Branch
电信_斗门镇无名网吧	China Telecom_Doumen Town Unnamed Internet Cafe
电信_北京师范大学珠海校区	China Telecom_Beijing Normal University Zhuhai Campus
电信_星运网吧(斗门区井岸镇北澳美澳园三区2号二层)	China Telecom_Xingyun Internet Cafe (2nd Floor, No. 2, Bei'ao Meiao Yuan Third Area, Jing'an Town, Doumen District)
电信_互动人生网吧	China Telecom_Interactive Life Internet Cafe
电信_鼎速网络	China Telecom_Dingsu Network
电信_天蓝网吧	China Telecom_Tianlan Internet Cafe
电信_南屏新概念网吧(广昌市场3楼)	China Telecom_Nanping New Concept Internet Cafe (Guangchang Market 3F)
电信_井岸镇花城网吧	China Telecom_Jingan Town Huacheng Internet Cafe
电信_吉林大学珠海校区	China Telecom_Zhuhai Campus of Jilin University
电信_南屏傲游网吧	China Telecom_Nanping Aoyou Internet Cafe
电信_三灶会友网吧	China Telecom_SanZao HuiYou Internet Cafe
电信_拱北震撼网吧	China Telecom_Gongbei Zhenhan Internet Cafe
电信_五洲花城网络会所	China Telecom_Wuzhou Huacheng Cyber Cafe
电信_广东科学技术职业学院(珠海校区)	China Telecom_Guangdong Vocational College of Science and Technology (Zhuhai Campus)
电信_夏湾区意速网吧	China Telecom_Xiawanquyisu Internet Cafe
电信_前山翰林苑二楼博文网络家园	China Telecom_Qianshan Hanlinyuan Second Floor Bowen Network Home
电信_一千零一页网吧	China Telecom_1010 Pages Internet Cafe
电信_暨南大学珠海学院流星花园网吧	China Telecom_Jinan University Zhuhai College Meteor Garden Internet Cafe
电信_闪亮天空网吧	China Telecom_Shining Sky Internet Cafe
电信_南屏镇屏东六路新境界网吧	China Telecom_Nanping Town Pingdongliu Road Xinjingjie Internet Cafe
电信_好望阁网吧	China Telecom_Haowangge Cybercafe
电信_钜星网络前线	China Telecom_JuXing Network Frontline
电信_欢乐无限网吧	China Telecom_Happy Unlimited Internet Cafe
电信_吉大飞越无限网吧	China Telecom_Jida Feiyue Wuxian Internet Cafe
电信_凤凰北游侠网吧	China Telecom_Phoenix North Youxia Internet Cafe
电信_网虫网吧	China Telecom_Networm Internet Cafe
电信_北京师范大学(珠海电信出口)	China Telecom_Beijing Normal University (Zhuhai Telecom Exit)
电信_斗门领跃电子厂	China Telecom_Doumen Lingyue Electronic Factory
电信_联朋网吧	China Telecom_Lianpeng Internet Cafe
电信_信业网吧	China Telecom_Xinye Internet Cafe
电信_遂溪县进修学校	China Telecom_Suixi County Training School
电信_保税区北门天下网吧	China Telecom_Bonded Zone North Gate Tianxia Internet Cafe
电信_容闳学校	China Telecom_Ronghong School
电信_南屏天地E堂网吧	China Telecom_Nanping Tiandi E-Tang Internet Cafe
电信_绝对网吧	China Telecom_Absolute Internet Cafe
电信_龙潮网吧	China Telecom_Longchao Internet Cafe
电信_华丽金音影碟有限公司	China Telecom
电信_飞扬网吧	China Telecom_Feiyang Internet Cafe
电信_一网情深网吧(东坑村东坑市场2楼)	China Telecom_Yiwangqingshen Internet Cafe (2nd Floor, Dongkeng Market, Dongkeng Village)
电信_新达网络	China Telecom_Xinda Network
电信_惠通网吧	China Telecom_Leap Communication Internet Cafe
电信_青平镇金龙网吧	China Telecom_Qingping Town Jinlong Internet Cafe
电信_潮流网吧	China Telecom_Trendy Cybercafe
电信_新达网吧	China Telecom_Xinda Internet Cafe
电信_名辉网吧	China Telecom_Minghui Internet Cafe
电信_拱北银都大酒店	China Telecom_Gongbei Yindu Hotel
电信_连心网吧	China Telecom_Lianxin Internet Cafe
电信_星星网吧	China Telecom_Xingxing Internet Cafe
电信_吴阳晓星网吧	China Telecom_Wuyang Xiaoxing Internet Cafe
电信_坡头区坡头镇开放网吧	China Telecom_Potou Town Open Internet Cafe
电信_广东海洋大学	China Telecom_Guangdong Ocean University
电信_辉瑞网吧	China Telecom_HuiRui Internet Cafe
电信_友缘网吧	China Telecom_Youyuan Internet Cafe
电信_步行街辉瑞网吧	China Telecom_Weiming Internet Cafe on Pedestrian Street
电信_J&J网吧	China Telecom_J&J Internet Cafe
电信_黄坡光明网吧	China Telecom_Huangpo Guangming Internet Cafe
电信_凌点科技(国贸A座5楼A1-A2)	China Telecom_Lingdian Technology (National Trade Building A, 5th Floor, A1-A2)
电信_湛江海洋大学	China Telecom_Zhanjiang Ocean University
电信_三剑客网吧	China Telecom_Sanjianke Internet Cafe
电信_明知网吧	China Telecom_Mingzhi Internet Cafe
电信_拉格网吧	China Telecom_Lage Internet Cafe
电信_福利网吧	China Telecom_Fuli Internet Cafe
电信_超越网吧	China Telecom_Chaoyue Internet Cafe
电信_高技网吧	China Telecom_Advanced Technology Internet Cafe
电信_港丰商贸总部	China Telecom_Gangfeng Commerce Headquarters
电信_虹日网吧	China Telecom_Hongri Internet Cafe
电信_湛江师范学院	China Telecom_Zhanjiang Normal University
电信_无名网吧	China Telecom_Unknown Internet Cafe
电信_海棠网吧	China Telecom_Haitang Internet Cafe
电信_第一中学	China Telecom_First Middle School
电信_现代网吧	China Telecom_Modern Internet Cafe
电信_湛聪网吧	China Telecom_Zhan Cong Internet Cafe
电信_麻赤路现代网吧	China Telecom_Moderna Internet Cafe on Machi Road
电信_兰石聪浪网吧	China Telecom_Lanshi Conglang Internet Cafe
电信_现代网吧一楼	China Telecom_Modern Internet Cafe 1st Floor
电信_安铺镇创山缘网吧	China Telecom_Anpu Town Chuanshanyuan Internet Cafe
电信_坡头区银沙网吧	China Telecom_Potou District Yinsha Internet Cafe
电信_太平镇网吧	China Telecom_Taiping Town Internet Cafe
电信_黄坡飞腾网吧	China Telecom_Huangpo Feiteng Internet Cafe
电信_1号网咖	China Telecom_1st Net Cafe
电信_风情网吧	China Telecom_Fengqing Internet Cafe
电信_星际网吧	China Telecom_Star Internet Cafe
电信_声群网吧	China Telecom_Shengqun Internet Cafe
电信_齐齐网吧(湖光镇商业广场)	China Telecom_Qiqi Internet Cafe (Huguang Town Commercial Plaza)
电信_智能网吧	China Telecom Smart Internet Cafe
电信_如意网吧	China Telecom Ruyi Internet Cafe
电信_欢乐网吧	China Telecom_Happy Internet Cafe
电信_爽爽网吧	China Telecom_Shuangshuang Internet Cafe
电信_虹日网吧(建新西路17号)	China Telecom_Hongri Internet Cafe (Jianxin West Road No.17)
电信_飞越网吧	China Telecom_Feiyue Internet Cafe
电信_畅游网吧	China Telecom_Changyou Internet Cafe
电信_恒大网吧(人民大道)	China Telecom_Hengda Internet Cafe (Renmin Avenue)
电信_银冠网吧	China Telecom_Yinguan Internet Cafe
电信_大地飞龙网吧(大富广场二楼)	China Telecom_Dadi Feilong Internet Cafe (Second Floor, Dafu Square)
电信_友谊路新起点网吧	China Telecom_Youyi Road New Start Internet Cafe
电信_坡头区金浪网吧	China Telecom_Potou District Jinlang Internet Cafe
电信_金锁匙网吧	China Telecom_Jinsuoshi Internet Cafe
电信_长城网吧	China Telecom_Great Wall Internet Cafe
电信_星空网盟	China Telecom_Xingkong Netcom
电信_星空网盟旗舰店	China Telecom_StarrySky Internet Alliance Flagship Store
电信_吴阳太阳雨网吧	China Telecom_Wuyang Taiyangyu Internet Cafe
电信_风城网吧(北苑)	China Telecom_Fengcheng Internet Cafe (Beiyuan)
电信_群星网吧	China Telecom_Qunxing Internet Cafe
电信_新起点网吧	China Telecom_New Start Internet Cafe
电信_第二技工学校	China Telecom_Second Technical School
电信_风之谷网吧	China Telecom_Fengzhigu Cybercafe
电信_枫叶网吧	China Telecom_Fengye Internet Cafe
电信_安铺镇都市E站网吧	China Telecom_Anpu Town Urban E-Station Internet Cafe
电信_恒大网吧(湛江)	China Telecom_Hengda Internet Cafe (Zhanjiang)
电信_广东海洋大学湛江机电学校	China Telecom_Guangdong Ocean University Zhanjiang Mechanical and Electrical School
电信_新野网吧(步行街尾)	China Telecom_Xinye Internet Cafe (End of Pedestrian Street)
电信_日吉网吧	China Telecom_Riji Internet Cafe
电信_遂溪县情缘网吧	China Telecom_Suixi County Qingyuan Internet Cafe
电信_英岚网吧	China Telecom_ Yinglan Internet Cafe
电信_雷州市英利镇千里缘网吧	China Telecom_Leizhou Yingli Qianliyuan Internet Cafe
电信_天地通网吧	China Telecom_Tianditong Internet Cafe
电信_太保镇友谊照相馆	China Telecom_Taibao Town Friendship Photo Studio
电信_霞山红叶网吧	China Telecom Xiashan Hongye Internet Cafe
电信_钟楼局	China Telecom_Zhonglou Bureau
电信_安铺镇科战网吧	China Telecom_Anpu Town Kezhan Internet Cafe
电信_亚建国际高尔夫俱乐部	China Telecom_Yajian International Golf Club
电信_高陵新月网吧	Highling Xinyue Internet Cafe (China Telecom)
电信_广东海洋大学湛江机电教育集团	China Telecom_Guangdong Ocean University Zhanjiang Electromechanical Education Group
电信_高新科技学院红房子网吧	China Telecom_Gaoxin Science and Technology College Red House Internet Cafe
电信_兄弟网吧	China Telecom_Brother Internet Cafe
电信_老街青年旅舍	China Telecom_Old Street Youth Hostel
电信办公大楼	China Telecom Office Building
电信随风科技	China Telecom Suifeng Technology
电信_洒金桥红树林店	China Telecom_Sajinqiao Mangrove Store
电信_钟楼区电信	China Telecom_Zhonglou District Telecom
电信_晶海网吧(西新街20号)	China Telecom_Jinghai Netbar (No. 20 Xixin Street)
电信_易扬网络网吧	China Telecom_Yiyang Network Internet Cafe
电信_金色阳光网吧	China Telecom_Golden Sunshine Internet Cafe
电信_交大东南门欣风网络工作室	China Telecom_Xinfeng Network Studio at Southeast Gate of Jiaotong University
电信_市政务大厅	China Telecom_City Government Affairs Hall
电信3部网吧	China Telecom 3rd Internet Cafe Branch
电信_大发网吧	China Telecom_Dafa Internet Cafe
电信_木头城网吧	China Telecom_Mutoucheng Internet Cafe
电信_余下镇小不点网吧	China Telecom_Yuxia Town Little Dot Internet Cafe
电信局2楼网典网吧	China Telecom Bureau 2nd Floor Netdian Internet Cafe
电信_西安技师学院(昆明路22号)	China Telecom_Xi'an Technician College (No.22 Kunming Road)
电信_公园北路沸点网吧	China Telecom_Park North Road Feidian Internet Cafe
电信_交通学校	China Telecom_Transportation School
电信创嘉网吧	Chuangjia Internet Bar (China Telecom)
电信局底下)	China Telecom (sub-bureau)
电信_飞机工业有限公司专线用户	China Telecom - AVIC Special Line User
电信_泾河工业园西西网吧西营分店	China Telecom_Jinghe Industrial Park Xixi Internet Bar Xiying Branch
电信_红树林网吧	China Telecom_Hongshulin Internet Cafe
电信DNS服务器(济南省际节点)	China Telecom DNS Server (Jinan inter-provincial node)
电信_西安科技大学(临潼校区)	China Telecom_Xi'an University of Science and Technology (Lintong Campus)
电信_外事学院北区网翎	China Telecom_WSXY North Area WangLing
电信火车站南侧自由网吧	China Telecom Free Internet Bar at South Side of Railway Station
新星网络对面)	Xinxing Network Oppo
电信E站网吧	Telecom E Station Internet Cafe
电信光纤局域网统一出口	China Telecom Fiber Optic LAN Unified Export
电信办公网	China Telecom Office Network
电信连锁网吧(黑大附近)	Telecom Chain Internet Café (Near Black University)
电信_陕西电视台都市女孩广告部	China Telecom_Shaanxi TV Station City Girl Advertising Department
联通骨干网节点	China Unicom Backbone Node
电信营业大厅演示机	China Telecom Business Hall Demo Machine
电信营业厅办公网	China Telecom Business Office Network
3马路之前永恒网吧	3 Road Eternal Net Bar
联通219骨干网BRAS	China Unicom 219 Backbone BRAS
电信(铁通租用)	China Telecom (Tietong Leased Line)
联通骨干网广东节点(华南出口)	China Unicom Backbone Network Guangdong Node (South China Exit)
电信新世纪网吧	China Telecom New Century Internet Cafe
电信_铁路职业中专	China Telecom_Railway Vocational School
电信家园通达店	China Telecom Home Tongda Store
联通骨干网互联节点	China Unicom Backbone Interconnection Node
电信网苑2部(飞马歌城附近)	China Telecom Netvista 2 (near Pegasus Song City)
电信网苑三部(路苑小区斜对过)	China Telecom Netcom Garden Part 3 (Opposite Luyuan Community)
联通(汝南县)	China Unicom (Runan County)
电信德丰网吧	Defeng Internet Cafe (China Telecom)
联通用户	China Unicom
电信分公司绿色动力富强路直营店	China Telecom Green Power Fuqiang Road Direct Sales Store
电信网苑一部	China Telecom NetVille First Branch
电信IDC五里店机房	China Telecom IDC Wulidian Data Center
电信分公司光纤	China Telecom Branch Optical Fiber
联通公司技术服务部	China Unicom Technical Service Department
东京都	Tokyo Metropolitan
电信DNS服务器(全省通用)	China Telecom DNS Server (Province-wide)
电信连锁网吧先锋营业厅(先锋路)	China Telecom Chain Internet Cafe Pioneer Business Hall (Xianfeng Road)
静罔县	Jingwang County ISP
东京都千叶县西船桥永恒中文网吧	Tokyo Chiba Prefecture Nishi-Funabashi Eternal Chinese Internet Cafe
福冈县北九州市九州女子大学	Kyushu Women's University, Kitakyushu, Fukuoka
联通骨干网廊坊多线节点华北通用)	China Unicom Backbone Network Langfang Multi-line Node (North China General)
名古屋市	Nagoya City
BB公司网络用户	BB Company Network User
东京都NTT通信公司Plala网络	Plala Network (NTT Communications, Tokyo)
外国专家大厦	Foreign Experts Building
掌中无限信息技术有限公司	Infinite Hand Technology Co., Ltd.
广电宽带(全省通用)	China Broadcasting Network (province-wide)
龙翔小区方正宽带	FangZheng Broadband Longxiang Community
华奥饭店(海淀图书城后面)	Hua'ao Hotel (behind Haidian Book City)
神奈川横滨	Kanagawa Yokohama
方正宽带DNS服务器(全省通用)	Founder Broadband DNS Server (Province-wide)
大运村学生公寓	Dayuncun Student Apartment
和佳软件技术有限公司	Hejia Software Technology Co., Ltd.
神户市乡音网吧	Kobe City Sound Internet Cafe
辽河油田星河网吧	Liaohe Oilfield Xinghe Internet Cafe
上海乾万网络(QianWan_Network)有限公司(电信出口)	QianWan_Network (China Telecom)
北京方正宽带	Beijing Founder Broadband
Dreamline公司	Dreamline
阳光导航网络技术有限公司	Sunshine Navigation Network Technology Co., Ltd.
志新西路5号鸿基世业商务酒店	Hongji Shiye Business Hotel, No.5 Zhixin West Road
北京恒川建业科技有限公司电信节点	Beijing Hengchuan Jianye Technology Co., Ltd. China Telecom Node
无忧网吧	Wuyou Internet Cafe
方正大厦(方正集团)	Founder Building (Founder Group)
北京宽捷网通信技术有限公司BGP节点(河北电信+北京联通)	Beijing Kuanjie Network Communication Technology Co., Ltd. BGP Node (Hebei Telecom + Beijing Unicom)
广电宽带DNS服务器	China Broadcasting Network Broadband DNS Server
北太平庄月季园	Beitaipingzhuang Yuejiyuan
国研科技	SRIT (State Research & Information Technology)
网鱼网咖(Chinatown分店)	WangYu Internet Cafe (Chinatown Branch)
鹤宇网吧(希望小区招待所对面)	Heyu Internet Cafe (Opposite Hope Community Guesthouse)
SK宽带DNS服务器	SK Broadband DNS server
FUJITSU公司	FUJITSU
大田又松大学	Daejeon University
三重	3B Communications
中国物产会社	China Properties Co., Ltd.
飞华电信	Feihua Telecom
外交学院	China Foreign Affairs University
三义网络中心	Sanyi Network Center
极东大学	Jidong University
西日本工业大学	Nishinippon Institute of Technology
康桥佳和通信技术有限公司	Kangqiao Jiahe Communication Technology Co., Ltd.
深圳南凌科技发展有限公司	Shenzhen Nangling Technology Development Co., Ltd.
朝日网络	Asahi Net
SK_Telecom	SK_Telecom
北京新网互联科技有限公司	Beijing Xinnet Internet Technology Co., Ltd.
大邱大学	Daegu University
科英股份有限公司	Keying Co., Ltd.
歌华宽带王府井无线网	Gehua Broadband Wangfujing Wireless Network
Institute_of_Molecular_and_Cell_Biology	Institute_of_Molecular_and_Cell_Biology
FreeBit网络	FreeBit Network
NTT通信OCN	NTT Communications OCN
IPTP网络	IPTP Networks
东海网络	Donghai Network
YOYOGI用户	YOYOGI User
电信大楼熊清网吧	China Telecom Building Xiongqing Internet Cafe
Vectant网络	Vectant Network
仙桃	Xiantao Network
北京三信时代信息公司电信	Beijing Sanxin Times Information Company Telecom
电信机房工程调度	Telecom Equipment Room Engineering Dispatch
电信分公司IDC机房	China Telecom Branch IDC Data Center
电信(乐清)	China Telecom (Yueqing)
科利实业有限公司环球全域电讯节点	Global Crossing Coli Industrial Co., Ltd.
电信企业专线	China Telecom Enterprise Dedicated Line
电信DNN专线	China Telecom DNN Leased Line
NTTDoCoMo关西	NTT DoCoMo Kansai
电信电子政府网络	China Telecom E-Government Network
电信C网吧(西外)	China Telecom C Internet Cafe (Xi Wai)
公交2路车底站对面)	Bus Route 2 Terminal Opposite)
电信网吧宽带专线用户	China Telecom Internet Cafe Broadband Dedicated Line Users
联通大道一心众情II网吧	China Unicom Great Road Yixin Zhongqing II Internet Cafe
联通中央机房	China Unicom Central Computer Room
电信单线网数据中心(奇虎360卫士CDN节点)	China Telecom Single-Line Network Data Center (Qihu 360 Guard CDN Node)
联通网苑向左向右网络(报业大厦)	China Unicom NetClub Left-Right Network (Press Building)
Bengal_Engineering_and_Science_University	Bengal_Engineering_and_Science_University
电信网宿科技节点	China Telecom Wangsu Technology Node
DREAMLINE_CO.	DREAMLINE_CO.
Manipal_University	Manipal_University
电信网吧专线用户	China Telecom Internet Cafe Dedicated Line User
电信大楼服务中心	China Telecom Building Service Center
联通(东风通信)	China Unicom (Dongfeng Communication)
中交路港	Zhongjiao Lugang
联通心缘网吧	China Unicom Xinyuan Internet Cafe
联通湖北分公司IDC中心	China Unicom Hubei Branch IDC Center
联通宽带影苑园湖店	China Unicom Broadband Yingyuanyuanhu Store
电信BGP出口	China Telecom BGP egress
University_of_Kashmir	University_of_Kashmir
联通营业厅(中北大学附近)	China Unicom Business Hall (Near North University of China)
城建学校	Chengjian School
亚洲电视(ATV)	Asia Television (ATV)
深圳汇洁集团股份有限公司	Shenzhen Huijie Group Co., Ltd.
福田数据中心(电信出口)	Futian Data Center (China Telecom Gateway)
联通网苑(12团旗舰店)	China Unicom Netbar (12th Regiment Flagship Store)
世纪利华科技有限公司	Century Lihua Technology Co., Ltd.
联通绿色网苑	China Unicom Green Net
上海科学技术职业学院	Shanghai College of Science and Technology
云天彩虹网吧	Yuntian Caihong Internet Cafe
加利福尼亚州圣何塞网宿科技CDN节点	Wangsu Technology CDN Node in San Jose, California
联通网苑(五一街银都大厦三楼)	China Unicom NetCafe (3F, Yindu Building, Wuyi Street)
中国工商银行(亚洲)有限公司	Industrial and Commercial Bank of China (Asia) Limited
网宿CDN美国伊州芝加哥节点(东三环三元桥国门大厦A座4G)	Wangsu CDN Chicago, Illinois, USA Node (East Third Ring, Sanyuanqiao, Guomen Building, Block A, 4G)
东京网宿节点	Tokyo Wangsu Node
中国chinanetcenter	ChinaNetCenter
网宿CDN美国维州阿什本节点(东三环三元桥国门大厦A座4G)	Wangsu CDN US Virginia Ashburn Node (East Third Ring Road, Sanyuan Bridge, Guomen Building, Tower A, 4G)
网宿CDN美国得州达拉斯节点(东三环三元桥国门大厦A座4G)	Wangsu CDN Dallas, Texas, USA Node (Building A, Guomen大厦, San Yuan Bridge, East Third Ring Road, 4G)
网宿CDN美国佛州迈阿密节点(东三环三元桥国门大厦A座4G)	ChinaNetCenter CDN Miami, Florida, USA Node (East Third Ring Road, Sanyuan Bridge, Guomen Building, Block A, 4G)
网宿科技数据中心	Wangsu Science & Technology Data Center
网宿CDN香港节点(东三环三元桥国门大厦A座4G)	Wangsu CDN Hong Kong Node (East Third Ring Road, Sanyuanqiao, Guomen Building Tower A 4G)
网宿CDN日本–东京都节点(东三环三元桥国门大厦A座4G)	ChinaNetCenter CDN Japan - Tokyo Node (East Third Ring Road Sanyuan Bridge Guomen Building A, 4G)
联通公司家属楼	China Unicom Company Family Building
联通家园中通网吧	China Unicom Home ZTNET
联通机房(中山日报)	China Unicom (Zhongshan Daily)
联通东方网吧	China Unicom Dongfang Internet Bar
网宿CDN美国–加利福尼亚州洛杉矶节点(东三环三元桥国门大厦A座4G)	Wangsu CDN USA - Los Angeles, California Node (East Third Ring Road, Sanyuanqiao, Guomen Building, A Block, 4G)
联通家园高唐鼓楼路网吧	China Unicom Home Gaotang Gulou Road Internet Cafe
联通VDSL	China Unicom VDSL
联通家园铁塔直营店	China Unicom Home Tower Direct Sales Store
网宿CDN美国–乔治亚州–富尔顿–亚特兰大节点(东三环三元桥国门大厦A座4G)	ChinaNetCenter CDN USA – Georgia – Fulton – Atlanta Node (East Third Ring Road Sanyuan Bridge Guomen Building Tower A 4G)
联通家园网吧(东阿县商业街)	China Unicom Home Internet Cafe (Donge County Commercial Street)
联通增值服务中心	China Unicom Value-Added Service Center
联通(长城宽带网络服务有限公司昆明分公司租用)	China Unicom (Great Wall Broadband Network Service Co., Ltd. Kunming Branch Lease)
联通家园茌平直营店(茌平电影院三楼)	China Unicom Home Chiping Direct Store (3rd Floor, Chiping Cinema)
联通公司大客户部3组	China Unicom Key Account Department Group 3
联通办公楼	China Unicom Office Building
联通公司综合部	China Unicom General Office
联通公司商务客户部	China Unicom Business Customer Department
联通公司智能卡业务部	China Unicom Smart Card Business Department
联通分公司办公网	China Unicom Branch Office Network
联通公司公话部	China Unicom Public Telephone Department
联通家园西湖路店	China Unicom Home West Lake Road Store
联通家园(5小区加油站旁)	China Unicom Home (near the gas station in District 5)
联通公司大客户部1组	China Unicom Corporate Customer Department Group 1
网宿CDN意大利–伦巴第–米兰节点(东三环三元桥国门大厦A座4G)	ChinaNetCenter CDN Italy – Lombardy – Milan Node (East 3rd Ring Road, Sanyuanqiao, Guomen Building Tower A 4G)
网宿CDN德国–黑森州–美因河畔法兰克福节点(东三环三元桥国门大厦A座4G)	ChinaNetCenter CDN Germany - Hesse - Frankfurt am Main Node (East Third Ring Road, Sanyuanqiao, Guomen Building, Block A, 4G)
网宿CDN台湾特别行政区节点(东三环三元桥国门大厦A座4G)	Wangsu CDN Taiwan Special Administrative Region Node (East Third Ring Road, Sanyuanqiao, Guomen Building, Block A, 4G)
联通家园凯马直营店	China Unicom Home Kama Direct Store
网宿CDN美国–纽约州–纽约–纽约市节点(东三环三元桥国门大厦A座4G)	Wangsu CDN USA - New York State - New York - New York City Node (East Third Ring Road Sanyuan Bridge Guomen Building Tower A 4G)
联通公司市场部	China Unicom Marketing Department
联通公司副总经理办公室	Deputy General Manager Office of China Unicom
联通公司服务器	China Unicom Server
联通公司中心机房	China Unicom Center Computer Room
联通公司公众客户部	China Unicom Public Customer Department
联通丽水分公司	China Unicom Lishui Branch
SoftBank公司	SoftBank Corp.
联通公司公市场部	China Unicom Public Market Department
联通科苑网	China Unicom Keyuan Network
联通数据上网公共出口DNS服务器	China Unicom Data Public Access DNS Server
台北市HiNet	HiNet Taipei
联通分公司(114客服部)	China Unicom Branch (114 Customer Service Department)
联通公司大客户部2组	China Unicom Major Customer Department Group 2
ITSIDC	ITSIDC
联通家园连锁网吧沙坪坝山峡广场分店	China Unicom Home Chain Internet Bar Shapingba Sanxia Square Branch
中国电子信息产业发展研究院	China Center for Information Industry Development (CCID)
优能互通科技有限公司工体数据中心	Unicom Interconnect Technology Co., Ltd. Gongti Data Center
中电华通机房	China Electric Huatong Data Center
TokyoOCN用户	Tokyo OCN
中国太平洋财产保险股份有限公司孝感分公司	China Pacific Property Insurance Co., Ltd. Xiaogan Branch
中国电子科技第三研究所	The 3rd Research Institute of China Electronics Technology Group Corporation
上海壹通通信技术有限公司	Shanghai Yitong Communication Technology Co., Ltd.
联通公司网运部	China Unicom Network Operations Department
Josai_International_University	Josai_International_University
北京灵图软件技术有限公司	Beijing Lingtu Software Technology Co., Ltd.
联通网吧(粮栈路23号)	China Unicom Internet Cafe (No. 23 Liangzhan Road)
软银(SoftBank)电信国际互联节点	SoftBank Telecom International Interconnection Node
邮局附近)	Near Post Office
联通联友网吧	China Unicom Lianyou Internet Cafe
西日本OCN(NTT旗下)	NTT Communications (West Japan OCN)
联通网吧(和平小区正门)	China Unicom Internet Cafe (Heping Community Main Gate)
联通(蓝汛云分发nginx廊坊节点)	China Unicom (Lanxun Cloud Distribution nginx Langfang Node)
UCOM股公司	UCOM Corporation
联通家园银河网络广场	China Unicom Home Galaxy Network Plaza
电信局兴隆支局大院监控	China Telecom Xinglong Branch Office Compound Surveillance
电信互联网数据中心	China Telecom Internet Data Center
电信公司松滋市分公司	China Telecom Songzi Branch
电信数据机房	China Telecom Data Center
联通家园(民主花园附近)	China Unicom Home (near Minzhu Garden)
联通网吧(大石桥市自主里清华小区永洪门诊对面)	China Unicom Internet Cafe (Opposite Yonghong Clinic, Zizhuli Qinghua Community, Dashiqiao City)
斐讯云(PhiCloud)中电华通数据中心	PhiCloud China Electric Huatong Data Center
联通(蓝汛云计算廊坊节点)	China Unicom (ChinaCache Cloud Computing Langfang Node)
联通(蓝汛云计算太原节点)	China Unicom (Beijing Blue I.T. Taiyuan Node)
电信大院监控	China Telecom Compound Surveillance
西翠路9号瑞成大酒店公寓7层环宇心智公司	Huanyu Xinzhi Co., 7F, Ruicheng Hotel Apartment, No. 9 Xicui Road
电信局新坝支局大院监控	New Dam Branch Bureau Yard Surveillance of China Telecom
电信局刘家场分局	China Telecom Liujiachang Branch
电信一分店网吧	China Telecom Branch Internet Cafe
中移铁通麻城分公司	China Mobile Tietong Macheng Branch
电信局(长虹路)	China Telecom Office (Changhong Road)
兵库县神户市家乡网吧	Hyogo Prefecture Kobe City Hometown Internet Cafe
电信局电信小区仓库监控	Telecom Bureau Telecom Community Warehouse Surveillance
教育网郑州节点	CERNET Zhengzhou Node
太平洋电信	Pacific Telecom
电信凌梦云节点	China Telecom Lingmeng Cloud Node
电信1#省际出口Domainame系统	China Telecom Provincial Interconnection Domain Name System
indonesian_computer_university	Indonesian Computer University
电信局油坊支局大院监控	China Telecom Youfang Branch Compound Surveillance
电信idc机房	China Telecom IDC
电信集团总公司	China Telecom Group Corporation
网宿科技股份有限公司韩国电信CDN节点	ChinaNetCenter CDN node of Korea Telecom
有线电视HKCABLE	Wired TV HKCABLE
联通珠江路开心网都	China Unicom Zhujiang Road Happy Network
电信东电金石苑路口明智网吧	China Telecom Dongdian Jinshiyuan Junction Mingzhi Internet Cafe
电信分公司(平桥营业厅)	China Telecom (Pingqiao Business Hall)
联通郑州市移动3G	China Unicom Zhengzhou Mobile 3G
电信2#省际出口Domainame系统	China Telecom 2# Inter-Provincial Egress Domain Name System
Institut_Teknologi_Telkom	Institut Teknologi Telkom
联通网苑(文化东路58-1号)	China Unicom Net Park (No. 58-1 Wenhua East Road)
电信普维科技有限公司	Dianxin Puwei Technology Co., Ltd.
清迈	Chiang Mai
电信分公司办公网	China Telecom Branch Office Network
电信蒲公英IDC机房	China Telecom Dandelion IDC
电信站前MK英图网吧	China Telecom Zhanqian MK Yingtu Internet Cafe
联通(蓝汛云分发nginx太原节点)	China Unicom (ChinaCache Cloud Distribution nginx Taiyuan Node)
电信(通城宽带出口)	China Telecom (Tongcheng Broadband Exit)
电信科技研究所	Telecommunications Science and Technology Research Institute
联通岚山分公司	China Unicom Lanshan Branch
电信孝陵卫小卫街鑫塞翁网络	China Telecom Xiaolingwei Xiaoweijie Xinsaiweng Network
电信网吧裕发店	China Telecom Internet Cafe Yufa Branch
电信乌杨工业园	China Telecom Wuyang Industrial Park
邮电网络	China Post and Telecommunications Network
日本通信公司	Japan Telecommunications Company
电信小区宽带	China Telecom Community Broadband
泗水	Sishui
电信网上营业厅	China Telecom Online Business Hall
Akamai科技公司CDN网络节点(斯里兰卡电讯公司AS9329机房)	Akamai Technologies CDN Network Node (Sri Lanka Telecom AS9329 colocation site)
QMax通信公司	QMax Communication Company
环球全域电讯数据中心	Global全域电讯 Data Center
电信桐梓坡网吧	China Telecom Tongzipu Internet Cafe
BigAir集团	BigAir Group
电信网关	China Telecom Gateway
电信宽带体验(城南路6号)	China Telecom Broadband Experience (No. 6 Chengnan Road)
电信江阴数据中心	China Telecom Jiangyin Data Center
LXN网络	LXN Network
Web24公司	Web24 Company
中国移动国际有限公司美国接入点	China Mobile International Limited US Access Point
AMS_IX印度交换中心	AMS-IX Mumbai
Photon_Link(光子网络)有限公司	Photon_Link Co., Ltd.
China_Mobile_International	China_Mobile_International
中国移动骨干网香港接入点(AS58453)	China Mobile Backbone Hong Kong Access Point (AS58453)
息壤传媒文化有限公司	Xirang Media Culture Co., Ltd.
北京爱奇艺科技有限公司台湾是方电讯节点	Beijing iQiyi Technology Co., Ltd. Taiwan Chief Telecom Node
阿里巴巴anycast公共DNS	Alibaba Anycast Public DNS
中国移动IDC机房	China Mobile IDC Data Center
天威有线宽带	Topway Cable Broadband
加州	California
Google缓存	Google Cache
simtronic科技公司	Simtronic Technology Company
中国移动骨干网台湾接入点(AS58453)	China Mobile Backbone Network Taiwan Access Point (AS58453)
MyTV网络	MyTV Network
ossini公司	ossini
中关村数据中心	Zhongguancun Data Center
长城宽带网络服务有限公司贵阳分公司	Great Wall Broadband Network Service Co., Ltd. Guiyang Branch
东京都品川区So_net娱乐公司	So-net Entertainment Corporation, Shinagawa-ku, Tokyo
牡丹江易联网络科技服务有限公司联通数据中心	China Unicom Data Center of Mudanjiang Yilian Network Technology Service Co., Ltd.
GPRS	GPRS
i4HK数据中心	i4HK Data Center
国家发展委员会	National Development Commission
Chita_Medias	Chita_Medias
CMPak	CMPak
Unisys(优利)日本分公司	Unisys Japan
北京新比林通信技术有限公司	Beijing Xinbilin Communication Technology Co., Ltd.
中国移动CMIN2	China Mobile CMIN2
中国移动骨干网新加坡接入点	China Mobile Backbone Network Singapore Access Point
Oz_Servers数据中心	Oz_Servers Data Center
Netropy网络	Netropy Network
Telcotech公司	Telcotech
中国移动骨干网广东节点(AS9808)	China Mobile Backbone Network Guangdong Node (AS9808)
HiLineisp	HiLine
台网数位	Taiwan Digital Network
Codify公司	Codify
天威宽频	Topway Broadband
基址(保留)	Base Address (Reserved)
SiteHost网络公司	SiteHost Networks
亚太互联网络信息中心	Asia-Pacific Network Information Centre
北海道函馆New_Media公司	Hokkaido Hakodate New Media
IGRP路由器	IGRP
Speedonline	Speedonline
DMM	DMM
OSPFIGP-OSPFIGP全路由	OSPFIGP-OSPFIGP Full Route
All_Routers_on_this_Subnet	All_Routers_on_this_Subnet
Territory_Technology_Solutions公司	Territory_Technology_Solutions
全SBMS(all-sbms)	all-sbms
未分配	Unallocated
在这个子网中的所有系统	All systems in this subnet
新加坡滨海湾金沙	Marina Bay Sands Singapore
IPAllL1ISs网络	IPAllL1ISs Network
国云通信	China Cloud Communications
designated-sbm	designated-sbm
OSPFIGP-OSPFIGP指定路由	OSPFIGP-OSPFIGP specified route
康宝莱(中国)保健品有限公司	Herbalife (China) Health Products Co., Ltd.
RIP2路由器	RIP2 Router
光电新创通信	Optical New-Tech Communication
Unassigned(未分配)	Unassigned
OSPFIGP-TE网络	OSPFIGP-TE Network
GLOBECAST-ID网络	GLOBECAST-ID Network
IPAllL2ISs网络	IPAllL2ISs network
Al_MPP_Hello	Al_MPP_Hello
IGMP网络	IGMP Network
ST主机	ST Host
乐天信息通信株式会社	Rakuten Information and Communication
VRRP网络	VRRP Network
保留(Reserved)	(Reserved)
景安网络电信节点	Jing'an Network China Telecom Node
indigo-vhdp地址	indigo-vhdp
GE-FANUC地址	GE-FANUC Address
HSRP地址	HSRP address
DHCP服务器	DHCP server
路由器到交换机(router-to-switch)	router-to-switch
诺基亚MC瑞士(Nokia_MC_CH)	Nokia_MC_CH
IPAllIntermediate系统(IPAllIntermediate_Systems)	IPAllIntermediate Systems
ST路由	ST Router
所有PIM路由器(All_PIM_Routers)	All_PIM_Routers
cisco-nhap地址(直译非官译:思科-会员登陆)	cisco-nhap address
全CBT-路由器(all-cbt-routers)	All-CBT-Routers
MDAP地址	MDAP Address
零控址(2001-12-02更新)[zeroconfaddr(renew12	ZeroConfAddr(renew12)
RSVP封装(RSVP-ENCAPSULATION)	RSVP Encapsulation
digistar地址	digistar address
FF-LR-地址(ff-lr-address)	FF-LR-Address
shin宽带(shinbroadband)地址	Shin Broadband
All-Snoopers地址	All-Snoopers
Mobile-Agents(移动代理)	Mobile-Agents (China Mobile Proxy)
ETC控制(ETC_Control)	ETC_Control
PTP-pdelay地址	PTP-pdelay address
IGRS地址	IGRS Address
NTP网络时间协议(NTP_Network_Time_Protocol)	NTP Network Time Protocol
DXCLUSTER地址	DXCLUSTER Address
ff系统管理(ff-system-management)	ff-system-management
DTCP公告(DTCP_Announcement)	DTCP_Announcement
Babel地址	Babel
MMA设备发现(MMA_Device_Discovery)	MMA Device Discovery
pt2-discover地址	pt2-discover
Inter_RFID_Reader_Protocol	Inter_RFID_Reader_Protocol
Artificial_Horizons-Aviator	Artificial_Horizons-Aviator
LL-MANET-路由器(LL-MANET-Routers)	LL-MANET-Routers
Saratoga(译:萨拉托加)	Saratoga
JSDP地址	JSDP address
AllJoyn地址	AllJoyn Address
通用管理人员组(VMTP_Managers_Group)	VMTP_Managers_Group
VNP地址	VNP Address
IETF-1-LOW-AUDIO(直译非官译:互联网工程任务小组-1-低-音频)	IETF-1-LOW-AUDIO
Rwhod地址	Rwhod Address
IETF-1-AUDIO地址	IETF-1-AUDIO
BIGLOBE Inc.	BIGLOBE Inc.
MTP多播传输协议(MTP_Multicast_Transport_Protocol)	MTP Multicast Transport Protocol
RFC 6666中废除的前缀	Deprecated Prefix in RFC 6666
NSS名称服务服务器(NSS-Name_Service_Server)	NSS-Name_Service_Server
NTT Communications Corporation	NTT Communications Corporation
KT Corporation	KT Corporation
Sejong Telecom	Sejong Telecom
Trans-Eurasia Information Network	Trans-Eurasia Information Network
软件IPv4转换地址	Software IPv4 Conversion Address
甲骨文NIS与信息服务(SUN_NIS+Information_Service)	Oracle NIS and Information Service (SUN_NIS+Information_Service)
Zentralanstalt fuer Meteorologie und Geodynamik	Zentralanstalt fuer Meteorologie und Geodynamik
Charter Communications	Charter Communications
ORCHIDv2	ORCHIDv2
AUDIONEWS音频新闻多播(AUDIONEWS-Audio_News_Multicast)	AUDIONEWS-Audio_News_Multicast
Amazon Technologies Inc.	Amazon Technologies Inc.
保留地址(DIS瞬态组)	Reserved Address (DIS Transient Group)
Level 3 Parent LLC	Level 3 Parent LLC
Comcast Cable Communications LLC	Comcast Cable Communications LLC
Apple Inc.	Apple Inc.
Allstream Corp.	Allstream Corp.
保留地址(用于多点传送)	Reserved Address (for Multicast)
LG Dacom Corporation	LG Dacom Corporation
ARIN	ARIN
KDDI Corporation	KDDI Corporation
专用网络中的IPv4	IPv4 in Private Network
CenturyLink Communications LLC	CenturyLink Communications LLC
SGI-Dogfight(译:SGI-混战)	SGI-Dogfight(Transl:SGI-混战)
Bell Canada	Bell Canada
Charter Communications Inc	Charter Communications Inc
Akamai Technologies Inc.	Akamai Technologies Inc.
Shared Services Canada	Shared Services Canada
AT&T Services Inc.	AT&T Services Inc.
Teredo通道	Teredo Tunnel
Elisa Oyj	Elisa Oyj
IDNCOM	IDNCOM
Cox Communications LLC	Cox Communications LLC
Tata Communications (America) Inc	Tata Communications (America) Inc
互联网中的IPv4	IPv4 in the Internet
Aptum Technologies	Aptum Technologies
Kauno Technologijos Universitetas	Kauno Technologijos Universitetas
University College London	University College London
RIPENCC	RIPENCC
Hurricane Electric LLC	Hurricane Electric LLC
台湾教育网	TANet (Taiwan Academic Network)
Plusnet GmbH	Plusnet GmbH
Telecom Italia San Marino S.p.A	Telecom Italia San Marino S.p.A
Verizon Business	Verizon Business
Institute for Research in Fundamental Sciences	Institute for Research in Fundamental Sciences
Liberty Global B.V.	Liberty Global B.V.
Telia Company AB	Telia Company AB
M247 Europe SRL	M247 Europe SRL
Abavia S.r.l.	Abavia S.r.l.
Fondation RESTENA	Fondation RESTENA
电信局八桥支局大院监控	China Telecom Eight Bridge Branch Bureau Compound Monitoring
Telia Inmics-Nebula OY	Telia Inmics-Nebula OY
Institute of Mathematics and Computer Science of University of Latvia	Institute of Mathematics and Computer Science of University of Latvia
T-Mobile Austria GmbH	T-Mobile Austria GmbH
Next Layer Telekommunikationsdienstleistungs- und Beratungs GmbH	Next Layer Telekommunikationsdienstleistungs- und Beratungs GmbH
coremail论客服务器	coremail Lunkr Server
Deutsche Telekom AG	Deutsche Telekom AG
Swisscom AG	Swisscom AG
Forcepoint Cloud Ltd	Forcepoint Cloud Ltd
Equinor ASA	Equinor ASA
Flynet Ltd	Flynet Ltd
University Linz	University Linz
Foundation of Research and Technology Hellas	Foundation of Research and Technology Hellas
SK-INTERNET	SK-INTERNET
PrimoNet LLC	PrimoNet LLC
LLC Servis-Kommunikatsiya Sistemalari	LLC Servis-Kommunikatsiya Sistemalari
Tele2 Sverige AB	Tele2 Sverige AB
GlobalConnect AB	GlobalConnect AB
JSC ER-Telecom Holding	JSC ER-Telecom Holding
Claranet Limited	Claranet Limited
Claas KGaA mbH	Claas KGaA mbH
Orange S.A.	Orange S.A.
CERN - European Organization for Nuclear Research	CERN - European Organization for Nuclear Research
KPN B.V.	KPN B.V.
Telia Eesti AS	Telia Eesti AS
Telekom Deutschland GmbH	Telekom Deutschland GmbH
Veikkaus Oy	Veikkaus Oy
Academic Computer Centre CYFRONET AGH	Academic Computer Centre CYFRONET AGH
NTT Europe Limited	NTT Europe Limited
LINZ STROM GAS WAERME GmbH fuer Energiedienstleistungen und Telekommunikation	LINZ STROM GAS WAERME GmbH fuer Energiedienstleistungen und Telekommunikation
Consiglio Nazionale delle Ricerche	Consiglio Nazionale delle Ricerche
Hetzner Online AG	Hetzner Online AG
Brno University of Technology	Brno University of Technology
Host Europe GmbH	Host Europe GmbH
University of Montenegro	University of Montenegro
KG-IX LLC	KG-IX LLC
Moscanet SAL	Moscanet SAL
P4 Sp. Z O.O.	P4 Sp. Z O.O.
Gateway Gulf Company B.S.C.	Gateway Gulf Company B.S.C.
Republican Unitary Telecommunication Enterprise Beltelecom	Republican Unitary Telecommunication Enterprise Beltelecom
Orange Polska Spolka Akcyjna	Orange Polska Spolka Akcyjna
Moldtelecom SA	Moldtelecom SA
Eastera Ltd.	Eastera Ltd.
Saudi Telecom Company JSC	Saudi Telecom Company JSC
Communications Regulatory Authority	Communications Regulatory Authority
Mimecast Services Limited	Mimecast Services Limited
DataHata Ltd	DataHata Ltd
Bilink LLC	Bilink LLC
Stora Enso Oyj	Stora Enso Oyj
Slovak Technical University	Slovak Technical University
The Hong Kong Internet Exchange Limited	The Hong Kong Internet Exchange Limited
Belnet	Belnet
Private Stock Company Sater	Private Stock Company Sater
KAI-JUNG-CHEN Muilties Network	KAI-JUNG-CHEN Muilties Network
Consorci de Serveis Universitaris de Catalunya	Consorci de Serveis Universitaris de Catalunya
Kemira Oyj	Kemira Oyj
Hilti AG	Hilti AG
RASH - Rrjeti Akademik Shqiptar	RASH - Albanian Academic Network
RadioLAN spol. s r.o.	RadioLAN spol. s r.o.
Agder Fylkeskommune	Agder Fylkeskommune
Albtelecom Sh.a.	Albtelecom Sh.a.
National Infrastructures for Research and Technology S.A.	National Infrastructures for Research and Technology S.A.
Ziggo B.V.	Ziggo B.V.
MTS-NETWORK	MTS-NETWORK
Syn hf	Syn hf
Bouygues Telecom SA	Bouygues Telecom SA
ElCat Ltd.	ElCat Ltd.
Asociatia Interlan	Asociatia Interlan
King Abdul Aziz City for Science and Technology	King Abdul Aziz City for Science and Technology
Belgacom International Carrier Services SA	Belgacom International Carrier Services SA
Digital United Inc.	Digital United Inc.
Equinix (Finland) Oy	Equinix (Finland) Oy
Bredband2 AB	Bredband2 AB
Vodafone GmbH	Vodafone GmbH
Sentia Denmark A	Sentia Denmark A
Onitelecom - Infocomunicacoes S.A.	Onitelecom - Infocomunicacoes S.A.
Vodafone Ltd	Vodafone Ltd
Vodafone-Panafon Hellenic Telecommunications Company SA	Vodafone-Panafon Hellenic Telecommunications Company SA
University of Guam	University of Guam
Indonesia Network Information Center	Indonesia Network Information Center
Cyber Internet Services Pakistan	Cyber Internet Services Pakistan
Port Vila	Port Vila
HARNET Joint Universities Computer Centre Limited	HARNET Joint Universities Computer Centre Limited
TOT Public Company Limited	TOT Public Company Limited
Sri Lanka Telecom PLC	Sri Lanka Telecom PLC
台湾大哥大股份有限公司	Taiwan Mobile Co., Ltd.
PNG Dataco Ltd	PNG Dataco Ltd
Datacenter Luxembourg S.A.	Datacenter Luxembourg S.A.
Taiwan Network Information Center	Taiwan Network Information Center
Vietnam Internet Network Information Center	Vietnam Internet Network Information Center
AAPT Limited	AAPT Limited
Vodafone Net Iletisim Hizmetleri Anonim Sirketi	Vodafone Net Iletisim Hizmetleri Anonim Sirketi
Dreamline Co.	Dreamline Co.
Express Teleservice Corp	Express Teleservice Corp
Internet Systems Consortium	Internet Systems Consortium
Hoshin Multimedia Center Inc.	Hoshin Multimedia Center Inc.
The University of the South Pacific	The University of the South Pacific
ASNET Academia Sinica	ASNET Academia Sinica
文档和示例源代码中的地址	Addresses in documents and example source code
Ministry of Information & Communications	Ministry of Information & Communications
LinkChina Telecom Global Limited.	LinkChina Telecom Global Limited
Vanuatu Government	Vanuatu Government ISP
National Information & Communications Technology Authority	National Information & Communications Technology Authority
Nearoute Limited	Nearoute Limited
Rua Avenida Bispo de Medeiros No 8 Caicoli Dili Timor Leste	Rua Avenida Bispo de Medeiros No 8 Caicoli Dili Timor Leste
Bhutan Internet Exchange	Bhutan Internet Exchange
Guangzhou Jinggong Information Technology Co.	Guangzhou Jinggong Information Technology Co.
Sky Digital Co.	Sky Digital Co.
The University of Auckland	The University of Auckland
GLOBALNET COMMUNICATION LTD.	GLOBALNET COMMUNICATION LTD.
SatLink Pvt Ltd	SatLink Pvt Ltd
Gaofeng Network Limited	Gaofeng Network Limited
METRONET-HK	METRONET-HK
Dongfong Inc Limited	Dongfong Inc Limited
Lanka Education and Research Network	LEARN
中华人民共和国科技部	Ministry of Science and Technology of the People's Republic of China
Cloud Network Services HK Ltd	Cloud Network Services HK Ltd
The New Development Bank	The New Development Bank
Foxtel Management Pty Ltd	Foxtel Management Pty Ltd
C & C Integrate Marketing	C & C Integrate Marketing
Mercure Maldives Kooddoo Resort	Mercure Maldives Kooddoo Resort
摩根士丹利管理服务(上海)有限公司	Morgan Stanley Management Services (Shanghai) Co., Ltd.
Unitel LLC	Unitel LLC
Global Technology Co. Ltd.	Global Technology Co. Ltd.
Amsterdam Internet Exchange	Amsterdam Internet Exchange
Root Global Hong Kong Limited	Root Global Hong Kong Limited
LCSD	LCSD
LEASEWEB HONG KONG LIMITED	LEASEWEB HONG KONG LIMITED
The IUSN Foundation	The IUSN Foundation
Norfolk Telecom	Norfolk Telecom
广州尚航信息科技股份有限公司	Guangzhou Shanghang Information Technology Co., Ltd.
Medianet Pvt Ltd	Medianet Pvt Ltd
Antbox Networks Limited	Antbox Networks Limited
Gardamor Lda	Gardamor Lda
Carpathia Hosting	Carpathia Hosting
Advanced Info Service Public Company Limited	Advanced Info Service Public Company Limited
Kacific Broadband Satellites Pte Ltd	Kacific Broadband Satellites Pte Ltd
New Eagle Ltd	New Eagle Ltd
LUCIDACLOUD LIMITED	LUCIDACLOUD LIMITED
LCX International Technology Co.	LCX International Technology Co.
Humeng Technology International Co.	Humeng Technology International Co.
Office of the Electoral Commission	Office of the Electoral Commission
ISIF OU	ISIF OU
HONGKONG CENTURY-ONE LIMITED	HONGKONG CENTURY-ONE LIMITED
Telecommunications Authority of Fiji	Telecommunications Authority of Fiji
Bharti Airtel Ltd.	Bharti Airtel Ltd.
Internet Vikings International AB	Internet Vikings International AB
Beijing Dunhuang Heguang Information Technology Co.	Beijing Dunhuang Heguang Information Technology Co.
Britannia House 22 Cator Road	Britannia House 22 Cator Road
RETN Telecoms Ltd.	RETN Telecoms Ltd.
Reserve Bank of Fiji	Reserve Bank of Fiji
Jiang Men Shi Tian Da Cloud Co. Ltd	Jiang Men Shi Tian Da Cloud Co. Ltd
Solomon Islands Submarine Cable Company	Solomon Islands Submarine Cable Company
Pacific Networks	Pacific Networks
Wisa Setia 23 2nd Floor Jalan Pemancha	Wisa Setia 23 2nd Floor Jalan Pemancha
Cloudie Limited	Cloudie Limited
Zeofast Network	Zeofast Network
Nebula Global LLC	Nebula Global LLC
Tree Top Health Pvt. Ltd.	Tree Top Health Pvt. Ltd.
Petroliam Nasional Berhad	Petroliam Nasional Berhad
Index Exchange Inc.	Index Exchange Inc.
Hong Kong Beecloud System Technology Services Limited	Hong Kong Beecloud System Technology Services Limited
兴业银行股份有限公司	Industrial Bank Co., Ltd.
Arriga International Limited	Arriga International Limited
Guangdong Yunjie Communication Co.	Guangdong Yunjie Communication Co.
Steamships Ltd	Steamships Ltd
STACKSINC-BACKBONE - STACKS INC	STACKSINC-BACKBONE - STACKS INC
PSWITCH-HK PACSWITCH IP NETWORK	PSWITCH-HK PACSWITCH IP NETWORK
LUOGELANG FRANCE LIMITED	LUOGELANG FRANCE LIMITED
Moel Trading Co. Ltd.	Moel Trading Co. Ltd.
LOGICOM TECHNOLOGY CO.	LOGICOM TECHNOLOGY CO.
Chicago Trading Company	Chicago Trading Company
XNNET LLC	XNNET LLC
SuperNet Infocomm	SuperNet Infocomm
Wistma Setia 23 2nd Floor. Jalan Peamancha	Wistma Setia 23 2nd Floor. Jalan Peamancha
中国电信（澳门）有限公司	China Telecom (Macau) Company Limited
West Technology Services Group Limited	West Technology Services Group Limited
Samoa Digital Communications Limited	Samoa Digital Communications Limited
Shell Information Technology International	Shell Information Technology International
Airports Fiji Limited	Airports Fiji Limited
HanMing HK Limited	HanMing HK Limited
Hong Kong Communications International Co.	Hong Kong Communications International Co.
TWOWIN CO.	TWOWIN CO.
VH Global Limited	VH Global Limited
Star Intellitech HK Limited	Star Intellitech HK Limited
BLACK-MESA - SUN FIBER	BLACK-MESA - SUN FIBER
Meifeng Advertising Co.	Meifeng Advertising Co.
6th Floor Viengvang Tower	6th Floor Viengvang Tower
Government of Tonga Ministry of Meidecc	Government of Tonga Ministry of Meidecc
Villa Shipping and Trading Company Pvt. Ltd.	Villa Shipping and Trading Company Pvt. Ltd.
Telecommunications Commission Solomon Islands	Telecommunications Commission Solomon Islands
Maldives Customs Service	Maldives Customs Service
INTELLIGENT CONNECTION LIMITED	INTELLIGENT CONNECTION LIMITED
AGARTHA TELEKOM LTD	AGARTHA TELEKOM LTD
Prime Security Corp.	Prime Security Corp.
Gameloft Limited	Gameloft Limited
CommVerge Solutions Limited	CommVerge Solutions Limited
Bank of Maldives Plc	Bank of Maldives Plc
NETCLOUD INTERNATIONAL DATA CENTRE LIMITED	NETCLOUD INTERNATIONAL DATA CENTRE LIMITED
香港环球全域电讯	Hong Kong Global Communications
CHINA TELECOM MACAU COMPANY LIMITED	CHINA TELECOM MACAU COMPANY LIMITED
鼎峰新汇(香港)科技有限公司	Dingfeng Xinhui (Hong Kong) Technology Co., Ltd.
National University of Samoa	National University of Samoa
eServer	eServer
Resources Link Network Limited	Resources Link Network Limited
CENTERLINK GLOBAL TELECOM LIMITED	CENTERLINK GLOBAL TELECOM LIMITED
昆山杜克大学	Duke Kunshan University
West Kowloon Cultural District Authority	West Kowloon Cultural District Authority
Dacom Corp.	Dacom Corp.
Earth Network Technology HongKong Co.	Earth Network Technology HongKong Co.
深圳市奥斯达通信有限公司	Shenzhen Aosida Communication Co., Ltd.
LG DACOM KIDC	LG DACOM KIDC
Industrial and Commercial Bank	Industrial and Commercial Bank
Internet Technology Laboratory	Internet Technology Laboratory
M1 Net Ltd	M1 Net Ltd
Diyixian.com Limited	Diyixian.com Limited
Hyundai Communications & Network	Hyundai Communications & Network
LACNIC	LACNIC
AHTIC	AHTIC
Globe Telecom Inc	Globe Telecom Inc
National Yang Ming Chiao Tung University	National Yang Ming Chiao Tung University
SK Broadband Co Ltd	SK Broadband Co Ltd
Terra Networks Brasil S.A.	Terra Networks Brasil S.A.
Instituto Costarricense de Electricidad Y Telecom.	Instituto Costarricense de Electricidad Y Telecom.
Universidad Tecnologica de Panama	Universidad Tecnologica de Panama
Universidad de Guadalajara	Universidad de Guadalajara
Americatel Peru S.A.	Americatel Peru S.A.
Korean Education Network	Korea Education Network
中国铁路通信中心	China Railway Communication Center
Columbus Networks Guatemala	Columbus Networks Guatemala
AG Para el Desarrollo de la Sociedad de la Inf en Bolivia - ADSIB	AG Para el Desarrollo de la Sociedad de la Inf en Bolivia - ADSIB
AgotoZ HK Limited	AgotoZ HK Limited
AMS-IX Caribbean	AMS-IX Caribbean
Telecom Argentina S.A.	Telecom Argentina S.A.
Empresa de Telecomunicaciones de Cuba S.A.	Empresa de Telecomunicaciones de Cuba S.A.
Industrial Technology Research Institute	Industrial Technology Research Institute
Enjoyvc Cloud Group Limited.	Enjoyvc Cloud Group Limited
Association OCIX	Association OCIX
TWAREN-TW National Center for High-performance Computing	TWAREN-TW National Center for High-performance Computing
Vodafone Next Generation Services Limited	Vodafone Next Generation Services Limited
Sify Limited	Sify Limited
Servicio Central de Informatica	Servicio Central de Informatica
BT Latam Argentina	BT Latam Argentina
UOL Diveo S.A.	UOL Diveo S.A.
Uninet S.A. de C.V.	Uninet S.A. de C.V.
BT Latam Peru S.A.C.	BT Latam Peru S.A.C.
Latin American and Caribbean IP address Regional Registry	Latin American and Caribbean IP address Regional Registry
Universidade de Sao Paulo	University of Sao Paulo
Maxcom Telecomunicaciones S.A.B. de C.V.	Maxcom Telecomunicaciones S.A.B. de C.V.
Oman Telecommunications Company (S.A.O.G)	Oman Telecommunications Company (S.A.O.G)
Windstream Communications LLC	Windstream Communications LLC
AT&T Corp.	AT&T Corp.
Frontier Communications of America Inc.	Frontier Communications of America Inc.
University of Cyprus	University of Cyprus
Telefonica Germany GmbH & Co. OHG	Telefonica Germany GmbH & Co. OHG
A1 Bulgaria EAD	A1 Bulgaria EAD
Columbus Communications Grenada Ltd.	Columbus Communications Grenada Ltd.
Evolink AD	Evolink AD
Irideos S.p.A.	Irideos S.p.A.
Level 3 Communications Inc.	Level 3 Communications Inc.
UPC Polska Sp. z o.o.	UPC Polska Sp. z o.o.
PJSC Vimpelcom	PJSC Vimpelcom
Dansk Kabel TV A	Dansk Kabel TV A
OVH SAS	OVH SAS
Inea S.A.	Inea S.A.
Altice Dominicana S.A.	Altice Dominicana S.A.
Siminn HF	Siminn HF
Nos Comunicacoes S.A.	Nos Comunicacoes S.A.
green.ch AG	green.ch AG
Bahrain Telecommunications Company (BATELCO) B.S.C.	Bahrain Telecommunications Company (BATELCO) B.S.C.
Radiografica Costarricense	Radiografica Costarricense
AFRINIC	AFRINIC
Technical University of Gdansk Academic Computer Center Task	Technical University of Gdansk Academic Computer Center Task
The Constant Company LLC	The Constant Company LLC
Elisa Teleteenused AS	Elisa Teleteenused AS
Vodafone Egypt	Vodafone Egypt
Sentia Netherlands BV	Sentia Netherlands BV
Telkea Telecom SA	Telkea Telecom SA
UAB Nacionalinis Telekomunikaciju Tinklas	UAB Nacionalinis Telekomunikaciju Tinklas
Intelsat	Intelsat
Internet Exchange Point Association of Lesotho	Internet Exchange Point Association of Lesotho
University of Ghana	University of Ghana
Ooredoo Q.S.C.	Ooredoo Q.S.C.
Dimension Data	Dimension Data
University of Nigeria	University of Nigeria
AS Infonet	AS Infonet
Ghana Dot Com Ltd	Ghana Dot Com Ltd
Nampower	Nampower
ARPCE	ARPCE
Rain Networks (Pty) Ltd	Rain Networks (Pty) Ltd
Sudatel	Sudatel
Information Technology Company	Information Technology Company
University of Jos	University of Jos
Mauritius Telecom	Mauritius Telecom
National Computer Board	National Computer Board
University of the Free State	University of the Free State
Algerian Academic Research Network	Algerian Academic Research Network
Africa Online Kenya	Africa Online Kenya
TE Data	TE Data
Swaziland PTC	Swaziland PTC
Eduardo Mondlane University	Eduardo Mondlane University
University of Pretoria	University of Pretoria
Simbanet (T) Limited	Simbanet (T) Limited
Mbabane Internet Exchange Association	Mbabane Internet Exchange Association
T-Mobile Polska S.A.	T-Mobile Polska S.A.
Serekunda Internet Exchange Point	Serekunda Internet Exchange Point
Angola Cables	Angola Cables
North West University	North West University
Al'Akhawayn University	Al'Akhawayn University
Maroc Telecom	Maroc Telecom
African Development Bank - AFDB	African Development Bank - AFDB
Telecomunicacoes de Mocambique	Telecommunications of Mozambique
Ministry of Information and Communications Government of Sierra Leone	Ministry of Information and Communications Government of Sierra Leone
WoodyNet Ltd	WoodyNet Ltd
Universite Abomey-Calavi	University of Abomey-Calavi
Internet Exchange Point Association of Namibia	Internet Exchange Point Association of Namibia
Kenya Ports Authority	Kenya Ports Authority
Obafemi Awolowo University IFE	Obafemi Awolowo University IFE
National University of Science and Technology	National University of Science and Technology
Bayero University	Bayero University
IBM	IBM
Google LLC	Google LLC
Massey University	Massey University
GSNET Data Communication Business Group	GSNET Data Communication Business Group
LGTelecom	LG Telecom
NCREE National Center for Research on Earthquake Engineering	NCREE National Center for Research on Earthquake Engineering
Newcom International Inc.	Newcom International Inc.
TalkTalk Communications Limited	TalkTalk Communications Limited
Rwanda Revenue Authority	Rwanda Revenue Authority
Bezeq International-Ltd	Bezeq International-Ltd
LG CNS	LG CNS
DELTA Fiber Nederland B.V.	DELTA Fiber Nederland B.V.
Togo Internet Exchange Point	Togo Internet Exchange Point
Digi Telecommunications Sdn Bhd	Digi Telecommunications Sdn Bhd
The University of Cape Coast	University of Cape Coast
Pishgaman Toseeh Ertebatat Company (Private Joint Stock)	Pishgaman Toseeh Ertebatat Company (Private Joint Stock)
GlobalConnect AS	GlobalConnect AS
Bank of Kigali Ltd	Bank of Kigali Ltd
Oneshome Communications Ltd	Oneshome Communications Ltd
中数通信息有限公司	China Data Co., Ltd.
SoftBank Corp.	SoftBank Corp.
MTN Afghanistan	MTN Afghanistan
Telstra Internet	Telstra Internet
Instatelecom Limited	Instatelecom Limited
6to4寻址方案（已弃用）	6to4 addressing scheme (deprecated)
Sudanese Internet Association	Sudanese Internet Association
Vanuatu Telecom	Vanuatu Telecom
Economic & Strategic Research Center	Economic & Strategic Research Center
Valley View University	Valley View University
Silicon Cloud Global US	Silicon Cloud Global US
Telnet Communication Limited	Telnet Communication Limited
Government of Tuvalu	Government of Tuvalu
VOCOM-TW vocom international telecom	VOCOM-TW vocom international telecom
University of Abuja	University of Abuja
TELEGLOBAL COMMUNICATION SERVICES LIMITED	TELEGLOBAL COMMUNICATION SERVICES LIMITED
森华易腾	Senhuayiteng
CallPlus Services Limited	CallPlus Services Limited
Telecom Italia S.p.A.	Telecom Italia S.p.A.
Tennet Telecom SRL	Tennet Telecom SRL
IFLAB Internet Finance Laboratory	IFLAB Internet Finance Laboratory
国家统计局数据管理中心	National Bureau of Statistics Data Management Center
上海好锦科技发展有限公司	Shanghai Haojin Technology Development Co., Ltd.
Taiwan Intelligent Fiber Optic Network Co.	Taiwan Intelligent Fiber Optic Network Co.
厦门鑫点击网络科技股份有限公司	Xiamen Xindiandian Network Technology Co., Ltd.
VCL-147-149513 - Vertex Connectivity LLC	VCL-147-149513 - Vertex Connectivity LLC
623 Pyay Road University P.O. Kamaryut Township	623 Pyay Road University P.O. Kamaryut Township
Radius Telecoms Inc.	Radius Telecoms Inc.
KingCorp Inc	KingCorp Inc
SHIXP NATIONALSHANGHAI NEW-TYPE INTERNET EXCHANGE POINT	SHIXP NATIONALSHANGHAI NEW-TYPE INTERNET EXCHANGE POINT
美橙互联	Meicheng Interconnection
NEBULA-GLOBAL - Nebula Global LLC	NEBULA-GLOBAL - Nebula Global LLC
Huayun Data International Limited	Huayun Data International Limited
TAIWAN-TELECOM - Taiwan Telecom	Taiwan Telecom
KDDI Summit Global Myanmar Company Limited	KDDI Summit Global Myanmar Company Limited
Voyager Internet Ltd.	Voyager Internet Ltd.
CNNIC-CN-COLNET Oriental Cable Network Co.	CNNIC-CN-COLNET Oriental Cable Network Co.
SINGTEL-TW Chung Hsiao East Road	SINGTEL-TW Chung Hsiao East Road
CDS Global Cloud Co.	CDS Global Cloud Co.
网宿	ChinaNetCenter
上海双于通信技术有限公司	Shanghai Shuangyu Communication Technology Co., Ltd.
Digicel Pacific Ltd	Digicel Pacific Ltd
Tonga Communications Corporation	Tonga Communications Corporation
广东恒睿科技有限公司	Hengrui Technology Co., Ltd.
河北广电	Hebei Broadcasting Network
网云无限	Wangyun Wuxian
SKYCLOUD-NET Skycloud Computing co.	SKYCLOUD-NET Skycloud Computing co.
Telenor Myanmar Ltd.	Telenor Myanmar Ltd.
PT Aplikanusa Lintasarta	PT Aplikanusa Lintasarta
Worldlink Communications	Worldlink Communications
Rahanet Internet Service Provider	Rahanet Internet Service Provider
Unified National Networks	Unified National Networks
Taiwna Digital Streaming Co.	Taiwna Digital Streaming Co.
PT. XL Axiata Tbk	PT. XL Axiata Tbk
Websurfer Nepal Communication System Pvt. Ltd	Websurfer Nepal Communication System Pvt. Ltd
Datec Internet Service Provider	Datec Internet Service Provider
Ncell Private Ltd.	Ncell Private Ltd.
瑞信证券(中国)有限公司	Credit Suisse Securities (China) Limited
Tata Communications Lanka Ltd	Tata Communications Lanka Ltd
Opera Software Technology Beijing Co.	Opera Software Technology Beijing Co.
Teleglobal Communication Services Limited	Teleglobal Communication Services Limited
Catixs Ltd	Catixs Ltd
MTX Connect S. a r.l.	MTX Connect S. a r.l.
CCBFT CCB Fintech Co.	CCB Fintech Co.
CHINANET-IDC-GD China Telecom Group	CHINANET-IDC-GD China Telecom Group
新浪	Sina
Foxconn Technology Group	Foxconn Technology Group
Hurricane Electric (Hong Kong) Ltd	Hurricane Electric (Hong Kong) Ltd
Wantok Network Limited	Wantok Network Limited
Grameenphone Ltd.	Grameenphone Ltd.
Mercantile Communications Pvt Ltd	Mercantile Communications Pvt Ltd
TAICOM-NET Taiwan Communications Technology Service Co.	TAICOM-NET Taiwan Communications Technology Service Co.
CHUAN KAI INTERNATIONAL CO.	CHUAN KAI INTERNATIONAL CO.
杭州富春云科技有限公司	Hangzhou Fuchunyun Technology Co., Ltd.
Telecommunication Service	Telecommunication Service
北京小桔科技有限公司	Beijing Xiaoju Technology Co., Ltd.
CNT-NORTHCHINA CERNET New Technology Co.	CNT-NORTHCHINA CERNET New Technology Co.
Optix Pakistan (Pvt.) Limited	Optix Pakistan (Pvt.) Limited
PUMO-NET PUMO NETWORK DIGITAL TECHNOLOGY CO.	PUMO-NET PUMO NETWORK DIGITAL TECHNOLOGY CO.
北京海御科技有限公司	Beijing Haiyu Technology Co., Ltd.
上海市信息网络有限公司	Shanghai Information Network Co., Ltd.
HKT Limited	HKT Limited
MOACK.Co.LTD	MOACK.Co.LTD
滴滴(中国)科技有限公司	DiDi (China) Technology Co., Ltd.
Ocean Wave Communication Co. Ltd	Ocean Wave Communication Co. Ltd
KBT Koos Broadband Telecom	KBT Koos Broadband Telecom
SKYQUANTUM-INTERNET-SERVICE - SkyQuantum Internet Service	SKYQUANTUM-INTERNET-SERVICE - SkyQuantum Internet Service
HKSTL-HK Hong Kong Syscloud Technology Limited	HKSTL-HK Hong Kong Syscloud Technology Limited
New Sky Internet Limited	New Sky Internet Limited
Guangzhou Shujie Suyuan Culture Communication Co.	Guangzhou Shujie Suyuan Culture Communication Co.
Link3 Technologies Limited	Link3 Technologies Limited
Dialog Broadband Networks (Pvt) Ltd.	Dialog Broadband Networks (Pvt) Ltd.
山西广电	Shanxi Broadcasting Network
Financial Information Service Co.	Financial Information Service Co.
宝马汽车金融(中国)有限公司	BMW Auto Finance (China) Co., Ltd.
天地祥云	SkyCloud
Top Way Global Limited	Top Way Global Limited
Marga Global Telecom Limited	Marga Global Telecom Limited
江阴市普尔网络信息技术有限公司	Jiangyin Pure Network Information Technology Co., Ltd.
Philippine Long Distance Telephone Company	Philippine Long Distance Telephone Company
CloudFlare Inc.	CloudFlare Inc.
Tianhai InfoTech	Tianhai InfoTech
中国社会科学院大学	University of Chinese Academy of Social Sciences
MTI Solution Limited	MTI Solution Limited
滴滴商业服务有限公司	DiDi Business Services Co., Ltd.
SINGTEL-HK SingTel Hong Kong Limited	SINGTEL-HK SingTel Hong Kong Limited
Netconn Services Ltd	Netconn Services Ltd
2012 Limited Netfront	2012 Limited Netfront
IP ServerOne Solutions Sdn Bhd	IP ServerOne Solutions Sdn Bhd
Tikona Infinet Ltd.	Tikona Infinet Ltd.
Pacificnet Hosting Ltd	Pacificnet Hosting Ltd
亿林网络	Yilin Network
Bharti Airtel Lanka Pvt. Limited	Bharti Airtel Lanka Pvt. Limited
中国中信集团有限公司	CITIC Group
Banglalink Digital Communications Ltd	Banglalink Digital Communications Ltd
中国广电	China Broadcasting Network
郑州珑凌科技有限公司	Zhengzhou Lonling Technology Co., Ltd.
Zerodesk Ltd	Zerodesk Ltd
中国移动香港	China Mobile Hong Kong
Linkdotnet Telecom Limited	Linkdotnet Telecom Limited
河南广电	Henan Broadcasting Network
Simcentric Solutions Limited	Simcentric Solutions Limited
北京谷翔信息技术有限公司	Beijing Guxiang Information Technology Co., Ltd.
Biznet Networks	Biznet Networks
IPTP Limited	IPTP Limited
CamGSM Company Ltd	CamGSM Company Ltd
DONGFONG-TW DongFong Technology Co. Ltd.	DONGFONG-TW DongFong Technology Co. Ltd.
北京外国语大学	Beijing Foreign Studies University
Sharp Telecom (Private) Limited	Sharp Telecom (Private) Limited
Viettel Timor Leste Unipessoal Lda.	Viettel Timor Leste Unipessoal Lda.
VTEL	VTEL
WEBDISCOUNT GmbH & Co. KG	WEBDISCOUNT GmbH & Co. KG
华北石油通信公司	North China Petroleum Communications Company
Rackspace IT Hosting AS IT Hosting Provider Hong Kong	Rackspace IT Hosting AS IT Hosting Provider Hong Kong
九仓电讯	Wharf T&T
IT&E Overseas Inc.	IT&E Overseas Inc.
Beyotta Services LLP	Beyotta Services LLP
Building 12 MICT Park Hlaing Campus Hlaing Township	Building 12 MICT Park Hlaing Campus Hlaing Township
四川广电	Sichuan Broadcasting Network
TAIBAO-KEJI-NET Pacific Insurance Technology Co.	TAIBAO-KEJI-NET Pacific Insurance Technology Co.
IX Reach Ltd	IX Reach Ltd
北京商务中心区通信	Beijing Central Business District Communication
GSL Global Secure Layer	GSL Global Secure Layer
Cyber Express Communication Ltd.	Cyber Express Communication Ltd.
GTDCL-HK Unit A-E	GTDCL-HK Unit A-E
华云数据	Huayun Data
Focus Infocom Private Limited	Focus Infocom Private Limited
UNITAS - Unitas Global	UNITAS - Unitas Global
DCConnect Communication Pte. Ltd.	DCConnect Communication Pte. Ltd.
湖南广电	Hunan Broadcasting Network
M1 Limited	M1 Limited
Drukcom Pvt. Enterprise	Drukcom Pvt. Enterprise
优酷土豆股份有限公司	Youku Tudou Inc.
重庆广电	Chongqing Broadcasting Network
Vodafone Fiji Limited	Vodafone Fiji Limited
成都中立数据科技有限公司	Chengdu Zhongli Data Technology Co., Ltd.
Digicel Vanuatu Ltd	Digicel Vanuatu Ltd
深圳平安通信科技有限公司	Shenzhen Ping'an Communication Technology Co., Ltd.
Agni Systems Limited	Agni Systems Limited
VSCGT-HK Virtual Switching Consultancy Limited CO VXRoutes Ltd	VSCGT-HK Virtual Switching Consultancy Limited CO VXRoutes Ltd
HOSTINGINSIDE HostingInside LTD.	HOSTINGINSIDE HostingInside LTD.
Maxis Broadband Sdn Bhd	Maxis Broadband Sdn Bhd
Sure (Diego Garcia) Limited	Sure (Diego Garcia) Limited
湖北广电	Hubei Broadcasting Network
ACNET-CN Accenture China Co.	ACNET-CN Accenture China Co.
NCIC-TW New Century InfoComm Tech Co.	NCIC-TW New Century InfoComm Tech Co.
ETFIBERNET 3F	ETFIBERNET 3F
DRCLOUD Inventec Besta CO.	DRCLOUD Inventec Besta CO.
Mobicom Corporation	Mobicom Corporation
Papua New Guinea Academic and Research Network	Papua New Guinea Academic and Research Network
IP-Converge Internet Data Center.	IP-Converge Internet Data Center
中国交通通信信息中心	China Transport Telecommunications & Information Center
NCIC-IDC-TW New Century InfoComm Tech Co.	NCIC-IDC-TW New Century InfoComm Tech Co.
Ministry of Posts and Telecommunication Cambodia	Ministry of Posts and Telecommunication Cambodia
Rana WiMAX Network in Afghanistan.	Rana WiMAX Network in Afghanistan
RISE-HK RISE	RISE-HK RISE
AppsBox Limited	AppsBox Limited
浙江华数	Zhejiang Wasu
广西广电	China Broadcasting Network Guangxi
Connect Managed Services (UK) Limited	Connect Managed Services (UK) Limited
CYPRESSTEL-HK Cypresstel Global Network	CYPRESSTEL-HK Cypresstel Global Network
PEOPLENET People.Cn CO.	PEOPLENET People.Cn CO.
Asia Web Services Ltd	Asia Web Services Ltd
HuaBo Technology International Limited	HuaBo Technology International Limited
8 Cloud Limited	8 Cloud Limited
VEE TIME CORP.	VEE TIME CORP.
VDC Powerbase Hong Kong Data Centers Limited	VDC Powerbase Hong Kong Data Centers Limited
UNICOM-GLOBAL China Unicom Global	UNICOM-GLOBAL China Unicom Global
Ocean Link Ltd	Ocean Link Ltd
i-Pac Communications Ltd	i-Pac Communications Ltd
Optimax Communication Ltd	Optimax Communication Ltd
Telekom Malaysia Berhad	Telekom Malaysia Berhad
Kidanet ISP	Kidanet ISP
Computer Network Information Center of Chinese Academy of Sciences CNIC-CAS	Computer Network Information Center of Chinese Academy of Sciences
Beijing IQIYI Science & Technology Co.	Beijing IQIYI Science & Technology Co.
Newcom Live (Fiji) Limited	Newcom Live (Fiji) Limited
ZDNS Internet Domain Name System Beijing Engineering Resrarch Center Ltd.	ZDNS Internet Domain Name System Beijing Engineering Research Center Ltd.
易声科技国际有限公司	Yisheng Technology International Co., Ltd.
ESUNNET Esun TechnologyShanghai Co.	ESUNNET Esun Technology Shanghai Co.
Digitec PNG Limited	Digitec PNG Limited
DDoS Capsula Solution Limited	DDoS Capsula Solution Limited
天津市亿人科技发展有限公司	Tianjin Yiren Technology Development Co., Ltd.
Masergy Communications Inc.	Masergy Communications Inc.
True Move Company Limited	True Move Company Limited
ERX-CERNET-BKB China Education and Research Network Center	ERX-CERNET-BKB China Education and Research Network Center
PUNET Taiwan	PUNET Taiwan
Cogent Communications Inc.	Cogent Communications Inc.
Twitch Interactive Inc.	Twitch Interactive Inc.
FIBRLINK Beijing FibrLINK Networks Co.	FIBRLINK Beijing FibrLINK Networks Co.
Digicel Tonga Ltd	Digicel Tonga Ltd
SOPRADO GmbH	SOPRADO GmbH
ASUSTek COMPUTER INC.	ASUSTek COMPUTER INC.
POWER LINE	POWER LINE
Myanma Post and Telecommunication	Myanma Post and Telecommunication
Global Entourage Service Ltd.	Global Entourage Service Ltd.
ABS Global Satellite Limited	ABS Global Satellite Limited
Scicube Limited	Scicube Limited
DZCRD Networks Ltd	DZCRD Networks Ltd
Chittagong Online Limited.	Chittagong Online Limited
Tencent Cloud Computing (Beijing) Co. Ltd.	Tencent Cloud Computing (Beijing) Co. Ltd.
杭州天舰信息技术股份有限公司	Hangzhou Tianjian Information Technology Co., Ltd.
中国中车股份有限公司	CRRC Corporation Limited
Vocus Pty Ltd	Vocus Pty Ltd
吉林省高升科技有限公司	Jilin Gaosheng Technology Co., Ltd.
南京未来网络产业创新有限公司	Nanjing Future Network Industry Innovation Co., Ltd.
Gigabit Limited	Gigabit Limited
中国储备粮管理集团有限公司	China Grain Reserve Corporation
北京云林网络科技有限公司	Beijing Yunlin Network Technology Co., Ltd.
NeocomISP Limited	NeocomISP Limited
YTL Communications Sdn Bhd	YTL Communications Sdn Bhd
中国银行股份有限公司	Bank of China Limited
CMC Telecom Infrastructure Company	CMC Telecom Infrastructure Company
福建广电	Fujian Broadcasting Network
北京德利迅达科技有限公司	Beijing Delixunda Technology Co., Ltd.
CatIO Network	CatIO Network
VKT-HK Viking Telecom Limited	VKT-HK Viking Telecom Limited
Telecommunications Tokelau Corporation - Teletok	Telecommunications Tokelau Corporation - Teletok
新疆广电	Xinjiang Broadcasting Network
Gigabit Hosting Sdn Bhd	Gigabit Hosting Sdn Bhd
Digicel Samoa Ltd	Digicel Samoa Ltd
贵州广电	Guizhou Broadcasting Network
赞普科技	Zanpu Technology
Gamania CloudForce	Gamania CloudForce
Network Joint (HK) Limited	Network Joint (HK) Limited
万国数据	GDS Holdings
Azonne Limited	Azonne Limited
PDS Guam Internet Service Provider	PDS Guam Internet Service Provider
Lao National Internet Committee	Lao National Internet Committee
华晨宝马汽车有限公司	Brilliance BMW Automotive Co., Ltd.
Amarutu Technology Ltd.	Amarutu Technology Ltd.
驰联网络	Covline Network
iiNET Limited	iiNET Limited
DLIVE	DLIVE
NAVER Cloud Corp.	NAVER Cloud Corp.
北京市爱迪通信有限责任公司	Beijing Aidi Communication Co., Ltd.
新华网	Xinhuanet
Action POS LLC	Action POS LLC
IPTELECOM Global	IPTELECOM Global
Clear Path Networks Inc.	Clear Path Networks Inc.
Telekomunikasi Indonesia International (T.L.) S.A.	Telekomunikasi Indonesia International (T.L.) S.A.
CHINANET-GUANGDONG-GUANGZHOU-MAN CHINANET Guangdong province Guangzhou MAN network	CHINANET-GUANGDONG-GUANGZHOU-MAN
上海姆机商务咨询有限公司	Shanghai Muji Business Consulting Co., Ltd.
杭州网鼎科技有限公司	Hangzhou Wangding Technology Co., Ltd.
VPSOR-GLOBAL	VPSOR-GLOBAL
TRAVELSKY west wing no.157	TRAVELSKY west wing no.157
Cogetel Online	Cogetel Online
Vimpelcom Lao Co. Ltd.	Vimpelcom Lao Co. Ltd.
Saigon Postel Corporation	Saigon Postel Corporation
Converge Information and Communications Technology Solutions Inc	Converge Information and Communications Technology Solutions Inc
Tata Communications Limited	Tata Communications Limited
北京国旭网络科技有限公司	Beijing Guoxu Network Technology Co., Ltd.
WINDCLOUDNETWORK-MO INAP Japan Tokyo Shiohama DC	WINDCLOUDNETWORK-MO INAP Japan Tokyo Shiohama DC
Cloud Net Technologies Limited	Cloud Net Technologies Limited
中国南方电网有限责任公司	China Southern Power Grid Co., Ltd.
上海数龙科技有限公司	Shanghai Shulong Technology Co., Ltd.
Kamatera Inc	Kamatera Inc
中国邮政储蓄银行股份有限公司	PSBC (Postal Savings Bank of China)
iAdvantage Limited	iAdvantage Limited
八度网络	Badu Network
EDISON Global Networks Limited	EDISON Global Networks Limited
中国石油天然气股份有限公司	PetroChina Company Limited
深圳第一线通信有限公司	Shenzhen DYXnet Communication Co., Ltd.
Suniway Group Limited	Suniway Group Limited
Lighting Hosting Limited	Lighting Hosting Limited
American Samoa Telecommunications Authority	American Samoa Telecommunications Authority
云方舟	Yun Fangzhou
AST Telecom LLC	AST Telecom LLC
云上艾珀(贵州)技术有限公司	Cloud Aibo (Guizhou) Technology Co., Ltd.
TTCL-CN Shen Zhen Hu Lian Xian Feng Technology Co.	TTCL-CN Shen Zhen Hu Lian Xian Feng Technology Co.
沈阳外云科技有限公司	Shenyang Waiyun Technology Co., Ltd.
Towngas Telecom	Towngas Telecom
GTJANET GTJA Securities	GTJANET GTJA Securities
HKBN JOS Synergy HK Limited	HKBN JOS Synergy HK Limited
Connect Internet Services Limited	Connect Internet Services Limited
TINP-TW Taiwan Infrastructure Network Technologie	TINP-TW Taiwan Infrastructure Network Technologie
蒲公英网络	Dandelion Network
Telcotech Ltd	Telcotech Ltd
杭州速联信息科技有限公司	Hangzhou Sulian Information Technology Co., Ltd.
北京优帆科技有限公司	Beijing Youfan Technology Co., Ltd.
PT Cyberindo Aditama	PT Cyberindo Aditama
江西广电	Jiangxi Broadcasting Network
北京搜狗信息服务有限公司	Beijing Sogou Information Service Co., Ltd.
LTEL RM 1706	LTEL RM 1706
CAPNET NO.11 Xi San Huan Zhong Road	CAPNET NO.11 Xi San Huan Zhong Road
辽宁途隆科技有限公司	Liaoning Tulong Technology Co., Ltd.
中国免税品（集团）有限责任公司	China Duty Free Group Co., Ltd.
上海科技网络通信有限公司	Shanghai Science and Technology Network Communication Co., Ltd.
Fiveways International Limited	Fiveways International Limited
KHTECH Shanghai Kuanhui Tech. Co.	KHTECH Shanghai Kuanhui Tech. Co.
South Asia Universal Limited	South Asia Universal Limited
中国社会科学院	Chinese Academy of Social Sciences
景安网络	Jing'an Network
Ching Kuo	Ching Kuo
Cambodian Singmeng Telemedia Co. Ltd.	Cambodian Singmeng Telemedia Co. Ltd.
Quang Trung Software City Development Company Limited	Quang Trung Software City Development Company Limited
Shuangyu Communications Technology Co.	Shuangyu Communications Technology Co.
Nevigate Global Network Hong Kong Limited	Nevigate Global Network Hong Kong Limited
Starry Network Limited	Starry Network Limited
Layerlinks Global Lmited	Layerlinks Global Lmited
WANIN WANIN INTERNATIONAL CO.	WANIN WANIN INTERNATIONAL CO.
Sprint Communications Inc.	Sprint Communications Inc.
GIGABYTE	GIGABYTE
Sfera Networks s.r.l.	Sfera Networks s.r.l.
AGB Communication Co.Ltd	AGB Communication Co.Ltd
Mootech Asia	Mootech Asia
CHINANET-SHANGHAI-MAN China Telecom Group	CHINANET-SHANGHAI-MAN China Telecom Group
Eastern Telecom Philippines Inc.	Eastern Telecom Philippines Inc.
TFN-TW Taiwan Fixed Network	TFN Taiwan Fixed Network
Sun Network (Hong Kong) Limited	Sun Network (Hong Kong) Limited
中国人寿保险股份有限公司	China Life Insurance Company Limited
PT Berca Hardayaperkasa	PT Berca Hardayaperkasa
Chief Telecom Inc.	Chief Telecom Inc.
Digicel Nauru Corporation	Digicel Nauru Corporation
NETEASE HONG KONG LIMITED	NETEASE HONG KONG LIMITED
CHINA-ABITCOOL 21Vianet.Co.	CHINA-ABITCOOL 21Vianet.Co.
University of Indonesia	University of Indonesia
Thimphu Techpark	Thimphu Techpark
TGS-INT-NETWORK OSLO	TGS-INT-NETWORK OSLO
NSS INTL CO.	NSS INTL CO.
北京字节跳动网络技术有限公司	Beijing ByteDance Network Technology Co., Ltd.
中华人民共和国农业农村部	Ministry of Agriculture and Rural Affairs of the People's Republic of China
Telstra International Limited	Telstra International Limited
中国工商银行股份有限公司	Industrial and Commercial Bank of China Limited
IPS Inc.	IPS Inc.
SmarTone Telecommunications Ltd.	SmarTone Telecommunications Ltd.
七牛云	Qiniu Cloud
Verizon Australia Pty Limited	Verizon Australia Pty Limited
SONET-TW Sony Network Taiwan Limited	SONET-TW Sony Network Taiwan Limited
中国农业银行股份有限公司	Agricultural Bank of China Limited
ACEREDC-TW Acer e-Enabling Data Center	ACEREDC-TW Acer e-Enabling Data Center
中国建设银行股份有限公司	China Construction Bank Corporation
SamsungSDS Inc.	SamsungSDS Inc.
Ezecom Limited	Ezecom Limited
Amazon Corporate Services Pty Ltd	Amazon Corporate Services Pty Ltd
Netey Networks LLC	Netey Networks LLC
UNION FU WAH DIGITAL TECHNOLOGY LIMITED	UNION FU WAH DIGITAL TECHNOLOGY LIMITED
Premium Connectivity Limited	Premium Connectivity Limited
No.904 Win Shwe Wah Condo	No.904 Win Shwe Wah Condo
OneAsia Network Limited	OneAsia Network Limited
Monash University	Monash University
Cyberport Hong Kong	Cyberport Hong Kong
中国信息通信研究院	China Academy of Information and Communications Technology
ADC GROUP CO.	ADC GROUP CO.
Excite Limited	Excite Limited
TPG Internet Pty Ltd.	TPG Internet Pty Ltd
贵州白山云科技股份有限公司	Guizhou Baishan Cloud Technology Co., Ltd.
Zenlayer Inc	Zenlayer Inc
Intelsat Global Services Corporation	Intelsat Global Services Corporation
No. 364	No. 364
XLC Global Limited	XLC Global Limited
北京中联润通信息技术有限公司	Beijing Zhonglian Runtong Information Technology Co., Ltd.
Classic Support Pvt. Ltd.	Classic Support Pvt. Ltd.
Cloud Rely Limited	Cloud Rely Limited
Palau National Communication Corporation	Palau National Communication Corporation
ETL Company Limited	ETL Company Limited
SUPERCLOUDS LIMITED	SUPERCLOUDS LIMITED
AS63570	AS63570
Pakistan Telecommunication Company Limited	Pakistan Telecommunication Company Limited
世纪互联蓝云	21Vianet Blue Cloud
贵州翼云大数据服务有限公司	Guizhou Yiyun Big Data Service Co., Ltd.
中国交通银行	Bank of Communications
北京互创通信技术有限公司	Beijing HuChuang Communication Technology Co., Ltd.
Viewqwest Pte Ltd	Viewqwest Pte Ltd
Royal University of Bhutan	Royal University of Bhutan
Zappie Host LLC	Zappie Host LLC
UCLOUD INFORMATION TECHNOLOGY HK LIMITED	UCLOUD INFORMATION TECHNOLOGY HK LIMITED
泰康保险集团股份有限公司	Taikang Insurance Group Co., Ltd.
Etisalat Afghan	Etisalat Afghan
The State Information Center of P.R.China	The State Information Center of P.R.China
University of Canterbury	University of Canterbury
KlickKlack Co.	KlickKlack Co.
安徽广电	Anhui Broadcasting Network
PT Remala Abadi	PT Remala Abadi
PPIP Associated Communication Limited	PPIP Associated Communication Limited
LightNetwork Computing Limited	LightNetwork Computing Limited
Equinix Hong Kong Limited	Equinix Hong Kong Limited
Hutchison Telecommunications Lanka (Pvt) Ltd.	Hutchison Telecommunications Lanka (Pvt) Ltd.
Telikom PNG Limited	Telikom PNG Limited
UBS Group AG	UBS Group AG
茂名市群英网络有限公司	Maoming Qunying Network Co., Ltd.
Shanghai Data Solution Co.	Shanghai Data Solution Co.
NAN YA PLASTICS CORPORATION	NAN YA PLASTICS CORPORATION
GUAMCELL Communications	GUAMCELL Communications
G3S Technologies Co.	G3S Technologies Co.
Citylink Corporation Ltd	Citylink Corporation Ltd
Andhra Pradesh State FiberNet Limited	Andhra Pradesh State FiberNet Limited
中华人民共和国应急管理部	Ministry of Emergency Management of the People's Republic of China
Hong Kong Zhengxing Technology Co.	Hong Kong Zhengxing Technology Co.
Ooredoo Maldives Pvt Ltd	Ooredoo Maldives Pvt Ltd
国家能源投资集团	China Energy Investment Corporation
Kuentos Communications Inc.	Kuentos Communications Inc.
ADCDATA	ADCDATA
Nexusguard Pte. Ltd.	Nexusguard Pte. Ltd.
Eons Data Communications Limited	Eons Data Communications Limited
ASLINE	ASLINE
兆远信息咨询有限公司	Zhaoyuan Information Consulting Co., Ltd.
S.I Group	S.I Group
北京银盾泰安网络科技有限公司	Beijing Yindun Tai'an Network Technology Co., Ltd.
Digicel (PNG) Ltd	Digicel (PNG) Ltd
Planet Online Laos	Planet Online Laos
皓宽网络	Haokuan Network
CFCA-NET China Financial Certification Authority	CFCA-NET China Financial Certification Authority
Primeworld Digital Systems Inc.	Primeworld Digital Systems Inc.
Internet Service Provider	Internet Service Provider
中国人民财产保险股份有限公司	PICC Property and Casualty Company Limited
Fiberlink Pvt.Ltd	Fiberlink Pvt.Ltd
MTT Network Pvt Ltd	MTT Network Pvt Ltd
WXEIMSC Wuxi Education Information Management Service Center	WXEIMSC Wuxi Education Information Management Service Center
Marshall Islands Nta	Marshall Islands Nta
上海艾涛信息科技发展有限公司	Shanghai Aitao Information Technology Development Co., Ltd.
WiCAM Corporation Ltd	WiCAM Corporation Ltd
蓝汛	ChinaCache
上海浦东发展银行股份有限公司	Shanghai Pudong Development Bank Co., Ltd.
XUNYOU SiChuan XunYou Network Technologe Limit	XUNYOU SiChuan XunYou Network Technology Limit
U Mobile Sdn Bhd	U Mobile Sdn Bhd
ABS - Agility Beyond Space	ABS - Agility Beyond Space
南京安莱信息通信技术有限公司	Nanjing Anlai Information and Communication Technology Co., Ltd.
联华电信国际有限公司	Lianhua Telecom International Co., Ltd.
农银人寿保险股份有限公司	Agricultural Bank of China Life Insurance Co., Ltd.
DWINS-TW DWINS Digital Service Corp.	DWINS-TW DWINS Digital Service Corp.
RapidSeedbox Ltd	RapidSeedbox Ltd
Trade-Van Informaiton Services Co.	Trade-Van Informaiton Services Co.
West263 International Limited	West263 International Limited
Speedcast Limited	Speedcast Limited
Solomon Islands Government ICT Support Department	Solomon Islands Government ICT Support Department
Lanka Comunication Services (Pvt) Ltd	Lanka Communication Services (Pvt) Ltd
Bank Of Taiwan	Bank Of Taiwan
MCS Com Co Ltd	MCS Com Co Ltd
Teleguam Holdings LLC	Teleguam Holdings LLC
广发银行股份有限公司	China Guangfa Bank Co., Ltd.
中国招商银行	China Merchants Bank
广东云杰通信有限公司	Guangdong Yunjie Communication Co., Ltd.
Dhakacom Limited	Dhakacom Limited
NXY-BJ Rural Credit Banks Funds Clearing Center	NXY-BJ Rural Credit Banks Funds Clearing Center
中国银联股份有限公司	China UnionPay Co., Ltd.
杭州银行股份有限公司	Hangzhou Bank Co., Ltd.
Auckland University of Technology	Auckland University of Technology
恒大人寿保险有限公司	Evergrande Life Insurance Co., Ltd.
EASPNET Inc.	EASPNET Inc.
中国太平洋保险(集团)股份有限公司	China Pacific Insurance (Group) Co., Ltd.
上海东方明珠新媒体股份有限公司	Shanghai Oriental Pearl Media Co., Ltd.
Bemobile Solomon Islands Ltd	Bemobile Solomon Islands Ltd
国家电力信息网	China State Power Information Network
LG HelloVision Corp.	LG HelloVision Corp.
GRONEXT CO.	GRONEXT CO.
Digitec Communications Limited	Digitec Communications Limited
Chinatrust Commercial Bank	Chinatrust Commercial Bank
浙商银行	China Zheshang Bank
Vodafone Samoa Limited	Vodafone Samoa Limited
中国远洋海运集团有限公司	China COSCO Shipping Corporation Limited
MyKRIS Asia Sdn Bhd	MyKRIS Asia Sdn Bhd
Servers.com Asia Limited	Servers.com Asia Limited
XJRCCB Xinjiang Rural Credit Union	XJRCCB Xinjiang Rural Credit Union
ACT International Telecom Limited	ACT International Telecom Limited
BIH-GLOBAL INTERNET HARBOR INTERNATIONAL CO.	BIH-GLOBAL INTERNET HARBOR INTERNATIONAL CO.
GTT Communications HK Limited	GTT Communications HK Limited
Viettel (Cambodia) Pte. Ltd.	Viettel (Cambodia) Pte. Ltd.
Satsol Limited	Satsol Limited
VECLOUD LIMITED	VECLOUD LIMITED
Dito Telecommunity Corp.	Dito Telecommunity Corp.
Digital Policy Office	Digital Policy Office
SKYCC VOIP and ISP Ulaanbaatar Mongolia	SKYCC VOIP and ISP Ulaanbaatar Mongolia
i4HK Limited	i4HK Limited
HK CLOUD DATA CO.	HK CLOUD DATA CO.
SingTel Optus Pty Ltd	SingTel Optus Pty Ltd
OPENFOR OpenFor Telecommunications Co.	OPENFOR OpenFor Telecommunications Co.
Choice Phone LLC	Choice Phone LLC
Pittqiao Network Information Co.	Pittqiao Network Information Co.
AGATHA	AGATHA
CEGN-SD Big Data Center Of Shandong Province	CEGN-SD Big Data Center Of Shandong Province
NTDKL-HK 43F	NTDKL-HK 43F
Bhutan Telecom Ltd	Bhutan Telecom Ltd
Tashi InfoComm Limited	Tashi InfoComm Limited
Hoyoverse Asia Network	Hoyoverse Asia Network
北京东方国信科技股份有限公司	Beijing Oriental Guoxin Technology Co., Ltd.
MCNNET BEIJING MARINE COMMUNICATION AND NAVIGATION CO.	MCNNET BEIJING MARINE COMMUNICATION AND NAVIGATION CO.
Earth network technology Shanghai Co.	Earth network technology Shanghai Co.
High_Ping_Network	High_Ping_Network
MCdawanjiaNetwork	MCdawanjiaNetwork
中国五矿集团有限公司	China Minmetals Corporation
South East Asia Telecom (Cambodia) Co. Ltd	South East Asia Telecom (Cambodia) Co. Ltd
QC-NET Qin Cloud Networks	QC-NET Qin Cloud Networks
Tata Teleservices Ltd	Tata Teleservices Ltd
BRACNet Limited	BRACNet Limited
浙江淘宝网络有限公司	Zhejiang Taobao Network Co., Ltd.
QNET Shanghai Qnet Networking Technology Co.	QNET Shanghai Qnet Networking Technology Co.
Ningbo Dahuamao Information Technology Co Ltd	Ningbo Dahuamao Information Technology Co Ltd
Haruzakura	Haruzakura
Tonga Cable Limited	Tonga Cable Limited
RunTiMu	RunTiMu
Arteria Networks Corporation	Arteria Networks Corporation
中信银行	China CITIC Bank
YAHOO-1 - Yahoo Holdings Inc.	YAHOO-1 - Yahoo Holdings Inc.
Ankabut Internet Service Provider	Ankabut Internet Service Provider
Lanka Bell Limited	Lanka Bell Limited
Ming Yi Tea Farm	Ming Yi Tea Farm
AS-FASTLINE Hong Da Storage Equipment Co.	AS-FASTLINE Hong Da Storage Equipment Co.
Government Communications Network	Government Communications Network
SpeedCast Pacific Pty Limited	SpeedCast Pacific Pty Limited
WATCH TOWER BIBLE AND TRACT SOCIETY	WATCH TOWER BIBLE AND TRACT SOCIETY
LG Powercomm	LG Powercomm
Aperture Science Limited	Aperture Science Limited
PHColo Network	PHColo Network
上海宽惠网络科技有限公司	Shanghai Kuanhui Network Technology Co., Ltd.
Tele Asia Limited	Tele Asia Limited
Kasetsart University Thailand	Kasetsart University Thailand
河北轩昊信息技术有限公司	Hebei Xuanhao Information Technology Co., Ltd.
ZHAO CHENG TECHNOLOGY HK CO.	ZHAO CHENG TECHNOLOGY HK CO.
HUABOTECHNET ShenZhen HuaBo Technology Develop Co.	HUABOTECHNET ShenZhen HuaBo Technology Develop Co.
WASUHZ Huashu media&Network Limited	WASUHZ Huashu media&Network Limited
深圳易信科技股份有限公司	Shenzhen Yixin Technology Co., Ltd.
Walks Cloud Inc.	Walks Cloud Inc.
香港电讯	Hong Kong Telecom
Tokai Communications Corporation	Tokai Communications Corporation
Sakura Internet Inc.	Sakura Internet Inc.
Amalgamated Telecom Holdings Kiribati Ltd	Amalgamated Telecom Holdings Kiribati Ltd
Wicked Networks Limited	Wicked Networks Limited
Ses New Skies Satellite ISP HK and AU	Ses New Skies Satellite ISP HK and AU
YUSYS-FINANCIAL-CLOUD Yusys Financial Cloud	YUSYS-FINANCIAL-CLOUD Yusys Financial Cloud
富滇银行	Fudian Bank
WorldCall Telecom Ltd	WorldCall Telecom Ltd
PCCW Global Inc.	PCCW Global Inc.
中国长江三峡集团有限公司	China Three Gorges Corporation
宁波银行	Ningbo Bank
Maximum Business Information Technology	Maximum Business Information Technology
Mobitel Pvt Ltd	Mobitel Pvt Ltd
Sunshine City Networks Security Limited	Sunshine City Networks Security Limited
Interpublic GIS	Interpublic GIS
YFNET	YFNET
中国海洋石油集团有限公司	China National Offshore Oil Corporation
Finstek Limited	Finstek Limited
Netsec Limited	Netsec Limited
Telecom Fiji Ltd	Telecom Fiji Ltd
Fiji International Telecoms Ltd	Fiji International Telecoms Ltd
上汽通用汽车有限公司	SAIC-GM Co., Ltd.
上海翔傲广告传媒有限公司	Shanghai Xiang'ao Advertising Media Co., Ltd.
广西视虎科技	Guangxi Shihu Technology
PNG University of Technology	PNG University of Technology
Telecom Development Company Afghanistan	Telecom Development Company Afghanistan
Global Data Service Joint Stock Company	Global Data Service Joint Stock Company
Asia Colo HK Limited	Asia Colo HK Limited
Nepal Telecommunications Corporation	Nepal Telecommunications Corporation
金华唯安信息科技有限公司	Jinhua Weian Information Technology Co., Ltd.
HKISL-ASN Internet Solutions Limited	HKISL-ASN Internet Solutions Limited
渤海银行股份有限公司	China Bohai Bank Co., Ltd.
SAVECOM-TW SaveCom Internation Inc.	SAVECOM-TW SaveCom International Inc.
北京万诺通科技有限公司	Beijing WanNorTone Technology Co., Ltd.
Bemobie Ltd	Bemobie Ltd
CSLSAMOA	CSLSAMOA
Yatanarpon Teleport Company Limited	Yatanarpon Teleport Company Limited
Star Telecom	Star Telecom
吉视传媒股份有限公司	Jilin Broadcast and Television Media Co., Ltd.
InterCloud Ltd	InterCloud Ltd
ClassicTech Pvt. Ltd.	ClassicTech Pvt. Ltd.
Dhiraagu Pvt.Ltd.	Dhiraagu Pvt.Ltd.
Vocom International Telecommunications AP Area	Vocom International Telecommunications AP Area
Yuan-Jhen Info.	Yuan-Jhen Info.
华为终端有限公司	Huawei Device Co., Ltd.
AUTOHOME Beijing Autohome imformation technology Co.	AUTOHOME Beijing Autohome Information Technology Co.
Solomon Telekom Company Ltd	Solomon Telekom Company Ltd
Hutchison Telephone Company Limited	Hutchison Telephone Company Limited
Hong Kong Cloud Times Network Technology Co.	Hong Kong Cloud Times Network Technology Co.
Kbro CO. Ltd.	Kbro CO. Ltd.
GDRCU GUANGDONG RURAL CREDIT UNION	GDRCU GUANGDONG RURAL CREDIT UNION
Shinjiru Technology Sdn Bhd	Shinjiru Technology Sdn Bhd
Regency Square Complex B	Regency Square Complex B
Ministry of Education	Ministry of Education
WSS-HK Website Solution Limited	WSS-HK Website Solution Limited
SmarTone	SmarTone
Frontiir Co. Ltd	Frontiir Co. Ltd
Digicel Carrier Services Pacific Limited	Digicel Carrier Services Pacific Limited
National Telecommunication Corporation	National Telecommunication Corporation
广东广电	Guangdong Broadcasting Network
Xinwei (Cambodia) Telecom Co. Ltd	Xinwei (Cambodia) Telecom Co. Ltd
Nayatel (Pvt) Ltd	Nayatel (Pvt) Ltd
Cocoa Oriental Network Limited	Cocoa Oriental Network Limited
Mobinet LLC	Mobinet LLC
Columbus Telecommunications (Barbados) Limited	Columbus Telecommunications (Barbados) Limited
Oracle Corporation	Oracle Corporation
Aceville	Aceville
HostRoyale LLC	HostRoyale LLC
SU LINK NETWORK CO.	SU LINK NETWORK CO.
Alibaba.com LLC	Alibaba.com LLC
Columbus Communication St. Vincent and the Grenadines Ltd.	Columbus Communication St. Vincent and the Grenadines Ltd.
Smart Broadband Incorporated	Smart Broadband Incorporated
NETEASE-NETWORK NetEase Building No.16 Ke Yun Road	NETEASE-NETWORK NetEase Building No.16 Ke Yun Road
Aceville Pte.Ltd.	Aceville Pte.Ltd.
中国石油化工集团有限公司	China Petroleum & Chemical Corporation
CQINDEX-COM Nanchang index technology development Co.	Nanchang Index Technology Development Co., Ltd.
HENDERSON-HK Towngas Telecommunications Fixed Network Ltd	HENDERSON-HK Towngas Telecommunications Fixed Network Ltd
宁夏广电	China Broadcasting Network Ningxia
MERCYCAT-NET Mercycat Network Inc.	MERCYCAT-NET Mercycat Network Inc.
RackIP Consultancy Pte. Ltd.	RackIP Consultancy Pte. Ltd.
华为软件技术有限公司	Huawei Software Technologies Co., Ltd.
CRP-HK CRP-	CRP-HK CRP-
Karib Cable	Karib Cable
Digicel Barbados Ltd	Digicel Barbados Ltd
Rogers Communications Canada Inc.	Rogers Communications Canada Inc.
NEBULA - Nebula Global LLC	NEBULA - Nebula Global LLC
Government of Saint Vincent and the Grenadines - Information Technology Services Division	Government of Saint Vincent and the Grenadines - Information Technology Services Division
Dauphin Telecom	Dauphin Telecom
Netminders Server Hosting	Netminders Server Hosting
Digicom	Digicom
SES Americom Inc.	SES Americom Inc.
PSINet Inc.	PSINet Inc.
Digicel Jamaica	Digicel Jamaica
Spectra+	Spectra+
Datapipe Inc.	Datapipe Inc.
Province of British Columbia	Province of British Columbia
Love City Community Network	Love City Community Network
Metronet	Metronet
Globecomm Services Maryland LLC	Globecomm Services Maryland LLC
THDTel	THDTel
中金支付有限公司	Zhongjin Payment Co., Ltd.
Cable and Wireless Jamaica	Cable and Wireless Jamaica
BP America Inc.	BP America Inc.
中华人民共和国水利部	Ministry of Water Resources of the People's Republic of China
中国铁通	China Tietong
SunyzNET	SunyzNET
SAT Telecommunications Ltd	SAT Telecommunications Ltd
Island Networks Ltd	Island Networks Ltd
Caribbean Cable Communications	Caribbean Cable Communications
Surge Communications LLC	Surge Communications LLC
Phillips 66 Company	Phillips 66 Company
OVH Hosting Inc.	OVH Hosting Inc.
InMotion Hosting Inc.	InMotion Hosting Inc.
May_Mobile	May_Mobile
ColoHouse LLC	ColoHouse LLC
Virgin Islands Next Generation Network	Virgin Islands Next Generation Network
Fullcontrol Network Inc.	Fullcontrol Network Inc.
Hillside (Technology) Ltd	Hillside (Technology) Ltd
Colosseum Online Inc.	Colosseum Online Inc.
Liberty Cablevision of Puerto Rico	Liberty Cablevision of Puerto Rico
Dekal Wireless Jamaica Limited	Dekal Wireless Jamaica Limited
Antigua Wireless Ventures Ltd	Antigua Wireless Ventures Ltd
Aislecom	Aislecom
Secure Hosting Ltd.	Secure Hosting Ltd.
Gonet	Gonet
Intelsat Globalconnex Solutions	Intelsat Globalconnex Solutions
Lightower Fiber Networks I LLC	Lightower Fiber Networks I LLC
Hawaii Pacific Teleport LP	Hawaii Pacific Teleport LP
Ford Motor Company	Ford Motor Company
Newtek Technology Solutions Inc	Newtek Technology Solutions Inc
Telus Communications Inc.	Telus Communications Inc.
St. John's Cooperative Credit Union Ltd	St. John's Cooperative Credit Union Ltd
WZ Communications Inc.	WZ Communications Inc.
The Bahamas Telecommunications Company Ltd.	The Bahamas Telecommunications Company Ltd.
Performive LLC	Performive LLC
Eastern Caribbean Central Bank	Eastern Caribbean Central Bank
Cisco OpenDNS LLC	Cisco OpenDNS LLC
Solutech.net	Solutech.net
Pegasus Technologies Inc	Pegasus Technologies Inc
NSS S.A.	NSS S.A.
T-Mobile USA Inc.	T-Mobile USA Inc.
Mimecast North America Inc.	Mimecast North America Inc.
Centro de Administracion NIC.NI	Centro de Administracion NIC.NI
Los Alamos National Laboratory	Los Alamos National Laboratory
Service Alberta	Service Alberta
University of the West Indies	University of the West Indies
Universidad Simon Bolivar	Universidad Simon Bolivar
Cloud Holding International Inc	Cloud Holding International Inc
Government of Grenada	Government of Grenada
Shaw Communications Inc.	Shaw Communications Inc.
1337 Services LLC	1337 Services LLC
Collectivite de Saint Barthelemy	Collectivite de Saint Barthelemy
Sitrans Servicios de Informacion Para el Transporte	Sitrans Servicios de Informacion Para el Transporte
Cable & Wireless Panama	Cable & Wireless Panama
American Data Networks	American Data Networks
Etapa EP	Etapa EP
Telefonica de Argentina	Telefonica de Argentina
Corporacion Nacional de Telecomunicaciones - CNT EP	Corporacion Nacional de Telecomunicaciones - CNT EP
Universidad Catolica de Valparaiso	Universidad Catolica de Valparaiso
Belize Telemedia Limited	Belize Telemedia Limited
Axs Bolivia S. A.	Axs Bolivia S. A.
Telmex Servicios Empresariales S.A.	Telmex Servicios Empresariales S.A.
Amplia Communications Ltd.	Amplia Communications Ltd.
Columbus Communications Curacao NV	Columbus Communications Curacao NV
Greendot	Greendot
Telmex Colombia S.A.	Telmex Colombia S.A.
HAICOM	HAICOM
Telecomunicaciones Movilnet	Telecomunicaciones Movilnet
Telecommunication Services of Trinidad and Tobago	Telecommunication Services of Trinidad and Tobago
Entel PCS Telecomunicaciones S.A.	Entel PCS Telecomunicaciones S.A.
Telefonica Empresas	Telefonica Empresas
Telefonica Chile S.A.	Telefonica Chile S.A.
Telefonica Movil de Chile S.A.	Telefonica Movil de Chile S.A.
Entel Chile S.A.	Entel Chile S.A.
Cotas LTDA.	Cotas LTDA.
Zonamerica	Zonamerica
Guyana Telephone & Telegraph Co.	Guyana Telephone & Telegraph Co.
EPM Telecomunicaciones S.A. E.S.P.	EPM Telecomunicaciones S.A. E.S.P.
Red de Interconexion Universitaria	Red de Interconexion Universitaria
University de Los Andes	University de Los Andes
Techtel LMDS Comunicaciones Interactivas S.A.	Techtel LMDS Comunicaciones Interactivas S.A.
Ecuadortelecom S.A.	Ecuadortelecom S.A.
Pontificia Universidad Catolica de Chile	Pontificia Universidad Catolica de Chile
Corporacion Digitel C.A.	Corporacion Digitel C.A.
Net Uno C.A.	Net Uno C.A.
Equipos Y Sistemas S.A.	Equipos Y Sistemas S.A.
Telefonica Venezolana C.A.	Telefonica Venezolana C.A.
Claro Chile S.A.	Claro Chile S.A.
Manquehuenet	Manquehuenet
Columbus Networks USA Inc.	Columbus Networks USA Inc.
Puntonet S.A.	Puntonet S.A.
Comcel S.A.	Comcel S.A.
Conecel	Conecel
Universidad Nacional de Colombia	Universidad Nacional de Colombia
Ministerio de Educacion Superior	Ministry of Higher Education
Otecel S.A	Otecel S.A
Edatel S.A. E.S.P	Edatel S.A. E.S.P
Red Intercable Digital S.A.	Red Intercable Digital S.A.
Millicom Cable El Salvador S.A. de C.V.	Millicom Cable El Salvador S.A. de C.V.
St. Maarten Cable TV	St. Maarten Cable TV
Columbus Communications Trinidad Limited.	Columbus Communications Trinidad Limited
Universidad de Los Andes	Universidad de Los Andes
Telefonica Moviles Argentina S.A.	Telefonica Moviles Argentina S.A.
Telecel S.A.	Telecel S.A.
Transtelco S.A.	Transtelco S.A.
Colombia Telecomunicaciones S.A. ESP	Colombia Telecomunicaciones S.A. ESP
CableColor S.A.	CableColor S.A.
CANTV Servicios Venezuela	CANTV Servicios Venezuela
CTE S.A. de C.V.	CTE S.A. de C.V.
Arsat - Empresa Argentina de Soluciones Satelitales S.A.	Arsat - Empresa Argentina de Soluciones Satelitales S.A.
Empresas Municipales de Cali E.I.C.E. E.S.P.	Empresas Municipales de Cali E.I.C.E. E.S.P.
Cable Onda	Cable Onda
Avantel SAS	Avantel SAS
Universidad de Oriente	Universidad de Oriente
Hondutel	Hondutel
Universidad Central de Venezuela	Central University of Venezuela
Mediter S.R.L.	Mediter S.R.L.
IBW Communications	IBW Communications
Ennia Caribe Holding N.V.	Ennia Caribe Holding N.V.
The University of the West Indiesst Augustine Camp	The University of the West Indies St. Augustine Campus
Universidad del Zulia	Universidad del Zulia
Fondation Transversal	Fondation Transversal
Servicio di Telecomunicacion di Aruba (SETAR) N.V.	Servicio di Telecomunicacion di Aruba (SETAR) N.V.
Sogebank	Sogebank
Universidad Francisco Gavidia	Universidad Francisco Gavidia
E-Commerce Park N.V.	E-Commerce Park N.V.
Columbus Networks Zona Franca Limitada	Columbus Networks Zona Franca Limitada
Telefonia Celular de Nicaragua Sa.	Telefonia Celular de Nicaragua Sa.
Faculte des Sciences Universite Detat Dhaiti	Faculte des Sciences Universite Detat Dhaiti
Unibank S.A.	Unibank S.A.
University of Guyana	University of Guyana
Universidad de Costa Rica	Universidad de Costa Rica
Conet N.V.	Conet N.V.
Shadwell International Inc	Shadwell International Inc
Universidad del Valle de Guatemala	Universidad del Valle de Guatemala
Paswer International S.A.	Paswer International S.A.
Econocable Media Sac	Econocable Media Sac
Ufinet Nicaragua S.A.	Ufinet Nicaragua S.A.
Fast Serv Inc.	Fast Serv Inc.
Datasec Holding Ltd	Datasec Holding Ltd
Banco del Estado de Chile	Banco del Estado de Chile
Cooperativa de Electrificacion Rural de Alfaro Ruiz R.L.	Cooperativa de Electrificacion Rural de Alfaro Ruiz R.L.
Galaxy Communications	Galaxy Communications
Telecable Economico S.A.	Telecable Economico S.A.
Leonir Remussi	Leonir Remussi
Trans Ocean Network	Trans Ocean Network
Newcom Limited	Newcom Limited
Curacao Telecom	Curacao Telecom
WorldStream LATAM B.V	WorldStream LATAM B.V
Navega.com S.A.	Navega.com S.A.
Red Cientifica Peruana	Red Cientifica Peruana
Nedetel S.A.	Nedetel S.A.
Locaweb Servicos de Internet S	Locaweb Servicos de Internet S.A.
Telefonica Moviles el Salvador S.A. de C.V.	Telefonica Moviles el Salvador S.A. de C.V.
U Mobile (Cellular) Inc.	U Mobile (Cellular) Inc.
My Tech BZ	My Tech BZ
Centaur Cable	Centaur Cable
Network Technologies Limited	Network Technologies Limited
Yota de Nicaragua	Yota de Nicaragua
Columbus Networks Panama	Columbus Networks Panama
Trico Industries Limited	Trico Industries Limited
Navega.com Honduras	Navega.com Honduras
Digital TV Cable de Edmund S.R.L.	Digital TV Cable de Edmund S.R.L.
Silver Lake Investments	Silver Lake Investments
Wind Telecom S.A.	Wind Telecom S.A.
Platinum Enterprises S.A. de C.V.	Platinum Enterprises S.A. de C.V.
Santa Barbara Utilities	Santa Barbara Utilities
Infotrans Caribbean	Infotrans Caribbean
Sercom de Honduras	Sercom de Honduras
Cable Atlantico SRL	Cable Atlantico SRL
Telemovil El Salvador S.A.	Telemovil El Salvador S.A.
RVR International Limited	RVR International Limited
Cable Tica	Cable Tica
Corporacion de Internet Sociedad Anonima.	Corporacion de Internet Sociedad Anonima
Teleoperadora del Nordeste S.R.L	Teleoperadora del Nordeste S.R.L
OLO del Peru S.A.C	OLO del Peru S.A.C
Entel Peru S.A.	Entel Peru S.A.
Ufinet El Salvador S. A. de C. V.	Ufinet El Salvador S. A. de C. V.
Coral Telecom N.V.	Coral Telecom N.V.
Telem Group	Telem Group
Telstar S.A.	Telstar S.A.
Telefonica del Sur S.A.	Telefonica del Sur S.A.
Inversiones Apolo S.A. de C.V.	Inversiones Apolo S.A. de C.V.
Conective S.A. de C.V.	Conective S.A. de C.V.
Netvision S.A.	Netvision S.A.
Nuevatel PCS de Bolivia S.A.	Nuevatel PCS de Bolivia S.A.
Estrela Telecom	Estrela Telecom
Planet S.A.	Planet S.A.
Southern Cable Network	Southern Cable Network
Administradora de Redes S.A.	Administradora de Redes S.A.
Cotap Ltda	Cotap Ltda
Grote Vreugde NV	Grote Vreugde NV
Telebucaramanga S.A. E.S.P.	Telebucaramanga S.A. E.S.P.
Xen1 Networks Inc	Xen1 Networks Inc
Broadband Belize Ltd	Broadband Belize Ltd
Comteco Ltda	Comteco Ltda
Alfanumeric	Alfanumeric
Novo Communications Limited	Novo Communications Limited
Speednet Communications Limited	Speednet Communications Limited
Broadcom Group S.A	Broadcom Group S.A
HostSailor	HostSailor
Lunamen S.A.	Lunamen S.A.
Curacao Technology Exchange N.V	Curacao Technology Exchange N.V
Digicel Suriname NV	Digicel Suriname NV
Cooperativa de Telecomunicaciones Oruro Ltda - Coteor	Cooperativa de Telecomunicaciones Oruro Ltda - Coteor
Network Access Point del Caribe - Dr	Network Access Point del Caribe - Dr
Metronet S.A.	Metronet S.A.
Tecomunica Nicaragua	Tecomunica Nicaragua
EnlaceVision	EnlaceVision
Aster	Aster
Alpha Communications Network	Alpha Communications Network
Navega.com El Salvador	Navega.com El Salvador
Haiti Data Networks S.A.	Haiti Data Networks S.A.
Wigo S.A.	Wigo S.A.
ISP Solutions S.A.	ISP Solutions S.A.
Saicel Communications Limited	Saicel Communications Limited
Grupo Konectiva Latam S.A	Grupo Konectiva Latam S.A
Calculo S.A	Calculo S.A
Haiti Networking Group S.A.	Haiti Networking Group S.A.
GTD Colombia S.A.S	GTD Colombia S.A.S
Tecnologia en Telecomunicaciones Abiertas S.A.	Tecnologia en Telecomunicaciones Abiertas S.A.
Gilat to Home Peru S.A	Gilat to Home Peru S.A
Alternative Networks Ltd	Alternative Networks Ltd
El Salvador Network S. A.	El Salvador Network S. A.
Televiaducto S.R.L.	Televiaducto S.R.L.
Tecnologia en Electronica E Informatica Sociedad Anonima	Tecnologia en Electronica E Informatica Sociedad Anonima
Supercable	Supercable
Trilogy Dominicana S.A.	Trilogy Dominicana S.A.
New Millennium Telecom Services N.V.	New Millennium Telecom Services N.V.
Liberty Technologies Corp.	Liberty Technologies Corp.
AmWireless Uruguay SA	AmWireless Uruguay SA
New Technologies Group N.V.	New Technologies Group N.V.
Arlink S.A.	Arlink S.A.
Comunicaciones Metropolitanas Cablecolor	Comunicaciones Metropolitanas Cablecolor
Sol Telecomunicaciones S.A.	Sol Telecomunicaciones S.A.
E-Networks Inc.	E-Networks Inc.
Icomsa S.A. de C.V.	Icomsa S.A. de C.V.
Atlantic Wireless Network Inc.	Atlantic Wireless Network Inc.
Ufinet Guatemala S. A.	Ufinet Guatemala S. A.
Asociacion de Servicio de Internet S. de RL.	Asociacion de Servicio de Internet S. de RL.
TecnoWind S.A.	TecnoWind S.A.
EGovernment Unit	EGovernment Unit
Millicom Cable Honduras S.A. de C.V.	Millicom Cable Honduras S.A. de C.V.
DDoS-Guard Corp.	DDoS-Guard Corp.
Global Cash N.V.	Global Cash N.V.
Caribbean Communication Services	Caribbean Communication Services
SIA Nano IT	SIA Nano IT
Claro CR Telecomunicaciones S.A.	Claro CR Telecomunicaciones S.A.
Algar Telecom S	Algar Telecom S.A.
Digicel S.A. de C.V.	Digicel S.A. de C.V.
Axtel S.A.B. de C.V.	Axtel S.A.B. de C.V.
Metrotel SA ESP	Metrotel SA ESP
Telefonica Brasil S.A	Telefonica Brasil S.A
TeleImagen Satelital	TeleImagen Satelital
CASTILHOS PROVEDOR DE INTERNET LTDA	CASTILHOS PROVEDOR DE INTERNET LTDA
Cotel Ltda.	Cotel Ltda.
Partners Telecom Colombia SAS	Partners Telecom Colombia SAS
IG Telecom	IG Telecom
Web LLC	Web LLC
Claro S.A.	Claro S.A.
Liwest Kabelmedien GmbH	Liwest Kabelmedien GmbH
Universo Online S.A.	Universo Online S.A.
T-Systems International GmbH	T-Systems International GmbH
Tim S.A.	Tim S.A.
Columbus Networks El Salvador SA de CV	Columbus Networks El Salvador SA de CV
IncoNet Data Management sal	IncoNet Data Management sal
Malta Information Technology Agency (MITA)	Malta Information Technology Agency (MITA)
Telcell NV	Telcell NV
Telecom Liechtenstein AG	Telecom Liechtenstein AG
A1 Hrvatska d.o.o.	A1 Hrvatska d.o.o.
Telecom Armenia CJSC	Telecom Armenia CJSC
Telekom Slovenije d.d.	Telekom Slovenije d.d.
MTS PJSC	MTS PJSC
Information Technology Authority	Information Technology Authority
Tim S	Tim S
Telemach d.o.o.	Telemach d.o.o.
Orange Moldova S.A.	Orange Moldova S.A.
T-Mobile Netherlands B.V.	T-Mobile Netherlands B.V.
Freenet LTD	Freenet LTD
TerraNet sal	TerraNet sal
University of Ljubljana Faculty of Electrical Engineering	University of Ljubljana Faculty of Electrical Engineering
Soroush Rasanheh Company Ltd	Soroush Rasanheh Company Ltd
PRJSC VF Ukraine	PRJSC VF Ukraine
Rede Brasileira de Comunicacao S	Rede Brasileira de Comunicacao S
Vodafone Telekomunikasyon A.S.	Vodafone Telekomunikasyon A.S.
EWE TEL GmbH	EWE TEL GmbH
KMD A	KMD A
Skylogic S.p.A.	Skylogic S.p.A.
Net By Net Holding LLC	Net By Net Holding LLC
Unitary Enterprise A1	Unitary Enterprise A1
Pars Online PJS	Pars Online PJS
kabelplus GmbH	kabelplus GmbH
Magyar Telekom	Magyar Telekom
Middle East Internet Company Limited	Middle East Internet Company Limited
Destiny N.V	Destiny N.V
Centre des technologies de l'information de l'Etat	Centre des technologies de l'information de l'Etat
Adamo Telecom Iberia S.A.	Adamo Telecom Iberia S.A.
Multimedia Polska Sp. z o.o.	Multimedia Polska Sp. z o.o.
Epsilon Telecommunications Ltd	Epsilon Telecommunications Ltd
Vas Latvijas Valsts Radio Un Televizijas Centrs	Vas Latvijas Valsts Radio Un Televizijas Centrs
MTN Syria	MTN Syria
MTS Armenia CJSC	MTS Armenia CJSC
Orange Belgium SA	Orange Belgium SA
Cetin Hungary ZRT.	Cetin Hungary ZRT.
Microsoft Limited	Microsoft Limited
Ielo-Liazo Services SAS	Ielo-Liazo Services SAS
Shabakah Net	Shabakah Net
Parvaresh Dadeha Co. Private Joint Stock	Parvaresh Dadeha Co. Private Joint Stock
al-Hadatheh lil-Itisalat wa al-Technologia Co.	al-Hadatheh lil-Itisalat wa al-Technologia Co.
Palestine Telecommunications Company	Palestine Telecommunications Company
Respina Networks & Beyond PJSC	Respina Networks & Beyond PJSC
Eckoh UK Limited	Eckoh UK Limited
Avanti Broadband Ltd	Avanti Broadband Ltd
Jeraisy Electronic services Ltd.	Jeraisy Electronic services Ltd.
Premis ehf	Premis ehf
Eniig Fiber A	Eniig Fiber A
Budgetary Institution The Core Center of State Telecommunications	Budgetary Institution The Core Center of State Telecommunications
Umniah Lil-Hawatef Al-Mutanaqelah Co.	Umniah Lil-Hawatef Al-Mutanaqelah Co.
Fanava Group	Fanava Group
Giganet Internet Szolgaltato Kft	Giganet Internet Szolgaltato Kft
Coolnet New Communication Provider	Coolnet New Communication Provider
Semplify Srl	Semplify Srl
Andersen Advisory Group A	Andersen Advisory Group A
GlobalAsia Telecom Ltd	GlobalAsia Telecom Ltd
ZAD for the Services of Information & Technology Ltd	ZAD for the Services of Information & Technology Ltd
Omniya LLC	Omniya LLC
PJSC Datagroup	PJSC Datagroup
Signal Bredband AS	Signal Bredband AS
UAB Cgates	UAB Cgates
Radore Veri Merkezi Hizmetleri A.S.	Radore Veri Merkezi Hizmetleri A.S.
Limited Liability Company Lifecell	Limited Liability Company Lifecell
Netia SA	Netia SA
SFR SA	SFR SA
OJSC Rostelecom	OJSC Rostelecom
LibanTelecom	LibanTelecom
Kalaam Telecom Bahrain B.S.C.	Kalaam Telecom Bahrain B.S.C.
Proximus Luxembourg S.A.	Proximus Luxembourg S.A.
PS Internet Company LLC	PS Internet Company LLC
Salam Bounian Development Company Q. P. S. C.	Salam Bounian Development Company Q. P. S. C.
INTRA Network Systems Ltd	INTRA Network Systems Ltd
SIA Bite Latvija	SIA Bite Latvija
Slovanet a.s.	Slovanet a.s.
Pronet sh.p.k.	Pronet sh.p.k.
Hringdu ehf	Hringdu ehf
T2 Mobile LLC	T2 Mobile LLC
JC LLC Sarkor-Telecom	JC LLC Sarkor-Telecom
Information System Authority	Information System Authority
Business Network Ltd	Business Network Ltd
Telecommunications Regulatory Authority (TRA)	Telecommunications Regulatory Authority (TRA)
Electricite de France Service National	Electricite de France Service National
AzEduNet LLC	AzEduNet LLC
PJSC Ukrtelecom	PJSC Ukrtelecom
Nova hf	Nova hf
Terrakom d.o.o.	Terrakom d.o.o.
European Parliament	European Parliament
Novotelecom Ltd	Novotelecom Ltd
Baltcom SIA	Baltcom SIA
M SAT Cable SA	M SAT Cable SA
Wind Hellas Telecommunications SA	Wind Hellas Telecommunications SA
Nisatel LTD	Nisatel LTD
JSC Transtelecom	JSC Transtelecom
Etheractis SASU	Etheractis SASU
Telia Norge AS	Telia Norge AS
Sky Italia srl	Sky Italia srl
Splius Uab	Splius Uab
Joint Stock Company TransTeleCom	Joint Stock Company TransTeleCom
AKNET Ltd.	AKNET Ltd.
Landsbankinn hf	Landsbankinn hf
GTT Communications Belgium N.V.	GTT Communications Belgium N.V.
National Infocommunications Service Company Limited by Shares	National Infocommunications Service Company Limited by Shares
StarNet Solutii SRL	StarNet Solutii SRL
Linkem SpA	Linkem SpA
Syriatel Mobile Telecom	Syriatel Mobile Telecom
R Cable Y Telecable Telecomunicaciones S.A.U.	R Cable Y Telecable Telecomunicaciones S.A.U.
Ucom CJSC	Ucom CJSC
Al-Jazeera Al-Arabiya Company for Communication and Internet LTD	Al-Jazeera Al-Arabiya Company for Communication and Internet LTD
PJSC MegaFon	PJSC MegaFon
Reykjavik City Hall	Reykjavik City Hall
Santander Global Technology S.L.U	Santander Global Technology S.L.U
Telenet BVBA	Telenet BVBA
Region Stockholm	Region Stockholm
Sunrise UPC GmbH	Sunrise UPC GmbH
Tiscali Italia S.p.A.	Tiscali Italia S.p.A.
System Net Ltd	System Net Ltd
Danis SRL	Danis SRL
Norwegian Broadcasting Corporation	Norwegian Broadcasting Corporation
UAB BITE Lietuva	UAB BITE Lietuva
Information Technology and Cyber Security Service P.I.	Information Technology and Cyber Security Service P.I.
SATRO s.r.o.	SATRO s.r.o.
Crnogorski Telekom a.d.Podgorica	Crnogorski Telekom a.d.Podgorica
AR Telecom - Acessos e Redes de Telecomunicacoes S.A.	AR Telecom - Acessos e Redes de Telecomunicacoes S.A.
Holy See - Vatican City State	Holy See - Vatican City State
Marlink s.r.o.	Marlink s.r.o.
VTEL Holdings Limited	VTEL Holdings Limited
Superonline Iletisim Hizmetleri A.S.	Superonline Iletisim Hizmetleri A.S.
JSC Balticom	JSC Balticom
Republika Slovenija Ministrstvo Za Javno Upravo	Republika Slovenija Ministrstvo Za Javno Upravo
APA-IT Informations Technologie G.m.b.H	APA-IT Informations Technologie G.m.b.H
Zen Systems A	Zen Systems A
Etisalcom Bahrain Company W.L.L.	Etisalcom Bahrain Company W.L.L.
Seven Net Layers for General Trading & Information Technology Ltd.	Seven Net Layers for General Trading & Information Technology Ltd.
Bulgartel EAD	Bulgartel EAD
ENERGOTEL a.s.	ENERGOTEL a.s.
Resilans AB	Resilans AB
GlobalCom Telecommunications PLC	GlobalCom Telecommunications PLC
Abissnet sh.a.	Abissnet sh.a.
Cablenet Communication Systems plc	Cablenet Communication Systems plc
Gagnaveita Reykjavikur ehf	Gagnaveita Reykjavikur ehf
Tellcom Iletisim Hizmetleri A.S.	Tellcom Iletisim Hizmetleri A.S.
CJSC Indigo Tajikistan	CJSC Indigo Tajikistan
Moldcell S.A.	Moldcell S.A.
Telset ltd	Telset ltd
National Academy of Sciences of Belarus	National Academy of Sciences of Belarus
ViaCloud WLL	ViaCloud WLL
Nazwa.pl Sp.z.o.o.	Nazwa.pl Sp.z.o.o.
Smartnet Too	Smartnet Too
LogosNet Services Limited	LogosNet Services Limited
Lanet Network Ltd	Lanet Network Ltd
Fort IT Services Ltd	Fort IT Services Ltd
Hetzner Online GmbH	Hetzner Online GmbH
Radiobaylanys LLP	Radiobaylanys LLP
Bahrain Internet Exchange	Bahrain Internet Exchange
GulfNet KSA	GulfNet KSA
Millenicom GmbH	Millenicom GmbH
Cyprus University of Technology	Cyprus University of Technology
Logicalis Guernsey Ltd	Logicalis Guernsey Ltd
Telenor d.o.o. Podgorica	Telenor d.o.o. Podgorica
Euronet Communications B.V.	Euronet Communications B.V.
Valor Information Technologies S.L.	Valor Information Technologies S.L.
Vida optics TVV Ltd.	Vida Optics TVV Ltd.
Poundbury Systems Ltd.	Poundbury Systems Ltd.
DXC Technology Danmark A	DXC Technology Danmark A
Gulfnet Communications Co. WLL	Gulfnet Communications Co. WLL
TDC A	TDC A
Hadara Technologies Private Shareholding Company	Hadara Technologies Private Shareholding Company
Network Kazakhstan LLC	Network Kazakhstan LLC
Telenet SIA	Telenet SIA
Azqtel Limited	Azqtel Limited
Delta Telecom Ltd	Delta Telecom Ltd
Aura Fiber OE A	Aura Fiber OE A
Gibtelecom Ltd.	Gibtelecom Ltd.
SC Nextgen Communications SRL	SC Nextgen Communications SRL
Linkservice LLC	Linkservice LLC
Lebanon Online SARL	Lebanon Online SARL
Eltrona Interdiffusion S.A.	Eltrona Interdiffusion S.A.
CJSC Telecommunications Company Dun	CJSC Telecommunications Company Dun
A3 Sverige AB	A3 Sverige AB
Melita Limited	Melita Limited
Newtel Limited	Newtel Limited
UAB Init	UAB Init
British Telecommunications PLC	British Telecommunications PLC
Telia Lietuva AB	Telia Lietuva AB
SIA Datu Tehnologiju Grupa	SIA Datu Tehnologiju Grupa
Kar-Tel LLC	Kar-Tel LLC
ABC Domain LLC	ABC Domain LLC
Aktsiaselts WaveCom	Aktsiaselts WaveCom
LLC Skytel	LLC Skytel
Delta Comm LLC	Delta Comm LLC
PODA a.s.	PODA a.s.
OJSC Kyrgyztelecom	OJSC Kyrgyztelecom
A7 Interactive Sarl	A7 Interactive Sarl
Fast Telecommunications Company W.L.L.	Fast Telecommunications Company W.L.L.
Saimanet Telecomunications	Saimanet Telecomunications
Etihad Atheeb Telecom Company	Etihad Atheeb Telecom Company
As Latvenergo	As Latvenergo
NNIT A	NNIT A
Private Joint-Stock Company Farlep-Invest	Private Joint-Stock Company Farlep-Invest
Origo hf	Origo hf
PR-Telecom ZRT.	PR-Telecom ZRT.
Ote SA (Hellenic Telecommunications Organisation)	Ote SA (Hellenic Telecommunications Organisation)
National Information Technology Center	National Information Technology Center
Etihad Etisalat a Joint Stock Company	Etihad Etisalat a Joint Stock Company
ISP Ars-Inform	Ars-Inform
Luxembourg Online S.A.	Luxembourg Online S.A.
Kyivstar PJSC	Kyivstar PJSC
AT&T Global Network Services Nederland B.V.	AT&T Global Network Services Nederland B.V.
H88 Web Hosting S.r.l.	H88 Web Hosting S.r.l.
Sahara Network	Sahara Network
Kyivski Telekomunikatsiyni Merezhi LLC	Kyivski Telekomunikatsiyni Merezhi LLC
Inet Tehno SRL	Inet Tehno SRL
Gamesys Ltd.	Gamesys Ltd.
Epic Ltd	Epic Ltd
Tibo Communications SH.P.K	Tibo Communications SH.P.K
Arabian Internet & Communications Services Co.Ltd	Arabian Internet & Communications Services Co.Ltd
Runnet LLC	Runnet LLC
Cifrovye Dispetcherskie Sistemy	Cifrovye Dispetcherskie Sistemy
Net1 Ltd.	Net1 Ltd.
Broadband Gibraltar Limited	Broadband Gibraltar Limited
Turkcell Iletisim Hizmetleri A.S	Turkcell Iletisim Hizmetleri A.S
Koninklijke Philips N.V.	Koninklijke Philips N.V.
IPG Group Limited	IPG Group Limited
Fibia P	Fibia P
Velcom d.o.o	Velcom d.o.o
MEO - Servicos de Comunicacoes e Multimedia S.A.	MEO - Servicos de Comunicacoes e Multimedia S.A.
Advania Island ehf	Advania Island ehf
LLC Service	LLC Service
Compic OU	Compic OU
Go P.L.C.	Go P.L.C.
SC Lithuanian Radio and TV Center	SC Lithuanian Radio and TV Center
Gilat Telecom Ltd.	Gilat Telecom Ltd.
E-Light-Telecom Ltd.	E-Light-Telecom Ltd.
Apaga Technologies CJSC	Apaga Technologies CJSC
Intersvyaz-2 JSC	Intersvyaz-2 JSC
Public Telecommunication Corporation	Public Telecommunication Corporation
LLC Texnoprosistem	LLC Texnoprosistem
TT Mobil Iletisim Hizmetleri A.S	TT Mobil Iletisim Hizmetleri A.S
Claranet Portugal S.A	Claranet Portugal S.A
Nordic Telecom Regional s.r.o.	Nordic Telecom Regional s.r.o.
Stofa A	Stofa A
Verizon Nederland B.V.	Verizon Nederland B.V.
Zavod Kabelska televizija Nova gorica	Zavod Kabelska televizija Nova gorica
Zajil International Telecom Company W.L.L.	Zajil International Telecom Company W.L.L.
Orange Espagne SA	Orange Espagne SA
UAB Balticum TV	UAB Balticum TV
Omani Qatari Telecommunications Company SAOC	Omani Qatari Telecommunications Company SAOC
Nowo Communications S.A.	Nowo Communications S.A.
New Com SAL	New Com SAL
Arpinet LLC	Arpinet LLC
Broadband Plus S.a.l.	Broadband Plus S.a.l.
Gostaresh-E-Ertebatat-E Mabna Company	Gostaresh-E-Ertebatat-E Mabna Company
al Mouakhah lil Khadamat al Logesteih wa al Itisalat	al Mouakhah lil Khadamat al Logesteih wa al Itisalat
Proximus NV	Proximus NV
BlueWave Communications Limited	BlueWave Communications Limited
Qatar Petroleum	Qatar Petroleum
Mobile Business Solution MBS LLP	Mobile Business Solution MBS LLP
Bulsatcom EAD	Bulsatcom EAD
Lancom Ltd.	Lancom Ltd.
Bluindaco S.R.L.	Bluindaco S.R.L.
Telekom Romania Communication S.A	Telekom Romania Communication S.A
IST Telekom LLC	IST Telekom LLC
Wind Tre S.p.A.	Wind Tre S.p.A.
T-Mobile Thuis BV	T-Mobile Thuis BV
TeleYemen	TeleYemen
Syriatech JSC	Syriatech JSC
Greentube Internet Entertainment Solutions GmbH	Greentube Internet Entertainment Solutions GmbH
UAB Besmegeniai	UAB Besmegeniai
Oman Data Park LLC	Oman Data Park LLC
Add-On Consulting SARL	Add-On Consulting SARL
UAB Cherry Servers	UAB Cherry Servers
Mobile Communication Company of Iran PLC	Mobile Communication Company of Iran PLC
Buzton J.V.	Buzton J.V.
Kcom Group Limited	Kcom Group Limited
ICC of Ministry of ICT of Azerbaijan	ICC of Ministry of ICT of Azerbaijan
Charif Fakir & Co.	Charif Fakir & Co.
Infonas WLL	Infonas WLL
Zain Bahrain B.S.C.	Zain Bahrain B.S.C.
UAB Baltnetos komunikacijos	UAB Baltnetos komunikacijos
SpeedClick for Information Technology and Communication Ltd	SpeedClick for Information Technology and Communication Ltd
UBS AG	UBS AG
Secure Data Systems SRL	Secure Data Systems SRL
Virgin Media Limited	Virgin Media Limited
IPv4 Superhub Limited	IPv4 Superhub Limited
National Agency of Public Registry	National Agency of Public Registry
Institute for Informatics and Automation Problems of National Academy of Sciences of the Republic of Armenia	Institute for Informatics and Automation Problems of National Academy of Sciences of the Republic of Armenia
Batelco Jordan	Batelco Jordan
Best CJSC	Best CJSC
Coscom Liability Limited Company	Coscom Liability Limited Company
Azercell Telecom Ltd Azerbaijan-Turkey Joint Venture	Azercell Telecom Ltd Azerbaijan-Turkey Joint Venture
Daisy Corporate Services Trading Ltd	Daisy Corporate Services Trading Ltd
QualityNet AG	QualityNet AG
AS STV	AS STV
LEPL Digital Governance Agency	LEPL Digital Governance Agency
Gateway Communications	Gateway Communications
Centralna Banka Crne Gore	Centralna Banka Crne Gore
JSC Silknet	JSC Silknet
Supercom LLC	Supercom LLC
Drustvo za telekomunikacije MTEL DOO	Drustvo za telekomunikacije MTEL DOO
GibFibre Ltd	GibFibre Ltd
Iptron.net Ou	Iptron.net Ou
Kuwait Telecommunication Company (Under Association)	Kuwait Telecommunication Company (Under Association)
Financijska Agencija	Financijska Agencija
Crossnet LLC	Crossnet LLC
OT - Optima Telekom d.d.	OT - Optima Telekom d.d.
Baidu (Hong Kong) Limited	Baidu (Hong Kong) Limited
Penki Kontinentai Ltd.	Penki Kontinentai Ltd.
Call U Communications Ltd.	Call U Communications Ltd.
ITirana Sh.p.k.	ITirana Sh.p.k.
MARTICO s.r.o.	MARTICO s.r.o.
Digicom Shpk	Digicom Shpk
VEON Georgia LLC	VEON Georgia LLC
Alfanet LLC	Alfanet LLC
BT NET d.o.o. za trgovinu i usluge	BT NET d.o.o. za trgovinu i usluge
Albanian Satellite Communications sh.p.k.	Albanian Satellite Communications sh.p.k.
Super Link Communications Co. Ltd	Super Link Communications Co. Ltd
Umniah Mobile Company PLC	Umniah Mobile Company PLC
Railway Telecom Ltd	Railway Telecom Ltd
Sharq Telekom CJSC	Sharq Telekom CJSC
Passepartout S.p.A.	Passepartout S.p.A.
Microlines SIA	Microlines SIA
Equinix (Switzerland) GmbH	Equinix (Switzerland) GmbH
SOL Ltd	SOL Ltd
G-Core Labs S.A.	G-Core Labs S.A.
Orbit Telecom Technology Co. Ltd	Orbit Telecom Technology Co. Ltd
Horizon Teleports GmbH	Horizon Teleports GmbH
KT MazLLC	KT MazLLC
P.A.G.M. Ou	P.A.G.M. Ou
Wi-Manx Limited	Wi-Manx Limited
RCS & RDS S.A.	RCS & RDS S.A.
Toya SP.Z.O.O	Toya SP.Z.O.O
PJSC Moscow City Telephone Network	PJSC Moscow City Telephone Network
BT Italia S.p.A	BT Italia S.p.A
Xefi Lyon SAS	Xefi Lyon SAS
T-2 D.O.O.	T-2 D.O.O.
OOO Fly Engeneering Group	OOO Fly Engineering Group
Continent 8 Technologies PLC	Continent 8 Technologies PLC
Biblioteca Apostolica Vaticana	Biblioteca Apostolica Vaticana
Agjencia Kombetare Shoqerise se Informacionit	Agjencia Kombetare Shoqerise se Informacionit
JSC GlobalOneBel	JSC GlobalOneBel
VTX Services SA	VTX Services SA
NetOnline Bilisim Sirketi Ltd	NetOnline Bilisim Sirketi Ltd
Xenya Inzeniring Proizvodnja in Trgovina d.o.o. Ljubljana	Xenya Inzeniring Proizvodnja in Trgovina d.o.o. Ljubljana
Salzburg AG Fur Energie Verkehr und Telekommunikation	Salzburg AG Fur Energie Verkehr und Telekommunikation
Baktelekom	Baktelekom
S.N. Radiocomunicatii S.A.	S.N. Radiocomunicatii S.A.
Cifrova Kabelna Korporacia EOOD	Cifrova Kabelna Korporacia EOOD
Vanilla Telecoms Ltd.	Vanilla Telecoms Ltd.
Mega-Line Ltd.	Mega-Line Ltd.
Ultel LLC	Ultel LLC
Qatar University	Qatar University
Procono S.A.	Procono S.A.
Mediactive SAS	Mediactive SAS
Keminet SHPK	Keminet SHPK
Mercedes-Benz Group AG	Mercedes-Benz Group AG
Scarlet Belgium NV	Scarlet Belgium NV
IP Telcom LLC	IP Telcom LLC
Syrian Telecom	Syrian Telecom
Fink Telecom Services GmbH	Fink Telecom Services GmbH
NextGenTel AS	NextGenTel AS
Alfa Telecom CJSC	Alfa Telecom CJSC
Oman Airports Management Co. SAOC	Oman Airports Management Co. SAOC
iPlus LLC	iPlus LLC
Informacines Sistemos IR Technologijos UAB	Informacines Sistemos IR Technologijos UAB
Asiatech Data Transmission Company	Asiatech Data Transmission Company
Ozone Limited	Ozone Limited
King Abdullah University of Science and Technology	King Abdullah University of Science and Technology
Al Sard Trading Agencies Co. Limited	Al Sard Trading Agencies Co. Limited
Octet Telecommunications (UK) Limited	Octet Telecommunications (UK) Limited
Telenor Norge AS	Telenor Norge AS
Vodafone Qatar Q.S.C.	Vodafone Qatar Q.S.C.
JT (Guernsey) Limited	JT (Guernsey) Limited
Yemen Co. for Mobile Telephony (Sabafon) CJSC	Sabafon (Yemen Co. for Mobile Telephony)
Europeer Ltd.	Europeer Ltd.
Tenet Scientific Production Enterprise LLC	Tenet Scientific Production Enterprise LLC
Baynur and P Ltd.	Baynur and P Ltd.
SIA Livas Net	SIA Livas Net
Yemen Mobile Company Public Yemeni Joint-Stock Company	Yemen Mobile Company Public Yemeni Joint-Stock Company
AYA Internet Service Provider	AYA Internet Service Provider
LIR LLC	LIR LLC
Az.StarNet LLC	Az.StarNet LLC
Syrian Company for Technical Supply LLC	Syrian Company for Technical Supply LLC
Iran Telecommunication Company PJS	Iran Telecommunication Company PJS
BTCom InfoCommunications Ltd.	BTCom InfoCommunications Ltd.
Scopesky for Communications Internet and Technology Services LLC	Scopesky for Communications Internet and Technology Services LLC
Lumen Technologies UK Limited	Lumen Technologies UK Limited
WHG (International) Limited	WHG (International) Limited
SuperOnlayn Ltd	SuperOnlayn Ltd
OJSC Keremet Bank	OJSC Keremet Bank
M Nets SAL	M Nets SAL
Uzbektelekom Joint Stock Company	Uzbektelekom Joint Stock Company
LTD CGC Co	LTD CGC Co
NLS Kazakhstan LLC	NLS Kazakhstan LLC
CXLNet(AS206919)	CXLNet(AS206919)
Fregat TV Ltd.	Fregat TV Ltd.
BiKaDa TOO	BiKaDa TOO
BetVictor Limited	BetVictor Limited
Oman Future Telecommunications Company Saoc	Oman Future Telecommunications Company Saoc
UltraNET Ltd	UltraNET Ltd
Tishk Net Company for Wimax Technology and Internet Service Limited	Tishk Net Company for Wimax Technology and Internet Service Limited
Content Delivery Network Ltd	Content Delivery Network Ltd
Roya telecommunication Co.Ltd.	Roya telecommunication Co.Ltd.
DataShield Inc.	DataShield Inc.
LLP Kompaniya Hoster.KZ	LLP Kompaniya Hoster.KZ
Kaopu Cloud HK Limited	Kaopu Cloud HK Limited
CXLNet	CXLNet
Sure (Isle of Man) Limited	Sure (Isle of Man) Limited
Ostkom SIA	Ostkom SIA
Kurdistan Net Company for Computer and Internet Ltd.	Kurdistan Net Company for Computer and Internet Ltd.
Made Network Srl	Made Network Srl
Gulf Research & Development Company	Gulf Research & Development Company
Umpire Associates Ltd	Umpire Associates Ltd
Astel JSC	Astel JSC
SKY UK Limited	SKY UK Limited
College of the North Atlantic Qatar	College of the North Atlantic Qatar
EE Limited	EE Limited
Aden Net	Aden Net
Raya Sepehr Vira Data Processing Company Ltd.	Raya Sepehr Vira Data Processing Company Ltd.
Next Generation IT Limited	Next Generation IT Limited
Network Management Ltd	Network Management Ltd
SupraNet AG	SupraNet AG
Orange LLC	Orange LLC
Duqm Data Centre SAOC	Duqm Data Centre SAOC
Sigma-D LLC	Sigma-D LLC
Itnord Security Solutions AB	Itnord Security Solutions AB
Seven Digital Network Services LLC	Seven Digital Network Services LLC
Bezeq- THE ISRAEL TELECOMMUNICATION CORP. LTD.	Bezeq- THE ISRAEL TELECOMMUNICATION CORP. LTD.
Qatar General Electricty and Water Corporation	Qatar General Electricity and Water Corporation
Dicastero per la Comunicazione	Dicastery for Communication
SWAN a.s.	SWAN a.s.
Opin Kerfi HF	Opin Kerfi HF
SOFTNET d.o.o.	SOFTNET d.o.o.
Powernet	Powernet
Calligo Limited	Calligo Limited
Sensa Ehf	Sensa Ehf
Monaco Telecom S.A.	Monaco Telecom S.A.
G3S Technologies Co. Limited	G3S Technologies Co. Limited
RealTime LLC	RealTime LLC
Amberway Development Ltd	Amberway Development Ltd
Qrator Labs CZ S.R.O.	Qrator Labs CZ S.R.O.
Actel S.A.L.	Actel S.A.L.
Chang Way Technologies Co. Limited	Chang Way Technologies Co. Limited
PaynetEasy Technologies Limited	PaynetEasy Technologies Limited
Tose H Fanavari Ertebabat Pasargad Arian Co. PJS	Tose H Fanavari Ertebabat Pasargad Arian Co. PJS
Petroluem Development Oman LLC	Petroleum Development Oman LLC
Jordan TV Cable & Internet Services Co	Jordan TV Cable & Internet Services Co
Cabinet Office (A Department of the Isle of Man Government)	Cabinet Office (A Department of the Isle of Man Government)
Vivaro Group LLC	Vivaro Group LLC
Shijiazhuang XuDing Technology Company Ltd	Shijiazhuang XuDing Technology Company Ltd
Waves Internet Service LLC	Waves Internet Service LLC
Cloud 9 Ltd.	Cloud 9 Ltd.
SC ITNS.NET SRL	SC ITNS.NET SRL
Redlimtech Limited	Redlimtech Limited
Vodafone Albania Sh.A.	Vodafone Albania Sh.A.
Hi-Tech Gateway LLC.	Hi-Tech Gateway LLC
Societe Libanaise pour le developpement et la reconstruction du centre ville de de Beyrouth (Solidere)	Societe Libanaise pour le developpement et la reconstruction du centre ville de de Beyrouth (Solidere)
Chimon_Technology_Ltd_GB	Chimon_Technology_Ltd_GB
Superdach LTD	Superdach LTD
Global Cloud Infrastructure Company Limited	Global Cloud Infrastructure Company Limited
Cato Networks Ltd	Cato Networks Ltd
AG Telecom LTD.	AG Telecom LTD.
LGT Financial Services AG	LGT Financial Services AG
Investment and Production Company Orien Invest LLC	Investment and Production Company Orien Invest LLC
LLC Mclaut-Invest	LLC Mclaut-Invest
Optisprint OOD	Optisprint OOD
Verslo Tiltas UAB	Verslo Tiltas UAB
Aydogan Communication LTD.	Aydogan Communication LTD.
IM Level 7 SRL	IM Level 7 SRL
Opened Joint Stock Company Tojiktelecom	Opened Joint Stock Company Tojiktelecom
Chimon_Technology_Ltd	Chimon_Technology_Ltd
Awaser Oman LLC	Awaser Oman LLC
Vestra ICT Ltd.	Vestra ICT Ltd.
Tacom LLC	Tacom LLC
Sakura Network Limited	Sakura Network Limited
Forward 3D Limited	Forward 3D Limited
Telecommunications Department	Telecommunications Department
Nano Telecom LLC	Nano Telecom LLC
Artmotion SH.P.K.	Artmotion SH.P.K.
Sawad Land for Information Technology Ltd	Sawad Land for Information Technology Ltd
Telenor Hungary plc	Telenor Hungary plc
NUR Telecom LLC	NUR Telecom LLC
Agregaator Ou	Agregaator Ou
Geonet Ltd.	Geonet Ltd.
Aktivnie Tehnologii LLC	Aktivnie Tehnologii LLC
Aofei Data International Company Limited	Aofei Data International Company Limited
Alliance LLC	Alliance LLC
Closed Joint Stock Company TT mobile	Closed Joint Stock Company TT mobile
IPX - FZCO	IPX - FZCO
Qatar Foundation for Education Science and Community Development	Qatar Foundation for Education Science and Community Development
Tajik Academician Research and Educational Network Association	Tajik Academician Research and Educational Network Association
ITCOM Shpk	ITCOM Shpk
Cabinet Office	Cabinet Office
Hala Al Rafidain Company for Communications and Internet Ltd.	Hala Al Rafidain Company for Communications and Internet Ltd.
DSV Panalpina A	DSV Panalpina A
TelKos L.L.C	TelKos L.L.C
TT1 Datacenter UG (haftungsbeschraenkt)	TT1 Datacenter UG (haftungsbeschraenkt)
Cyprus Research and Academic Network (CYNET)	Cyprus Research and Academic Network (CYNET)
Virtual ISP s.a.l.	Virtual ISP s.a.l.
Carus Tech AB Ltd	Carus Tech AB Ltd
Crosskey Banking Solutions Ab Ltd	Crosskey Banking Solutions Ab Ltd
Sicres SRL	Sicres SRL
Alexander Valerevich Mokhonko	Alexander Valerevich Mokhonko
NOS Acores Comunicacoes S.A.	NOS Acores Comunicacoes S.A.
Horizon Scope Mobile Telecom WLL	Horizon Scope Mobile Telecom WLL
Telnet Limited	Telnet Limited
Pharoun Ltd Co.	Pharoun Ltd Co.
G9Telecom S.A.	G9Telecom S.A.
Turon Media XK	Turon Media XK
HDTIDC Limited	HDTIDC Limited
Free Mobile SAS	Free Mobile SAS
Aria Shatel Company Ltd	Aria Shatel Company Ltd
Edgenap Ltd	Edgenap Ltd
Lunasat Off Shore Sal	Lunasat Off Shore Sal
LMAX Digital Group Limited	LMAX Digital Group Limited
Hayat for Internet & communication LLC	Hayat for Internet & communication LLC
Intrasky Offshore S.A.L.	Intrasky Offshore S.A.L.
Kuwait Data Center Co.	Kuwait Data Center Co.
Wintermute Technologies EHF	Wintermute Technologies EHF
EuroTelecom SRL	EuroTelecom SRL
TelcomData LLC	TelcomData LLC
LeiJiajie	LeiJiajie
Universitaet Klagenfurt	Universitaet Klagenfurt
AdGuard Software Limited	AdGuard Software Limited
OJSC Alif Bank	OJSC Alif Bank
Scania CV AB	Scania CV AB
Digital Nexus LLC	Digital Nexus LLC
Perftech Podjetje Za Proizvodnjo in Uvajanje Novih Tehnologij d.o.o.	Perftech Podjetje Za Proizvodnjo in Uvajanje Novih Tehnologij d.o.o.
Skynet Telecom LLC	Skynet Telecom LLC
Telehost SRL	Telehost SRL
Reliable Software Ltd.	Reliable Software Ltd.
Freedom Network	Freedom Network
IP Connect Inc	IP Connect Inc
LiuZhen_Network	LiuZhen_Network
Telemach Hrvatska d.o.o.	Telemach Hrvatska d.o.o.
Libyan International Telecommunication Company	Libyan International Telecommunication Company
Government of Jersey	Government of Jersey
Asia Pacific Cloud (Hong Kong) Holdings Limited	Asia Pacific Cloud (Hong Kong) Holdings Limited
Smart Networks S.a.r.l	Smart Networks S.a.r.l
Professionals Company for Communication Services and Technologies LLC	Professionals Company for Communication Services and Technologies LLC
Royal Hashemite Court	Royal Hashemite Court
Robert van der Meulen	Robert van der Meulen
Mining Link Limited	Mining Link Limited
Web Facile Sasu	Web Facile Sasu
Algerie Telecom Mobile Mobilis	Algerie Telecom Mobile Mobilis
CUREN	CUREN
Wananchi Cable Uganda Limited	Wananchi Cable Uganda Limited
Lulu Tech Advanced Technology	Lulu Tech Advanced Technology
ASN199460	ASN199460
Swift Networks Limited	Swift Networks Limited
Millennium Telecommunication Services LLC	Millennium Telecommunication Services LLC
Al Atheer Telecommunication-Iraq Co. Ltd.	Al Atheer Telecommunication-Iraq Co. Ltd.
Li-Life Web + IT Establishment	Li-Life Web + IT Establishment
Arc Informatique	Arc Informatique
Optimum Telecom Algeria	Optimum Telecom Algeria
MTN Congo	MTN Congo
Connectis-Data Angola Lda	Connectis-Data Angola Lda
Insist Net Limited	Insist Net Limited
Liptinfor Niger SA	Liptinfor Niger SA
K3 Telecom (SL) Limited	K3 Telecom (SL) Limited
Ecoband Networks Cote d'Ivoire	Ecoband Networks Cote d'Ivoire
Bengol.net Limited	Bengol.net Limited
AliceNetworks	AliceNetworks
Guonetwork	Guonetwork
Spacetel - Guine-Bissau	Spacetel - Guine-Bissau
Starina	Starina
GVA Burkina Faso	GVA Burkina Faso
Royal Science and Technology Park	Royal Science and Technology Park
iNet Ltd	iNet Ltd
VGR Communications Ltd	VGR Communications Ltd
Airtel Gabon S.A	Airtel Gabon S.A
Epic Communications Limited	Epic Communications Limited
ISP-NETLABS-AS	ISP-NETLABS-AS
M'Data Telecom Mali Sarl	M'Data Telecom Mali Sarl
UAB Consilium Optimum	UAB Consilium Optimum
Entain Corporate Services Limited	Entain Corporate Services Limited
Yinyun_Network_Technology_Studio	Yinyun_Network_Technology_Studio
North Star International	North Star International
Netone Cellular (Private) Limited	Netone Cellular (Private) Limited
Netway (Proprietary) Limited	Netway (Proprietary) Limited
STE Next Step IT	STE Next Step IT
GVA Rwanda Ltd	GVA Rwanda Ltd
Genious Communications	Genious Communications
MainOne Cote d'Ivoire	MainOne Cote d'Ivoire
Qcell (SL) Limited	Qcell (SL) Limited
Virtual Technologies & Solutions	Virtual Technologies & Solutions
IntelVision Ltd	IntelVision Ltd
Waw SAS	Waw SAS
Airtel Networks Kenya Limited	Airtel Networks Kenya Limited
Tigo Senegal	Tigo Senegal
Natcom Development and Investment Limited	Natcom Development and Investment Limited
Areeba Guinee SA	Areeba Guinee SA
ICOSNET spa	ICOSNET spa
GVA Cote d'Ivoire SAS	GVA Cote d'Ivoire SAS
Societe d'Amenagement et de Developpement Vert	Societe d'Amenagement et de Developpement Vert
Al Madar Al Jadeed Joint Stock Company	Al Madar Al Jadeed Joint Stock Company
Viva Broadband Limited	Viva Broadband Limited
Orange Cameroun SA	Orange Cameroun SA
Comnet Pty Ltd	Comnet Pty Ltd
Point d'Atterissement Virtuel - Burkina Faso	Point d'Atterissement Virtuel - Burkina Faso
Onatel	Onatel
Mozambique Research & Education Network - Morenet	Mozambique Research & Education Network - Morenet
The Egyptian Company for Mobile Services	The Egyptian Company for Mobile Services
TeleContract Pvt Ltd	TeleContract Pvt Ltd
Spidernet SPRL Burundi	Spidernet SPRL Burundi
SNIR S.A.	SNIR S.A.
Amtel Ltd	Amtel Ltd
MTN Business Solutions	MTN Business Solutions
Agence de l'Informatique de l'Etat	State Information Technology Agency
MTN Sudan	MTN Sudan
GVA Gabon SAS	GVA Gabon SAS
GVA Congo	GVA Congo
Telecom Namibia	Telecom Namibia
Societe Beninoise d'Infrastructures Numeriques	Societe Beninoise d'Infrastructures Numeriques
Societe Nationale des Telecommunications	Societe Nationale des Telecommunications
Ethio Telecom	Ethio Telecom
Orange Madagascar	Orange Madagascar
Infogenie Technologies	Infogenie Technologies
Telecel Zimbabwe	Telecel Zimbabwe
IPX International Systems Gabon	IPX International Systems Gabon
Medafrica Systems	Medafrica Systems
Orange Liberia Inc	Orange Liberia Inc
Gateway Communications (Pty) Ltd	Gateway Communications (Pty) Ltd
Orange Burkina Faso	Orange Burkina Faso
Gateway Communications Mozambique Limidata	Gateway Communications Mozambique Limidata
GVA Togo	GVA Togo
Atlantic Future Technology Niger	Atlantic Future Technology Niger
Libyan International Company for Technology	Libyan International Company for Technology
Societe Nationale de Developpement Informatique	Socite Nationale de Developpement Informatique
NOSi EPE	NOSi EPE
Broadband Botswana Internet	Broadband Botswana Internet
TOGO Telecom	TOGO Telecom
Centre de Calcul El Khawarizmi	El Khawarizmi Computing Centre
Ghana Telecommunications Company Limited	Ghana Telecommunications Company Limited
SimbaNET (U) Limited	SimbaNET (U) Limited
MTDS	MTDS
MTN Nigeria Communication Limited	MTN Nigeria Communication Limited
Comores Telecom	Comores Telecom
Ecoband Ltd	Ecoband Ltd
Mahanagar Telephone (Mauritius) Ltd	Mahanagar Telephone (Mauritius) Ltd
Zambia Research and Education Network	Zambia Research and Education Network
Jeny SAS	Jeny SAS
TVCabo Mozambique	TVCabo Mozambique
Cellcom Guinea	Cellcom Guinea
CVMultimedia	CVMultimedia
Rwanda Ministry of Education	Rwanda Ministry of Education
Bitflux Communications Limited	Bitflux Communications Limited
Centro Nacional das Tecnologias de Informacao	Centro Nacional das Tecnologias de Informacao
Burundi Backbone System SM	Burundi Backbone System SM
Dalkom Somalia	Dalkom Somalia
Agence de Developpement de Technologies de l'Information et de la Communication	Agence de Developpement de Technologies de l'Information et de la Communication
National Agency for Information and Communication Technologies	National Agency for Information and Communication Technologies
Afritel Corporation	Afritel Corporation
Simbanet Malawi Limited	Simbanet Malawi Limited
West Indian Ocean Cable Company	West Indian Ocean Cable Company
Telesom	Telesom
Matrix Telecoms SA	Matrix Telecoms SA
Botswana Fibre Networks (Proprietary) Limited	Botswana Fibre Networks (Proprietary) Limited
Cloud Temple Tunisia	Cloud Temple Tunisia
Telecom Algeria	Telecom Algeria
Telone Pvt Ltd	Telone Pvt Ltd
Isocel SA	Isocel SA
Powertel Communications	Powertel Communications
National Information Technology Authority Uganda	National Information Technology Authority Uganda
Gitge	Gitge
MTC - Mobile Telecommunications Ltd.	MTC - Mobile Telecommunications Ltd.
Wataniya Telecom Algerie	Wataniya Telecom Algerie
Airtel Niger	Airtel Niger
Fast Network Ltd	Fast Network Ltd
Nigerian Research and Education Network Limited by Guarantee	Nigerian Research and Education Network Limited by Guarantee
Spacetel Benin SA	Spacetel Benin SA
Roke Telkom Zambia	Roke Telkom Zambia
Telekom Networks Malawi Ltd	Telekom Networks Malawi Ltd
MTN Network Solutions	MTN Network Solutions
Mauritanian Telecommunication Company	Mauritel
Abari Communications	Abari Communications
Unitel SA	Unitel SA
Airtel Congo S.A	Airtel Congo S.A
Teledata Mozambique	Teledata Mozambique
Africom Pvt Ltd	Africom Pvt Ltd
GLO Mobile Ghana Ltd	GLO Mobile Ghana Ltd
Angola Telecom	Angola Telecom
Multitel Servicos de Telecomunicacoes	Multitel Servicos de Telecomunicacoes
Companhia Santomense de Telecomunicacoes Sarl	Companhia Santomense de Telecomunicacoes Sarl
Itelnet	Itelnet
Mainone Cable Company (Ghana) Ltd	Mainone Cable Company (Ghana) Ltd
MTN Rwandacell	MTN Rwandacell
Creolink Communications Ltd	Creolink Communications Ltd
TV Cabo Angola Lda	TV Cabo Angola Lda
Telecel Faso	Telecel Faso
Agence Nationale des Infrastructures Numeriques et des Frequences	Agence Nationale des Infrastructures Numeriques et des Frequences
Mouna Group Technology Sa.	Mouna Group Technology Sa
Irenala	Irenala
Mega Internet	Mega Internet
Ghana Government	Ghana Government
MTN SA	MTN SA
QCell Limited	QCell Limited
Wana Corporate	Wana Corporate
Simbanet Com (K) Ltd	Simbanet Com (K) Ltd
Uganda Telecom Ltd	Uganda Telecom Ltd
MTN Uganda	MTN Uganda
Netpage Company Limited	Netpage Company Limited
iSAT Africa Zambia Ltd	iSAT Africa Zambia Ltd
Etisalat Misr	Etisalat Misr
Zain South Sudan	Zain South Sudan
Frampol Investments	Frampol Investments
Cobranet Limited	Cobranet Limited
Movicel Telecomunicacoes Lda	Movicel Telecomunicacoes Lda
IPNX Nigeria Limited	IPNX Nigeria Limited
Global Internet Company	Global Internet Company
Orange Guinee	Orange Guinee
Mundo Startel SA	Mundo Startel SA
Vox Telecom Ltd	Vox Telecom Ltd
SEACOM Limited	SEACOM Limited
Safaricom Limited	Safaricom Limited
Internet Solutions Kenya	Internet Solutions Kenya
ZAMNET	ZAMNET
主机之间的链路本地地址	Link-local addresses between hosts
National University of Lesotho	National University of Lesotho
Africell Uganda Limited	Africell Uganda Limited
Cell C (Pty) Ltd	Cell C (Pty) Ltd
专用网络中的本地通信地址	Local Communication Address in Private Network
Bandwidth and Cloud Services Group Ltd	Bandwidth and Cloud Services Group Ltd
Tangerine Limited	Tangerine Limited
Vodacom Lesotho (Pty) Ltd	Vodacom Lesotho (Pty) Ltd
IPv6分段路由 (SRv6)	IPv6 Segment Routing (SRv6)
多播地址	Multicast Address
Botswana Telecommunications Corporation	Botswana Telecommunications Corporation
AfriConnect Zambia Ltd	AfriConnect Zambia Ltd
Cable & Wireless	Cable & Wireless
Usmanu Danfodiyo University	Usmanu Danfodiyo University
Max Net for Internet Services	Max Net for Internet Services
