IANA|||	IANA|||
|||	|||
纯真网络|||	CZ88 Network|||
中国|内蒙古|赤峰|	China|Inner Mongolia|Chifeng|
中国|四川|成都|	China|Sichuan|Chengdu|
中国|北京|北京|海淀区	China|Beijing|Beijing|Haidian
中国|内蒙古|呼和浩特|新城区	China|Inner Mongolia|Hohhot|Xincheng
中国|吉林||	China|Jilin||
中国|内蒙古|呼伦贝尔|扎兰屯市	China|Inner Mongolia|Hulunbuir|Zhalantun
中国|内蒙古|阿拉善|阿拉善左旗	China|Inner Mongolia|Alxa|Alxa Left Banner
中国|内蒙古|兴安|阿尔山市	China|Inner Mongolia|Hinggan|Arxan
中国|内蒙古|呼伦贝尔|牙克石市	China|Inner Mongolia|Hulunbuir|Yakeshi
中国|内蒙古||	China|Inner Mongolia||
泰国|||	Thailand|||
澳大利亚|||	Australia|||
中国|内蒙古|通辽|	China|Inner Mongolia|Tongliao|
中国|内蒙古|锡林郭勒|	China|Inner Mongolia|Xilin Gol|
中国|内蒙古|锡林郭勒|二连浩特市	China|Inner Mongolia|Xilin Gol|Eren Hot
中国|内蒙古|乌兰察布|	China|Inner Mongolia|Ulanqab|
日本|东京都||	Japan|Tokyo||
中国|内蒙古|巴彦淖尔|乌拉特中旗	China|Inner Mongolia|Bayan Nur|Urad Middle Banner
中国|北京|北京|	China|Beijing|Beijing|
马来西亚|||	Malaysia|||
日本|||	Japan|||
中国|广东||	China|Guangdong||
中国|江苏|南京|	China|Jiangsu|Nanjing|
中国|内蒙古|赤峰|宁城县	China|Inner Mongolia|Chifeng|Ningcheng
中国|内蒙古|鄂尔多斯|	China|Inner Mongolia|Ordos|
中国|内蒙古|乌兰察布|丰镇市	China|Inner Mongolia|Ulanqab|Fengzhen
中国|内蒙古|呼伦贝尔|海拉尔区	China|Inner Mongolia|Hulunbuir|Hailar
中国|内蒙古|乌海|	China|Inner Mongolia|Wuhai|
中国|内蒙古|包头|固阳县	China|Inner Mongolia|Baotou|Guyang
中国|上海|上海|	China|Shanghai|Shanghai|
日本|东京都|港区|	Japan|Tokyo|Minato|
中国|内蒙古|包头|	China|Inner Mongolia|Baotou|
中国|内蒙古|阿拉善|	China|Inner Mongolia|Alxa|
韩国|||	South Korea|||
印度|||	India|||
中国|福建||	China|Fujian||
中国|内蒙古|赤峰|巴林右旗	China|Inner Mongolia|Chifeng|Bairin Right Banner
中国|内蒙古|呼伦贝尔鄂温克旗|	China|Inner Mongolia|Hulunbuir Ewenki Banner|
中国|内蒙古|巴彦淖尔|杭锦后旗	China|Inner Mongolia|Bayannur|Hanggin Rear Banner
中国|内蒙古|赤峰|阿鲁科尔沁旗	China|Inner Mongolia|Chifeng|Ar Horqin Banner
中国|内蒙古|赤峰|巴林左旗	China|Inner Mongolia|Chifeng|Bairin Left Banner
中国|内蒙古|呼伦贝尔|	China|Inner Mongolia|Hulunbuir|
韩国|首尔特别市||	South Korea|Seoul||
中国|内蒙古|巴彦淖尔|	China|Inner Mongolia|Bayan Nur|
中国|广东|广州|	China|Guangdong|Guangzhou|
中国|||	China|||
澳大利亚|维多利亚州|墨尔本大都会区|墨尔本	Australia|Victoria|Greater Melbourne|Melbourne
中国|内蒙古|呼伦贝尔|满洲里市	China|Inner Mongolia|Hulunbuir|Manzhouli
中国|内蒙古|呼和浩特|	China|Inner Mongolia|Hohhot|
中国|内蒙古|赤峰|敖汉旗	China|Inner Mongolia|Chifeng|Aohan Banner
中国|内蒙古|兴安|	China|Inner Mongolia|Hinggan|
中国|内蒙古|包头|白云鄂博矿区	China|Inner Mongolia|Baotou|Baiyun Obo Mining District
中国|内蒙古|赤峰|翁牛特旗	China|Inner Mongolia|Chifeng|Ongniud Banner
中国|内蒙古|赤峰|克什克腾旗	China|Inner Mongolia|Chifeng|Hexigten Banner
中国|香港||	China|Hong Kong||
中国|内蒙古|锡林郭勒|正镶白旗	China|Inner Mongolia|Xilin Gol|Zhengxiangbai Qi
中国|内蒙古|巴彦淖尔|五原县	China|Inner Mongolia|Bayan Nur|Wuyuan
保留地址|||	Reserved Address|||
中国|内蒙古|锡林郭勒|苏尼特右旗	China|Inner Mongolia|Xilin Gol|Sonid Right Banner
中国|内蒙古|乌兰察布|商都县	China|Inner Mongolia|Ulanqab|Shangdu
美国|||	United States|||
中国|内蒙古|兴安|乌兰浩特市	China|Inner Mongolia|Hinggan|Ulanhot
中国|贵州|铜仁|	China|Guizhou|Tongren|
中国|内蒙古|鄂尔多斯|乌审旗	China|Inner Mongolia|Ordos|Uxin Banner
中国|宁夏|固原|	China|Ningxia|Guyuan|
中国|内蒙古|包头|达尔罕茂明安联合旗	China|Inner Mongolia|Baotou|Darhan Muminggan United Banner
中国|内蒙古|赤峰|喀喇沁旗	China|Inner Mongolia|Chifeng|Hexigten Banner
中国|台湾|新北|	China|Taiwan|New Taipei|
中国|台湾|桃园|	China|Taiwan|Taoyuan|
新加坡|||	Singapore|||
中国|贵州|黔南|	China|Guizhou|Qiannan|
中国|内蒙古|赤峰|林西县	China|Inner Mongolia|Chifeng|Linxi
中国|贵州|黔南|都匀市	China|Guizhou|Qiannan|Duyun
菲律宾|||	Philippines|||
中国|贵州|贵阳|	China|Guizhou|Guiyang|
中国|贵州|遵义|	China|Guizhou|Zunyi|
中国|内蒙古|通辽|开鲁县	China|Inner Mongolia|Tongliao|Kailu
中国|内蒙古|通辽霍林郭勒市|	China|Inner Mongolia|Huolinguole|
中国|内蒙古|兴安|突泉县	China|Inner Mongolia|Hinggan|Tuquan
中国|宁夏||	China|Ningxia||
中国|江苏||	China|Jiangsu||
中国|山东|济南|	China|Shandong|Jinan|
中国|内蒙古|呼伦贝尔|阿荣旗	China|Inner Mongolia|Hulunbuir|Arun Banner
中国|贵州|黔西南|	China|Guizhou|Qianxinan|
中国|贵州|毕节|	China|Guizhou|Bijie|
中国|台湾||	China|Taiwan||
中国|台湾|花莲|	China|Taiwan|Hualien|
中国|山东|潍坊|	China|Shandong|Weifang|
中国|黑龙江|哈尔滨|依兰县	China|Heilongjiang|Harbin|Yilan
中国|贵州|黔西南|兴义市	China|Guizhou|Qianxinan|Xingyi
中国|内蒙古|通辽|扎鲁特旗	China|Inner Mongolia|Tongliao|Jarud Banner
中国|贵州|六盘水|	China|Guizhou|Liupanshui|
中国|贵州|安顺|	China|Guizhou|Anshun|
中国|内蒙古|乌兰察布|四子王旗	China|Inner Mongolia|Ulanqab|Siziwang Banner
中国|黑龙江|绥化|	China|Heilongjiang|Suihua|
中国|黑龙江|牡丹江|东宁市	China|Heilongjiang|Mudanjiang|Dongning
越南|河内市||	Viet Nam|Ha Noi||
中国|黑龙江|牡丹江|海林市	China|Heilongjiang|Mudanjiang|Hailin
中国|黑龙江|鹤岗|	China|Heilongjiang|Hegang|
中国|宁夏|吴忠|	China|Ningxia|Wuzhong|
中国|安徽|合肥|	China|Anhui|Hefei|
中国|黑龙江|绥化|肇东市	China|Heilongjiang|Suihua|Zhaodong
中国|安徽|滁州|	China|Anhui|Chuzhou|
中国|内蒙古|通辽|科尔沁左翼后旗	China|Inner Mongolia|Tongliao|Horqin Left Wing Rear Banner
中国|内蒙古|呼伦贝尔|根河市	China|Inner Mongolia|Hulunbuir|Genhe
中国|台湾|台北|	China|Taiwan|Taipei|
中国|山东|德州|	China|Shandong|Dezhou|
中国|黑龙江|哈尔滨|	China|Heilongjiang|Harbin|
中国|黑龙江|绥化|望奎县	China|Heilongjiang|Suihua|Wangkui
中国|台湾|新竹|	China|Taiwan|Hsinchu|
中国|宁夏|银川|	China|Ningxia|Yinchuan|
中国|黑龙江|绥化|海伦市	China|Heilongjiang|Suihua|Hailin
中国|黑龙江|绥化|青冈县	China|Heilongjiang|Suihua|Qinggang
中国|宁夏|中卫|	China|Ningxia|Zhongwei|
中国|黑龙江|绥化|绥棱县	China|Heilongjiang|Suihua|Suiling
中国|江苏|常州|	China|Jiangsu|Changzhou|
中国|黑龙江|绥化|安达市	China|Heilongjiang|Suihua|Anda
中国|黑龙江|齐齐哈尔|拜泉县	China|Heilongjiang|Qiqihar|Baiquan
中国|黑龙江|齐齐哈尔|泰来县	China|Heilongjiang|Qiqihar|Tailai
中国|黑龙江|齐齐哈尔|讷河市	China|Heilongjiang|Qiqihar|Nehe
中国|黑龙江|齐齐哈尔|	China|Heilongjiang|Qiqihar|
中国|黑龙江|绥化|北林区	China|Heilongjiang|Suihua|Beilin
中国|黑龙江|齐齐哈尔|龙江县	China|Heilongjiang|Qiqihar|Longjiang
中国|黑龙江|双鸭山|	China|Heilongjiang|Shuangyashan|
中国|黑龙江|鸡西|虎林市	China|Heilongjiang|Jixi|Hulin
中国|黑龙江|牡丹江|	China|Heilongjiang|Mudanjiang|
中国|黑龙江|鸡西|鸡东县	China|Heilongjiang|Jixi|Jidong
中国|黑龙江|鸡西|	China|Heilongjiang|Jixi|
中国|黑龙江|哈尔滨|道里区	China|Heilongjiang|Harbin|Daoli
中国|黑龙江|鸡西|密山市	China|Heilongjiang|Jixi|Mishan
中国|黑龙江|哈尔滨|五常市	China|Heilongjiang|Harbin|Wuchang
中国|黑龙江|大庆|萨尔图区	China|Heilongjiang|Daqing|Saertu
中国|黑龙江|哈尔滨|双城区	China|Heilongjiang|Harbin|Shuangcheng
中国|黑龙江|哈尔滨|延寿县	China|Heilongjiang|Harbin|Yanshou
中国|黑龙江|大庆|	China|Heilongjiang|Daqing|
中国|黑龙江|伊春|	China|Heilongjiang|Yichun|
中国|黑龙江|绥化|兰西县	China|Heilongjiang|Suihua|Lanxi
中国|黑龙江|黑河|	China|Heilongjiang|Heihe|
中国|山西||	China|Shanxi||
中国|黑龙江|七台河|	China|Heilongjiang|Qitaihe|
中国|黑龙江|绥化|明水县	China|Heilongjiang|Suihua|Mingshui
中国|黑龙江|齐齐哈尔|依安县	China|Heilongjiang|Qiqihar|Yi'an
中国|黑龙江|哈尔滨|香坊区	China|Heilongjiang|Harbin|Xiangfang
中国|山西|晋中|	China|Shanxi|Jinzhong|
中国|山西|长治|	China|Shanxi|Changzhi|
中国|山西|运城|	China|Shanxi|Yuncheng|
中国|黑龙江|黑河|嫩江市	China|Heilongjiang|Heihe|Nenjiang
中国|山西|朔州|	China|Shanxi|Shuozhou|
中国|黑龙江||	China|Heilongjiang||
中国|黑龙江|伊春|铁力市	China|Heilongjiang|Yichun|Tieli
中国|山西|忻州|	China|Shanxi|Xinzhou|
中国|山西|太原|	China|Shanxi|Taiyuan|
中国|黑龙江|黑河|北安市	China|Heilongjiang|Heihe|Bei'an
中国|黑龙江|佳木斯|桦南县	China|Heilongjiang|Jiamusi|Huanan
中国|山西|太原|小店区	China|Shanxi|Taiyuan|Xiaodian
中国|黑龙江|哈尔滨|尚志市	China|Heilongjiang|Harbin|Shangzhi
中国|陕西|汉中|	China|Shaanxi|Hanzhong|
中国|黑龙江|佳木斯抚远县|	China|Heilongjiang|Jiamusi|
中国|黑龙江|齐齐哈尔|克山县	China|Heilongjiang|Qiqihar|Keshan
中国|黑龙江|大庆|肇州县	China|Heilongjiang|Daqing|Zhaozhou
中国|黑龙江|大庆|肇源县	China|Heilongjiang|Daqing|Zhaoyuan
中国|黑龙江|佳木斯|汤原县	China|Heilongjiang|Jiamusi|Tangyuan
中国|黑龙江|大兴安岭|	China|Heilongjiang|Daxinganling|
中国|山西|阳泉|	China|Shanxi|Yangquan|
中国|黑龙江|大兴安岭地区漠河县|	China|Heilongjiang|Mohe|
中国|黑龙江|佳木斯|	China|Heilongjiang|Jiamusi|
中国|陕西|渭南|合阳县	China|Shaanxi|Weinan|Heyang
中国|山西|阳泉|平定县	China|Shanxi|Yangquan|Pingding
中国|陕西|汉中|洋县	China|Shaanxi|Hanzhong|Yangxian
中国|陕西|西安|未央区	China|Shaanxi|Xi'an|Weiyang
中国|台湾|云林|	China|Taiwan|Yunlin|
中国|陕西|西安|周至县	China|Shaanxi|Xi'an|Zhouzhi
中国|陕西|渭南|	China|Shaanxi|Weinan|
中国|陕西|汉中|勉县	China|Shaanxi|Hanzhong|Mianxian
中国|陕西|商洛|	China|Shaanxi|Shangluo|
中国|台湾|台中|	China|Taiwan|Taichung|
中国|陕西|铜川|	China|Shaanxi|Tongchuan|
中国|陕西|西安|	China|Shaanxi|Xi'an|
中国|台湾|南投|	China|Taiwan|Nantou|
中国|陕西|汉中|西乡县	China|Shaanxi|Hanzhong|Xixiang
中国|陕西|延安|延长县	China|Shaanxi|Yan'an|Yanchang
中国|台湾|嘉义|	China|Taiwan|Chiayi|
中国|陕西|西安|临潼区	China|Shaanxi|Xi'an|Lintong
中国|台湾|彰化|	China|Taiwan|Changhua|
中国|陕西|西安|雁塔区	China|Shaanxi|Xi'an|Yanta
中国|陕西|宝鸡|	China|Shaanxi|Baoji|
中国|陕西|延安|	China|Shaanxi|Yan'an|
中国|台湾|澎湖|	China|Taiwan|Penghu|
中国|陕西|西安|长安区	China|Shaanxi|Xi'an|Chang'an
中国|台湾|屏东|	China|Taiwan|Pingtung|
中国|台湾|金门|	China|Taiwan|Kinmen|
中国|陕西|渭南|华阴市	China|Shaanxi|Weinan|Huayin
中国|陕西|咸阳|	China|Shaanxi|Xianyang|
中国|陕西|榆林|	China|Shaanxi|Yulin|
中国|台湾|台南|	China|Taiwan|Tainan|
中国|陕西|安康|	China|Shaanxi|Ankang|
中国|台湾|苗栗|	China|Taiwan|Miaoli|
中国|台湾|高雄|	China|Taiwan|Kaohsiung|
中国|台湾|台东|	China|Taiwan|Taitung|
澳大利亚|昆士兰州||	Australia|Queensland||
中国|广西|南宁|	China|Guangxi|Nanning|
泰国|曼谷||	Thailand|Bangkok||
中国|广西|桂林|	China|Guangxi|Guilin|
中国|内蒙古|锡林郭勒盟市|	China|Inner Mongolia|Xilin Gol|
中国|内蒙古|呼和浩特|赛罕区	China|Inner Mongolia|Hohhot|Saihan
中国|内蒙古|乌兰察布|凉城县	China|Inner Mongolia|Ulanqab|Liangcheng
中国|河南|郑州|荥阳市	China|Henan|Zhengzhou|Xingyang
阿根廷|布宜诺斯艾利斯|布宜诺斯艾利斯自治市|	Argentina|Buenos Aires|Buenos Aires|
中国|河南|新乡|	China|Henan|Xinxiang|
中国|河南|郑州|登封市	China|Henan|Zhengzhou|Dengfeng
巴西|圣保罗州|圣保罗|	Brazil|Sao Paulo|Sao Paulo|
中国|河南|郑州|	China|Henan|Zhengzhou|
中国|黑龙江|双鸭山|友谊县	China|Heilongjiang|Shuangyashan|Youyi
中国|黑龙江|哈尔滨|通河县	China|Heilongjiang|Harbin|Tonghe
中国|河南|驻马店|	China|Henan|Zhumadian|
中国|黑龙江|双鸭山|宝山区	China|Heilongjiang|Shuangyashan|Baoshan
中国|黑龙江|牡丹江|林口县	China|Heilongjiang|Mudanjiang|Linkou
中国|内蒙古|鄂尔多斯|东胜区	China|Inner Mongolia|Ordos|Dongsheng
中国|内蒙古|鄂尔多斯|准格尔旗	China|Inner Mongolia|Ordos|Jungar Banner
中国|黑龙江|佳木斯|桦川县	China|Heilongjiang|Jiamusi|Tangyuan
中国|内蒙古|通辽|科尔沁区	China|Inner Mongolia|Tongliao|Horqin
中国|河南|开封|	China|Henan|Kaifeng|
中国|河南|郑州|中原区	China|Henan|Zhengzhou|Zhongyuan
中国|河南|平顶山|新华区	China|Henan|Pingdingshan|Xinhua
中国|河南|洛阳|	China|Henan|Luoyang|
中国|河南|南阳|	China|Henan|Nanyang|
中国|内蒙古|乌兰察布察右后旗|	China|Inner Mongolia|Urad Rear Banner|
中国|河南|洛阳|西工区	China|Henan|Luoyang|Xigong
中国|河南|安阳|	China|Henan|Anyang|
中国|台湾|宜兰|	China|Taiwan|Yilan|
中国|黑龙江|哈尔滨|宾县	China|Heilongjiang|Harbin|Bin
中国|河南|安阳|汤阴县	China|Henan|Anyang|Tangyin
中国|河南|开封|通许县	China|Henan|Kaifeng|Tongxu
中国|河南|平顶山|	China|Henan|Pingdingshan|
中国|河南|新乡|原阳县	China|Henan|Xinxiang|Yuanyang
中国|河南|周口|	China|Henan|Zhoukou|
中国|河南|周口|川汇区	China|Henan|Zhoukou|Chuanhui
中国|黑龙江|牡丹江|穆棱市	China|Heilongjiang|Mudanjiang|Muling
中国|河南|平顶山|卫东区	China|Henan|Pingdingshan|Weidong
中国|河南|焦作|山阳区	China|Henan|Jiaozuo|Shanyang
中国|河南|濮阳|	China|Henan|Puyang|
中国|河南|周口|郸城县	China|Henan|Zhoukou|Dancheng
中国|河南|许昌|	China|Henan|Xuchang|
中国|河南|三门峡|卢氏县	China|Henan|Sanmenxia|Lushi
中国|河南|新乡|长垣市	China|Henan|Xinxiang|Changyuan
中国|河南|三门峡|	China|Henan|Sanmenxia|
中国|河南|商丘|	China|Henan|Shangqiu|
中国|内蒙古|呼和浩特|回民区	China|Inner Mongolia|Hohhot|Huimin
中国|河南|开封|杞县	China|Henan|Kaifeng|Qi
中国|内蒙古|呼和浩特|托克托县	China|Inner Mongolia|Hohhot|Togtoh
中国|黑龙江|哈尔滨|巴彦县	China|Heilongjiang|Harbin|Bayan
中国|河南|开封|尉氏县	China|Henan|Kaifeng|Weishi
中国|河南|焦作|	China|Henan|Jiaozuo|
中国|河南|信阳|	China|Henan|Xinyang|
中国|河南|焦作|沁阳市	China|Henan|Jiaozuo|Qinyang
中国|河南|商丘|睢县	China|Henan|Shangqiu|Zhecheng
中国|河南|洛阳|孟津区	China|Henan|Luoyang|Mengjin
中国|河南|南阳|邓州市	China|Henan|Nanyang|Dengzhou
中国|河南|南阳|方城县	China|Henan|Nanyang|Fangcheng
中国|河南|南阳|镇平县	China|Henan|Nanyang|Zhenping
中国|河南|郑州|新郑市	China|Henan|Zhengzhou|Xinzheng
中国|河南|三门峡|渑池县	China|Henan|Sanmenxia|Yanchi
中国|河南|鹤壁|	China|Henan|Hebi|
中国|河南|信阳|商城县	China|Henan|Xinyang|Shangcheng
中国|河南|开封|兰考县	China|Henan|Kaifeng|Lankao
中国|河南|漯河|	China|Henan|Luohe|
中国|河南|濮阳|清丰县	China|Henan|Puyang|Qingfeng
中国|河南|信阳|潢川县	China|Henan|Xinyang|Huangchuan
中国|河南|洛阳|栾川县	China|Henan|Luoyang|Sichuan
中国|河南|信阳|光山县	China|Henan|Xinyang|Guangshan
中国|河南|漯河|召陵区	China|Henan|Luohe|Zhaoling
中国|河南|周口|鹿邑县	China|Henan|Zhoukou|Luyi
中国|河南|信阳|息县	China|Henan|Xinyang|Xi
中国|河南|周口|商水县	China|Henan|Zhoukou|Shangshui
中国|河南|驻马店|正阳县	China|Henan|Zhumadian|Zhengyang
中国|河南|三门峡|灵宝市	China|Henan|Sanmenxia|Lingbao
中国|河南|鹤壁|浚县	China|Henan|Hebi|Xunxian
中国|河南|安阳|内黄县	China|Henan|Anyang|Neihuang
中国|河南|焦作|博爱县	China|Henan|Jiaozuo|Boai
中国|北京|北京|朝阳区	China|Beijing|Beijing|Chaoyang
中国|河南|周口|淮阳区	China|Henan|Zhoukou|Huaiyang
中国|河南|新乡|延津县	China|Henan|Xinxiang|Yanjin
中国|河南|驻马店|新蔡县	China|Henan|Zhumadian|Xincai
中国|河南|安阳|滑县	China|Henan|Anyang|Hua
中国|河南|济源|	China|Henan|Jiyuan|
中国|河南|驻马店|确山县	China|Henan|Zhumadian|Queshan
中国|河南|南阳|新野县	China|Henan|Nanyang|Xinye
中国|贵州|贵阳|观山湖区	China|Guizhou|Guiyang|Guanshanhu
中国|河南|信阳|固始县	China|Henan|Xinyang|Gushi
中国|河南|驻马店|泌阳县	China|Henan|Zhumadian|Biyang
中国|河南|驻马店|西平县	China|Henan|Zhumadian|Xiping
中国|河南|洛阳|嵩县	China|Henan|Luoyang|Song
中国|北京|北京|东城区	China|Beijing|Beijing|Dongcheng
中国|河南|周口|沈丘县	China|Henan|Zhoukou|Shenqiu
中国|河南|南阳|西峡县	China|Henan|Nanyang|Xixia
中国|贵州|贵阳|云岩区	China|Guizhou|Guiyang|Yunyan
中国|贵州|贵阳|南明区	China|Guizhou|Guiyang|Nanming
中国|贵州|贵阳|修文县	China|Guizhou|Guiyang|Xiuwen
中国|河南|郑州|金水区	China|Henan|Zhengzhou|Jinshui
中国|河南|周口|扶沟县	China|Henan|Zhoukou|Fugou
中国|贵州|黔南|瓮安县	China|Guizhou|Qiannan|Weng'an
中国|贵州|毕节|大方县	China|Guizhou|Bijie|Dafang
中国|贵州|遵义|红花岗区	China|Guizhou|Zunyi|Honghuagang
中国|贵州|六盘水|水城区	China|Guizhou|Liupanshui|Shuicheng
中国|贵州|遵义|播州区	China|Guizhou|Zunyi|Bozhou
中国|贵州|黔南|平塘县	China|Guizhou|Qiannan|Pingtang
中国|贵州|贵阳|白云区	China|Guizhou|Guiyang|Baiyun
中国|贵州|毕节|纳雍县	China|Guizhou|Bijie|Nayong
中国|贵州|遵义|桐梓县	China|Guizhou|Zunyi|Tongzi
中国|贵州|毕节|威宁彝族回族苗族自治县	China|Guizhou|Bijie|Weining
中国|贵州|黔东南|	China|Guizhou|Qiandongnan|
中国|贵州|贵阳|花溪区	China|Guizhou|Guiyang|Huaxi
中国|贵州|遵义|习水县	China|Guizhou|Zunyi|Xishui
德国|||	Germany|||
中国|贵州|遵义|道真仡佬族苗族自治县	China|Guizhou|Zunyi|Daozhen
法国|||	France|||
爱尔兰|||	Ireland|||
荷兰|||	Netherlands|||
西班牙|||	Spain|||
捷克|||	Czech|||
荷兰|北荷兰省|阿姆斯特丹|	Netherlands|North Holland|Amsterdam|
英国|||	United Kingdom|||
葡萄牙|||	Portugal|||
南非|||	South Africa|||
中国|贵州|黔东南|岑巩县	China|Guizhou|Qiandongnan|Cengong
中国|贵州|黔东南|丹寨县	China|Guizhou|Qiandongnan|Danzhai
瑞典|||	Sweden|||
中国|贵州|黔东南|凯里市	China|Guizhou|Qiandongnan|Kaili
意大利|||	Italy|||
韩国|京畿道|河南市|	South Korea|Gyeonggi|Hanam|
中国|贵州|黔南布依族苗族自治州福泉县|	China|Guizhou|Fuquan|
俄罗斯|||	Russia|||
中国|贵州|黔东南|黄平县	China|Guizhou|Qiandongnan|Huangping
丹麦|||	Denmark|||
中国|贵州|铜仁|松桃苗族自治县	China|Guizhou|Tongren|Songtao Miao Autonomous County
加纳|||	Ghana|||
欧盟|||	European Union|||
巴西|||	Brazil|||
瑞士|||	Switzerland|||
波兰|||	Poland|||
匈牙利|||	Hungary|||
芬兰|||	Finland|||
中国|贵州|六盘水|盘州市	China|Guizhou|Liupanshui|Panzhou
中国|贵州|黔南|贵定县	China|Guizhou|Qiannan|Guiding
卢森堡|||	Luxembourg|||
希腊|||	Greece|||
阿根廷|||	Argentina|||
阿联酋|沙迦酋长国||	UAE|Emirate of Sharjah||
奥地利|||	Austria|||
德国|巴伐利亚州|慕尼黑|	Germany|Bavaria|Munich|
坦桑尼亚|||	Tanzania|||
爱尔兰|都柏林郡||	Ireland|Dublin||
土耳其|||	Turkey|||
俄罗斯|莫斯科||	Russia|Moscow||
约旦|||	Jordan|||
乌拉圭|||	Ulagai|||
保加利亚|||	Bulgaria|||
阿联酋|||	United Arab Emirates|||
比利时|||	Belgium|||
喀麦隆|||	Khamag Mongol|||
德国|北莱茵－威斯特法伦州|杜塞尔多夫|	Germany|North Rhine-Westphalia|Düsseldorf|
美国|加利福尼亚州|洛杉矶|洛杉矶	United States|California|Los Angeles|Los Angeles
卡塔尔|||	Qatar|||
亚美尼亚|||	Armenia|||
乌克兰|||	Ukraine|||
美国|弗吉尼亚州|阿可麦克县|波士顿	United States|Virginia|Accomack|Boston
法国|法兰西岛|巴黎|巴黎	France|Île-de-France|Paris|Paris
比利时|布鲁塞尔－首都大区||	Belgium|Brussels-Capital Region||
罗马尼亚|||	Romania|||
英国|英格兰|大曼彻斯特|曼彻斯特	United Kingdom|England|Greater Manchester|Manchester
乌干达|||	Uppsala|||
布隆迪|||	Blount|||
法国|大东部|下莱茵|斯特拉斯堡	France|Grand Est|Bas-Rhin|Strasbourg
土耳其|布尔萨省||	Turkey|Bursa||
美国|伊利诺伊州|库克|芝加哥	United States|Illinois|Cook|Chicago
德国|黑森州|美因河畔法兰克福|	Germany|Hesse|Frankfurt am Main|
以色列|||	Israel|||
英国|英格兰|西密德兰郡|伯明翰	United Kingdom|England|West Midlands|Birmingham
丹麦|首都大区|哥本哈根|	Denmark|Capital|Copenhagen|
美国|新泽西州|哈德逊|锡考克斯	United States|New Jersey|Hudson|Secaucus
荷兰|德伦特省|梅珀尔|	Netherlands|Drenthe|Meppel|
南非|豪登省|约翰内斯堡市大都会自治市|	South Africa|Gauteng|Johannesburg|
沙特阿拉伯|||	Saudi Arabia|||
英国|英格兰|南约克郡|谢菲尔德	United Kingdom|England|South Yorkshire|Sheffield
伊朗|||	Iran|||
波兰|马佐夫舍省|华沙|	Poland|Mazowieckie|Warsaw|
立陶宛|维尔纽斯县|维尔纽斯市|	Litaowan|Vernon County|Vernon|
哈萨克斯坦|||	Kazakhstan|||
意大利|拉齐奥|罗马|蒂沃利	Italy|Lazio|Roma|Tivoli
俄罗斯|圣彼得堡||	Russia|Saint Petersburg||
挪威|||	Norway|||
美国|加利福尼亚州|圣克拉拉|圣荷西	United States|California|Santa Clara|San Jose
澳大利亚|新南威尔士州|大悉尼|悉尼	Australia|New South Wales|Sydney|Sydney
美国|科罗拉多州|布鲁姆菲尔德|布卢姆菲尔德	United States|Colorado|Broomfield|Broomfield
俄罗斯|新西伯利亚州|新西伯利亚|	Russia|Novosibirsk Oblast|Novosibirsk|
美国|亚拉巴马州|麦迪逊|亨茨维尔	United States|Alabama|Madison|Huntsville
美国|弗吉尼亚州|劳登县|阿什本	United States|Virginia|Loudoun|Ashburn
美国|乔治亚州|富尔顿|联合市	United States|Georgia|Fort Moore|Union
美国|科罗拉多州|布鲁姆菲尔德|	United States|Colorado|Bloomfield|
美国|俄亥俄州|特拉华县|都柏林	United States|Ohio|Tuscarawas|Dover
土耳其|伊斯坦布尔省||	Turkey|Istanbul||
印度|马哈拉施特拉邦|孟买市区县|	India|Maharashtra|Mumbai Suburban|
拉脱维亚|里加||	Latvia|Riga||
英国|英格兰|大伦敦|伦敦城	United Kingdom|England|London|London City
美国|亚拉巴马州|亨利|阿比维尔	USA|Alabama|Henry|Abbeville
美国|纽约州|纽约|纽约市	United States|New York|New York City|New York
北美地区|||	North America|||
加拿大|||	Canada|||
意大利|拉齐奥|罗马|	Italy|Lazio|Rome|
美国|华盛顿州|格兰特|摩西湖市	United States|Washington|Grant|Moses Lake
美国|康涅狄格州|费尔菲尔德县|	United States|Connecticut|Fairfield|
德国|柏林州|柏林|	Germany|Berlin|Berlin|
美国|华盛顿州|金|西雅图	United States|Washington|King|Seattle
美属萨摩亚|||	American Samoa|||
美国|艾奥瓦州|得梅因县|	United States|Iowa|Des Moines|
美国|新泽西州|艾塞克斯|纽华克	United States|New Jersey|Essex|Newark
加拿大|魁北克省|蒙特利尔|蒙特利尔	Canada|Quebec|Montreal|Montreal
美国|亚利桑那州|马里科帕|凤凰城	United States|Arizona|Maricopa|Phoenix
美国|弗吉尼亚州|费尔法克斯县|雷斯顿	USA|Virginia|Fairfax|Reston
日本|大阪府|大阪市|	Japan|Osaka|Osaka|
美国|肯塔基州|杰弗逊县|路易斯维尔	United States|Kentucky|Jefferson|Louisville
卡塔尔|多哈市||	Qatar|Doha||
印度|马哈拉施特拉邦|浦那县|	India|Maharashtra|Pune|
挪威|罗加兰郡|斯塔万格|	Norway|Rogaland|Stavanger|
美国|哥伦比亚特区|哥伦比亚特区|华盛顿	United States|District of Columbia|District of Columbia|Washington
美国|俄亥俄州|凯霍加县|克利夫兰	United States|Ohio|Cuyahoga County|Cleveland
欧洲地区|||	Europe|||
瑞士|苏黎世州|苏黎世市|	Switzerland|Solothurn|Solothurn|
巴西|圣保罗州|坎皮纳斯|	Brazil|Sao Paulo|Campinas|
美国|弗吉尼亚州|里士满|	United States|Virginia|Richmond|
加拿大|魁北克省||	Canada|Quebec||
意大利|伦巴第|米兰|	Italy|Lombardy|Milan|
美国|乔治亚州|富尔顿|亚特兰大	United States|Georgia|Fulton|Atlanta
美国|佛罗里达州|迈阿密－戴德县|迈阿密	United States|Florida|Miami-Dade|Miami
巴西|里约热内卢州|里约热内卢|	Brazil|Rio de Janeiro|Rio de Janeiro|
阿联酋|迪拜酋长国||	UAE|Dubai||
瑞典|耶夫勒堡省|耶夫勒市|	Sweden|Jämtland|Östersund|
加拿大|安大略省|多伦多|多伦多	Canada|Ontario|Toronto|Toronto
美国|德克萨斯州|比尔|圣安东尼奥	United States|Texas|Bil|San Antonio
美国|弗吉尼亚州|梅克伦堡县|博伊顿	United States|Virginia|Mecklenburg|Boydton
美国|怀俄明州|拉勒米|夏延	United States|Wyoming|Laramie|Cheyenne
澳大利亚|首都领地|堪培拉|	Australia|Australian Capital Territory|Canberra|
瑞士|日内瓦州|日内瓦|	Switzerland|Geneva|Geneva|
巴林|||	Palin|||
科威特|||	Kuwait|||
法国|普罗旺斯－阿尔卑斯－蓝色海岸|罗讷河口|马赛	France|Provence-Alpes-Côte d'Azur|Bouches-du-Rhône|Marseille
加拿大|安大略省|多伦多|	Canada|Ontario|Toronto|
挪威|奥斯陆郡|奥斯陆|	Norway|Ostlandet|Oslo|
西班牙|马德里自治区|马德里|马德里	Spain|Community of Madrid|Madrid|Madrid
印度|古吉拉特邦|贾姆讷格尔|	India|Gujarat|Jamnagar|
阿曼|||	Aman|||
叙利亚|||	Syria|||
美国|弗吉尼亚州|拉帕汉诺克县|华盛顿县	United States|Virginia|Lapahannock|Warrenton
印度|泰米尔纳德邦|金奈县|	India|Tamil Nadu|Kancheepuram|
赞比亚|||	Zambia|||
黎巴嫩|||	Lebanon|||
斯洛伐克|||	Slovakia|||
韩国|釜山广域市||	South Korea|Busan||
印度|马哈拉施特拉邦|那格浦尔县|	India|Maharashtra|Nagpur|
柬埔寨|||	Cambodia|||
安哥拉|||	Angola|||
北马其顿|||	North Macedonia|||
巴勒斯坦|||	Palestine|||
斯洛文尼亚|||	Slovenia|||
格鲁吉亚|||	Georgia|||
德国|萨克森州||	Germany|Saxony||
克罗地亚|||	Croatia|||
阿塞拜疆|||	Azerbaijan|||
拉脱维亚|||	Latvia|||
哈萨克斯坦|努尔苏丹|阿斯塔纳|	Kazakhstan|Nur-Sultan|Astana|
伊拉克|||	Iraq|||
智利|||	Chile|||
荷兰|弗莱福兰省|德龙滕|	Netherlands|Flevoland|Dronten|
留尼汪|||	Lunéville|||
乌克兰|赫梅利尼茨基州|赫梅利尼茨基区|	Ukraine|Khmelnytskyi Oblast|Khmelnytskyi Raion|
立陶宛|||	Litaowan|||
津巴布韦|||	Jinbabuwei|||
塞尔维亚|||	Serbia|||
利比亚|||	Libya|||
冰岛|||	Iceland|||
塔吉克斯坦|||	Tajikistan|||
摩尔多瓦|||	Moldova|||
马恩岛|||	Maan Island|||
列支敦士登|||	Liechtenstein|||
美国|密苏里州|圣路易斯县|圣路易斯	United States|Missouri|St. Louis|St. Louis
刚果民主共和国|||	DRC|||
吉尔吉斯斯坦|||	Kyrgyzstan|||
中国|香港|新界|荃湾区	China|Hong Kong|New Territories|Tsuen Wan
马耳他|||	Malta|||
伊拉克|巴格达省||	Iraq|Baghdad||
俄罗斯|滨海边疆区|海参崴|	Russia|Primorsky|Vladivostok|
波斯尼亚和黑塞哥维那|||	Bosnia and Herzegovina|||
秘鲁|||	Peru|||
泽西岛|||	Zexi Island|||
直布罗陀|||	Zhabu Luotuo|||
英国|英格兰|西密德兰郡|考文垂	United Kingdom|England|West Midlands|Coventry
马约特|||	Moyot|||
根西岛|||	Gexi Island|||
瓜德罗普岛|||	Guadeloupe|||
英国|英格兰|肯特|坎特伯雷市	United Kingdom|England|Kent|Canterbury
乌克兰|基辅||	Ukraine|Kyiv||
俄罗斯|托木斯克州|托木斯克|	Russia|Tomsk Oblast|Tomsk|
阿联酋|阿布扎比酋长国||	UAE|Abu Dhabi||
荷兰|北荷兰省|哈勒姆|	Netherlands|North Holland|Haarlem|
圭亚那|||	Guayana|||
爱沙尼亚|||	Esztergom|||
英国|英格兰|西约克郡|利兹市	United Kingdom|England|North Yorkshire|Leeds
法属圣马丁|||	Saint-Martin (French part)|||
白俄罗斯|||	Belarus|||
美国|俄勒冈州|杰克逊县|凤凰	United States|Oregon|Jackson|Phoenix
美国|北卡罗来纳州|班康|阿什维尔	United States|North Carolina|Buncombe|Asheville
美国|新泽西州|默瑟|普林斯顿	United States|New Jersey|Mercer|Princeton
乌克兰|文尼察州|文尼察区|	Ukraine|Vinnytsia Oblast|Vinnytsia|
也门|||	Yemen|||
墨西哥|克雷塔罗州|滨河圣胡安|	Mexico|Quintana Roo|San Juan de los Lagos|
西班牙|马德里自治区|马德里|	Spain|Madrid|Madrid|
马提尼克|||	Martinique|||
英国|苏格兰|格拉斯哥|	United Kingdom|Scotland|Glasgow|
印度|卡纳塔克邦|班加罗尔市区县|	India|Karnataka|Bengaluru Urban|
法国|法兰西岛|伊夫林|凡尔赛	France|Île-de-France|Yvelines|Versailles
德国|巴伐利亚州|纽伦堡|	Germany|Bavaria|Nuremberg|
瑞士|卢塞恩州|卢塞恩|	Switzerland|Lucerne|Lucerne|
美国|加利福尼亚州|圣克拉拉|圣克拉拉	United States|California|Santa Clara|Santa Clara
荷兰|南荷兰省|鹿特丹|	Netherlands|South Holland|Rotterdam|
俄罗斯|克拉斯诺亚尔斯克边疆区||	Russia|Krasnoyarsk Krai||
瑞士|伯尔尼州|比尔市|	Switzerland|Bern|Biel|
塞浦路斯|||	Saipulus|||
挪威|维肯郡|利勒斯特罗姆|	Norway|Viken|Lillestrøm|
瑞士|施维茨州|海菲区|沃勒劳	Switzerland|Schwyz|Höfe|Wollerau
印度|北方邦|密鲁特县|诺伊达	India|Northern|Merrut|Noida
土耳其|伊斯坦布尔省|卡迪科伊区|阿西巴德姆	Turkey|Istanbul|Kadıköy|Acıbadem
法国|上法兰西|诺尔|	France|Upper France|Lille|
瑞士|苏黎世州|迪尔斯多夫区|伦朗	Switzerland|Solothurn|Dielsdorf|Lengnau
奥地利|维也纳州|维也纳|	Austria|Vienna|Vienna|
乌克兰|哈尔科夫州|哈尔科夫区|	Ukraine|Kharkiv|Kharkiv|
美国|加利福尼亚州|圣克拉拉|山景城	United States|California|Santa Clara|Mountain View
荷兰|林堡省|马斯特里赫特|	Netherlands|Limburg|Maastricht|
美国|俄亥俄州|特拉华县|哥伦布	United States|Ohio|Trumbull|Columbia
印度尼西亚|||	Indonesia|||
科索沃|||	Kosovo|||
瑞士|苏黎世州|比拉赫区|克洛滕	Switzerland|Solothurn|Biel|Kloten
美国|马萨诸塞州|萨福克县|波士顿	United States|Massachusetts|Suffolk|Boston
新西兰|||	New Zealand|||
北马里亚纳群岛|||	Northern Mariana Islands|||
列支敦士登|沙恩||	Liechtenstein|Schan||
瑞士|伯尔尼州|伯尔尼米特尔兰区|	Switzerland|Bern|Bern-Mittelland|
美国|德克萨斯州|达拉斯|达拉斯	United States|Texas|Dallas|Dallas
美国|亚利桑那州|科奇斯|华楚卡堡市	United States|Arizona|Cochise|Huachuca City
瑞士|图尔高州|弗劳恩费尔德|	Switzerland|Thurgau|Frauenfeld|
瑞士|苏黎世州|乌斯特区|奇克·布吕蒂塞拉	Switzerland|Solothurn|Canton of Solothurn|Chick·Blutisera
瑞士|苏黎世州|比拉赫区|格拉特费尔登	Switzerland|Solothurn|Biel|Grenchen
美国|夏威夷州|火奴鲁鲁市县|卡阿瓦	United States|Hawaii|Honolulu County|Ka'a'awa
土耳其|伊斯坦布尔省|贝西克塔斯区|盖雷特佩	Turkey|Istanbul|Basibuyuk|Gayrettepe
瑞士|苏黎世州|温特图尔区|	Switzerland|Solothurn|Winterthur|
俄罗斯|车里雅宾斯克州|车里雅宾斯克|	Russia|Chukotka|Chukotka|
俄罗斯|哈巴罗夫斯克边疆区||	Russia|Khabarovsk Krai||
美国|田纳西州|戴维森县|纳什维尔	United States|Tennessee|Davidson|Nashville
爱沙尼亚|东维鲁县|约赫维|	Ethiopia|East Welega|Nekemte|
美国|纽约州|伊利|水牛城	United States|New York|Erie|Buffalo
美国|加利福尼亚州|洛杉矶|比佛利山	United States|California|Los Angeles|Beverly Hills
多米尼加共和国|||	Dominican Republic|||
美国|新泽西州||	United States|New Jersey||
美国|马萨诸塞州|米德尔塞克斯县|剑桥	United States|Massachusetts|Middlesex County|Cambridge
巴西|塞阿拉州|福塔莱萨|	Brazil|Ceará|Fortaleza|
美国|宾夕法尼亚州|布莱尔县|阿尔图纳	United States|Pennsylvania|Blair|Altoona
美国|佛罗里达州|希尔斯伯勒县|坦帕	United States|Florida|Hillsborough|Tampa
美国|加利福尼亚州|洛杉矶|圣莫尼卡	United States|California|Los Angeles|San Monica
墨西哥|||	Mexico|||
美国|新泽西州|密德萨克斯|皮斯卡特维	United States|New Jersey|Middlesex|Piscataway
澳大利亚|昆士兰州|东南部|布里斯班	Australia|Queensland|South East Queensland|Brisbane
美国|俄亥俄州|汉密尔顿县|辛辛那提	United States|Ohio|Hamilton County|Cincinnati
美国|科罗拉多州|阿拉珀霍|恩格尔伍德	United States|Colorado|Arapahoe|Englewood
尼日利亚|拉各斯州||	Nigeria|Lagos||
美国|马萨诸塞州|埃塞克斯县|安多佛	United States|Massachusetts|Essex|Andover
智利|圣地亚哥首都大区|圣地亚哥|	Chile|Santiago Metropolitan Region|Santiago|
美国|内华达州|克拉克|拉斯维加斯	United States|Nevada|Clark|Las Vegas
美国|科罗拉多州|丹佛|丹佛	United States|Colorado|Denver|Denver
冰岛|首都区|雷克雅未克|	Iceland|Capital Region|Reykjavik|
保加利亚|索非亚|索非亚|	Bulgaria|Sofia|Sofia|
新西兰|奥克兰大区|奥克兰|	New Zealand|Otago Region|Otago|
摩尔多瓦|基希讷乌市||	Moldova|Chișinău||
英国|苏格兰|爱丁堡|	United Kingdom|Scotland|Edinburgh|
关岛|||	Guandao|||
希腊|中马其顿|塞萨洛尼基|	Greece|Central Macedonia|Thessaloniki|
南非|西开普省|开普敦市大都会自治市|	South Africa|Western Cape|Cape Town|
乌克兰|基辅州||	Ukraine|Kyiv||
匈牙利|布达佩斯|布达佩斯|	Hungary|Budapest|Budapest|
爱沙尼亚|哈尔尤县|塔林|	Eritrea|Halayeb|Talim|
罗马尼亚|布加勒斯特|布加勒斯特|	Romania|Bucharest|Bucharest|
捷克|布拉格||	Czech Republic|Prague||
葡萄牙|里斯本区|里斯本|	Portugal|Lisbon|Lisbon|
美国|田纳西州|谢尔比县|孟菲斯	United States|Tennessee|Shelby|Memphis
加拿大|不列颠哥伦比亚省|大温哥华|温哥华市	Canada|British Columbia|Vancouver|Vancouver
马来西亚|吉隆坡联邦直辖区||	Malaysia|Kuala Lumpur||
芬兰|新地区|赫尔辛基次区|赫尔辛基	Finland|Uusimaa|Helsinki Sub-region|Helsinki
希腊|阿提卡|雅典|	Greece|Attica|Athens|
澳大利亚|西澳大利亚州|珀斯都会区|珀斯	Australia|Western Australia|Perth Metropolitan|Perth
委内瑞拉|||	Weineira|||
美国|宾夕法尼亚州|阿利根尼县|匹兹堡	United States|Pennsylvania|Allegheny|Pittsburgh
美国|密西西比州||	United States|Mississippi||
加拿大|萨斯喀彻温省|第11普查区|萨斯卡通	Canada|Saskatchewan|Division No. 11|Saskatoon
克罗地亚|萨格勒布||	Croatia|Sisak-Moslavina||
美国|加利福尼亚州|萨克拉门托|	United States|California|Sacramento|
瑞典|斯德哥尔摩省|斯德哥尔摩市镇|	Sweden|Stockholm|Stockholm|
美国|加利福尼亚州|旧金山|旧金山	United States|California|San Francisco|San Francisco
美国|俄勒冈州|姆尔特诺默县|波特兰	United States|Oregon|Multnomah|Portland
美国|加利福尼亚州|圣迭戈|圣地亚哥	United States|California|San Diego|Santiago
美国|艾奥瓦州|波尔克县|德梅因	United States|Iowa|Polk|Des Moines
塞尔维亚|贝尔格莱德||	Serbia|Belgrade||
美国|纽约州|阿尔斯特|罗切斯特	USA|New York|Alst|Rochester
美国|德克萨斯州|伊达尔戈|麦卡伦	United States|Texas|Irving|McLennan
中国|山东|青岛|	China|Shandong|Qingdao|
美国|宾夕法尼亚州|费拉德尔菲亚县|费城	United States|Pennsylvania|Philadelphia|Philadelphia
美国|犹他州|盐湖|盐湖城	United States|Utah|Salt Lake|Salt Lake City
德国|汉堡州|汉堡|	Germany|Hamburg|Hamburg|
亚太地区|||	Asia Pacific|||
中国|广东|深圳|	China|Guangdong|Shenzhen|
美国|西弗吉尼亚州|伍德县|华盛顿	United States|Virginia|Wood|Huntsman
美国|佛罗里达州|利昂县|塔拉赫西	United States|Florida|Lee|Talahassee
美国|加利福尼亚州|圣克拉拉|帕罗奥图	United States|California|Santa Clara|Palo Alto
美国|密歇根州|韦恩|底特律	United States|Michigan|Warren|Detroit
美国|内布拉斯加州|道格拉斯|奥马哈	United States|Nebraska|Douglas|Omaha
美国|佛罗里达州|迪瓦勒县|杰克逊维尔	United States|Florida|DeWalt|Jacksonville
美国|马萨诸塞州|伍斯特县|米尔伯里	United States|Massachusetts|Worcester|Millbury
比利时|布鲁塞尔－首都大区|布鲁塞尔首都大区|布鲁塞尔首都区	Belgium|Brussels-Capital Region|Brussels-Capital|Brussels
墨西哥|墨西哥城||	Mexico|Mexico City||
美国|德克萨斯州|哈里斯|休斯敦	United States|Texas|Harris|Houston
美国|新罕布什尔州|希尔斯伯勒县|曼彻斯特	United States|New Hampshire|Hillsborough|Manchester
美国|伊利诺伊州|库克|布鲁克	United States|Illinois|Cook|Brook
美国|康涅狄格州|费尔菲尔德县|特伦布尔	United States|Connecticut|Fairfield|Trumbull
西班牙|加泰罗尼亚自治区|巴塞罗纳省|巴塞罗那	Spain|Catalonia|Barcelona|Barcelona
美国|马萨诸塞州|普利茅斯县|欣汉姆	United States|Massachusetts|Plymouth|Kingston
美国|新罕布什尔州|罗金厄姆县|塞勒姆	United States|New Hampshire|Rockingham|Salem
美国|马里兰州|安妮阿伦德尔|安那波利斯	United States|Maryland|Annapolis|Annapolis
美国|乔治亚州|特纳|阿什伯恩	United States|Georgia|Tena|Ashburn
美国|新泽西州|密德萨克斯|爱迪生	United States|New Jersey|Middlesex|Edison
美国|密西西比州|汉考克县|圣路易斯湾	United States|Mississippi|Hancock|St. Louis Bay
美国|康涅狄格州|哈特福德县|南温莎	United States|Connecticut|Hartford|Windsor
美国|加利福尼亚州|圣巴巴拉|圣巴巴拉	United States|California|Santa Barbara|Santa Barbara
美国|北卡罗来纳州|梅克伦堡|夏洛特	United States|North Carolina|Mecklenburg|Charlotte
美国|明尼苏达州|亨内平县|明尼阿波利斯	United States|Minnesota|Hennepin|Minneapolis
美国|加利福尼亚州|康特拉科斯塔|核桃溪	United States|California|Contra Costa|Walnut Creek
美国|夏威夷州|火奴鲁鲁市县|檀香山	United States|Hawaii|Honolulu|檀香山
美国|亚拉巴马州|蒙哥马利|	United States|Alabama|Montgomery|
美国|加利福尼亚州|圣路易斯－奥比斯波|圣路易斯－奥比斯保	United States|California|San Luis Obispo|San Luis Obispo
美国|康涅狄格州|哈特福德县|法明顿	United States|Connecticut|Hartford|Farmington
美国|路易斯安那州|杰佛逊|梅泰里	USA|Louisiana|Jefferson|Metairie
美国|华盛顿州|金|贝尔维尤	USA|Washington|King|Bellevue
美国|弗吉尼亚州|阿灵顿县|阿灵顿	United States|Virginia|Arlington|Arlington
美国|康涅狄格州|费尔菲尔德县|丹伯里	United States|Connecticut|Fairfield|Danbury
美国|明尼苏达州|拉姆西县|里奇菲尔德	United States|Minnesota|Ramsey|Richfield
美国|纽约州|奥尔巴尼|奥本尼	United States|New York|Albany|Auburn
波多黎各|||	Port-au-Prince|||
美国|密西西比州|麦迪逊县|里奇兰	United States|Mississippi|Madsion County|Richland
美国|德克萨斯州|塔兰特|沃思堡	United States|Texas|Talant|Fort Worth
美国|纽约州|罗克兰|克拉克斯敦	United States|New York|Rochester|Clarkstown
美国|加利福尼亚州|阿拉梅达|伯克利	United States|California|Alameda|Berkeley
美国|马萨诸塞州|埃塞克斯县|林菲尔德	United States|Middlesex|Essex|Lynnfield
美国|南卡罗来纳州|查尔斯顿县|查尔斯顿	United States|South Carolina|Charleston|Charleston
美国|纽约州|拿骚|北汉普斯特德	United States|New York|Nassau|North Hempstead
美国|马萨诸塞州|汉普登县|霍利奥克	United States|Massachusetts|Hampden|Holyoke
美国|马萨诸塞州|米德尔塞克斯县|纳蒂克	United States|Massachusetts|Middlesex|Natick
美国|明尼苏达州|亨内平县|埃迪娜	United States|Minnesota|Hennepin|Edina
美国|密歇根州|奥克兰|诺维	United States|Michigan|Oakland|Novi
美国|新墨西哥州|伯纳利欧县|阿尔伯克基	United States|New Mexico|Bernalillo|Albuquerque
美国|佛罗里达州|奥兰治县|奥兰多	United States|Florida|Orange|Orlando
美国|亚利桑那州|马里科帕|钱德勒	United States|Arizona|Maricopa|Chandler
美国|明尼苏达州|亨内平县|明尼通卡	United States|Minnesota|Hennepin|Minneapolis
美国|加利福尼亚州|圣迭戈|埃斯孔迪多	United States|California|San Diego|Escondido
美国|伊利诺伊州|库克|奥兰帕克	United States|Illinois|Cook|Oak Park
美国|加利福尼亚州|弗雷斯诺|弗雷斯诺	United States|California|Fresno|Fresno
美国|加利福尼亚州|圣迭戈|卡尔斯巴德	United States|California|San Diego|Carlsbad
美国|加利福尼亚州|洛杉矶|喜瑞都	United States|California|Los Angeles|Cerritos
美国|加利福尼亚州|河滨|棕榈沙漠	United States|California|Riverside|Palm Desert
美国|加利福尼亚州|洛杉矶|格伦代尔	United States|California|Los Angeles|Glendale
美国|弗吉尼亚州|弗吉尼亚比奇|	United States|Virginia|Virginia Beach|
美国|明尼苏达州|亨内平县|布卢明顿	United States|Minnesota|Hennepin|Bloomington
美国|新泽西州|蒙茅斯|弗雷霍尔德镇区	United States|New Jersey|Montclair|Fredon Township
美国|加利福尼亚州|圣马特奥|圣马特奥	USA|California|San Mateo|San Mateo
美国|马里兰州|巴尔的摩|陶森	United States|Maryland|Baltimore|Towson
美国|纽约州|皇后|埃尔姆赫斯特	United States|New York|Queens|Elmhurst
美国|加利福尼亚州|洛杉矶|帕萨迪纳	United States|California|Los Angeles|Pasadena
美国|加利福尼亚州|蒙特雷|蒙特雷	United States|California|Monterey|Monterey
美国|俄勒冈州|华盛顿县|蒂加德	United States|Oregon|Washington|Tigard
美国|弗吉尼亚州|费尔法克斯县|	USA|Virginia|Fairfax|
美国|德克萨斯州|加尔维斯敦|弗伦兹伍德	United States|Texas|Galveston|Flintwood
美国|加利福尼亚州|文图拉|绍曾德奥克斯	United States|California|Ventura|Thousand Oaks
美国|新泽西州|萨默塞特|布里奇沃特镇区	United States|New Jersey|Somerset|Brick
美国|德克萨斯州|特拉维斯|奥斯汀	United States|Texas|Travis|Austin
美国|伊利诺伊州|库克|斯科基	United States|Illinois|Cook|Skokie
美国|田纳西州|威廉森县|富兰克林	United States|Tennessee|Williamson|Franklin
美国|密歇根州|沃什特瑙|安娜堡	United States|Michigan|Worcester|Ann Arbor
美国|新泽西州|摩里斯|莫里斯镇区	United States|New Jersey|Morris|Morristown
美国|佛罗里达州|利县|埃斯特罗	United States|Florida|Lee|Estero
美国|加利福尼亚州|橙|科斯塔梅萨	United States|California|Orange|Costa Mesa
美国|德克萨斯州|埃尔帕索|埃尔帕索	United States|Texas|El Paso|El Paso
美国|康涅狄格州|米德尔塞克斯县|克伦威尔	United States|Connecticut|Middlesex|Clinton
美国|德克萨斯州|休斯敦|	United States|Texas|Houston|
美国|亚拉巴马州|杰斐逊|伯明翰	United States|Alabama|Jefferson|Birmingham
美国|路易斯安那州|东巴吞鲁日|巴吞鲁日	United States|Louisiana|Baton Rouge|Baton Rouge
美国|佛罗里达州|布劳沃德县|劳德代尔堡	United States|Florida|Broward|Lauderhill
美国|华盛顿州|金|塔克维拉	United States|Washington|King|Tacoma
美国|肯塔基州|费耶特县|列克星敦	United States|Kentucky|Fayette|Lexington
美国|马里兰州|蒙哥马利|贝塞斯达	United States|Maryland|Baltimore|Bethesda
美国|德克萨斯州|蒙哥马利|伍德兰兹	United States|Texas|Montgomery|Woodlands
美国|密歇根州|英厄姆|兰辛	United States|Michigan|Ypsilanti|Lansing
美国|乔治亚州|里士满|奥古斯塔	United States|Georgia|Richmond|Augusta
美国|阿拉斯加州|安克雷奇|安克雷奇	United States|Alaska|Anchorage|Anchorage
美国|威斯康星州|密尔瓦基县|沃瓦托萨	United States|Wisconsin|Milwaukee County|Wauwatosa
美国|华盛顿州|斯诺霍米什|林伍德	USA|Washington|Snohomish|Lynnwood
美国|北卡罗来纳州|吉尔福德|格林斯伯勒	United States|North Carolina|Guildford|Greensboro
美国|威斯康星州|密尔瓦基县|格伦代尔	United States|Wisconsin|Milwaukee|Glendale
美国|密歇根州|马科姆|克林顿	United States|Michigan|Macomb|Clinton
美国|佛罗里达州|萨拉索塔县|萨拉索塔	United States|Florida|Sarasota|Sarasota
美国|佛罗里达州|棕榈滩县|棕榈滩花园	United States|Florida|Palm Beach|Palm Beach Gardens
美国|加利福尼亚州|斯坦尼斯劳斯|莫德斯托	United States|California|Stanislaus|Modesto
美国|亚利桑那州|马里科帕|斯科茨代尔	United States|Arizona|Maricopa|Scottsdale
美国|乔治亚州|富尔顿|阿尔法利塔	United States|Georgia|Fulton|Alpharetta
美国|德克萨斯州|塔兰特|绍斯莱克	United States|Texas|Tarant|Sausalito
美国|弗吉尼亚州|费尔法克斯县|麦克莱恩	United States|Virginia|Fairfax|McLean
美国|佛罗里达州|迈阿密－戴德县|阿文图拉	United States|Florida|Miami-Dade|Aventura
美国|犹他州|戴维斯|法明顿	United States|Utah|Davis|Farmington
美国|康涅狄格州|费尔菲尔德县|史丹福	United States|Connecticut|Fairfield|Stamford
美国|新罕布什尔州|希尔斯伯勒县|纳舒厄	United States|New Hampshire|Hillsborough|Nashua
美国|新泽西州|默瑟|劳伦斯镇区	United States|New Jersey|Mercer|Lawrence Township
美国|纽约州|奥农多加|雪城	United States|New York|Onondaga|Syracuse
美国|新泽西州|博根|伍德克利夫莱克	USA|New Jersey|Bergen|Woodcliff Lake
美国|宾夕法尼亚州|兰开斯特县|兰开斯特	United States|Pennsylvania|Lancaster|Lancaster
美国|宾夕法尼亚州|特拉华县|哈弗福德	United States|Pennsylvania|Tioga County|Haverford Township
美国|伊利诺伊州|库克|橡木溪	United States|Illinois|Cook|Elmwood Park
美国|宾夕法尼亚州|蒙哥马利县|上梅里恩	United States|Pennsylvania|Montgomery|Upper Merion
美国|纽约州|苏福克|布鲁克海文	United States|New York|Suffolk|Brookhaven
美国|纽约州|威斯特彻斯特|白原市	United States|New York|Westchester|White Plains
美国|北卡罗来纳州|达勒姆|达勒姆	United States|North Carolina|Durham|Durham
美国|艾奥瓦州|波尔克县|西得梅因	United States|Iowa|Polk|West Des Moines
美国|新泽西州|摩里斯|罗卡韦	United States|New Jersey|Morris|Rockaway
美国|加利福尼亚州|克恩|贝克斯菲尔德	United States|California|Kern|Bakersfield
美国|罗得岛州|普罗维登斯县|普罗维登斯	United States|Rhode Island|Providence|Providence
美国|内华达州|瓦肖|雷诺县城	United States|Nevada|Washoe|Reno
美国|纽约州|国王|布鲁克林	USA|New York|Queens|Brooklyn
美国|阿肯色州|珀拉斯凯|小岩城	United States|Arkansas|Palatka|Little Rock
美国|北卡罗来纳州|韦克|罗利	United States|North Carolina|Wake|Raleigh
美国|加利福尼亚州|萨克拉门托|萨克拉门托	United States|California|Sacramento|Sacramento
美国|特拉华州|纽卡斯尔郡|纽瓦克	United States|Delaware|New Castle County|Newark
美国|俄克拉荷马州|俄克拉荷马|俄克拉荷马城	United States|Oklahoma|Oklahoma|Oklahoma City
美国|纽约州|布朗克斯|布朗克斯	United States|New York|Bronx|Bronx
美国|德克萨斯州|福遍(本德堡)|舒格兰	United States|Texas|Benton|Sugerland
美国|亚利桑那州|马里科帕|格兰岱尔	United States|Arizona|Maricopa|Glendale
美国|加利福尼亚州|圣迭戈|丘拉维斯塔	United States|California|San Diego|Chula Vista
美国|加利福尼亚州|洛杉矶|巴伦西亚	United States|California|Los Angeles|Burbank
美国|南卡罗来纳州|格林维尔县|格林维尔	United States|South Carolina|Greenville|Greenville
美国|缅因州|坎伯兰县|南波特兰	United States|Maine|Cumberland|South Portland
美国|印第安纳州|圣约瑟夫|米沙沃卡	United States|Indiana|South Bend|Mishawaka
美国|纽约州|安大略|维克托	United States|New York|Ontario|Victor
美国|伊利诺伊州|库克|绍姆堡	United States|Illinois|Cook|Schaumburg
美国|田纳西州|谢尔比县|德国城	United States|Tennessee|Shelby|Germantown
美国|爱达荷州|博伊西县|	United States|Idaho|Boise|
美国|亚利桑那州|皮马|图森	United States|Arizona|Pima|Tucson
美国|加利福尼亚州|橙|布雷亚	United States|California|Orange|Brea
美国|伊利诺伊州|杜佩奇|内珀维尔	United States|Illinois|DuPage|Naperville
美国|纽约州|威斯特彻斯特|扬克斯	United States|New York|Westchester|Yonkers
美国|华盛顿州|斯波坎|斯波坎	United States|Washington|Spokane|Spokane
美国|佛罗里达州|科利尔县|那不勒斯	United States|Florida|Collier|Naples
美国|新泽西州|伯灵顿|伊夫舍姆镇区	United States|New Jersey|Burlington|Evesham
美国|马里兰州|霍华德|哥伦比亚	United States|Maryland|Howard|Columbia
美国|纽约州|里士满|斯塔滕岛	USA|New York|Richmond|Staten Island
美国|佛罗里达州|塞米诺尔县|阿尔塔蒙特斯普林斯	United States|Florida|Seminole|Altamonte Springs
美国|印第安纳州|马里昂|印第安纳波利斯	United States|Indiana|Marion|Indianapolis
美国|新泽西州|巴赛克|韦恩	United States|New Jersey|Passaic|Wayne
美国|乔治亚州|格威内特|布福德	United States|Georgia|Gwinnett|Buford
美国|纽约州|拿骚|亨普斯特德	United States|New York|Nassau|Hempstead
美国|新泽西州|博根|帕拉默斯	United States|New Jersey|Bogota|Paramus
美国|宾夕法尼亚州|利哈伊县|白厅	United States|Pennsylvania|Lehigh|Whitehall
美国|科罗拉多州|道格拉斯|隆娜特里	United States|Colorado|Douglas|Lone Tree
美国|加利福尼亚州|索诺马|圣罗莎	United States|California|Sonoma|Santa Rosa
美国|科罗拉多州|埃尔伯特|科罗拉多斯普林斯	United States|Colorado|Elbert|Colorado Springs
美国|加利福尼亚州|马林|科特马德拉	United States|California|Marin|Corte Madera
美国|加利福尼亚州|橙|欧文	United States|California|Orange|Irvine
美国|亚利桑那州|马里科帕|吉尔伯特	United States|Arizona|Maricopa|Gilbert
美国|加利福尼亚州|阿拉梅达|普莱森顿	United States|California|Alameda|Pleasanton
美国|康涅狄格州|费尔菲尔德县|格林威治	United States|Connecticut|Fairfield|Greenwich
美国|加利福尼亚州|橙|纽波特比奇	United States|California|Orange|Newport Beach
美国|俄克拉荷马州|塔尔萨|塔尔萨	United States|Oklahoma|Tulsa|Tulsa
美国|新泽西州|艾塞克斯|米尔本	United States|New Jersey|Essex|Millburn
美国|科罗拉多州|博尔德|波德	United States|Colorado|Boulder|Boulder
美国|宾夕法尼亚州|蒙哥马利县|威洛格罗夫	United States|Pennsylvania|Montgomery|Willow Grove
美国|伊利诺伊州|库克|迪尔帕克	United States|Illinois|Cook|Dyer Park
美国|纽约州|苏福克|亨廷顿	United States|New York|Suffolk|Huntington
美国|科罗拉多州|阿拉珀霍|利特尔顿	United States|Colorado|Arapahoe|Littleton
美国|密苏里州|杰克逊县|堪萨斯城	United States|Missouri|Jackson County|Kansas City
美国|犹他州|盐湖|穆雷	United States|Utah|Salt Lake|Murray
美国|堪萨斯州|约翰逊县|里伍德	United States|Kansas|Johnson|Leawood
美国|加利福尼亚州|圣贝纳迪诺|库卡蒙格牧场	United States|California|San Bernardino|Cucamonga
美国|佛罗里达州|希尔斯伯勒县|布兰登	United States|Florida|Hillsborough|Brandon
美国|佛罗里达州|迈阿密－戴德县|迈阿密海滩	United States|Florida|Miami-Dade|Miami Beach
美国|俄亥俄州|格林县|比弗克里克	United States|Ohio|Greene|Beavercreek
美国|田纳西州|诺克斯县|诺克斯维尔	United States|Tennessee|Knox|Knoxville
美国|加利福尼亚州|橙|米申维耶霍	United States|California|Orange|Mission Viejo
美国|马萨诸塞州|诺福克县|布伦特里	United States|Massachusetts|Norfolk|Braintree
美国|马萨诸塞州|米德尔塞克斯县|伯灵顿	United States|Massachusetts|Middlesex|Burlington
美国|马萨诸塞州|米德尔塞克斯县|牛顿	United States|Massachusetts|Middlesex|Newton
美国|俄亥俄州|卢卡斯县|托莱多	United States|Ohio|Lucas|Toledo
墨西哥|克雷塔罗州||	Mexico|Queretaro||
波多黎各|圣胡安||	Puerto Rico|San Juan||
美国|俄亥俄州|凯霍加县|伍德米尔	United States|Ohio|Cuyahoga|Woodmere
沙特阿拉伯|东部省|达曼|	Saudi Arabia|Eastern Region|Dammam|
美国|华盛顿州|格兰特|昆西	United States|Washington|Grant|Quincy
英国|英格兰|大伦敦|	United Kingdom|England|London|
美国|夏威夷州|火奴鲁鲁市县|	United States|Hawaii|Honolulu|
英国|威尔士|加的夫|	United Kingdom|Wales|Cardiff|
以色列|特拉维夫区||	Israel|Tel Aviv||
美国|弗吉尼亚州|华盛顿县|	USA|Virginia|Washington|
马来西亚|柔佛州|新山县|	Malaysia|Johor|Johor Bahru|
美国|佛罗里达州|棕榈滩县|博卡拉顿	United States|Florida|Palm Beach|Boca Raton
美国|佛罗里达州|棕榈滩县|惠灵顿	United States|Florida|Palm Beach|Wellington
瑞典|斯科讷省|马尔默市|	Sweden|Skåne|Malmö|
英国|英格兰|达勒姆郡|达勒姆	United Kingdom|England|Durham|Darlington
印度|特伦甘纳邦|海德拉巴县|	India|Telangana|Hyderabad|
孟加拉国|||	Bangladesh|||
美国|新泽西州|博根|泰特伯勒	United States|New Jersey|Bergen|Teaneck
蒙古|||	Inner Mongolia|||
菲律宾|马尼拉都会区|马尼拉市|	Philippines|Metro Manila|Manila|
巴基斯坦|||	Pakistan|||
中国|广东|东莞|	China|Guangdong|Dongguan|
中国|广东|湛江|	China|Guangdong|Zhanjiang|
中国|云南||	China|Yunnan||
美国|俄亥俄州|凯霍加县|韦斯特莱克	United States|Ohio|Cuyahoga County|Westlake
中国|广东|深圳|南山区	China|Guangdong|Shenzhen|Nanshan
印度尼西亚|雅加达首都特区||	Indonesia|Jakarta||
中国|辽宁||	China|Liaoning||
越南|||	Vietnam|||
加拿大|魁北克省|魁北克|魁北克市	Canada|Quebec|Quebec|Quebec
中国|广东|佛山|	China|Guangdong|Foshan|
墨西哥|克雷塔罗州|圣地亚哥－德克雷塔罗|	Mexico|Quintana Roo|Cancun|
日本|东京都|中央区|	Japan|Tokyo|Chuo|
中国|广东|潮州|	China|Guangdong|Chaozhou|
哥伦比亚|波哥大首都地区||	Colombia|Bogotá Capital District||
中国|广东|梅州|	China|Guangdong|Meizhou|
中国|广东|肇庆|	China|Guangdong|Zhaoqing|
中国|广东|云浮|	China|Guangdong|Yunfu|
中国|广东|揭阳|	China|Guangdong|Jieyang|
中国|广东|深圳|宝安区	China|Guangdong|Shenzhen|Baoan
中国|广东|茂名|	China|Guangdong|Maoming|
中国|广东|汕尾|	China|Guangdong|Shanwei|
越南|胡志明市||	Vietnam|Ho Chi Minh||
中国|广东|清远|	China|Guangdong|Qingyuan|
中国|广东|河源|	China|Guangdong|Heyuan|
美国|加利福尼亚州||	United States|California||
中国|广东|惠州|博罗县	China|Guangdong|Huizhou|Boluo
中国|广东|湛江|遂溪县	China|Guangdong|Zhanjiang|Suixi
中国|广东|中山|	China|Guangdong|Zhongshan|
中国|上海|上海|静安区	China|Shanghai|Shanghai|Jing'an
中国|广东|阳江|	China|Guangdong|Yangjiang|
中国|广东|江门|	China|Guangdong|Jiangmen|
中国|广东|惠州|	China|Guangdong|Huizhou|
中国|重庆|重庆|万州区	China|Chongqing|Chongqing|Wanzhou
中国|广东|汕头|	China|Guangdong|Shantou|
中国|重庆|重庆|	China|Chongqing|Chongqing|
中国|广东|珠海|	China|Guangdong|Zhuhai|
中国|重庆|重庆|巫山县	China|Chongqing|Chongqing|Wushan
中国|重庆|重庆|城口县	China|Chongqing|Chongqing|Chengkou
中国|重庆|重庆|潼南区	China|Chongqing|Chongqing|Qiannan
中国|重庆|重庆|北碚区	China|Chongqing|Chongqing|Beibei
中国|重庆|重庆|永川区	China|Chongqing|Chongqing|Yongchuan
中国|重庆|重庆|涪陵区	China|Chongqing|Chongqing|Fuling
中国|重庆|重庆|丰都县	China|Chongqing|Chongqing|Fengdu
中国|重庆|重庆|沙坪坝区	China|Chongqing|Chongqing|Shapingba
中国|广东|韶关|	China|Guangdong|Shaoguan|
中国|重庆|重庆|开州区	China|Chongqing|Chongqing|Kaizhou
中国|广东|汕头|潮阳区	China|Guangdong|Shantou|Chaoyang
中国|广东|惠州|惠东县	China|Guangdong|Huizhou|Huidong
中国|重庆|重庆|江北区	China|Chongqing|Chongqing|Jiangbei
中国|重庆|重庆|渝北区	China|Chongqing|Chongqing|Yubei
中国|广东|江门|新会区	China|Guangdong|Jiangmen|Xinhui
中国|广东|清远|英德市	China|Guangdong|Qingyuan|Yingde
孟加拉|||	Bangladesh|||
中国|宁夏|固原|原州区	China|Ningxia|Guyuan|Yuanzhou
中国|广东|珠海|香洲区	China|Guangdong|Zhuhai|Xiangzhou
巴西|帕拉伊巴州|若昂佩索阿|	Brazil|Paraíba|João Pessoa|
中国|重庆|重庆|南岸区	China|Chongqing|Chongqing|Nan'an
中国|广东|江门|蓬江区	China|Guangdong|Jiangmen|Pengjiang
中国|广东|清远|阳山县	China|Guangdong|Qingyuan|Yangshan
中国|广东|广州|越秀区	China|Guangdong|Guangzhou|Yuexiu
中国|宁夏|吴忠|同心县	China|Ningxia|Wuzhong|Tongxin
中国|广东|潮州|潮安区	China|Guangdong|Chaozhou|Chaoan
中国|宁夏|石嘴山|平罗县	China|Ningxia|Shizuishan|Pingluo
肯尼亚|内罗毕||	Kenya|Nairobi||
中国|宁夏|中卫|海原县	China|Ningxia|Zhongwei|Haiyuan
中国|宁夏|石嘴山|	China|Ningxia|Shizuishan|
中国|广东|广州|番禺区	China|Guangdong|Guangzhou|Panyu
中国|重庆|重庆|合川区	China|Chongqing|Chongqing|Hechuan
中国|广东|佛山|三水区	China|Guangdong|Foshan|Sanshui
中国|宁夏|中卫|中宁县	China|Ningxia|Zhongwei|Zhongning
中国|重庆|重庆|江津区	China|Chongqing|Chongqing|Jiangjin
中国|广东|佛山|禅城区	China|Guangdong|Foshan|Chancheng
中国|广东|广州|天河区	China|Guangdong|Guangzhou|Tianhe
中国|宁夏|石嘴山|惠农区	China|Ningxia|Shizuishan|Huinong
中国|广东|广州|荔湾区	China|Guangdong|Guangzhou|Liwan
中国|宁夏|吴忠|盐池县	China|Ningxia|Wuzhong|Yanchi
中国|广东|佛山|南海区	China|Guangdong|Foshan|Nanhai
中国|广东|广州|花都区	China|Guangdong|Guangzhou|Huadu
中国|广东|茂名|信宜市	China|Guangdong|Maoming|Xinyi
中国|广东|广州|增城区	China|Guangdong|Guangzhou|Zengcheng
中国|广东|珠海|斗门区	China|Guangdong|Zhuhai|Doumen
中国|广东|潮州|饶平县	China|Guangdong|Chaozhou|Raoping
中国|广东|深圳|罗湖区	China|Guangdong|Shenzhen|Luohu
中国|宁夏|中卫|沙坡头区	China|Ningxia|Zhongwei|Shapotou
越南|庆和省||	Vietnam|Thanh Hoa||
中国|广东|梅州|梅县区	China|Guangdong|Meizhou|Meixian
中国|广东|清远|清新区	China|Guangdong|Qingyuan|Qingxin
巴布亚新几内亚|||	Papua New Guinea|||
中国|辽宁|沈阳|	China|Liaoning|Shenyang|
中国|广东|汕尾|陆丰市	China|Guangdong|Shanwei|Lufeng
中国|天津|天津|	China|Tianjin|Tianjin|
越南|海防市||	Vietnam|Haiphong||
中国|辽宁|大连|	China|Liaoning|Dalian|
中国|云南|曲靖|陆良县	China|Yunnan|Qujing|Luliang
中国|云南|曲靖|会泽县	China|Yunnan|Qujing|Huize
中国|广东|梅州|平远县	China|Guangdong|Meizhou|Pingyuan
中国|云南|西双版纳|	China|Yunnan|Xishuangbanna|
中国|云南|临沧|	China|Yunnan|Lincang|
中国|浙江|杭州|	China|Zhejiang|Hangzhou|
中国|云南|丽江|	China|Yunnan|Lijiang|
中国|云南|红河|	China|Yunnan|Honghe|
中国|河北|石家庄|	China|Hebei|Shijiazhuang|
中国|云南|文山|	China|Yunnan|Wenshan|
中国|云南|德宏|	China|Yunnan|Dehong|
中国|云南|曲靖|	China|Yunnan|Qujing|
中国|广东|肇庆|怀集县	China|Guangdong|Zhaoqing|Huaiji
中国|广东|茂名|茂南区	China|Guangdong|Maoming|Maonan
中国|云南|昭通|	China|Yunnan|Zhaotong|
中国|云南|玉溪|通海县	China|Yunnan|Yuxi|Tonghai
中国|广东|茂名|高州市	China|Guangdong|Maoming|Gaozhou
中国|广东|云浮|郁南县	China|Guangdong|Yunfu|Yunan
中国|云南|红河|蒙自市	China|Yunnan|Honghe|Mengzi
中国|浙江|温州|	China|Zhejiang|Wenzhou|
中国|云南|怒江|	China|Yunnan|Nujiang|
中国|广东|肇庆|端州区	China|Guangdong|Zhaoqing|Duanzhou
中国|云南|昆明|	China|Yunnan|Kunming|
中国|湖北|武汉|	China|Hubei|Wuhan|
中国|广东|云浮|罗定市	China|Guangdong|Yunfu|Luoding
中国|辽宁|沈阳|沈河区	China|Liaoning|Shenyang|Shenhe
中国|云南|红河|个旧市	China|Yunnan|Honghe|Gejiu
中国|广东|肇庆|四会市	China|Guangdong|Zhaoqing|Sihui
中国|广东|阳江|阳西县	China|Guangdong|Yangjiang|Yangxi
中国|云南|保山|	China|Yunnan|Baoshan|
中国|云南|玉溪|	China|Yunnan|Yuxi|
中国|广东|阳江|阳东区	China|Guangdong|Yangjiang|Yangdong
中国|云南|普洱|	China|Yunnan|Pu'er|
中国|广东|阳江|阳春市	China|Guangdong|Yangjiang|Yangchun
中国|云南|大理|	China|Yunnan|Dali|
美国|佛罗里达州|帕斯科县|哈德逊	United States|Florida|Pasco|Hudson
中国|广东|湛江|赤坎区	China|Guangdong|Zhanjiang|Chikan
中国|广东|湛江|廉江市	China|Guangdong|Zhanjiang|Lianjiang
中国|广东|湛江|雷州市	China|Guangdong|Zhanjiang|Leizhou
中国|广东|揭阳|揭东区	China|Guangdong|Jieyang|Jiedong
中国|广东|珠海|金湾区	China|Guangdong|Zhuhai|Jinwan
美国|佛罗里达州|奥兰治县|阿勃卡	United States|Florida|Orange|Apopka
美国|佛罗里达州|帕斯科县|韦斯利教堂	United States|Florida|Pasco|Wesley Chapel
中国|云南|红河|建水县	China|Yunnan|Honghe|Jianshui
中国|云南|楚雄|	China|Yunnan|Chuxiong|
美国|佛罗里达州|希尔斯伯勒县|卢茨	United States|Florida|Hillsborough|Lutz
美国|佛罗里达州|沃卢西亚县|珀特奥兰治	United States|Florida|Volusia|Port Orange
中国|广东|佛山|顺德区	China|Guangdong|Foshan|Shunde
美国|佛罗里达州|布里瓦德县|卫星海滩	United States|Florida|Brevard|Satellite Beach
美国|佛罗里达州|马纳蒂县|布雷登顿	United States|Florida|Manatee|Bradenton
美国|弗吉尼亚州||	United States|Virginia||
美国|佛罗里达州|奥西奥拉县|基西米	United States|Florida|Osceola|Kissimmee
美国|俄勒冈州||	United States|Oregon||
美国|佛罗里达州|奥兰治县|奥科伊	United States|Florida|Orange|Ocoee
中国|广东|佛山|高明区	China|Guangdong|Foshan|Gaoming
美国|佛罗里达州|波克县|莱克兰	United States|Florida|Polk|Lakeland
美国|佛罗里达州|锡特勒斯县|柑橘泉	United States|Florida|Citrus County|Citrus Springs
美国|佛罗里达州|波克县|温特黑文	United States|Florida|Polk|Winter Haven
美国|佛罗里达州|帕斯科县|圣安东尼奥	United States|Florida|Pasco County|San Antonio
美国|佛罗里达州|帕斯科县|新里奇港	United States|Florida|Pasco|New Port Richey
美国|佛罗里达州|赫南多县|斯普林希尔	United States|Florida|Hernando|Spring Hill
美国|佛罗里达州|布里瓦德县|可可	United States|Florida|Broward|Coconut Creek
美国|佛罗里达州|波克县|海恩斯城	United States|Florida|Polk|Haines City
美国|佛罗里达州|布里瓦德县|墨尔本	United States|Florida|Brevard County|Melbourne
美国|佛罗里达州|莱克县|克莱蒙	United States|Florida|Lake County|Clermont
美国|俄勒冈州|莫罗县|博德曼	Unites States|Oregon|Morrow|Boardman
美国|佛罗里达州|希尔斯伯勒县|威莫玛	United States|Florida|Hillsborough County|Wimauma
美国|佛罗里达州|沃卢西亚县|德兰	United States|Florida|Volusia|Deland
美国|佛罗里达州|布里瓦德县|泰特斯维尔	United States|Florida|Brevard|Titusville
美国|佛罗里达州|萨姆特县|怀尔德伍德	United States|Florida|Sarasota|Wildwood
美国|佛罗里达州|皮尼拉斯县|圣彼德斯堡	United States|Florida|Pinellas|St. Petersburg
美国|佛罗里达州|奥西奥拉县|圣克劳德	United States|Florida|Osceola|Saint Cloud
美国|佛罗里达州|奥兰治县|冬季花园	United States|Florida|Orange|Winter Park
美国|佛罗里达州|布里瓦德县|棕榈湾	United States|Florida|Broward|Palm Bay
美国|佛罗里达州|奥兰治县|温特帕克	United States|Florida|Orange|Winter Park
美国|密歇根州|奥克兰|法明顿希尔斯	United States|Michigan|Oakland|Farmington Hills
美国|佛罗里达州|波克县|达文波特	United States|Florida|Polk|Davenport
美国|亚拉巴马州|巴特勒|格林维尔	United States|Alabama|Battelle|Greenville
美国|加利福尼亚州|克恩|德拉诺	United States|California|Kern|Delano
美国|佛罗里达州|沃尔顿县|德芬阿克泉	United States|Florida|Walton|DeFuniak Springs
美国|亚拉巴马州|埃尔莫尔|塔拉西	United States|Alabama|Irondale|Tarrant
美国|印第安纳州|亨德里克斯|埃文	United States|Indiana|Hendricks|Evan
美国|佛罗里达州|布里瓦德县|卡纳维拉尔角	United States|Florida|Broward|Coral Springs
法国|法兰西岛|塞纳－圣但尼|圣但尼	France|French Overseas Territories|Sena-Saint-Denis|Saint-Denis
美国|亚拉巴马州|埃尔莫尔|威屯卡	United States|Alabama|Elmore|Wetumpka
美国|亚拉巴马州|杰斐逊|贝瑟默	United States|Alabama|Jefferson|Bessemer
美国|密歇根州|肯特|大急流城	United States|Michigan|Kent|Grand Rapids
美国|加利福尼亚州|克恩|沃斯科	United States|California|Kern|Wasco
美国|亚拉巴马州|埃尔莫尔|米尔布鲁克	United States|Alabama|Elmore|Millbrook
美国|加利福尼亚州|克恩|特哈查比	United States|California|Kern|Tehachapi
美国|加利福尼亚州|埃尔多拉多|南太浩湖	United States|California|El Dorado|South Lake Tahoe
美国|密歇根州|韦恩|利沃尼亚	United States|Michigan|Wayne|Livonia
加拿大|安大略省|渥太华|渥太华	Canada|Ontario|Ottawa|Ottawa
印度|马哈拉施特拉邦|孟买郊区县|	India|Maharashtra|Mumbai Suburban|
美国|威斯康星州|戴恩县|麦迪逊	United States|Wisconsin|Dane|Madison
美国|亚拉巴马州|巴伯|尤福拉	United States|Alabama|Birmingham|Uphola
美国|内华达州|瓦肖|斯帕克斯	United States|Nevada|Washoe|Sparks
美国|马萨诸塞州|诺福克县|戴德姆	United States|Massachusetts|Norfolk|Dedham
美国|佛罗里达州|皮尼拉斯县|拉哥	United States|Florida|Pinellas|Largo
美国|佛罗里达州|马纳蒂县|帕里什	United States|Florida|Manatee|Palish
美国|康涅狄格州|纽黑文县|纽黑文	United States|Connecticut|New Haven|New Haven
美国|新泽西州|博根|东卢瑟福	United States|New Jersey|Bogota|East Rutherford
加拿大|安大略省|皮尔|密西沙加	Canada|Ontario|Peterborough|Mississauga
加拿大|安大略省|荷顿|伯灵顿	Canada|Ontario|Halton|Burlington
美国|俄亥俄州|萨米特县|阿克伦	United States|Ohio|Summit|Akron
加拿大|魁北克省|蒙特利尔|布罗萨德	Canada|Quebec|Montreal|Brossard
加拿大|安大略省|滑铁卢|滑铁卢	Canada|Ontario|Hull|Hull
加拿大|新斯科舍省|哈利法克斯|哈利法克斯	Canada|Nova Scotia|Halifax|Halifax
加拿大|魁北克省|拉瓦勒|拉瓦勒	Canada|Quebec|Laval|Laval
加拿大|魁北克省|蒙特利尔|潘特克莱尔	Canada|Quebec|Montreal|Pointe-Claire
美国|新泽西州|康登|切里希尔	United States|New Jersey|Camden|Cherry Hill
美国|北卡罗来纳州|梅克伦堡|亨特斯维尔	United States|North Carolina|Mecklenburg|Huntersville
美国|弗吉尼亚州|威廉王子县|伍德布里奇	United States|Virginia|Prince William|Woodbridge
美国|加利福尼亚州|圣克拉拉|库比蒂诺	United States|California|Santa Clara|Cupertino
美国|佛罗里达州|埃斯坎比亚县|彭萨科拉	United States|Florida|Escambia|Pensacola
美国|加利福尼亚州|圣马特奥|伯灵格姆	United States|California|San Mateo|Burlingame
加拿大|安大略省|约克|纽马克特	Canada|Ontario|York|Newmarket
美国|加利福尼亚州|阿拉梅达|爱莫利维尔	United States|California|Alameda|Emeryville
美国|加利福尼亚州|洛杉矶|曼哈顿海滩	United States|California|Los Angeles|Manhattan Beach
加拿大|安大略省|米德尔塞克斯|伦敦	Canada|Ontario|Middlesex|London
美国|德克萨斯州|达拉斯|加兰	United States|Texas|Dallas|Garland
加拿大|安大略省|约克|万锦	Canada|Ontario|York|Wan Ching
加拿大|不列颠哥伦比亚省|大温哥华|列治文	Canada|British Columbia|Vancouver|Richmond
加拿大|曼尼托巴省|第11普查区|温尼伯	Canada|Manitoba|Division No. 11|Winnipeg
美国|亚利桑那州|马里科帕|梅萨	United States|Arizona|Maricopa|Mesa
美国|密歇根州|奥克兰|特洛伊	United States|Michigan|Oakland|Troy
美国|华盛顿州|皮尔斯|塔科马	United States|Washington|Pierce|Tacoma
加拿大|不列颠哥伦比亚省|大温哥华|高贵林	Canada|British Columbia|Vancouver|Coquitlam
瑞典|斯德哥尔摩省|斯德哥尔摩市镇|布罗玛机场	Sweden|Stockholm|Stockholm|Bromma Airport
美国|加利福尼亚州|普莱瑟|罗斯维尔	USA|California|Pleasanton|Roseville
美国|艾奥瓦州|达拉斯县|沃基	United States|Iowa|Dallas|Waukee
美国|密歇根州|奥克兰|绍斯菲尔德	United States|Michigan|Oakland|Southfield
加拿大|艾伯塔省|第11普查区|埃德蒙顿	Canada|Alberta|Division No. 11|Edmonton
加拿大|艾伯塔省|第6普查区|卡尔加里	Canada|Alberta|Division No. 6|Calgary
美国|加利福尼亚州|圣克拉拉|洛思加图斯	United States|California|Santa Clara|Los Angeles
加拿大|不列颠哥伦比亚省|大温哥华|素里市	Canada|British Columbia|Vancouver|Surrey
美国|加利福尼亚州|河滨|特曼库拉	United States|California|Riverside|Temecula
美国|北卡罗来纳州|卡托巴|梅登	United States|North Carolina|Catawba|Maden
加拿大|不列颠哥伦比亚省|大温哥华|本拿比	Canada|British Columbia|Vancouver|Burnaby
美国|加利福尼亚州|洛杉矶|托伦斯	United States|California|Los Angeles|Torrance
奥地利|上奥地利州|林茨|	Austria|Upper Austria|Linz|
英国|英格兰|剑桥郡|剑桥	United Kingdom|England|Cambridgeshire|Cambridge
丹麦|中日德兰大区|维堡|	Denmark|Central Jutland|Viborg|
以色列|特拉维夫区|赫兹利亚|	Israel|Tel Aviv District|Herzliya|
波兰|西里西亚省|别尔斯科－比亚瓦|	Poland|Silesia|Bielsko-Biała|
中国|香港|新界|西贡区	China|Hong Kong|New Territories|Sai Kung
法国|法兰西岛|上塞纳|楠泰尔	France|Franche-Comte|Haute-Saone|Nantey
荷兰|北荷兰省|哈莱默梅尔|霍夫多普	Netherlands|North Holland|Haarlem|Heemstede
美国|俄勒冈州|克鲁克县|普林维尔	United States|Oregon|Crook County|Prineville
美国|俄勒冈州|华盛顿县|比弗顿	United States|Oregon|Washington|Beaverton
墨西哥|墨西哥城|夸西马尔帕区|	Mexico|Mexico City|Cuauhtémoc|
美国|加利福尼亚州|洛杉矶|卡尔弗城	United States|California|Los Angeles|Culver City
英国|英格兰|伯克郡|斯劳	United Kingdom|England|Berkshire|Slough
美国|佛罗里达州|迈阿密－戴德县|科勒尔盖布尔斯	United States|Florida|Miami-Dade|Coral Gables
法国|奥弗涅－罗讷－阿尔卑斯|伊泽尔|格勒诺布尔	France|Auvergne-Rhône-Alpes|Isère|Grenoble
瑞典|西约塔兰省|哥德堡市|	Sweden|Västra Götaland|Gothenburg|
德国|巴伐利亚州|慕尼黑|纽比贝格	Germany|Bavaria|Munich|Neuperlach
瑞士|苏黎世州|迪肯孔区|	Switzerland|Solothurn|Dielsdorf|
英国|英格兰|斯温顿|斯温顿	United Kingdom|England|Swindon|Swindon
瑞典|斯德哥尔摩省|斯德哥尔摩市镇|希斯塔	Sweden|Stockholm|Stockholm|Hista
英国|英格兰|格洛斯特郡|切尔滕纳姆	United Kingdom|England|Gloucestershire|Cheltenham
爱尔兰|科克郡||	Ireland|Cork||
印度|德里|新德里|	India|Delhi|New Delhi|
意大利|托斯卡纳|里窝那|	Italy|Tuscany|Livorno|
德国|北莱茵－威斯特法伦州|亚琛|	Germany|North Rhine-Westphalia|Aachen|
美国|马萨诸塞州|米德尔塞克斯县|沃尔瑟姆	United States|Massachusetts|Middlesex County|Waltham
德国|巴登－符腾堡州|海德堡|	Germany|Baden-Württemberg|Heidelberg|
瑞典|斯科讷省|隆德市|	Sweden|Skåne|Lund|
英国|英格兰|赫特福德郡|圣奥尔本斯市和区	United Kingdom|England|Hertfordshire|St Albans
巴西|里约热内卢州|里约热内卢|雅卡雷帕瓜	Brazil|Rio de Janeiro|Rio de Janeiro|Jacarepaguá
法国|普罗旺斯－阿尔卑斯－蓝色海岸|滨海阿尔卑斯|尼斯	France|Provence-Alpes-Cote d'Azur|Alpes-Maritimes|Nice
以色列|海法区|提拉特卡梅尔|	Israel|Haifa District|Tirat Carmel|
德国|北莱茵－威斯特法伦州|奥伯豪森|	Germany|North Rhine-Westphalia|Oberhausen|
沙特阿拉伯|利雅得省|利雅得|	Saudi Arabia|Riyadh|Riyadh|
意大利|皮埃蒙特|都灵|格鲁利亚斯科	Italy|Piedmont|Turin|Grugliasco
荷兰|北布拉班特省|埃因霍温|	Netherlands|North Brabant|Eindhoven|
法国|新阿基坦|吉伦特|波尔多	France|Nouvelle-Aquitaine|Gironde|Bordeaux
德国|巴伐利亚州|奥格斯堡|	Germany|Bavaria|Augsburg|
德国|萨克森州|德累斯顿|	Germany|Saxony|Dresden|
荷兰|北布拉班特省|瓦尔韦克|	Netherlands|North Brabant|Waalwijk|
以色列|海法区||	Israel|Haifa||
意大利|皮埃蒙特|都灵|	Italy|Piedmont|Turin|
意大利|托斯卡纳|佛罗伦萨|比森齐奥营	Italy|Tuscany|Florence|Bisenzo
德国|黑森州|美因－陶努斯县|苏尔茨巴赫	Germany|Hesse|Main-Taunus-Kreis|Sulzbach
法国|上法兰西|诺尔|里尔	France|Hauts-de-France|Nord|Lille
意大利|艾米利亚－罗马涅|博洛尼亚|	Italy|Emilia-Romagna|Bologna|
意大利|坎帕尼亚|卡塞塔|马尔恰尼斯	Italy|Campania|Caserta|Marcianise
德国|巴登－符腾堡州|斯图加特|辛德尔芬根	Germany|Baden-Wuerttemberg|Stuttgart|Sindelfingen
法国|法兰西岛|塞纳－马恩|默伦	France|Franche-Comte|Senna-Marn|Morin
瑞典|斯德哥尔摩省|索尔纳市镇|	Sweden|Stockholm|Södertälje|
法国|奥弗涅－罗讷－阿尔卑斯|里昂大都会|里昂	France|Auvergne-Rhône-Alpes|Lyon Metropolis|Lyon
芬兰|北萨沃区|库奥皮奥次区|库奥皮奥	Finland|Northern Savonia|Kuopio|Kuopio
瑞士|巴塞尔城市州|巴塞尔|	Switzerland|Basel-Stadt|Basel|
意大利|西西里|卡塔尼亚|米斯特比安科	Italy|Sicily|Catania|Misterbianco
法国|奥克西塔尼|埃罗|蒙彼利埃	France|Occitanie|Eauze|Montpélié
荷兰|南荷兰省||	Netherlands|South Holland||
意大利|伦巴第|米兰|罗扎诺	Italy|Lombardy|Milan|Rozzano
德国|下萨克森州|汉诺威|	Germany|Lower Saxony|Hanover|
意大利|艾米利亚－罗马涅|里米尼|	Italy|Emilia-Romagna|Rimini|
意大利|伦巴第|布雷西亚|洛纳托·德尔·加尔达	Italy|Lombardy|Brescia|Lonato del Garda
英国|英格兰|东萨塞克斯|布莱顿	United Kingdom|England|East Sussex|Brighton
意大利|威尼托|威尼斯|梅斯特雷	Italy|Veneto|Venice|Mestre
德国|石勒苏益格－荷尔斯泰因州|平讷贝格|哈尔斯坦贝克	Germany|Schleswig-Holstein|Plönberg|Halstenbek
英国|英格兰|南安普敦|南安普敦	United Kingdom|England|Southampton|Southampton
意大利|伦巴第|贝加莫|奥里奥·阿尔·塞里奥	Italy|Lombardy|Bergamo|Orio al Serio
英国|英格兰|莱斯特|莱斯特	United Kingdom|England|Leicester|Leicester
英国|英格兰|肯特|达特福德	United Kingdom|England|Kent|Dartford
意大利|伦巴第|米兰|卡鲁盖特	Italy|Lombardy|Milan|Carugate
法国|普罗旺斯－阿尔卑斯－蓝色海岸|罗讷河口|普罗旺斯地区艾克斯	France|Provence-Alpes-Côte d'Azur|Bouches-du-Rhône|Aix-en-Provence
德国|北莱茵－威斯特法伦州|科隆|	Germany|North Rhine-Westphalia|Cologne|
英国|英格兰|大伦敦|金斯顿	United Kingdom|England|London|Kingston
意大利|拉齐奥|罗马|阿西利亚	Italy|Lazio|Rome|Acilia
法国|勃艮第－弗朗什－孔泰|科多尔|第戎	France|Bourgogne-Franche-Comte|Cote-d'Or|Dijon
法国|卢瓦尔河地区|卢瓦尔－大西洋|南特	France|Loire Valley|Loire-Atlantique|Nantes
英国|苏格兰|阿伯丁|	United Kingdom|Scotland|Aberdeen|
意大利|托斯卡纳|佛罗伦萨|	Italy|Toscana|Firenze|
英国|英格兰|汉普郡|贝辛斯托克－迪恩	United Kingdom|England|Hampshire|Basingstoke and Deane
西班牙|安达卢西亚自治区|马拉加省|马尔韦利亚	Spain|Andalusia|Malaga|Marbella
英国|北爱尔兰|贝尔法斯特|	United Kingdom|Belfast||
西班牙|穆尔西亚自治区|穆尔西亚|库拉	Spain|Murcia|Murcia|Cura
美国|纽约州|圣罗伦斯|马德里	United States|New York|Saint Lawrence|Madrid
西班牙|阿拉贡自治区|萨拉戈萨省|萨拉戈萨	Spain|Aragon|Zaragoza|Zaragoza
英国|英格兰|赫特福德郡|沃特福德	United Kingdom|England|Hertfordshire|Watford
法国|法兰西岛|塞纳－马恩|马恩河谷	France|French Island|Seine-Maritime|Val-de-Marne
英国|英格兰|埃塞克斯|格雷斯	United Kingdom|England|Exeter|Graves
英国|英格兰|米尔顿凯恩斯|米尔顿凯恩斯	United Kingdom|England|Milton Keynes|Milton Keynes
英国|英格兰|德文郡|埃克塞特	United Kingdom|England|Devon|Exeter
英国|英格兰|大伦敦|布罗姆利	United Kingdom|England|Greater London|Bromley
英国|英格兰|伯克郡|雷丁	United Kingdom|England|Berkshire|Reading
英国|英格兰|布里斯托|布里斯托	United Kingdom|England|Bristol|Bristol
英国|英格兰|默西赛德|利物浦	United Kingdom|England|Merseyside|Liverpool
西班牙|瓦伦西亚自治区|巴伦西亚省|	Spain|Valencian Community|Province of Valencia|
英国|英格兰|诺福克|诺维奇	United Kingdom|England|Norfolk|Norwich
英国|英格兰|普利茅斯|普利茅斯	United Kingdom|England|Plymouth|Plymouth
以色列|耶路撒冷区||	Israel|Jerusalem||
越南|北江省|北江市|	Vietnam|Bac Giang|Bac Giang|
瑞典|斯科讷省|赫尔辛堡市|	Sweden|Skane|Helsingborg|
英国|英格兰|泰恩－威尔|泰因河畔纽卡斯尔	United Kingdom|England|Tyne and Wear|Newcastle upon Tyne
西班牙|卡斯蒂利亚－莱昂自治区|瓦拉多利德省|阿罗约德莱恩科缅达	Spain|Castile and León|Valladolid|Arroyo de la Encomienda
英国|英格兰|西密德兰郡|索利哈尔	United Kingdom|England|West Midlands|Solihull
英国|英格兰|泰恩－威尔|盖茨海德	UK|England|Tyne and Wear|Gateshead
英国|英格兰|大伦敦|希灵登	United Kingdom|England|London|Hillingdon
中国|上海|上海|闵行区	China|Shanghai|Shanghai|Minhang
中国|江苏|苏州|昆山市	China|Jiangsu|Suzhou|Kunshan
英国|英格兰|巴兹和东北索美塞得|	United Kingdom|England|Bath and North East Somerset|
瑞典|斯德哥尔摩省|泰比市镇|	Sweden|Stockholm|Täby|
印度|德里||	India|Delhi||
越南|北宁省|北宁市|	Vietnam|Bac Ninh|Bac Ninh|
法国|法兰西岛|塞纳－圣但尼|勒兰西	France|Franche-Comte|Cote-d'Or|Lancy
印度|哈里亚纳邦|古尔加翁县|	India|Haryana|Gurugram|
日本|长崎县|长崎市|	Japan|Nagasaki|Nagasaki|
中国|浙江|嘉兴|	China|Zhejiang|Jiaxing|
瑞典|斯德哥尔摩省|厄斯特罗克市镇|阿克斯贝加	Sweden|Skåne|Österlen|Kivik
越南|平阳省||	Vietnam|Binh Duong||
中国|江西|吉安|	China|Jiangxi|Ji'an|
越南|富寿省|富寿市社|	Vietnam|Phu Tho|Phu Tho|
中国|江苏|苏州|常熟市	China|Jiangsu|Suzhou|Changshu
中国|山东|烟台|	China|Shandong|Yantai|
澳大利亚|新南威尔士州|大悉尼|威洛比	Australia|New South Wales|Sydney|Willoughby
中国|浙江|台州|	China|Zhejiang|Taizhou|
韩国|庆尚北道|龟尾市|	South Korea|Gyeongsangbuk-do|Gumi|
中国|江苏|苏州|	China|Jiangsu|Suzhou|
中国|江苏|泰州|	China|Jiangsu|Taizhou|
英国|英格兰|大伦敦|旺兹沃思	UK|England|London|Wandsworth
日本|神奈川县|横滨市|	Japan|Kanagawa|Yokohama|
中国|江苏|盐城|亭湖区	China|Jiangsu|Yancheng|Tinghu
越南|南定省|南定市|	Vietnam|Nam Dinh|Nam Dinh|
中国|四川|绵阳|	China|Sichuan|Mianyang|
中国|江苏|无锡|	China|Jiangsu|Wuxi|
中国|湖南|长沙|长沙县	China|Hunan|Changsha|Changsha
泰国|碧差汶府||	Thailand|Phetchabun||
澳大利亚|西澳大利亚州|珀斯都会区|梅尔维尔	Australia|Western Australia|Perth|Melville
瑞士|沃州|洛桑|	Switzerland|Vaud|Lausanne|
澳大利亚|维多利亚州|墨尔本大都会区|凯西市	Australia|Victoria|Greater Melbourne|City of Casey
澳大利亚|维多利亚州|墨尔本大都会区|曼宁汉市	Australia|Victoria|Melbourne Metropolitan Area|Manningham
澳大利亚|新南威尔士州|大悉尼|萨瑟兰	Australia|New South Wales|Sydney|Sutherland
日本|东京都|千代田区|	Japan|Tokyo|Chiyoda|
澳大利亚|南澳大利亚州|阿德莱德都会区|阿德莱德	Australia|South Australia|Adelaide Metropolitan Area|Adelaide
日本|东京都|新宿区|	Japan|Tokyo|Shinjuku|
中国|上海|上海|宝山区	China|Shanghai|Shanghai|Baoshan
澳大利亚|维多利亚州|墨尔本大都会区|莫纳什市	Australia|Victoria|Greater Melbourne|Monash
德国|巴登－符腾堡州|内卡河畔埃斯林根|泰克下基希海姆	Germany|Baden-Württemberg|Esslingen am Neckar|Untertürkheim
中国|云南|昆明|官渡区	China|Yunnan|Kunming|Guandu
澳大利亚|新南威尔士州|大悉尼|彭里斯市	Australia|New South Wales|Daxi|Penrith
澳大利亚|昆士兰州|东南部|黄金海岸	Australia|Queensland|Southeast|Gold Coast
日本|爱知县|名古屋市|	Japan|Aichi|Nagoya|
菲律宾|马尼拉都会区|马卡蒂市|	Philippines|Metropolitan Manila|Makati|
澳大利亚|维多利亚州|墨尔本大都会区|贝塞德市	Australia|Victoria|Greater Melbourne|Bayside
中国|上海|上海|浦东新区	China|Shanghai|Shanghai|Pudong
中国|澳门||	China|Macau||
澳大利亚|新南威尔士州|大悉尼|霍恩斯比	Australia|New South Wales|Sydney|Hornsby
澳大利亚|新南威尔士州|大悉尼|韦弗利	Australia|New South Wales|Sydney|Waverley
美国|犹他州|盐湖|桑迪	USA|Utah|Salt Lake City|Sandy
澳大利亚|新南威尔士州|大悉尼|希尔斯郡	Australia|New South Wales|Sydney|Hills Shire
澳大利亚|新南威尔士州|猎人地区|纽卡斯尔	Australia|New South Wales|Hunter Region|Newcastle
日本|京都府||	Japan|Kyoto||
中国|湖南|长沙|	China|Hunan|Changsha|
澳大利亚|维多利亚州|墨尔本大都会区|马里比农	Australia|Victoria|Greater Melbourne|Maribyrnong
美国|加利福尼亚州|萨克拉门托|埃尔克格罗夫	United States|California|Sacramento|Elk Grove
日本|福冈县|福冈市|	Japan|Fukuoka|Fukuoka|
哥斯达黎加|圣何塞|圣何塞县|	Costa Rica|San José|San José|
中国|浙江|温州|龙湾区	China|Zhejiang|Wenzhou|Longwan
中国|浙江|宁波|	China|Zhejiang|Ningbo|
印度尼西亚|雅加达首都特区|北雅加达|	Indonesia|Jakarta Special Capital Region|North Jakarta|
美国|加利福尼亚州|橙|圣安娜	United States|California|Orange|Santa Ana
加拿大|安大略省|尼亚加拉|尼亚加拉瀑布城	Canada|Ontario|Niagara Falls|Niagara Falls
美国|德克萨斯州|科林|麦金尼	United States|Texas|Collin|McKinney
中国|福建|福州|	China|Fujian|Fuzhou|
巴西|北里奥格兰德州|帕纳米林|	Brazil|Rio Grande do Norte|Parnamirim|
加拿大|安大略省|诺森伯兰|哈密尔顿	Canada|Ontario|Northumberland|Hamilton
埃及|开罗省||	Egypt|Cairo||
中国|福建|厦门|	China|Fujian|Xiamen|
英国|英格兰|伍斯特郡|雷迪奇	United Kingdom|England|Worcestershire|Redditch
法国|新阿基坦|维埃纳|波瓦第尔	France|Nouvelle-Aquitaine|Vienne|Poitiers
丹麦|首都大区|巴勒鲁普|	Denmark|Capital Region|Ballerup|
土耳其|伊兹密尔省||	Turkey|Izmir||
希腊|阿提卡|比雷埃夫斯|	Greece|Attica|Piraeus|
美国|北卡罗来纳州|韦克|卡里	United States|North Carolina|Wake|Cary
哥伦比亚|||	Colombia|||
牙买加|金斯敦区||	Jamaica|Kingston||
特立尼达和多巴哥|||	Trinidad and Tobago|||
美国|马里兰州|华盛顿|黑格斯敦	United States|Maryland|Washington|Hyattsville
美国|威斯康星州|密尔瓦基县|密尔沃基	United States|Wisconsin|Milwaukee County|Milwaukee
美国|俄勒冈州|德舒特县|本德	United States|Oregon|Deschutes|Bend
美国|新泽西州|摩里斯|帕西帕尼－特洛伊希尔斯	United States|New Jersey|Morris|Parsippany-Troy Hills
印度尼西亚|雅加达首都特区|中雅加达|	Indonesia|Jakarta|Central Jakarta|
阿尔巴尼亚|地拉那州|地拉那|	Albania|Durrës|Durrës|
南非|豪登省|约翰内斯堡市大都会自治市|米德兰	South Africa|Gauteng|Johannesburg|Midrand
尼加拉瓜|马那瓜省|马那瓜|	Nicaragua|Managua|Managua|
荷兰|北荷兰省|哈莱默梅尔|史基浦国立机场	Netherlands|North Holland|Haarlem|Schiphol National Airport
格鲁吉亚|第比利斯|第比利斯|	Georgia|Tbilisi|Tbilisi|
美国|纽约州|纽约|	United States|New York|New York|
哥斯达黎加|||	Costa Rica|||
巴西|皮奥伊州|皮奥伊州坎皮纳斯|	Brazil|Piaui|Campinas|
约旦|安曼省|安曼|	Jordan|Amman|Amman|
葡萄牙|布拉加区|布拉加|	Portugal|Braga|Braga|
埃及|||	Egypt|||
荷兰|格罗宁根省|格罗宁根|	Netherlands|Groningen|Groningen|
摩洛哥|拉巴特－塞拉－盖尼特拉大区|拉巴特专区|	Morocco|Rabat-Salé-Kénitra|Rabat|
厄瓜多尔|||	Ecuador|||
加拿大|魁北克省|魁北克|	Canada|Quebec|Quebec|
美国|弗吉尼亚州|威廉王子县|布里斯托	United States|Virginia|Prince William|Bristow
美国|伊利诺伊州|库克|埃尔克格罗夫村	United States|Illinois|Cook|Elk Grove Village
美国|新泽西州|伯灵顿|芒特劳雷尔	United States|New Jersey|Burlington|Mount Laurel
美国|加利福尼亚州|阿拉梅达|费利蒙	United States|California|Alameda|Fremont
斯里兰卡|||	Sri Lanka|||
南非|豪登省|艾古莱尼市大都会自治市|伊桑多	South Africa|Gauteng|Ekurhuleni Metropolitan Municipality|Isando
美国|加利福尼亚州|圣克拉拉|森尼韦尔	United States|California|Santa Clara|Sunnyvale
巴西|米纳斯吉拉斯州|乌贝兰迪亚|	Brazil|Minas Gerais|Uberlândia|
美国|佛罗里达州|圣约翰斯县|圣奥古斯丁	United States|Florida|St. Johns County|St. Augustine
美国|加利福尼亚州|橙|亚里索维耶荷	United States|California|Irvine|Aliso Viejo
美国|加利福尼亚州|索诺马|罗内特帕克	United States|California|Sonoma|Rohnert Park
法国|法兰西岛|巴黎|	France|Franche-Comte|Paris|
美国|密苏里州|圣路易斯县|城镇与乡村	United States|Missouri|Saint Louis|Town and Country
美国|宾夕法尼亚州|兰开斯特县|丹佛	United States|Pennsylvania|Lancaster|Denver
美国|密苏里州|沃伦县|沃伦顿	United States|Missouri|Warren|Warrenton
美国|伊利诺伊州|麦迪逊|罗克萨纳	United States|Illinois|Medina|Roxana
美国|伊利诺伊州|圣克莱尔|斯旺西	United States|Illinois|St. Clair|Swansea
阿塞拜疆|巴库|巴库|	Azerbaijan|Baku|Baku|
拉美地区|||	Lamei Prefecture|||
美国|密苏里州|康登县|欧塞奇比奇	United States|Missouri|Camden|Osage Beach
美国|密苏里州|圣查尔斯县|圣路易斯湖市	United States|Missouri|Saint Charles|Saint Louis
美国|密苏里州|圣路易斯县|弗洛里森特	United States|Missouri|St. Louis|Florissant
美国|密苏里州|约翰逊县|沃伦斯堡	United States|Missouri|Johnson County|Warrensburg
美国|密苏里州|沙利文县|	United States|Missouri|Saline|
美国|密苏里州|圣路易斯县|奥利韦特	United States|Missouri|St. Louis|Olivette
美国|伊利诺伊州|杰佛逊|伍德朗	United States|Illinois|Jefferson|Woodlawn
美国|密苏里州|派克县|柯里维尔	United States|Missouri|Pike|Curryville
美国|密苏里州|圣查尔斯县|圣彼得斯	United States|Missouri|St. Charles|St. Peters
美国|密苏里州|马里昂县|汉尼拔	United States|Missouri|Maries|Honey Barge
美国|密苏里州|圣路易斯县|陆上	United States|Missouri|Saint Louis|Land
莱索托|||	Lesotho|||
波斯尼亚和黑塞哥维那|波斯尼亚和黑塞哥维那联邦|萨拉热窝州|	Bosnia and Herzegovina|Federation of Bosnia and Herzegovina|Sarajevo Canton|
美国|密苏里州|杰佛逊县|希尔斯伯勒	United States|Missouri|Jefferson|Hillsboro
美国|密苏里州|开普吉拉多县|开普吉拉多	United States|Missouri|Cape Girardeau|Cape Girardeau
美国|密苏里州|斯科特县|塞克斯顿	United States|Missouri|Scott|Sikeston
美国|密苏里州|圣弗朗索瓦县|法明顿	United States|Missouri|St. Francois|Farmington
美国|威斯康星州|马拉松县|斯科菲尔德	United States|Wisconsin|Marathon|Schofield
美国|威斯康星州|契皮瓦县|斯坦利	United States|Wisconsin|Chippewa|Stanley
美国|密苏里州|奥德雷恩县|梅西科	United States|Missouri|Oregon|Mexico
美国|威斯康星州|华盛顿县|西本德	United States|Washington||
英属维尔京群岛|||	British Virgin Islands|||
美国|威斯康星州|弗农县|哈莫尼	United States|Wisconsin|Vernon|Harmony
美国|明尼苏达州|奥姆斯特德县|罗切斯特	United States|Minnesota|Olmsted|Rochester
美国|威斯康星州|戴恩县|维罗纳	United States|Wisconsin|Dane|Verona
美国|明尼苏达州|达科他县|法明顿	United States|Minnesota|Dakota|Farmington
美国|威斯康星州|清水县|	United States|Wisconsin|Qingshui County|
美国|明尼苏达州|布卢厄斯县|曼卡托	United States|Minnesota|Blue Earth|Mankato
美国|威斯康星州|戴恩县|菲奇堡	United States|Wisconsin|Dane|Fitchburg
美国|伊利诺伊州|麦克亨利|哈佛	United States|Illinois|McHenry|Havens
法国|奥克西塔尼|上加龙|图卢兹	France|Occitanie|Haute-Garonne|Toulouse
美国|新泽西州|摩里斯|汉诺威镇区	United States|New Jersey|Morris|Hanover Township
美国|加利福尼亚州|洛杉矶|	USA|California|Los Angeles|
牙买加|||	Jamaica|||
美国|威斯康星州|奥奈达县|莱茵兰德	United States|Wisconsin|Onalaska|La Crescent
美国|威斯康星州|戴恩县|森普雷里	United States|Wisconsin|Dane|Sun Prairie
美国|明尼苏达州|坎迪约希县|威尔玛	USA|Minnesota|Kandiyohi|Willmar
美国|威斯康星州|马尼托沃克县|图里弗斯	United States|Wisconsin|Manitowoc|Two Rivers
美国|密苏里州|圣查尔斯县|圣查尔斯	United States|Missouri|Saint Charles County|Saint Charles
美国|威斯康星州|戴恩县|落叶层	United States|Wisconsin|Dane|Lodgment
中国|香港|九龙半岛|九龙城区	China|Hong Kong|Kowloon|Kowloon City
美国|印第安纳州|蒂珀卡努|西拉法叶	United States|Indiana|Tippecanoe|West Lafayette
圣卢西亚|||	Saint Lucia|||
美国|威斯康星州|圣克罗伊县|巴拉布	United States|Wisconsin|Saint Croix|Baraboo
美国|威斯康星州|戴恩县|俄勒冈	United States|Wisconsin|Dane|Oregon
美国|内华达州|克拉克|亨德森	United States|Nevada|Clark|Henderson
开曼群岛|||	Kai Islands|||
美国|威斯康星州|丰迪拉克县|丰迪拉克	United States|Wisconsin|Fond du Lac|Fond du Lac
美国|威斯康星州|马拉松县|斯潘塞	United States|Wisconsin|Marathon|Spencer
美国|威斯康星州|拉克罗斯县|奥纳拉斯卡	United States|Wisconsin|La Crosse|Onalaska
尼日利亚|||	Niger|||
美国|特拉华州|肯特郡|多佛	United States|Delaware|Kent County|Dover
美国|明尼苏达州|赖特县|布法罗	United States|Minnesota|Le Sueur County|Buffalo
巴拿马|||	Panama|||
美国|加利福尼亚州|洛杉矶|沃尔纳特	United States|California|Los Angeles|Walnut
库拉索|||	Kurashiki|||
美国|乔治亚州|门罗|	United States|Georgia|Monroe|
阿富汗|||	Afghanistan|||
美国|明尼苏达州|亨内平县|枫树林	United States|Minnesota|Hennepin|Maple Grove
美国|威斯康星州|沃帕卡县|克林顿维尔	United States|Wisconsin|Waukesha|Clintonville
美国|明尼苏达州|达科他县|罗斯蒙特	USA|Minnesota|Dakota|Rosemount
美国|内华达州|克拉克|	United States|Nevada|Clark|
美国|明尼苏达州|亨内平县|代顿	United States|Minnesota|Hennepin|Dakota
摩洛哥|卡萨布兰卡－塞塔特大区|卡萨布兰卡|	Morocco|Casablanca-Settat|Casablanca|
英国|英格兰|拉特兰|阿宾厄姆	United Kingdom|England|Rutland|Abingham
柬埔寨|金边市||	Cambodia|Phnom Penh||
马耳他|瓦莱塔||	Malta|Valletta||
美国|加利福尼亚州|洛杉矶|柯汶纳	United States|California|Los Angeles|Covina
塞浦路斯|尼科西亚区|尼科西亚|	Nicosia|Nicosia District|Nicosia|
美国|加利福尼亚州|洛杉矶|圣盖博	United States|California|Los Angeles|San Gabriel
法国|奥克西塔尼|加尔|尼姆	France|Occitanie|Gard|Nimes
新西兰|惠灵顿大区|惠灵顿市|	New Zealand|Wellington|Wellington|
格林纳达|||	Greenland|||
美国|加利福尼亚州|洛杉矶|惠提尔	United States|California|Los Angeles|Whittier
美国|加利福尼亚州|洛杉矶|棕榈谷	United States|California|Los Angeles|Palm Valley
美国|加利福尼亚州|文图拉|奥克斯纳德	United States|California|Ventura|Oxnard
美国|加利福尼亚州|橙|阿纳海姆	United States|California|Orange|Anaheim
美国|加利福尼亚州|文图拉|西米谷	United States|California|Ventura|Simi Valley
美国|加利福尼亚州|河滨|佩里斯	United States|California|Riverside|Perris
美国|加利福尼亚州|洛杉矶|贝尔弗劳尔	United States|California|Los Angeles|Beverly Hills
美国|德克萨斯州|达拉斯|理查森	United States|Texas|Dallas|Richardson
黑山|波德戈里察首都市||	Mountains|Podgorica||
美国|加利福尼亚州|洛杉矶|霍桑	United States|California|Los Angeles|Huo Sang
美国|加利福尼亚州|圣贝纳迪诺|圣贝纳迪诺	United States|California|San Bernardino|San Bernardino
美国|加利福尼亚州|文图拉|穆尔帕克	United States|California|Ventura|Moorpark
美国|加利福尼亚州|圣贝纳迪诺|丝兰谷	United States|California|San Bernardino|Silicon Valley
巴巴多斯|||	Barbados|||
美国|加利福尼亚州|河滨|棕榈泉	United States|California|Riverside|Palm Springs
美国|加利福尼亚州|洛杉矶|卡森	United States|California|Los Angeles|Carson
美国|加利福尼亚州|洛杉矶|格伦多拉	United States|California|Los Angeles|Glendale
美国|加利福尼亚州|圣贝纳迪诺|方塔纳	United States|California|San Bernardino|Fontana
美国|加利福尼亚州|橙|加登格罗夫	United States|California|Orange|Garden Grove
美国|加利福尼亚州|洛杉矶|西湖村	United States|California|Los Angeles|Westlake Village
美国|加利福尼亚州|洛杉矶|康普顿	United States|California|Los Angeles|Compton
美国|加利福尼亚州|洛杉矶|圣塔克拉利塔	United States|California|Los Angeles|Santa Clarita
美国|加利福尼亚州|洛杉矶|加迪纳	United States|California|Los Angeles|Gardena
美国|加利福尼亚州|洛杉矶|工业市	United States|California|Los Angeles|Industry
美国|加利福尼亚州|河滨|科洛纳	United States|California|Riverside|Corona
美国|加利福尼亚州|河滨|赫米特	United States|California|Riverside|Hemet
美国|加利福尼亚州|洛杉矶|蒙诺维亚	United States|California|Los Angeles|Montevideo
美国|加利福尼亚州|文图拉|文图拉	United States|California|Ventura|Ventura
美国|加利福尼亚州|洛杉矶|拉米拉达	United States|California|Los Angeles|Ramirada
美国|加利福尼亚州|文图拉|卡马里奥	United States|California|Ventura|Camarillo
美国|加利福尼亚州|河滨|莫雷诺谷	US|California|Riverside|Moreno Valley
美国|加利福尼亚州|橙|赛普里斯	United States|California|Orange|Sepulveda
美国|加利福尼亚州|圣贝纳迪诺|安大略	United States|California|San Bernardino|Ontario
美国|纽约州|皇后|马斯佩斯	United States|New York|Queens|Maspeth
美国|加利福尼亚州|洛杉矶|莱克伍德	United States|California|Los Angeles|Lackwood
巴西|南里奥格兰德州|阿雷格里港|	Brazil|Rio Grande do Sul|Porto Alegre|
美国|纽约州|奥农多加|费耶特维尔	United States|New York|Onondaga|Fayetteville
美国|加利福尼亚州|橙|亨廷顿比奇	United States|California|Orange|Huntington Beach
美国|纽约州|奥兰治|纽堡	United States|New York|Orleans|Newburgh
美国|伊利诺伊州||	United States|Illinois||
美国|加利福尼亚州|河滨|爱德怀	United States|California|Riverside|Edison
美国|加利福尼亚州|洛杉矶|英格尔伍德	United States|California|Los Angeles|Ingewood
美国|德克萨斯州|达拉斯-沃斯堡都会区|	United States|Texas|Dallas-Fort Worth Metroplex|
美国|纽约州|皇后|臭氧公园	United States|New York|Queens|Flushing
美国|新泽西州|博根|帕利塞兹帕克	United States|New Jersey|Bergen|Paramus
美国|纽约州|阿尔斯特|伊索珀斯	United States|New York|Alust|Isopoulos
美国|纽约州|特拉华|米德尔敦	United States|New York|Troy|Middletown
美国|纽约州|奥兰治|蒙哥马利	United States|New York|Orange|Montgomery
美国|纽约州|沙利文|玛玛卡丁	United States|New York|Shirley|Mamaroneck
美国|纽约州|皇后|法拉盛	United States|New York|Queens|Far Rockaway
美国|纽约州|克林顿|萨拉纳克	United States|New York|Clinton|Saranac Lake
美国|纽约州|威斯特彻斯特|弗农山	United States|New York|Westchester|Mount Vernon
美国|纽约州|皇后|皇后村	United States|New York|Queens|Flushing
美国|加利福尼亚州|河滨|沙漠温泉	United States|California|Riverside|Palm Desert
美国|纽约州|皇后|	United States|New York|Queens|
美国|纽约州|达奇斯|波基普西	United States|New York|Dutchess|Poughkeepsie
美国|纽约州|阿尔斯特|海福尔斯	United States|New York|Alast|Heifers
美国|弗吉尼亚州|费尔法克斯县|赫恩登	United States|Virginia|Fairfax|Herndon
美国|纽约州|皇后|伍德赛德	United States|New York|Queens|Woodside
美国|加利福尼亚州|洛杉矶|何尔摩沙海滩	United States|California|Los Angeles|Hermosa Beach
美国|犹他州|韦伯|奥格登	United States|Utah|Weber|Ogden
美国|纽约州|麦迪逊|奥奈达	United States|New York|Medina|Oneta
美国|加利福尼亚州|橙|富勒顿	United States|California|Orange|Fullerton
美国|密苏里州|杰克逊县|独立城	United States|Missouri|Jackson|Independence
美国|纽约州|门罗|奥格登	United States|New York|Monroe|Ogden
美国|纽约州|富尔顿|	United States|New York|Fulton|
美国|加利福尼亚州|圣贝纳迪诺|尤卡帕	United States|California|San Bernardino|Yucaipa
美国|新泽西州|伯灵顿|	United States|New Jersey|Burlington|
美国|纽约州|沙利文|自由	United States|New York State|Salem|Liberty
美国|缅因州|牛津县|奥蒂斯菲尔德	United States|Maine|Lincoln|Otisville
美国|纽约州|奥奈达|罗马	United States|New York|Oneida|Rome
美国|缅因州|萨默塞特县|安生	United States|Maine|Somerset|Anson
美国|缅因州|坎伯兰县|温德姆	USA|Maine|Cumberland|Windham
美国|加利福尼亚州|萨克拉门托|兰乔科尔多瓦	United States|California|Sacramento|Lancourdo Wa
美国|缅因州|肯纳贝克县|温斯洛	United States|Maine|Kennebec|Winslow
美国|纽约州|汤普金斯|伊萨卡	United States|New York|Tompkins|Ithaca
美国|马萨诸塞州|富兰克林县|橙	United States|Massachusetts|Franklin|Orange
美国|纽约州|蒙哥马利|阿姆斯特丹	United States|New York|Montgomery|Amsterdam
美国|纽约州|尼亚加拉|威尔逊	United States|New York|Niagara|Wilson
美国|纽约州|希芒|埃尔迈拉	United States|New York|Hyman|Elmira
美国|新罕布什尔州|格拉夫顿县|利特尔顿	United States|New Hampshire|Grafton County|Littleton
美国|纽约州|奥齐戈|奥尼昂塔	USA|New York|Oswego|Onondaga
美国|纽约州|杰斐逊|费城	United States|New York|Jefferson|Philadelphia
美国|纽约州|圣罗伦斯|奥格登斯堡	United States|New York|Saint Lawrence|Ogdensburg
美国|缅因州|安德罗斯科金县|刘易斯顿	United States|Maine|Androscoggin|Lewiston
美国|纽约州|奥斯威戈|	United States|New York|Oswayo|
美国|纽约州|科特兰|	United States|New York|Cortland|
美国|纽约州|奥尔良|阿尔比恩	United States|New York|Olean|Albion
美国|纽约州|杰斐逊|威娜	United States|New York|Jefferson|Vienna
美国|纽约州|奥斯威戈|帕里什	United States|New York|Ossining|Parish
美国|纽约州|卡尤加|伊拉	United States|New York|Cayuga|Auburn
美国|纽约州|汤普金斯|德莱顿	United States|New York|Tompkins|Dryden
美国|纽约州|富兰克林|韦弗利	United States|New York|Franklin|Waverly
美国|纽约州|奥尔良|麦地那	United States|New York|Olean|Madina
美国|纽约州|耶茨|米德尔塞克斯	United States|New York|Yates|Middlesex
美国|纽约州|怀俄明|阿提卡	United States|New York|Wyoming|Attica
美国|纽约州|奥农多加|克雷	United States|New York|Oklahoma|Clay
美国|纽约州|赫基默|法兰克福	United States|New York|Herkimer|Frankfort
美国|缅因州|华盛顿县|贝利维尔	United States|Maine|Washington|Baileyville
美国|新罕布什尔州|卡罗尔县|康威	United States|New Hampshire|Carroll|Conway
美国|纽约州|斯科哈里|科布斯基尔	United States|New York|Schenectady|Kobuskil
美国|缅因州|坎伯兰县|波特兰	United States|Maine|Cumberland|Portland
美国|纽约州|奥农多加|韦斯特维尔	United States|New York|Oneonta|Westville
美国|纽约州|伊利|科林斯	United States|New York|Erie|Collins
美国|纽约州|奥奈达|迪尔菲尔德	United States|New York|Onondaga|Deerfield
美国|纽约州|怀俄明|瓦里斯堡	United States|New York|Weston|Warsaw
美国|缅因州|沃尔多县|贝尔法斯特	United States|Maine|Waldo|Belfast
美国|纽约州|麦迪逊|布鲁克菲尔德	United States|New York|Madison|Brookfield
美国|缅因州|阿鲁斯图克县|普雷斯克岛	United States|Maine|Arrowsic|Presumpscot Island
美国|纽约州|尼亚加拉|洛克波特市	US|New York|Niagara|Lockport
美国|纽约州|萨拉托加|科林斯	United States|New York|Saratoga Springs|Corinth
美国|纽约州|斯托本|科宁	United States|New York|Staub|Cornning
美国|纽约州|希芒|阿什兰	United States|New York|Hempstead|Arslan
美国|纽约州|伦塞勒|肖达克	United States|New York|Rensselaer|Schodack
美国|纽约州|奥农多加|萨利纳	United States|New York|Oswego|Salina
美国|纽约州|汉密尔顿|	United States|New York|Hamilton|
美国|纽约州|赫基默|德国弗莱茨	United States|New York|Herkimer|German Flatts
美国|纽约州|门罗|罗切斯特	United States|New York|Monroe|Rochester
美国|纽约州|奥齐戈|米尔福德	United States|New York|Oswego|Millford
美国|纽约州|塞尼卡|滑铁卢	United States|New York|Seneca|Walton
美国|纽约州|卡尤加|奥本	United States|New York|Cayuga|Auburn
美国|纽约州|圣罗伦斯|波茨坦	United States|New York|Saint Lawrence|Potsdam
美国|纽约州|杰斐逊|沃特敦	United States|New York|Jefferson|Watertown
美国|纽约州|斯克内克塔迪|德兰森	United States|New York|Schenectady|Duan
美国|纽约州|奥农多加|莱桑德	United States|New York|Ostego|Richland
美国|纽约州|安大略|卡南代瓜	United States|New York|Ontario|Canandaigua
美国|加利福尼亚州|文图拉|	United States|California|Ventura|
美国|纽约州|刘易斯|西都灵	United States|New York|Lewiston|West Vienna
美国|纽约州|尼亚加拉|北托纳万达	United States|New York|Niagara|North Tonawanda
美国|纽约州|肖托夸|肖托夸	United States|New York|Shoto|Shoto
美国|纽约州|克林顿|	United States|New York|Clinton|
美国|纽约州|奥齐戈|奥蒂戈	United States|New York|Owego|Otego
美国|纽约州|耶茨|佩恩延	United States|New York|Yetz|Penn Yan
美国|纽约州|赫基默|利奇菲尔德	USA|New York|Herkimer|Richfield
美国|伊利诺伊州|桑加蒙|罗切斯特	United States|Illinois|Sangamon|Rochester
美国|纽约州|耶茨|耶路撒冷	United States|New York|Yates|Jerusalem
美国|纽约州|韦恩|阿卡迪亚	United States|New York|Wayne|Arcadia
美国|北卡罗来纳州|哥伦布|怀特维尔	United States|North Carolina|Columbia|Whiteville
美国|北卡罗来纳州|梅克伦堡|派恩维尔	United States|North Carolina|Macklenburg|Pineville
美国|南卡罗来纳州|霍里县|小河	United States|South Carolina|Horry|Little River
美国|北卡罗来纳州|梅克伦堡|马修斯	United States|North Carolina|Mecklenburg|Matthews
美国|纽约州|麦迪逊|	United States|New York|Madison|
美国|南卡罗来纳州|乔治敦县|	United States|South Carolina|Georgetown|
美国|南卡罗来纳州|约克县|米尔堡	United States|South Carolina|York|Millport
美国|加利福尼亚州|河滨|湖埃尔西诺	United States|California|Riverside|Lake Elsinore
美国|北卡罗来纳州|布伦瑞克|利兰	United States|North Carolina|Brunswick|Leland
美国|纽约州|富尔顿|北安普敦	United States|New York|Fulton|Northampton
美国|北卡罗来纳州|达勒姆|	United States|North Carolina|Durham|
美国|纽约州|奥尔巴尼|	United States|New York|Albany|
美国|北卡罗来纳州|昂斯洛|斯旺斯伯勒	United States|North Carolina|Angles|Swansboro
美国|印第安纳州|科西阿斯科|锡拉丘兹	United States|Indiana|Kokomo|Seymour
美国|南卡罗来纳州|勒星顿县|翠萍	USA|South Carolina|Lexington|Jadeite
美国|北卡罗来纳州|兰道夫|阿什伯勒	United States|North Carolina|Raleigh|Asheville
美国|北卡罗来纳州|坎伯兰|费耶特维尔	United States|North Carolina|Cumberland|Fayetteville
美国|弗吉尼亚州|塔兹韦尔县|朱厄尔里奇	United States|Virginia|Tazewell|Tazewell
美国|北卡罗来纳州|约翰斯顿|普林斯顿	United States|North Carolina|Johnston|Princeton
美国|弗吉尼亚州|布坎南县|格兰迪	United States|Virginia|Buckingham|Glentina
美国|北卡罗来纳州|格兰维尔|克里德莫尔	United States|North Carolina|Greenville|Kryder_Moore
美国|南卡罗来纳州|多彻斯特县|萨默维尔	United States|South Carolina|Dorchester|Summerville
美国|北卡罗来纳州|卡贝勒斯|哈里斯堡	USA|North Carolina|Cary|Harrisburg
美国|南卡罗来纳州|霍里县|默特尔比奇	United States|South Carolina|Horry|Myrtle Beach
美国|北卡罗来纳州|坎伯兰|春湖	United States|North Carolina|Kings Mountain|Spring Lake
美国|北卡罗来纳州|霍克|雷福德	United States|North Carolina|Hoke|Raeford
美国|北卡罗来纳州|穆尔|南部松树	United States|North Carolina|Moore|Southern Pines
美国|北卡罗来纳州|克里夫兰|国王山	United States|North Carolina|Cleveland|Kings Mountain
美国|北卡罗来纳州|沃伦|沃伦顿	United States|North Carolina|Warren|Warrenton
美国|北卡罗来纳州|昂斯洛|杰克逊维尔	United States|North Carolina|Angusol|Jakesonville
美国|北卡罗来纳州|富兰克林|路易斯堡	USA|North Carolina|Franklin|Louisburg
美国|北卡罗来纳州|韦克|埃佩克斯	United States|North Carolina|Wake|Apex
美国|北卡罗来纳州|尤宁|印度步道	United States|North Carolina|Union|Indian Trail
美国|北卡罗来纳州|福赛斯|温斯顿·塞勒姆	United States|North Carolina|Forsyth|Winston-Salem
美国|北卡罗来纳州|新汉诺威|威明顿	United States|North Carolina|Winston-Salem|Winston-Salem
美国|北卡罗来纳州|亨德森|	United States|North Carolina|Henderson|
美国|北卡罗来纳州|约翰斯顿|本森	United States|North Carolina|Johnston|Benson
美国|北卡罗来纳州|约翰斯顿|塞尔玛	United States|North Carolina|Johnson City|Selma
美国|北卡罗来纳州|布拉登|布莱登伯勒	United States|North Carolina|Braden|Bridenbaugh
美国|北卡罗来纳州|格兰维尔|牛津	United States|North Carolina|Granville|Oxford
美国|北卡罗来纳州|韦克|加纳	United States|North Carolina|Wake|Cary
美国|北卡罗来纳州|富兰克林|邦恩	United States|North Carolina|Franklin|Boon
美国|北卡罗来纳州|奥兰治|教堂山	United States|North Carolina|Orange|Chapel Hill
美国|南卡罗来纳州|里奇兰县|哥伦比亚	United States|South Carolina|Richland|Columbia
美国|北卡罗来纳州|帕斯阔坦克|伊丽莎白城	United States|North Carolina|Pasquotank|Elizabeth City
美国|北卡罗来纳州|赫德福德|默弗里斯伯勒	United States|North Carolina|Hertford|Murfreesboro
美国|北卡罗来纳州|纳什|米德尔塞克斯	United States|North Carolina|Nash|Middlesex
美国|北卡罗来纳州|韦恩|戈尔兹伯勒	United States|North Carolina|Wayne|Goldsboro
美国|北卡罗来纳州|帕姆利科|拜伯罗	United States|North Carolina|Pamlico|Bath
美国|北卡罗来纳州|布伦瑞克|绍斯波特	United States|North Carolina|Brunswick|Southport
美国|北卡罗来纳州|加特利|莫尔黑德城	United States|North Carolina|Gatlin|Morehead City
美国|北卡罗来纳州|韦克|温德尔	United States|North Carolina|Wake|Wendell
美国|北卡罗来纳州|加特利|纽波特	United States|North Carolina|Gatlin|Newport
美国|北卡罗来纳州|韦克|韦克森林	United States|North Carolina|Wake|Wake Forest
美国|北卡罗来纳州|罗伯逊|朗伯顿	United States|North Carolina|Robbins|Langdon
美国|北卡罗来纳州|威尔逊|	United States|North Carolina|Wilson|
美国|北卡罗来纳州|彭德|布尔高	United States|North Carolina|Pender|Burgaw
美国|北卡罗来纳州|查塔姆|皮茨伯勒	USA|North Carolina|Chattanooga|Pittsboro
美国|北卡罗来纳州|奥兰治|希尔斯伯勒	United States|North Carolina|Orange|Hillsborough
美国|纽约州|尼亚加拉|纽范	United States|New York|Niagara|Newfane
美国|纽约州|麦迪逊|西埃德梅斯顿	United States|New York|Medina|West Edmeston
美国|北卡罗来纳州|哈尼特|邓恩	United States|North Carolina|Harnett|Dunn
美国|纽约州|克林顿|普拉茨堡市	United States|New York|Clinton|Plattsburgh
美国|北卡罗来纳州|韦克|富基－瓦里纳	United States|North Carolina|Wake|Fuquay-Varina
美国|纽约州|门罗|帕尔马	United States|New York|Monroe|Palma
美国|马萨诸塞州|伯克希尔县|匹兹菲尔德	United States|Massachusetts|Berkshire|Pittsfield
美国|纽约州|门罗|伊朗德阔伊特	United States|New York|Monroe|Irondequoit
美国|纽约州|奥奈达|	United States|New York|Oneida|
美国|北卡罗来纳州|哈利法克斯|利特尔顿	United States|North Carolina|Haliwa-Saponi|Littleton
美国|纽约州|门罗|里加	United States|New York|Monroe|Riga
美国|纽约州|奥奈达|布恩维尔	United States|New York|Oneida|Boonville
美国|纽约州|韦恩|苏打	United States|New York|Wayne|Sodom
美国|缅因州|佩诺布斯科特县|班戈	United States|Maine|Penobscot|Bangor
美国|纽约州|门罗|瑞典	United States|New York|Monroe|Sweden
美国|纽约州|利文斯顿|利马	United States|New York|Lewiston|Lima
美国|纽约州|门罗|韦伯斯特	United States|New York|Monroe|Webster
美国|纽约州|杰纳西|帕维利恩	United States|New York|Geneva|Pavilion
美国|纽约州|韦恩|马其顿	United States|New York|Wayne|Macedon
美国|纽约州|奥尔巴尼|伯利恒	United States|New York|Albany|Bethlehem
美国|纽约州|克林顿|尚普兰	United States|New York|Clinton|Champlain
美国|纽约州|奥尔良|默里	United States|New York|Olean|Merry
美国|纽约州|门罗|佩林顿	United States|New York|Monroe|Perinton
美国|纽约州|奥尔巴尼|科隆尼	United States|New York|Albany|Colonie
美国|纽约州|萨拉托加|萨拉托加泉	United States|New York|Saratoga|Saratoga Springs
美国|纽约州|富兰克林|马龙	United States|New York|Franklin|Malone
美国|纽约州|赫基默|	United States|New York|Hickam|
美国|纽约州|沃伦|约翰斯堡	United States|New York|Warren|Johnstown
美国|纽约州|塞尼卡|罗慕路斯	United States|New York|Seneca|Romulus
美国|纽约州|伊利|奥尔登	United States|New York|Erie|Orchard
美国|纽约州|卡特罗格斯|奥利安	United States|New York|Cattaraugus|Olean
美国|纽约州|华盛顿|格林威治	United States|New York|Washington|Greenwich
美国|纽约州|杰纳西|斯塔福德	United States|New York|Geneva|Stafford
美国|纽约州|埃塞克斯|克朗波因特	United States|New York|Essex|Crown Point
美国|纽约州|卡尤加|尤尼恩斯普林斯	United States|New York|Cayuga|Union Springs
美国|纽约州|华盛顿|格兰维尔	United States|New York|Washington|Glanville
美国|纽约州|怀俄明|卡斯蒂利亚	United States|New York|Wyoming|Cattaraugus
美国|纽约州|安大略|杰尼瓦	USA|New York|Ontario|Geneva
美国|纽约州|沃伦|切斯特	United States|New York|Warren|Chester
美国|纽约州|圣罗伦斯|马塞纳	United States|New York|Saint Lawrence|Massena
美国|纽约州|杰斐逊|莱姆	United States|New York|Jefferson|Lyme
美国|纽约州|沃伦|琉森湖	United States|New York|Worland|Lakeside
美国|纽约州|斯凯勒|蒙图尔瀑布	United States|New York|Skaneateles|Montour Falls
美国|纽约州|拿骚|	United States|New York|Nassau|
美国|纽约州|斯克内克塔迪|格伦维尔	United States|New York|Schenectady|Glenville
美国|马萨诸塞州|伯克希尔县|利	United States|Massachusetts|Berkshire|Lee
美国|纽约州|奥尔巴尼|吉尔兰	United States|New York|Albany|Gilland
美国|纽约州|蒙哥马利|卡纳霍哈里	United States|New York|Montgomery|Canandaigua
美国|纽约州|沃伦|乔治湖	United States|New York|Wallen|Lake George
美国|纽约州|杰斐逊|克莱顿	United States|New York|Jefferson|Clayton
美国|纽约州|奥奈达|卡姆登	United States|New York|Oneida|Camden
美国|纽约州|卡尤加|卡托	United States|New York|Cayuga|Cato
美国|纽约州|伦塞勒|怀南茨基尔	United States|New York|Rensselaer|Wynantskill
美国|纽约州|萨拉托加|克利夫顿公园	United States|New York|Saratoga|Clifton Park
美国|纽约州|奥农多加|塔利	United States|New York|Owego|Tioga
美国|纽约州|沃伦|博尔顿	United States|New York|Warren|Bolton
美国|纽约州|斯克内克塔迪|	United States|New York|Schenectady|
美国|纽约州|伦塞勒|胡西克瀑布	United States|New York|Lansing|Niagara Falls
美国|缅因州|富兰克林县|斯特朗	United States|Maine|Franklin|Strong
美国|缅因州|约克县|阿伦德尔	United States|Maine|York|Allendale
美国|马萨诸塞州|伯克希尔县|北亚当斯	United States|Middlesex|Berkley|North Adams
美国|纽约州|奥斯威戈|克利夫兰	United States|New York|Oswego|Cleveland
美国|缅因州|坎伯兰县|塞巴哥	United States|Maine|Kennebec|Sebago
美国|纽约州|伦塞勒|特洛伊	United States|New York|Lansing|Troy
美国|纽约州|富尔顿|格罗弗斯维尔	United States|New York|Fulton|Grosvenor Square
美国|缅因州|肯纳贝克县|哈洛韦尔	United States|Maine|Kennebec|Hallowell
美国|缅因州|肯纳贝克县|贝尔格莱德	United States|Maine|Kennebec|Belgrade
美国|新罕布什尔州|格拉夫顿县|坎普顿	United States|New Hampshire|Grafton|Campton
美国|纽约州|埃塞克斯|施龙	United States|New York|Essex|Shiloh
美国|缅因州|汉考克县|巴克斯波特	United States|Maine|Hancock|Bucksport
美国|缅因州|汉考克县|埃尔斯沃思	United States|Maine|Hancock|Ellsworth
美国|纽约州|埃塞克斯|提康德罗加	United States|New York|Essex|Ticonderoga
美国|缅因州|约克县|巴克斯顿	United States|Maine|York|Biddeford
美国|缅因州|华盛顿县|东马基亚斯	United States|Maine|Washington|Machias
美国|缅因州|富兰克林县|杰伊	United States|Maine|Franklin|Jay
美国|缅因州|阿鲁斯图克县|卡里布	United States|Maine|Aroostook|Caribou
美国|缅因州|华盛顿县|哈灵顿	United States|Maine|Washington|Houlton
美国|缅因州|佩诺布斯科特县|布鲁尔	United States|Maine|Penobscot|Brewer
美国|缅因州|阿鲁斯图克县|城堡山	United States|Maine|Androscoggin|Castle Hill
美国|缅因州|萨默塞特县|史密斯菲尔德	United States|Maine|Somerset|Smithfield
美国|缅因州|坎伯兰县|	United States|Maine|Cumberland|
美国|缅因州|佩诺布斯科特县|肯杜斯凯格	United States|Maine|Penobscot|Kenduskeag
美国|缅因州|皮斯卡塔奎斯县|多佛·福克斯克罗夫特	United States|Maine|Piscataquis|Dover-Foxcroft
美国|新罕布什尔州|卡罗尔县|奥西佩	United States|New Hampshire|Carroll|Ossipee
美国|缅因州|约克县|萨科	United States|Maine|York|Saco
美国|缅因州|坎伯兰县|士嘉堡	United States|Maine|Cumberland|Scarborough
美国|新罕布什尔州|格拉夫顿县|普利茅斯	United States|New Hampshire|Grafton|Plymouth
美国|缅因州|佩诺布斯科特县|纽波特	United States|Maine|Penobscot|Newport
美国|缅因州|牛津县|挪威	United States|Maine|Oxford|Norway
美国|缅因州|诺克斯县|沃伦	United States|Maine|Knox|Woolwich
美国|缅因州|佩诺布斯科特县|卡梅尔	United States|Maine|Penobscot|Carmel
美国|缅因州|林肯县|	United States|Maine|Lincoln|
美国|新罕布什尔州|卡罗尔县|韦克菲尔德	United States|New Hampshire|Carroll|Wakefield
美国|缅因州|约克县|韦尔斯	United States|Maine|York|Wells
美国|新罕布什尔州|库斯县|柏林	United States|New Hampshire|Coos|Berlin
美国|缅因州|阿鲁斯图克县|马达瓦斯卡	United States|Maine|Aroostook|Madawaska
美国|新罕布什尔州|格拉夫顿县|伍德斯托克	United States|New Hampshire|Grafton|Woodstock
美国|缅因州|牛津县|拉姆福德	United States|Maine|Oxford|Rumford
美国|缅因州|佩诺布斯科特县|奥罗诺	United States|Maine|Penobscot|Orono
美国|缅因州|林肯县|纽卡斯尔	United States|Maine|Lincoln|Newcastle
美国|缅因州|坎伯兰县|布里奇顿	United States|Maine|Cumberland|Bridgton
美国|缅因州|林肯县|怀特菲尔德	United States|Maine|Lincoln|Whitefield
美国|缅因州|富兰克林县|金菲尔德	United States|Maine|Franklin|Kingfield
美国|纽约州|伊利|埃文斯	United States|New York|Erie|Evans
美国|缅因州|汉考克县|巴港	United States|Maine|Hancock|Bar Harbor
美国|缅因州|沃尔多县|温特波特	United States|Maine|Waldo|Winterport
美国|纽约州|肖托夸|敦刻尔克	United States|New York|Shotoqua|Dunkirk
美国|纽约州|伊利|康科德	United States|New York|Erie|Cattaraugus
美国|纽约州|伊利|威廉斯维尔	United States|New York|Erie|Williamsville
美国|纽约州|阿勒格尼|威尔斯维尔	United States|New York|Allegany|Wellsville
美国|缅因州|安德罗斯科金县|机械瀑布	United States|Maine|Androscoggin|Mechanic Falls
美国|纽约州|伊利|撒丁岛	United States|New York|Erie|Sardinia
美国|纽约州|伊利|拉克万纳	United States|New York|Erie|Lackawanna
美国|缅因州|华盛顿县|托普斯菲尔德	United States|Maine|Washington|Topshfield
美国|纽约州|伊利|兰开斯特	United States|New York|Erie|Lancaster
美国|纽约州|阿勒格尼|玻利瓦尔	United States|New York|Allegany|Bolivar
美国|纽约州|伊利|汉堡	United States|New York|Erie|Hamburg
美国|纽约州|伊利|奥罗拉	United States|New York|Erie|Orola
美国|纽约州|肖托夸|詹姆斯敦	United States|New York|Chautauqua|Jamestown
美国|纽约州|斯托本|阿沃卡	United States|New York|Stamford|Avoca
美国|纽约州|尼亚加拉|尼亚加拉瀑布城	United States|New York|Niagara|Niagara Falls
美国|夏威夷州|考艾县|利胡埃	United States|Hawaii|Kauai|Lihue
美国|纽约州|斯托本|霍内尔	United States|New York|Staten Island|Howell
美国|宾夕法尼亚州|布拉福县|雅典	United States|Pennsylvania|Bradford|Athens
美国|纽约州|伊利|大岛	United States|New York|Erie|Grand Island
美国|纽约州|布鲁姆|宾汉顿	United States|New York|Broom|Binghamton
美国|夏威夷州|茂宜县|卡胡鲁伊	USA|Hawaii|Maui|Kahului
美国|纽约州|斯托本|丹斯维尔	United States|New York|Storben|Danesville
美国|夏威夷州|火奴鲁鲁市县|米利拉尼镇	United States|Hawaii|Honolulu|Mililani
美国|纽约州|希南戈|诺威奇	United States|New York|Hempstead|North Hempstead
美国|夏威夷州|火奴鲁鲁市县|卡内奥赫	United States|Hawaii|Honolulu|Kaneohe
美国|夏威夷州|茂宜县|基黑	United States|Hawaii|Maui|Kīhei
美国|夏威夷州|茂宜县|哈娜	United States|Hawaii|Maui|Hana
美国|夏威夷州|火奴鲁鲁市县|卡波利	United States|Hawaii|Honolulu|Kapolei
美国|夏威夷州|茂宜县|拉奈市	United States|Hawaii|Maui County|Lahaina
美国|夏威夷州|考艾县|卡拉黑奥	United States|Hawaii|Kauai|Kalaheo
美国|夏威夷州|夏威夷县|怀梅阿	United States|Hawaii|Hawaii|Waimea
美国|俄亥俄州|富兰克林县|格罗夫城	United States|Ohio|Franklin|Grove City
美国|加利福尼亚州|圣迭戈|	USA|California|San Diego|
美国|纽约州|布鲁姆|尤宁	United States|New York|Brooklyn|Brooklyn
美国|夏威夷州|火奴鲁鲁市县|珍珠城	United States|Hawaii|Honolulu|Pearl City
美国|夏威夷州|茂宜县|拉海纳	United States|Hawaii|Maui|Lahaina
美国|肯塔基州|斯科特县|乔治敦	United States|Kentucky|Scott|Georgetown
美国|夏威夷州|夏威夷县|希洛	United States|Hawaii|Hawaii|Hilo
美国|肯塔基州|布恩县|希伯伦	United States|Kentucky|Boone|Hebron
美国|肯塔基州|劳雷尔县|伦敦	United States|Kentucky|Laurel|London
美国|夏威夷州|茂宜县|考纳卡凯	United States|Hawaii|Maui County|Kaanapali
美国|俄亥俄州|艾伦县|利马	United States|Ohio|Allen|Lima
美国|夏威夷州|火奴鲁鲁市县|威马纳洛	United States|Hawaii|Honolulu|Waimanalo
美国|肯塔基州|卡特县|橄榄山	United States|Kentucky|Carter|Olive Hill
美国|德克萨斯州|奥斯汀|	United States|Texas|Austin|
美国|俄亥俄州|巴特勒县|西切斯特	United States|Ohio|Butler|West Chester
美国|夏威夷州|火奴鲁鲁市县|伊娃海滩	United States|Hawaii|Honolulu|Iwa Beach
美国|夏威夷州|火奴鲁鲁市县|怀帕胡	United States|Hawaii|Honolulu|Waipahu
美国|德克萨斯州|杰佛逊|博蒙特	United States|Texas|Jefferson|Bowie
美国|肯塔基州|戴维斯县|欧文斯伯勒	United States|Kentucky|Davis County|Owensboro
美国|德克萨斯州|麦克伦南|韦科	United States|Texas|McAllen|Weslaco
美国|德克萨斯州|科马尔|新布朗费尔斯	United States|Texas|Comal|New Braunfels
美国|德克萨斯州|达拉斯|欧文	United States|Texas|Dallas|Irving
美国|德克萨斯州|科林|普莱诺	United States|Texas|Collin|Plano
美国|肯塔基州|罗恩县|莫尔黑德	United States|Kentucky|Rowan|Morehead
美国|夏威夷州|夏威夷县|凯卢阿	United States|Hawaii|Hawaii|Kailua
美国|德克萨斯州|贝尔|基林	United States|Texas|Bell|Killeen
美国|德克萨斯州|贝尔|哈克高地	United States|Texas|Bell|Harker Heights
美国|德克萨斯州|弗里奥|迪里	United States|Texas|Frio|Dilley
美国|俄亥俄州|蒙哥马利县|代顿	United States|Ohio|Montgomery|Dayton
美国|德克萨斯州|伊达尔戈|米申	United States|Texas|Irving|Michen
美国|德克萨斯州|克尔|克尔维尔	United States|Texas|Kerr|Kerrville
美国|德克萨斯州|特拉维斯|拉戈维斯塔	United States|Texas|Travis|Lagovista
美国|德克萨斯州|巴尔韦德|德尔里奥	United States|Texas|Balch Springs|Del Rio
美国|印第安纳州|克拉克|杰斐逊维尔	United States|Indiana|Clark|Jeffersonville
美国|德克萨斯州|贝尔|坦普尔	USA|Texas|Bell|Temple
美国|俄亥俄州|马斯金格姆县|赞斯维尔	United States|Ohio|Muskingum|Zanesville
美国|德克萨斯州|海斯|凯尔	United States|Texas|Houston|Katy
美国|德克萨斯州|贝尔|贝尔顿	United States|Texas|Bell|Belton
美国|俄亥俄州|克莱蒙县|巴达维亚	United States|Ohio|Clermont|Batavia
美国|德克萨斯州|威廉松|自由山	United States|Texas|Williamson|Liberty Hill
美国|德克萨斯州|伊达尔戈|韦斯拉科	United States|Texas|Edinburg|Weslaco
美国|德克萨斯州|范赞德|本·惠勒	United States|Texas|Fort Worth|Ben Wheeler
美国|德克萨斯州|比尔|冯·奥尔米	United States|Texas|Beale|Fort Worth
美国|德克萨斯州|威廉松|利安德	United States|Texas|Williamson|Leander
美国|俄亥俄州|蒙哥马利县|特罗特伍德	United States|Ohio|Montgomery|Trotwood
美国|德克萨斯州|马弗里克|伊格尔帕斯	United States|Texas|Maverick|Eagle Pass
美国|德克萨斯州|泰勒|	United States|Texas|Tyler|
美国|德克萨斯州|威廉松|哈托	United States|Texas|Williamson|Hutto
美国|德克萨斯州|比尔|圣海德维希	United States|Texas|Bil|San Hede Weixi
美国|德克萨斯州|麦克伦南|贝尔米德	United States|Texas|McLennan|Bellmead
美国|德克萨斯州|麦克伦南|伍德韦	United States|Texas|McLennan|Waco
美国|德克萨斯州|科里尔|科珀勒斯科夫	USA|Texas|Corpus Christi|Kopelewskoff
美国|德克萨斯州|埃尔帕索|	USA|Texas|El Paso|
美国|德克萨斯州|登顿|刘易斯维尔	United States|Texas|Denton|Lewisville
美国|德克萨斯州|巴斯特罗普|巴斯特罗普	United States|Texas|Bastrop|Bastrop
美国|德克萨斯州|达拉斯|卡罗尔顿	United States|Texas|Dallas|Carrollton
美国|德克萨斯州|伯尼特|马布尔福尔斯	United States|Texas|Burnet|Marble Falls
美国|德克萨斯州|达拉斯|	United States|Texas|Dallas|
美国|德克萨斯州|卡梅伦|哈灵根	United States|Texas|Kemah|Harlingen
美国|德克萨斯州|尤瓦尔迪|	United States|Texas|Uvalde|
美国|德克萨斯州|海斯|圣马科斯	United States|Texas|Hays|San Marcos
美国|德克萨斯州|科林|怀利	United States|Texas|Colin|Whalley
美国|德克萨斯州|达拉斯|迪索托	United States|Texas|Dallas|DeSoto
美国|德克萨斯州|威廉松|朗德罗克	United States|Texas|Williamson|Round Rock
美国|德克萨斯州|威廉松|斯德伯克	United States|Texas|Williamson|Starbuck
美国|德克萨斯州|塔兰特|阿灵顿	United States|Texas|Tarrant|Arlington
美国|德克萨斯州|巴斯特罗普|史密斯维尔	United States|Texas|Bastrop|Smithville
美国|德克萨斯州|巴斯特罗普|埃尔金	United States|Texas|Bastrop|Elgin
美国|德克萨斯州|科林|艾伦	United States|Texas|Colin|Allen
美国|德克萨斯州|科林|弗里斯科	United States|Texas|Collin|Frisco
美国|德克萨斯州|塔兰特|葡萄藤	United States|Texas|Dallas|Grapevine
美国|德克萨斯州|达拉斯|大草原城	United States|Texas|Dallas|Coppell
美国|德克萨斯州|奥兰治|维多	United States|Texas|Orange|Vidora
美国|德克萨斯州|比|比维尔	United States|Texas|Bee|Beeville
美国|德克萨斯州|达拉斯|法默斯布兰奇	United States|Texas|Dallas|Farmers Branch
美国|德克萨斯州|特拉维斯|莱克韦	United States|Texas|Travis|Lakeway
美国|德克萨斯州|巴斯特罗普|	United States|Texas|Bastrop|
美国|德克萨斯州|达拉斯|兰开斯特	United States|Texas|Dallas|Lancaster
美国|德克萨斯州|威廉松|乔治敦	United States|Texas|Williamson|Georgetown
美国|德克萨斯州|卡梅伦|布朗斯维尔	United States|Texas|Carmelo|Brownsville
美国|德克萨斯州|比尔|风景橡树	United States|Texas|Biel|
美国|德克萨斯州|科马尔|斯普林布兰奇	United States|Texas|Comal|Spring Branch
美国|德克萨斯州|比尔|环球影城	United States|Texas|Bill|Global Film City
美国|北卡罗来纳州|罗恩|索尔兹伯里	United States|North Carolina|Raleigh|Salisbury
美国|德克萨斯州|伊达尔戈|法尔	United States|Texas|Idalou|Farr
美国|德克萨斯州|亨特|格林维尔	United States|Texas|Hunt|Greenville
美国|德克萨斯州|哈丁|锡尔斯比	United States|Texas|Harlingen|Silbee
美国|德克萨斯州|特拉维斯|德尔瓦勒	United States|Texas|Travis|Del Valle
美国|德克萨斯州|科林|墨菲	United States|Texas|Collin|McKinney
美国|德克萨斯州|比尔|莱昂谷	United States|Texas|Dallas|Plano
美国|德克萨斯州|比尔|莱夫奥克	United States|Texas|Baylor|Lubbock
美国|密苏里州|卡斯县|贝尔顿	United States|Missouri|Cass|Belton
美国|德克萨斯州|海斯|比尤达	United States|Texas|Hays|Buda
美国|德克萨斯州|比尔|阳台高地	United States|Texas|Beale|Sunrise Heights
美国|德克萨斯州|奥兰治|	United States|Texas|Orlando|
美国|堪萨斯州|约翰逊县|欧弗兰帕克	United States|Kansas|Johnson|Overland Park
美国|德克萨斯州|阿兰瑟斯|罗克波特	United States|Texas|Aransas|Rockport
美国|德克萨斯州|伊达尔戈|爱丁堡	United States|Texas|Edinburg|Edinburg
美国|德克萨斯州|塔兰特|尤利斯	United States|Texas|Dallas|Lewisville
美国|德克萨斯州|瓜达卢佩|西博洛	United States|Texas|Guadalupe|Westborol
美国|堪萨斯州|约翰逊县|奥拉西	United States|Kansas|Johnson|Olathe
美国|德克萨斯州|威奇托|威奇托福尔斯	United States|Texas|Wichita|Wichita Falls
美国|北卡罗来纳州|戴维森|列克星敦	United States|North Carolina|Davidson|Lexington
美国|德克萨斯州|瓜达卢佩|塞金	United States|Texas|Guadalupe|Seguin
美国|堪萨斯州|约翰逊县|加德纳	United States|Kansas|Johnson|Gardner
美国|密苏里州|德克萨斯县|休斯顿	United States|Missouri|Dallas|Huston
美国|德克萨斯州|安德森|帕勒斯坦	United States|Texas|Anderson|Palestine
美国|德克萨斯州|巴斯特罗普|雪松溪	United States|Texas|Bastrop|Snow Creek
美国|北卡罗来纳州|尤宁|门罗	United States|North Carolina|Union|Monroe
美国|南卡罗来纳州|霍里县|康威	United States|South Carolina|Horry|Conway
美国|南卡罗来纳州|切斯特菲尔德县|奇罗	United States|South Carolina|Chesterfield|Cheraw
美国|德克萨斯州|肯德尔|伯尼	United States|Texas|Kendall|Boerne
美国|南卡罗来纳州|勒星顿县|	United States|South Carolina|Lexington|
美国|南卡罗来纳州|汉普顿县|布伦森	US|South Carolina|Hampton|Brunson
美国|北卡罗来纳州|阿拉曼斯|梅班	United States|North Carolina|Asheville|Buncombe
美国|北卡罗来纳州|克里夫兰|谢尔比	United States|North Carolina|Cleveland|Shelby
美国|南卡罗来纳州|奥兰治堡县|	United States|South Carolina|Orangeburg|
美国|北卡罗来纳州|纳什|贝利	United States|North Carolina|Nash|Bailey
美国|北卡罗来纳州|戴维|阿德万斯	United States|North Carolina|Davidson|Advance
美国|南卡罗来纳州|艾肯县|	United States|South Carolina|Aiken|
美国|北卡罗来纳州|福赛斯|克纳斯维尔	United States|North Carolina|FuSaiSi|KeNaSiWeiEr
美国|北卡罗来纳州|艾尔代尔|摩尔斯维尔	United States|North Carolina|Ayden|Molesville
美国|北达科他州|本森|	United States|North Dakota|Bismarck|
美国|南卡罗来纳州|达令敦县|哈茨维尔	United States|South Carolina|Darlington|Hartsville
美国|北卡罗来纳州|勒诺|粉红山	United States|North Carolina|Lenoir|Pink Hill
美国|北卡罗来纳州|戴维森|托马斯维尔	United States|North Carolina|Davidson|Thomasville
美国|南卡罗来纳州|弗洛伦斯县|斯克兰顿	United States|South Carolina|Florence|Scranton
美国|北卡罗来纳州|阿拉曼斯|伯灵顿	United States|North Carolina|Alamance|Burlington
美国|北卡罗来纳州|萨里|艾里山	United States|North Carolina|Salisbury|Ellicott
美国|北卡罗来纳州|斯坦利|阿尔伯马尔	United States|North Carolina|Stanly|Albemarle
美国|北卡罗来纳州|阿拉曼斯|格雷厄姆	United States|North Carolina|Durham|Glen
美国|北卡罗来纳州|里士满|罗金厄姆	United States|North Carolina|Richmond|Laurinburg
美国|北卡罗来纳州|萨里|尔金	United States|North Carolina|Salisbury|Elkin
美国|北卡罗来纳州|兰道夫|特里尼蒂	United States|North Carolina|Leland|Trinity
美国|北卡罗来纳州|斯托克斯|核桃湾	USA|North Carolina|Stokes|Walnut Cove
美国|北卡罗来纳州|梅克伦堡|科尼利厄斯	United States|North Carolina|Macklenburg|Cornelius
美国|北卡罗来纳州|福赛斯|烟草城	United States|North Carolina|Forsyth|Winston-Salem
美国|北卡罗来纳州|吉尔福德|萨默菲尔德	United States|North Carolina|Guildford|Samphire
美国|北卡罗来纳州|吉尔福德|高点	United States|North Carolina|Greensboro|High Point
美国|俄亥俄州|克拉克县|斯普林菲尔德	United States|Ohio|Clark|Springfield
美国|北卡罗来纳州|戴维森|	USA|North Carolina|Davidson|
美国|俄亥俄州|巴特勒县|汉密尔顿	United States|Ohio|Butler County|Hamilton
美国|北卡罗来纳州|亚德金|亚德金维尔	United States|North Carolina|Eden|Edenvale
美国|北卡罗来纳州|麦迪逊|	United States|North Carolina|Mediun|
美国|北卡罗来纳州|吉尔福德|吉布森维尔	United States|North Carolina|Guildford|Gibsonville
美国|俄亥俄州|克莱蒙县|阿米莉亚	United States|Ohio|Clermont|Amelia
美国|俄亥俄州|富兰克林县|	United States|Ohio|Franklin|
美国|北卡罗来纳州|戴维|莫克斯维尔	United States|North Carolina|Davi|Mocksville
美国|俄亥俄州|沃伦县|莱巴嫩	USA|Ohio|Warren|Lebanon
美国|肯塔基州|蒙哥马利县|斯特灵山	United States|Kentucky|Monterey|Steele Mountain
美国|弗吉尼亚州|塔兹韦尔县|	United States|Virginia|Tazewell|
美国|俄亥俄州|迈阿密县|特洛伊	United States|Ohio|Miami|Troy
美国|俄亥俄州|巴特勒县|费尔菲尔德	United States|Ohio|Butler|Fairfield
美国|俄亥俄州|沃伦县|缅因	United States|Ohio|Warren|Maine
美国|俄亥俄州|巴特勒县|门罗	United States|Ohio|Butler County|Monroe
美国|俄亥俄州|格林县|凯特林	United States|Ohio|Greene|Xenia
美国|俄亥俄州|沃伦县|梅森	United States|Ohio|Warren County|Mason
美国|俄亥俄州|富兰克林县|新奥尔巴尼	United States|Erie|Franklin|New Orleans
美国|俄亥俄州|格林县|费尔伯恩	United States|Ohio|Greene|Fairborn
美国|俄亥俄州|巴特勒县|牛津	United States|Ohio|Butler|New Oxford
美国|俄亥俄州|克林顿县|林奇堡	United States|Ohio|Clinton|Lynchburg
美国|北卡罗来纳州|尤宁|瓦克斯霍	United States|North Carolina|Union|Waxhaw
美国|俄亥俄州|巴特勒县|米德尔敦	United States|Ohio|Butler|Middletown
美国|俄亥俄州|富兰克林县|加洛韦	United States|Ohio|Franklin|Gahanna
美国|俄亥俄州|克莱蒙县|拉夫兰	United States|Ohio|Cuyahoga|Lakewood
美国|俄亥俄州|迈阿密县|胡伯高地	United States|Ohio|Miami|Huber Heights
美国|北卡罗来纳州|罗金厄姆|里兹维尔	United States|North Carolina|Roxanne|Little
美国|俄亥俄州|克莱蒙县|米尔福德	United States|Ohio|Cayuga|Milford
美国|俄亥俄州|格林县|仙妮亚	United States|Ohio|Greene County|Xenia
美国|肯塔基州|哈里森县|辛西安娜	United States|Kentucky|Harrison|Cynthiana
美国|俄亥俄州||	United States|Ohio||
美国|俄亥俄州|蒙哥马利县|斯普林伯勒	United States|Ohio|Montgomery|Springboro
美国|俄亥俄州|哥伦比亚纳县|塞勒姆	United States|Ohio|Columbiana|Salem
美国|俄亥俄州|雅典县|	United States|Ohio|Athens|
美国|肯塔基州|沃伦县|鲍灵格林	United States|Kentucky|Warren|Bowling Green
美国|印第安纳州|范德堡|埃文斯维尔	United States|Indiana|Vanderburgh|Evansville
美国|俄亥俄州|蒙哥马利县|迈阿密斯堡	United States|Ohio|Montgomery|Miamisburg
美国|俄亥俄州|迈阿密县|拉德洛瀑布	United States|Ohio|Miami|Piqua
美国|肯塔基州|谢尔比县|谢尔比维尔	United States|Kentucky|Shelby|Shelbyville
美国|俄亥俄州|科肖克顿县|	United States|Ohio|Coshocton|
美国|俄亥俄州|普雷布尔县|刘易斯堡	United States|Ohio|Preble|Lewisburg
美国|宾夕法尼亚州|伊利县|	United States|Pennsylvania|Erie|
美国|俄亥俄州|谢尔比县|西德尼	US|Ohio|Shelby|Sidney
美国|俄亥俄州|塔斯卡罗瓦斯县|新费城	United States|Ohio|Tuscarawas|New Philadelphia
美国|俄亥俄州|巴特勒县|自由镇	United States|Ohio|Butler|Liberty Township
美国|俄亥俄州|斯塔克县|韦恩斯堡	United States|Ohio|Stark|Waynesburg
美国|俄亥俄州|根西县|剑桥	United States|Ohio|Geauga|Cambridge
美国|俄亥俄州|汉密尔顿县|布里奇敦	United States|Ohio|Hamilton|Bridgetown
美国|俄亥俄州|高卢县|森特维尔	United States|Ohio|Gallia|Centerville
美国|俄亥俄州|凯霍加县|加菲尔德高地	United States|Ohio|Cuyahoga County|Garfield Heights
美国|俄亥俄州|韦恩县|杜尔斯敦	United States|Ohio|Wayne|Doylestown
美国|俄亥俄州|马里昂县|	United States|Ohio|Marion|
美国|肯塔基州|波旁县|巴黎	United States|Kentucky|Pike|Paris
美国|俄亥俄州|特拉华县|鲍威尔	United States|Ohio|Trumbull County|Bowerston
美国|俄亥俄州|迈阿密县|皮夸	United States|Ohio|Miami|Piqua
美国|俄亥俄州|汉密尔顿县|德里镇区	United States|Ohio|Hamilton|Delhi Township
美国|俄亥俄州|费尔菲尔德县|兰开斯特	United States|Ohio|Fairfield|Lancaster
美国|俄亥俄州|伍德县|沃尔布里奇	United States|Ohio|Wood|Walbridge
美国|俄亥俄州|汉密尔顿县|哈里森	United States|Ohio|Hamilton|Harrison
美国|俄亥俄州|迈阿密县|蒂普市	United States|Ohio|Miami|Tipp City
美国|俄亥俄州|萨米特县|诺顿	United States|Ohio|Summit|Norton
美国|俄亥俄州|克拉克县|南查尔斯顿	United States|Ohio|Clark|South Charleston
美国|俄亥俄州|萨米特县|马其顿	United States|Ohio|Summit|Macedonia
美国|俄亥俄州|尚佩恩县|厄巴纳	United States|Ohio|Champaign|Urbana
美国|肯塔基州|华盛顿县|斯普林菲尔德	United States|Kentucky|Washington|Springfield
美国|俄亥俄州|休伦县|秘鲁镇区	United States|Ohio|Huron|Vermilion
美国|俄亥俄州|达克县|格林维尔	United States|Ohio|Darke|Greenville
美国|肯塔基州|肯顿县|埃奇伍德	United States|Kentucky|Kenton|Edgewood
美国|俄亥俄州|普雷布尔县|格拉蒂	United States|Ohio|Preble|Gratis
美国|俄亥俄州|萨米特县|巴斯	United States|Ohio|Summit|Bath
美国|肯塔基州|安德森县|劳伦斯堡	United States|Kentucky|Anderson|Lawrenceburg
美国|俄亥俄州|蒙哥马利县|德国城	United States|Ohio|Montgomery|Germantown
美国|肯塔基州|霍普金斯县|麦迪逊维尔	United States|Kentucky|Hopkins|Madisonville
美国|肯塔基州|肯顿县|独立城	United States|Kentucky|Kenton|Independence
美国|俄亥俄州|斯塔克县|北坎顿	United States|Ohio|Stark|North Canton
美国|俄亥俄州|吉奥格县|查登	United States|Ohio|Geauga County|Chardon
美国|田纳西州|劳德代尔县|里普利	United States|Tennessee|Rutherford County|Ripley
美国|俄亥俄州|格林县|詹姆斯敦	United States|Ohio|Greene|Jamestown
美国|俄亥俄州|劳伦斯县|艾恩顿	United States|Ohio|Lawrence County|Ironton
美国|俄亥俄州|杰克逊县|加尔顿	United States|Ohio|Jackson|Galton
美国|肯塔基州|布恩县|尤宁	United States|Kentucky|Boone|Union
美国|俄亥俄州|普雷布尔县|西亚历山大	United States|Ohio|Preble|West Alexandria
美国|俄亥俄州|萨米特县|费尔劳恩	United States|Ohio|Summit|Fairlawn
美国|俄亥俄州|马霍宁县|扬斯敦	United States|Ohio|Mahoning|Youngstown
美国|俄亥俄州|阿士塔布拉县|日内瓦	United States|Ohio|Ashtabula|Geneva
美国|俄亥俄州|卢卡斯县|沃特维尔	United States|Ohio|Lucas|Waterville
美国|印第安纳州|杜波伊斯|亨廷堡	United States|Indiana|DuBois|Huntingburg
美国|肯塔基州|麦迪逊县|里士满	United States|Kentucky|Madison|Richmond
美国|马萨诸塞州|伯克希尔县|桑迪斯菲尔德	United States|Massachusetts|Berkshire|Sandisfield
美国|俄亥俄州|佩里县|萨默塞特郡	United States|Ohio|Perry|Somerset Township
美国|纽约州|奥齐戈|马里兰	United States|New York|Oswego|Marion
美国|田纳西州|海伍德县|布朗斯维尔	United States|Tennessee|Howard|Brownsville
美国|俄亥俄州|罗蓝县|爱丽里亚	United States|Ohio|Lorain|Avon
美国|印第安纳州|弗洛伊德|新奥尔巴尼	United States|Indiana|Floyd|New Albany
美国|纽约州|斯托本|巴斯	United States|New York|Stoughton|Bass
美国|俄亥俄州|罗蓝县|洛林	United States|Ohio|Medina|Lorain
美国|俄亥俄州|霍金县|洛根	United States|Ohio|Hocking|Logan
美国|肯塔基州|弗莱明县|弗莱明斯堡	United States|Kentucky|Fleming|Flemingsburg
美国|纽约州|斯科哈里|里士满维尔	United States|New York|Schenectady|Lishmanville
美国|纽约州|希南戈|士麦那	United States|New York|Schenectady|Schenectady
美国|纽约州|萨拉托加|半月	United States|New York|Saratoga|Halfmoon
美国|缅因州|佩诺布斯科特县|纽堡	United States|Maine|Penobscot|Newport
美国|缅因州|沃尔多县|斯旺维尔	United States|Maine|Waldo|Swanville
美国|纽约州|门罗|匹兹福德	United States|New York|Monroe|Pittsford
美国|纽约州|克林顿|舒勒瀑布	United States|New York|Clinton|Schuyler Falls
美国|俄亥俄州|渥太华县|克林顿港	United States|Ohio|Ottawa|Port Clinton
美国|俄亥俄州|凯霍加县|克利夫兰高地	United States|Ohio|Cuyahoga County|Cleveland Heights
美国|纽约州|刘易斯|丹麦	United States|New York|Lewis|Denmark
美国|纽约州|安大略|那不勒斯	United States|New York|Ontario|Naples
美国|纽约州|安大略|菲尔普斯	United States|New York|Ontario|Fairport
美国|纽约州|奥齐戈|伍斯特	United States|New York State|Onondaga|Oneida
美国|密歇根州|奥齐戈|斯切内乌斯	United States|Michigan|Ozark|Skeneuavs
美国|纽约州|杰纳西|勒罗伊	United States|New York|Geneva|Romulus
美国|纽约州|奥尔良|耶茨	United States|New York|Olean|Yates
美国|缅因州|佩诺布斯科特县|埃特纳	United States|Maine|Penobscot|Etna
美国|纽约州|刘易斯|克罗汉	United States|New York|Lewis|Croghan
美国|纽约州|沃伦|格伦斯福尔斯	United States|New York|Warren|Glens Falls
美国|新罕布什尔州|切希尔县|基恩	United States|New Hampshire|Cheshire|Keene
美国|纽约州|杰纳西|厄尔巴岛	United States|New York|Geneva|Goat Island
美国|纽约州|门罗|亨丽埃塔	United States|New York|Monroe|Henrietta
美国|纽约州|皇后|艾斯托里亚	United States|New York|Queens|Astoria
美国|纽约州|怀俄明|卡温顿	United States|New York|Wyoming|Cayuga
美国|加利福尼亚州|文图拉|圣保拉	United States|California|Ventura|Santa Paula
美国|纽约州|皇后|里士满希尔	United States|New York|Queens|Richmond Hill
美国|亚利桑那州|尤马|	United States|Arizona|Yuma|
美国|马萨诸塞州|伯克希尔县|威廉斯敦	United States|Middlesex|Berkshire|Williamstown
美国|纽约州|奥斯威戈|康士坦提亚	United States|New York|Oswego|Constancia
美国|纽约州|萨拉托加|梅卡尼克维尔	United States|New York|Saratoga Springs|Mechanicville
美国|俄亥俄州|威廉斯县|布赖恩	United States|Ohio|Williams|Bryan
美国|纽约州|布鲁姆|维斯塔尔	United States|New York|Brooklyn|Westal
美国|纽约州|奥兰治|沃尔基尔	United States|New York|Orleans|Volker
美国|纽约州|沙利文|卡利库恩	USA|New York|Sullivan|Callicoon
美国|纽约州|皇后|牙买加区	United States|New York|Queens|Jamaica
美国|纽约州|达奇斯|莱茵贝克	United States|New York|Dutchess|Beacon
美国|加利福尼亚州|河滨|印第奥	United States|California|Riverside|Indio
美国|纽约州|阿尔斯特|索格蒂斯	USA|New York|Alost|Sogod
美国|俄亥俄州|休伦县|秘鲁	United States|Ohio|Huron|Milan
美国|俄亥俄州|特拉华县|森伯里	United States|Ohio|Tuscarawas|Newberry
美国|纽约州|奥奈达|维罗纳	United States|New York|Oneida|Verona
美国|俄亥俄州|科肖克顿县|科肖克顿	United States|Ohio|Coshocton|Coshocton
美国|俄亥俄州|凯霍加县|查格林瀑布	United States|Ohio|Geauga County|Chagrin Falls
美国|俄亥俄州|斯塔克县|路易斯维尔	United States|Ohio|Stark|Louisville
美国|缅因州|阿鲁斯图克县|肯特堡	United States|Maine|Arrowsic|Kennebec River
美国|俄亥俄州|凯霍加县|斯特朗斯维尔	United States|Ohio|Ashtabula County|Stratford
美国|纽约州|韦恩|沃尔科特	United States|New York|Wayne|Walcott
美国|纽约州|奥农多加|斯卡尼阿特勒斯	United States|New York|Oco|Scott Wilson
美国|亚利桑那州|尤马|尤马	United States|Arizona|Yuma|Yuma
美国|纽约州|卡尤加|摩拉维亚	United States|New York|Cayuga|Moravia
美国|纽约州|卡尤加|布鲁图斯	United States|New York|Cayuga|Brootus
美国|纽约州|麦迪逊|汉密尔顿	United States|New York|Madison|Hamilton
美国|纽约州|奥奈达|伦森	United States|New York|Oneida|Lenox
美国|纽约州|肖托夸|里普利	United States|New York|Shotoqua|Ripley
美国|纽约州|麦迪逊|卡泽诺维亚	United States|New York|Madison|Cazenovia
美国|加利福尼亚州|洛杉矶|波莫纳	United States|California|Los Angeles|Pomona
美国|纽约州|斯托本|韦兰	United States|New York|Stoughton|Wayland
美国|加利福尼亚州|圣贝纳迪诺|	United States|California|San Bernardino|
美国|纽约州|刘易斯|格雷格	United States|New York|Lewis|Gregg
美国|纽约州|利文斯顿|北丹斯维尔	United States|New York|Livermore|North Dansville
美国|加利福尼亚州|因皮里尔|布劳利	United States|California|Imperial County|Brawley
美国|纽约州|奥奈达|巴黎	United States|New York|Oneida|Paris
美国|纽约州|卡尤加|马特维尔	United States|New York|Cayuga|Martville
美国|纽约州|泰奥加|巴顿	United States|New York|Tioga|Barton
美国|纽约州|肖托夸|卡罗尔	United States|New York|Shirley|Carroll
美国|纽约州|刘易斯|沃森	United States|New York|Lewis|Wassen
美国|加利福尼亚州|文图拉|奥海镇	United States|California|Ventura|Ojai
美国|加利福尼亚州|洛杉矶|朗代尔	United States|California|Los Angeles|Long Beach
美国|纽约州|杰斐逊|	United States|New York|Jefferson|
美国|纽约州|赫基默|温菲尔德	United States|New York|Herkimer|Winfield
美国|纽约州|刘易斯|马丁斯堡	United States|New York|Lewis|Martinsburg
美国|纽约州|韦恩|威廉森	United States|New York|Wayne|Williamson
美国|纽约州|刘易斯|劳维尔	United States|New York|Lewis|Lowville
美国|纽约州|麦迪逊|莱诺克斯	United States|New York|Madison|Lenox
美国|纽约州|卡尤加|	United States|New York|Cayuga|
美国|纽约州|克林顿|埃伦堡迪波特	United States|New York|Clinton|Ellenburgh Depot
美国|纽约州|斯托本|霍内尔斯维尔	United States|New York|Stamford|Hornellsville
美国|纽约州|韦恩|里昂	United States|New York|Wayne|Lyons
美国|纽约州|卡尤加|门茨	United States|New York|Cayuga|Mentz
美国|纽约州|韦恩|玫瑰	United States|New York|Wayne|Rose
美国|纽约州|韦恩|盖伦	United States|New York|Wayne|Galway
美国|纽约州|汤普金斯|尤利西斯	United States|New York|Tompkins|Ulysses
美国|纽约州|克林顿|查兹	United States|New York|Clinton|Chaz
美国|俄亥俄州|马里昂县|马里恩	United States|Ohio|Marion|Marion
美国|纽约州|克林顿|穆尔斯	United States|New York|Clinton|Mooers
美国|纽约州|蒙哥马利|根	United States|New York|Montgomery|Root
美国|纽约州|刘易斯|都灵	United States|New York|Lewis|Duling
美国|纽约州|耶茨|邓迪	United States|New York|Yates|Dundee
美国|南卡罗来纳州|里奇兰县|霍普金斯	United States|South Carolina|Richland|Hopkins
美国|南卡罗来纳州|勒星顿县|厄莫	United States|South Carolina|Lexington|Ermo
美国|纽约州|卡尤加|西皮奥	United States|New York|Cayuga|West Peoria
美国|俄亥俄州|达克县|奥斯古德	United States|Ohio|Darke|Osgood
美国|南卡罗来纳州|约克县|三叶草	United States|South Carolina|York|Rock Hill
美国|纽约州|怀俄明|鹰	United States|New York|Wyoming|Eagle
美国|西弗吉尼亚州|哈里森县|恩特普赖斯	United States|Virginia|Harrisonburg|City of Harrisonburg
美国|南卡罗来纳州|乔治敦县|默勒尔斯因莱特	United States|South Carolina|Georgetown|Murrells Inlet
美国|北卡罗来纳州|布伦瑞克|玻利维亚	United States|North Carolina|Brunswick|Bolivia
美国|北卡罗来纳州|苏格兰|劳林堡	United States|North Carolina|Suffolk|Laurel Hill
美国|南卡罗来纳州|弗洛伦斯县|潘帕利科	United States|South Carolina|Florence|Pamplico
美国|南卡罗来纳州|萨姆特县|	United States|South Carolina|Sumter|
美国|南卡罗来纳州|里奇兰县|布莱德武德	United States|South Carolina|Richland|Blythewood
美国|南卡罗来纳州|伯克利县|莱德森	United States|South Carolina|Berkeley|Ladson
美国|南卡罗来纳州|达令敦县|拉马尔	United States|South Carolina|Darlington|Lamar
美国|南卡罗来纳州|勒星顿县|西哥伦比亚	United States|South Carolina|Lexington|West Columbia
美国|北卡罗来纳州|加斯顿|加斯托尼亚	United States|North Carolina|Gastonia|Gastonia
美国|南卡罗来纳州|奥兰治堡县|奥兰治堡	United States|South Carolina|Orangeburg|Orangeburg
美国|南卡罗来纳州|弗洛伦斯县|	United States|South Carolina|Florence|
美国|堪萨斯州|怀恩多特县|堪萨斯城	United States|Kansas|Wyandotte County|Kansas City
美国|南卡罗来纳州|克肖县|埃尔金	United States|South Carolina|Kershaw County|Elgin
美国|南卡罗来纳州|博福特县|希尔顿黑德岛	United States|South Carolina|Beaufort|Hilton Head Island
美国|北卡罗来纳州|加斯顿|霍利山	United States|North Carolina|Gastonia|Mount Holly
美国|南卡罗来纳州|克拉伦登县|曼宁	United States|South Carolina|Clarendon|Manning
美国|堪萨斯州|约翰逊县|莱内萨	United States|Kansas|Johnson|Lenexa
美国|南卡罗来纳州|马里昂县|马林斯	United States|South Carolina|Marlboro|Mullins
美国|堪萨斯州|约翰逊县|肖妮	United States|Kansas|Johnson County|Shawnee
美国|肯塔基州|马里昂县|洛雷托	United States|Kentucky|Marion|Loretto
美国|肯塔基州|肯顿县|米切尔堡	United States|Kentucky|Kenton|Mitchell
美国|俄亥俄州|亨利县|拿破仑	United States|Ohio|Henry|Napoleon
美国|北卡罗来纳州|卡贝勒斯|坎纳波利斯	United States|North Carolina|Cabarrus|Kannapolis
美国|堪萨斯州|莱文沃思县|	United States|Kansas|Leavenworth|
美国|肯塔基州|普瓦斯基县|萨默塞特郡	United States|Kentucky|Pulaski|Somerset
美国|北卡罗来纳州|加斯顿|史丹利	United States|North Carolina|Gastonia|Stanly
美国|密苏里州|杰克逊县|格兰德维尤	United States|Missouri|Jackson|Grandview
美国|堪萨斯州|约翰逊县|史迪威	United States|Kansas|Johnson County|Stilwell
美国|南卡罗来纳州|狄龙县|	USA|South Carolina|Dillon County|
美国|俄亥俄州|霍尔姆斯县|莱克维尔	United States|Ohio|Holmes County|Lakeville
美国|密苏里州|杰克逊县|利斯萨米特	United States|Missouri|Jackson|Lee's Summit
美国|南卡罗来纳州|博福特县|布拉夫顿	United States|South Carolina|Beaufort|Bluffton
美国|南卡罗来纳州|乔治敦县|安德鲁斯	United States|South Carolina|Georgetown|Andrews
美国|宾夕法尼亚州|默瑟县|赫米蒂奇	United States|Pennsylvania|Mercer|Hermitage
美国|南卡罗来纳州|乔治敦县|帕利斯岛	United States|South Carolina|Georgetown|Pawleys Island
美国|密苏里州|克莱县|史密斯维尔	United States|Missouri|Clay|Smithville
美国|俄亥俄州|怀恩多特县|梧桐	United States|Ohio|Wyandot|Sycamore
美国|威斯康星州|波蒂奇县|阿特沃特镇	United States|Wisconsin|Portage|Almond
美国|北卡罗来纳州|约翰斯顿|四橡树	United States|North Carolina|Johnson|Four Oaks
美国|俄亥俄州|沃伦县|	United States|Ohio|Warren|
美国|北卡罗来纳州|卡贝勒斯|康科德	United States|North Carolina|Cabarrus|Concord
美国|俄亥俄州|汉考克县|福斯托里亚	UnitedStates|Ohio|Hancock|Findlay
美国|俄亥俄州|罗斯县|奇利科西	United States|Ohio|Ross|Chillicothe
美国|南卡罗来纳州|达令敦县|	United States|South Carolina|Darlington|
美国|俄亥俄州|梅迪纳县|洛迪	United States|Ohio|Medina|Lodi
美国|俄亥俄州|休伦县|新伦敦	United States|Ohio|Huron|New London
美国|俄亥俄州|富兰克林县|洛克本	United States|Erie|Franklin|Rockburn
美国|俄亥俄州|波蒂奇县|肯特郡	United States|Ohio|Portage|Kent
美国|俄亥俄州|富尔顿县|沃森	United States|Ohio|Fulton County|Wauseon
美国|俄亥俄州|里奇兰县|曼斯菲尔德	USA|Ohio|Richland|Mansfield
美国|宾夕法尼亚州|伊利县|东北	United States|Pennsylvania|Erie|Northeast
美国|俄亥俄州|里奇兰县|谢尔比	United States|Ohio|Richland|Shelby
美国|俄亥俄州|莱克县|门托	United States|Ohio|Lake|Mentor
美国|俄亥俄州|阿士塔布拉县|	United States|Ohio|Ashtabula|
美国|田纳西州|奥拜恩县|南富尔顿	United States|Tennessee|Obion|South Fulton
美国|俄亥俄州|罗蓝县|	United States|Ohio|Lorain|
美国|俄亥俄州|杜伦巴尔县|科特兰	USA|Ohio|Dublin|Cortland
美国|宾夕法尼亚州|亚当斯县|富兰克林	United States|Pennsylvania|Adams|Franklin
美国|俄亥俄州|休伦县|威拉德	United States|Ohio|Huron|Willard
美国|俄亥俄州|凯霍加县|比奇伍德	United States|Ohio|Cuyahoga|Beachwood
美国|俄亥俄州|伊利县|弗米利恩	United States|Ohio|Erie|Vermilion
美国|俄亥俄州|萨米特县|凯霍加瀑布	United States|Ohio|Summit|Cuyahoga Falls
美国|俄亥俄州|斯塔克县|坎顿	United States|Ohio|Stark|Canton
美国|俄亥俄州|凯霍加县|北奥尔姆斯特德	United States|Ohio|Cuyahoga|North Olmsted
美国|西弗吉尼亚州|哈里森县|克拉克斯堡	United States|West Virginia|Harrison|Clarksburg
美国|俄亥俄州|阿士塔布拉县|康尼奥特	United States|Ohio|Ashtabula|Conneaut
美国|俄亥俄州|塔斯卡罗瓦斯县|玻利瓦尔	United States|Ohio|Tuscarawas|Bolivar
美国|宾夕法尼亚州|伊利县|尤宁城	United States|Pennsylvania|Erie County|Union City
美国|俄亥俄州|阿什兰县|波尔克	United States|Ohio|Ashland|Polk
美国|宾夕法尼亚州|默瑟县|格林维尔	United States|Pennsylvania|Mercer|Greenville
美国|肯塔基州|布恩县|佛罗伦斯	United States|Kentucky|Boone|Florence
美国|俄亥俄州|波蒂奇县|曼图亚	United States|Ohio|Portage|Mantua
美国|俄亥俄州|霍尔姆斯县|米勒斯堡	USA|Ohio|Holmes|Millersburg
美国|肯塔基州|麦迪逊县|伯里亚	United States|Kentucky|Madison|Berea
美国|俄亥俄州|凯霍加县|林德赫斯特	United States|Ohio|Cuyahoga|Lyndhurst
美国|俄亥俄州|奥格莱塞县|瓦帕科内塔	United States|Ohio|Auglaize|Wapakoneta
美国|俄亥俄州|渥太华县|	United States|Ohio|Ottawa|
美国|俄亥俄州|派克县|韦弗利	United States|Ohio|Pickaway|Waverly
美国|俄亥俄州|桑达斯基县|克莱德	United States|Ohio|Sandusky|Clyde
美国|俄亥俄州|赛欧托县|朴茨茅斯	United States|Ohio|Scioto|Portsmouth
美国|俄亥俄州|杜伦巴尔县|沃伦	United States|Ohio|Tlwa|Wooland
美国|俄亥俄州|默瑟县|冷水	United States|Ohio|Mercer|Coldwater
美国|亚拉巴马州|休斯敦|多森	United States|Alabama|Houston|Dothan
美国|俄亥俄州|杜伦巴尔县|牛顿瀑布	United States|Ohio|Tuscarawas|Newcomerstown
美国|俄亥俄州|莫罗县|吉利德山	United States|Ohio|Monroe|Mount Gilead
美国|俄亥俄州|哈丁县|肯顿	United States|Ohio|Hardin|Kenton
美国|俄亥俄州|特拉华县|	United States|Ohio|Troy|
美国|亚拉巴马州|科菲|恩特普赖斯	United States|Alabama|Coffee|Enterprise
美国|俄亥俄州|犹尼昂县|马里斯维尔	USA|Ohio|Union County|Marysville
美国|俄亥俄州|迪法恩斯县|	United States|Ohio|Defiance|
美国|威斯康星州|沃尔沃思县|日内瓦湖城	United States|Wisconsin|Waushara|Geneva Lake
美国|俄亥俄州|桑达斯基县|弗里蒙特	United States|Ohio|Sandusky|Fremont
美国|俄亥俄州|利金县|帕塔萨拉	United States|Ohio|Licking|Pataskala
美国|肯塔基州|格雷夫斯县|梅菲尔德	United States|Kentucky|Graves|Mayfield
美国|纽约州|哥伦比亚|查塔姆	United States|New York|Columbia|Chattam
加拿大|安大略省|哈密尔顿|哈密尔顿	Canada|Ontario|Hamilton|Hamilton
美国|肯塔基州|诺克斯县|巴伯维尔	United States|Kentucky|Knox|Barbourville
美国|俄亥俄州|桑达斯基县|吉布森堡	United States|Ohio|Sandusky County|Gibsonburg
美国|俄亥俄州|诺克斯县|弗农山	United States|Ohio|Knox|Mount Vernon
美国|加利福尼亚州|圣贝纳迪诺|巴斯托	United States|California|San Bernardino|Basto
美国|俄亥俄州|克劳福德县|加利恩	United States|Ohio|Clermont|Goshen
美国|俄亥俄州|范沃特县|	United States|Ohio|Van Wert|
美国|科罗拉多州|阿拉珀霍|奥罗拉	United States|Colorado|Las Animas|Olathe
美国|肯塔基州|伍德福德县|凡尔赛	USA|Kentucky|Woodford|Versailles
美国|俄亥俄州|利金县|纽瓦克	USA|Ohio|Licking|Newark
巴哈马|||	Bahamas|||
加拿大|安大略省|艾塞克斯|温莎	Ottawa||Toronto|
美国|俄亥俄州|匹克威县|瑟克尔维尔	United States|Ohio|Pickaway|Circleville
美国|俄亥俄州|亨利县|德什勒	USA|Ohio|Henry|Deshler
美国|田纳西州||	United States|Tennessee||
美国|威斯康星州|拉辛县|	United States|Wisconsin|Racine|
美国|纽约州|奥奈达|维也纳	United States|New York|Oneida|Vienna
美国|俄亥俄州|伍德县|鲍灵格林	United States|Ohio|Wood|Bowling Green
美国|俄亥俄州|费耶特县|华盛顿法院大楼	United States|Ohio|Fayette|Washington Court House
美国|俄亥俄州|保尔丁县|	United States|Ohio|Bourbon|
美国|宾夕法尼亚州||	United States|Pennsylvania||
美国|纽约州|奥齐戈|	United States|New York|Oswego|
美国|俄亥俄州|萨米特县|里奇菲尔德	United States|Ohio|Summit|Richfield
美国|俄亥俄州|华盛顿县|沃特福德	United States|Ohio|Washington|Waterford
美国|俄亥俄州|汉考克县|芬德利	United States|Ohio|Hancock|Findlay
美国|威斯康星州|布朗县|格林贝	United States|Wisconsin|Brown|Green Bay
美国|纽约州|拿骚|牡蛎湾	United States|New York|Suffolk|Southold
美国|威斯康星州|密尔瓦基县|南密尔沃基	United States|Wisconsin|Milwaukee|South Milwaukee
美国|威斯康星州|沃基肖县|布鲁克菲尔德	United States|Wisconsin|Waukesha|Brookfield
美国|佛蒙特州|拉特兰县|拉特兰	United States|Vermont|Rutland|Rutland
美国|威斯康星州|沃基肖县|德拉菲尔德	United States|Wisconsin|Waukesha|Delafield
美国|科罗拉多州|圣米格尔|特柳赖德	United States|Colorado|San Miguel|Telluride
美国|威斯康星州|奥佐基县|锡达堡	United States|Wisconsin|Ozaukee|Sidaburg
美国|威斯康星州|密尔瓦基县|格林菲尔德	United States|Wisconsin|Milwaukee|Greenfield
美国|亚利桑那州|尤马|圣路易斯	United States|Arizona|Yuma|St. Louis
美国|加利福尼亚州|克恩|拉蒙特	United States|California|Kern|Lamont
美国|威斯康星州|布朗县|迪皮尔	United States|Wisconsin|Brown|De Pere
美国|纽约州|奥农多加|奥蒂斯科	United States|New York|Onondaga|Otisaco
美国|威斯康星州|温纳贝戈县|奥什科什	United States|Wisconsin|Winnebago|Oshkosh
美国|加利福尼亚州|洛杉矶|圣费尔南多	United States|California|Los Angeles|San Fernando
美国|加利福尼亚州|因皮里尔|加利西哥	United States|California|Imperial|Calexico
美国|威斯康星州|沃基肖县|默顿	United States|Wisconsin|Waukesha|Merton
美国|科罗拉多州|甘尼森|	United States|Colorado|Gunnison|
美国|威斯康星州|温纳贝戈县|尼纳	United States|Wisconsin|Winnebago|Nina
美国|俄亥俄州|富兰克林县|希利亚德	United States|Ohio|Franklin|Hilliard
美国|威斯康星州|沃基肖县|马斯基戈	United States|Wisconsin|Waukesha|Muskego
美国|威斯康星州|布朗县|霍兰	United States|Wisconsin|Brown|Holland
美国|威斯康星州|马里内特县|	United States|Wisconsin|Marinette|
美国|明尼苏达州||	United States|Minnesota||
美国|肯塔基州|犹尼昂县|摩根菲尔德	United States|Kentucky|Union|Morganfield
美国|俄亥俄州|汉密尔顿县|马德拉	United States|Ohio|Hamilton|Madera
美国|威斯康星州|拉辛县|约克维尔	United States|Wisconsin|Racine|Yorkville
美国|威斯康星州|沃基肖县|北普雷里	United States|Wisconsin|Waukesha|North Prairie
美国|印第安纳州|维哥|特雷霍特	United States|Indiana|Vigo|Terre Haute
美国|威斯康星州|沃基肖县|新柏林	United States|Wisconsin|Waukesha|New Berlin
美国|威斯康星州|密尔瓦基县|	United States|Wisconsin|Milwaukee|
美国|威斯康星州|卡柳梅特县|阿普尔顿	United States|Wisconsin|Calumet|Appleton
美国|纽约州|安大略|法明顿	United States|New York|Ontario|Farmington
美国|肯塔基州|默瑟县|哈罗德斯堡	United States|Kentucky|Mercer|Harrodsburg
美国|俄亥俄州|特拉华县|韦斯特维尔	United States|Ohio|Tuscarawas County|Westville
美国|威斯康星州|沃基肖县|梅诺莫尼福尔斯	United States|Wisconsin|Waukesha County|Menomonee Falls
美国|肯塔基州|克里斯琴县|霍普金斯维尔	United States|Kentucky|Christian|Hopkinsville
美国|加利福尼亚州|因皮里尔|	United States|California|Imperial|
美国|威斯康星州|拉辛县|伯灵顿	United States|Wisconsin|Racine|Burlington
美国|纽约州|伦塞勒|沙格蒂克	USA|New York|Lansingburgh|Schaghticoke
美国|威斯康星州|沃基肖县|	United States|Wisconsin|Waukesha|
美国|纽约州|安大略|东布卢姆菲尔德	United States|New York|Onondaga|East Bloomfield
美国|纽约州|安大略|里士满	USA|New York|Ontario|Richmond
美国|纽约州|利文斯顿|利沃尼亚	United States|New York|Livingston|Livonia
美国|纽约州|怀俄明|佩里	United States|New York|Wyoming|Perry
美国|纽约州|怀俄明|阿凯德	United States|New York|Wyoming|Arkport
美国|肯塔基州|卡洛威县|默里	United States|Kentucky|Caldwell|Murray
美国|纽约州|利文斯顿|莱斯特	United States|New York|Lewiston|Lester
美国|纽约州|怀俄明|华沙	United States|New York|Wyoming|Warsaw
美国|纽约州|利文斯顿|泉水	United States|New York|Livingston|Springwater
美国|纽约州|奥尔巴尼|科霍斯	United States|New York|Albany|Cohoes
美国|纽约州|杰纳西|奥克菲尔德	United States|New York|Genesee|Oakfield
美国|纽约州|塞尼卡|洛迪	United States|New York|Seneca|Lodi
美国|纽约州|特拉华|哈姆登	United States|New York|Troy|Hamden
美国|缅因州|林肯县|韦斯特波特岛	United States|Maine|Lincoln|Vinalhaven
美国|纽约州|华盛顿|白厅	United States|New York|Washington|White Hall
美国|纽约州|奥奈达|沃特维尔	United States|New York State|Oneida|Waterville
美国|纽约州|特拉华|史丹福	United States|New York|Troy|Stamford
美国|纽约州|刘易斯|戴安娜	United States|New York|Lewis|Diana
美国|纽约州|利文斯顿|莫里斯山	United States|New York|Livingston|Morris
美国|纽约州|塞尼卡|科弗特	United States|New York|Seneca|Cayuga
美国|纽约州|杰纳西|亚历山大	United States|New York|Genesee|Alexander
美国|纽约州||	United States|New York||
美国|纽约州|哥伦比亚|安克拉姆代尔	United States|New York|Columbia|Ancrumdale
美国|缅因州|佩诺布斯科特县|奥灵顿	United States|Maine|Penobscot|Orington
美国|纽约州|华盛顿|哈德逊瀑布	USA|New York|Washington|Hudson Falls
美国|威斯康星州|华盛顿县|日耳曼敦	United States|Wisconsin|Washington County|Germantown
美国|纽约州|华盛顿|爱德华堡	United States|New York|Washington|Edinburgh
美国|密歇根州|杰纳西|巴索姆	United States|Michigan|Genesee|Burton
美国|纽约州|希南戈|北诺里奇	United States|New York|Hempstead|North Hempstead
美国|纽约州|希芒|艾琳	United States|New York|Hempstead|Elaine
美国|纽约州|尼亚加拉|罗尔顿	United States|New York|Niagara Falls|Lewiston
美国|纽约州|斯科哈里|萨米特	United States|New York|Schenectady|Schenectady
美国|纽约州|斯托本|酷克顿	United States|New York|Storrs|Cooks
美国|纽约州|华盛顿|塞勒姆	United States|New York|Washington|Salam
美国|纽约州|奥齐戈|埃德姆斯顿	United States|New York|Ozidge|Edmeston
美国|纽约州|肖托夸|布斯蒂	United States|New York|Schenectady|Busti
美国|纽约州|肖托夸|阿什维尔	United States|New York|Shawangunk|Accord
美国|缅因州|萨默塞特县|北安生	United States|Maine|Somerset|Anson
美国|纽约州|蒙哥马利|明登	United States|New York|Montgomery|Minden
美国|纽约州|科特兰|科特兰县	United States|New York|Cortland|Cortland
美国|纽约州|塞尼卡|奥维德	USA|New York|Seneca|Ovid
美国|缅因州|富兰克林县|怀曼	United States|Maine|Franklin|Wyman
美国|纽约州|希芒|	United States|New York|Hempstead|
美国|缅因州|华盛顿县|罗宾斯顿	United States|Maine|Washington|Robinston
美国|马萨诸塞州|伯克希尔县|欣斯代尔	United States|Massachusetts|Berkshire|Windsor
美国|纽约州|怀俄明|	United States|New York|Wyoming|
美国|纽约州|蒙哥马利|莫霍克	United States|New York|Montgomery|Mohawk
美国|缅因州|坎伯兰县|坎伯兰郡	United States|Maine|Cumberland|Cumberland
加拿大|萨斯喀彻温省||	Canada|Saskatchewan||
美国|纽约州|杰纳西|伯大尼	United States|New York|Jersey City|Bergen
美国|纽约州|斯凯勒|沃特金斯格伦	United States|New York|Schenectady|Watkins Glen
美国|佛罗里达州|皮尼拉斯县|克利尔沃特	United States|Florida|Pinellas|Clearwater
美国|佛罗里达州|马纳蒂县|埃伦顿	United States|Florida|Manatee|Ellenton
美国|纽约州|杰纳西|巴达维亚	United States|New York|Geneva|Buda
美国|纽约州|奥农多加|曼柳斯	United States|New York|Onondaga|Manlius
美国|纽约州|赫基默|索尔兹伯里	United States|New York|Herkimer|Salisbury
美国|佛罗里达州|皮尼拉斯县|达尼丁	United States|Florida|Pinellas|Dunedin
美国|纽约州|奥农多加|格德斯	United States|New York|Ontario|Geneva
美国|佛罗里达州|萨拉索塔县|	United States|Florida|Sarasota|
美国|佛罗里达州|波克县|奥本代尔	United States|Florida|Polk|Auburndale
美国|佛罗里达州|赫南多县|布鲁克斯	United States|Florida|Hernando|Brooksville
美国|佛罗里达州|锡特勒斯县|莱坎托	United States|Florida|Sitlers|LeCanto
美国|纽约州|埃塞克斯|萨拉纳克湖	United States|New York|Essex|Saranac Lake
美国|佛罗里达州|皮尼拉斯县|安全港	United States|Florida|Pinellas|Safety Harbor
美国|佛罗里达州|希尔斯伯勒县|庙台	United States|Florida|Hillsborough County|Temple Terrace
美国|佛罗里达州|皮尼拉斯县|塔彭斯普林斯	United States|Florida|Pinellas|Tampa Springs
美国|缅因州|佩诺布斯科特县|汉普登	USA|Maine|Penobscot|Hampden
美国|佛罗里达州|赫南多县|威基瓦奇	United States|Florida|Hernando|Weeki Wachee
美国|佛罗里达州|弗拉格勒县|棕榈海岸	United States|Florida|Flagler|Palm Coast
美国|佛罗里达州|皮尼拉斯县|塞米诺尔	United States|Florida|Pinellas|Seminole
美国|佛罗里达州|希尔斯伯勒县|普兰特城	United States|Florida|Hillsborough|Plant City
美国|佛罗里达州|希尔斯伯勒县|拉斯金	United States|Florida|Hillsborough|Laskin
美国|德克萨斯州|斯塔尔|里奥格兰德城	United States|Texas|Dallas|Rio Grande City
美国|佛罗里达州|沃卢西亚县|奥蒙德海滩	United States|Florida|Volusia|Ormond Beach
美国|佛罗里达州|塞米诺尔县|奥维耶多	United States|Florida|Seminole|Oviedo
美国|亚拉巴马州|杰尼瓦|斯洛克伯	United States|Alabama|Geneva|Slocomb
美国|佛罗里达州|布里瓦德县|墨尔本海滩	America|Florida|Brevard County|Melbourne Beach
美国|佛罗里达州|沃卢西亚县|德尔托纳	United States|Florida|Volusia|Deltona
美国|德克萨斯州|登顿|弗洛尔蒙特	United States|Texas|Denton|Flower Mound
美国|德克萨斯州|考德威尔|洛克哈特	United States|Texas|Cedar Hill|Lockhart
美国|德克萨斯州|冈萨雷斯|	United States|Texas|Corpus Christi|
美国|德克萨斯州|杰佛逊|内奇斯港	United States|Texas|Jefferson|Nechesport
美国|缅因州|汉考克县|蓝山	United States|Maine|Hancock|Blue Hill
美国|德克萨斯州|杰佛逊|阿瑟港	United States|Texas|Jefferson|Port Arthur
美国|佛罗里达州|沃卢西亚县|新士麦那海滩	United States|Florida|Volusia|New Smyrna Beach
美国|德克萨斯州|卡梅伦|拉古纳维斯塔	United States|Texas|Carmel|Laguna Vista
美国|佛罗里达州|帕斯科县|敖德萨	United States|Florida|Pasco|Odessa
美国|德克萨斯州|卡梅伦|洛斯弗雷斯诺斯	United States|Texas|Carmelo|Los Fresnos
美国|北卡罗来纳州|克里夫兰|沸腾泉	United States|North Carolina|Cleveland|Boiling Springs
美国|德克萨斯州|杰佛逊|内德兰	United States|Texas|Jefferson|Nederland
美国|佛罗里达州|马里恩县|奥卡拉	United States|Florida|Marion|Ocala
美国|佛罗里达州|塞米诺尔县|桑福德	United States|Florida|Seminole|Sanford
美国|德克萨斯州|塔兰特|贝德福德	United States|Texas|Tarrant|Bedford
美国|佛罗里达州|沃卢西亚县|埃济沃特	United States|Florida|Volusia|Edgewater
美国|佛罗里达州|塞米诺尔县|冬泉	United States|Florida|Seminole|Winter Springs
美国|北卡罗来纳州|罗金厄姆|	United States|North Carolina|Raleigh|
美国|佛罗里达州|布里瓦德县|梅里特岛	United States|Florida|Brevard|Merritt Island
美国|佛罗里达州|沃卢西亚县|代托纳比奇	United States|Florida|Volusia|Daytona Beach
美国|德克萨斯州|凯利斯比|弗雷德里克斯堡	United States|Texas|Killeen|Fort Hood
美国|佛罗里达州|马里恩县|贝尔维尤	United States|Florida|Marion|Belleview
美国|南卡罗来纳州|勒星顿县|勒星顿	United States|South Carolina|Lexington|Lexington
美国|佛罗里达州|锡特勒斯县|伊斯拉摩拉	United States|Florida|Citrus|Islamorada
美国|北卡罗来纳州|艾尔代尔|斯泰茨维尔	United States|North Carolina|Ayden|Statesville
美国|南卡罗来纳州|弗洛伦斯县|佛罗伦萨	USA|South Carolina|Florence|Florence
美国|北卡罗来纳州|布伦瑞克|海洋岛海滩	United States|North Carolina|Brunswick|Ocean Isle Beach
美国|德克萨斯州|特拉维斯|	United States|Texas|Travis|
美国|北卡罗来纳州|斯坦利|诺伍德	United States|North Carolina|Stanly|Norwood
美国|北卡罗来纳州|加斯顿|切里维尔	United States|North Carolina|Gaston|Cherryville
美国|北卡罗来纳州|尤宁|马什维尔	United States|North Carolina|Union|Marshville
美国|北卡罗来纳州|克里夫兰|朗代尔	United States|North Carolina|Cleveland|Randle
美国|德克萨斯州|努埃塞斯|科珀斯克里斯蒂	United States|Texas|Nueces|Corpus Christi
美国|德克萨斯州|吉姆韦尔斯|爱丽丝	United States|Texas|Chimney Hill|Alice
美国|北卡罗来纳州|琼斯|梅斯维尔	United States|North Carolina|Charlotte|Mint Hill
美国|德克萨斯州|埃尔帕索|索科罗	United States|Texas|El Paso|Socorro
美国|北卡罗来纳州|安森|瓦德斯伯勒	United States|North Carolina|Asheville|Woodsboro
美国|南卡罗来纳州|约克县|约克	United States|South Carolina|York County|York
美国|北卡罗来纳州|帕姆利科|阿莱恩斯	United States|North Carolina|Pamlico|Alliance
美国|德克萨斯州|科林|普林斯顿	United States|Texas|Collin|Plains
美国|北卡罗来纳州|福赛斯|维也纳	United States|North Carolina|Forsyth|Vienna
美国|北卡罗来纳州|罗金厄姆|温特沃斯	United States|North Carolina|Raleigh|Wake
美国|德克萨斯州|韦布|拉雷多	USA|Texas|Waco|Laredo
美国|北卡罗来纳州|斯坦利|奥克伯勒	United States|North Carolina|Stanly|Oakboro
美国|马里兰州||	United States|Maryland||
美国|北卡罗来纳州|韦克|新山	United States|North Carolina|Wake|New Hill
美国|印第安纳州|格兰特|马里恩	United States|Indiana|Grant|Marion
美国|纽约州|皇后|长岛城	United States|New York|Queens|Long Island City
美国|印第安纳州|汉密尔顿|卡梅尔	United States|Indiana|Hamilton|Carmel
美国|北卡罗来纳州|威尔逊|威尔逊	United States|North Carolina|Wilson|Wilson
美国|纽约州|哥伦比亚|希尔斯代尔	United States|New York|Columbia|Hillsdale
美国|北卡罗来纳州|富兰克林|富兰克林顿	United States|North Carolina|Franklin|Franklin
美国|纽约州|奥兰治|米德尔敦	United States|New York|Orange|Middletown
美国|纽约州|萨拉托加|巴尔斯顿斯帕	United States|New York|Saratoga|Ballston Spa
美国|纽约州|斯科哈里|莎伦斯普林斯	United States|New York|Schenectady|Saron Springs
美国|佛罗里达州|希尔斯伯勒县|里弗维尤	United States|Florida|Hillsborough|Riverview
美国|纽约州|杰纳西|巴索姆	United States|New York|Geneva|Bath
美国|纽约州|布鲁姆|巴克	United States|New York|Brooklyn|Bushwick
美国|佛罗里达州|布里瓦德县|圣约翰港	United States|Florida|Broward|Port Saint John
美国|纽约州|赫基默|利特佛斯	United States|New York|Herkimer|Little Falls
美国|纽约州|奥尔良|谢尔比	United States|New York|Olean|Sherby
美国|佛罗里达州|布里瓦德县|维埃拉	United States|Florida|Brevard|Viera
美国|德克萨斯州|圣帕特里西奥|波特兰	United States|Texas|San Antonio|Portland
美国|德克萨斯州||	United States|Texas||
美国|纽约州|安大略|曼彻斯特	United States|New York|Ontario|Manchester
美国|内布拉斯加州|普拉特|哥伦布	United States|Nebraska|Platte|Columbus
美国|佛罗里达州|奥兰治县|松树堡	United States|Florida|Orange|Pine Castle
美国|佛罗里达州|奥兰治县|派恩希尔斯	United States|Florida|Orange|Pine Hills
美国|内布拉斯加州|兰开斯特|林肯	United States|Nebraska|Lincoln|Lincoln
美国|宾夕法尼亚州|约克县|富兰克林	United States|Pennsylvania|York|Franklin
美国|纽约州|韦恩|萨凡纳	United States|New York|Wayne|Savannah
美国|缅因州|佩诺布斯科特县|爱丁顿	United States|Maine|Penobscot|Eddington
美国|加利福尼亚州|橙|橙市	United States|California|Orange|Orange
美国|威斯康星州|希博伊根县|普利茅斯	United States|Wisconsin|Hibbing|Primorsky
美国|纽约州|利文斯顿|雅芳	United States|New York|Livinston|Yasson
美国|内布拉斯加州|约克县|	United States|Nebraska|York|
美国|俄亥俄州|费尔菲尔德县|	United States|Ohio|Fairfield|
美国|马萨诸塞州|伯克希尔县|新马尔堡	United States|Massachusetts|Berkshire|New Marlborough
美国|俄亥俄州|沃伦县|富兰克林	United States|Ohio|Warren|Franklin
美国|德克萨斯州|达拉斯|梅斯基特	United States|Texas|Dallas|Mesquite
美国|佛罗里达州|希尔斯伯勒县|瓦尔里科	United States|Florida|Hillsborough|Valrico
美国|内布拉斯加州|苏厄德|	United States|Nebraska|Sioux City|
美国|缅因州|佩诺布斯科特县|林肯	United States|Maine|Penobscot|Lincoln
美国|内布拉斯加州|道奇|弗里蒙特	United States|Nebraska|Dodge|Fremont
美国|肯塔基州|博伊尔县|丹维尔	United States|Kentucky|Boone|Danville
美国|俄亥俄州|洛根县|贝尔方丹	United States|Ohio|Logan|Bellefontaine
美国|田纳西州|哈德曼县|玻利瓦尔	United States|Tennessee|Hardeman|Bolivar
美国|肯塔基州|杰萨曼县|尼古拉斯维尔	United States|Kentucky|Jessamine|Nicholasville
美国|缅因州|阿鲁斯图克县|圣阿加莎	United States|Maine|Aroostook|Saint Agatha
美国|北卡罗来纳州|福赛斯|阿伯特溪镇区	United States|North Carolina|Fayetteville|Aberdeen
美国|威斯康星州|基诺沙县|帕多克湖	United States|Wisconsin|Kenosha|Paddock Lake
美国|内布拉斯加州|尼马哈|奥本	United States|Nebraska|Nemaha|Auburn
美国|乔治亚州|亨利|斯托克布里奇	United States|Georgia|Henry|Stockbridge
美国|马萨诸塞州|汉普登县|奇科皮	United States|Massachusetts|Hampden|Chicopee
美国|俄亥俄州|桑达斯基县|绿泉	United States|Ohio|Sandusky County|Green Springs
美国|俄亥俄州|汉密尔顿县|	United States|Ohio|Hamilton|
美国|威斯康星州|奥康托县|	United States|Wisconsin|Oconto County|
美国|乔治亚州|霍尔|盖恩斯维尔	United States|Georgia|Hall|Gainesville
美国|肯塔基州|布利特县|谢泼兹维尔	United States|Kentucky|Breathitt|Hazard
美国|密苏里州|圣路易斯县|尤里卡	United States|Missouri|Saint Louis|Eureka
美国|肯塔基州|诺特县|埃马莱纳	United States|Kentucky|Knott County|Emmalena
美国|乔治亚州|格威内特|糖山	United States|Georgia|Gwinnett|Sugar Hill
美国|乔治亚州||	USA|Georgia||
美国|乔治亚州|卡罗尔|卡罗尔顿	United States|Georgia|Carroll|Carrollton
美国|佛罗里达州||	United States|Florida||
美国|北卡罗来纳州|布伦瑞克|史密斯维尔镇区	United States|North Carolina|Brunswick|Smithville Township
美国|印第安纳州|杰佛逊|麦迪逊	United States|Indiana|Jeffersonville|Medison
美国|乔治亚州|考维塔|纽南	United States|Georgia|Covington|Newton
美国|亚拉巴马州|钱伯斯|山谷	United States|Alabama|Chambers|Valley
美国|乔治亚州|惠特菲尔德|道尔顿	United States|Georgia|Whitfield|Dalton
美国|俄亥俄州|莱克县|康科德镇区	United States|Ohio|Lake|Concord Township
美国|乔治亚州|马斯科吉|哥伦布	United States|Georgia|Moscow|Columbus
美国|乔治亚州|雅典－克拉克|雅典	United States|Georgia|Athens-Clarke|Athens
美国|马萨诸塞州|伍斯特县|北牛津	United States|Massachusetts|Worcester|Northbridge
美国|北卡罗来纳州|斯托克斯|国王	United States|North Carolina|Stockton|King
美国|印第安纳州|马里昂|	United States|Indiana|Marion|
美国|田纳西州|普特南县|库克维尔	United States|Tennessee|Putnam County|Cookeville
美国|马萨诸塞州|伍斯特县|伍斯特	United States|Massachusetts|Worcester|Worcester
美国|康涅狄格州|利奇菲尔德县|温彻斯特	United States|Connecticut|Litchfield|Winchester
美国|康涅狄格州|费尔菲尔德县|纽敦	United States|Connecticut|Fairfield|Newtown
美国|田纳西州|布拉德利县|克利夫兰	United States|Tennessee|Bradley|Cleveland
美国|北卡罗来纳州|兰道夫|阿奇代尔	United States|North Carolina|Raleigh|Apex
美国|乔治亚州|鲍德温|米尔奇维尔	United States|Georgia|Bowdon|Mountville
美国|田纳西州|沙利文县|布朗特维尔	United States|Tennessee|Shelby|Bartlett
美国|田纳西州|卡罗尔县|麦肯齐	United States|Tennessee|Carroll|McKenzie
美国|田纳西州|布朗特县|玛丽维尔	United States|Tennessee|Blount|Maryville
美国|田纳西州|汉布伦县|莫里斯敦	United States|Tennessee|Humboldt|Morristown
美国|乔治亚州|格威内特|苏万尼	United States|Georgia|Gwinnett|Suwanee
加拿大|安大略省||	Canada|Ontario||
美国|爱达荷州|库特奈县|波斯特福尔斯	United States|Idaho|Kootenai|Post Falls
美国|华盛顿州|惠特曼|普尔曼	United States|Washington|Whitman|Pullman
美国|密苏里州||	United States|Missouri||
美国|田纳西州|麦迪逊县|杰克逊	United States|Tennessee|Madison|Jackson
美国|堪萨斯州||	United States|Kansas||
美国|马萨诸塞州|伍斯特县|南桥	United States|Massachusetts|Worcester|Southbridge
美国|爱达荷州|库特奈县|达琳	United States|Idaho|Kootenai|Dalene
美国|马萨诸塞州|布里斯托尔县|韦斯特波特	United States|Massachusetts|Bristol|Westport
美国|康涅狄格州|温德姆县|阿什福德	United States|Connecticut|Windham|Ashford
美国|田纳西州|蒙哥马利县|克拉克斯维尔	United States|Tennessee|Monroe County|Clarksville
美国|马萨诸塞州|伍斯特县|	United States|Massachusetts|Worcester|
美国|田纳西州|摩利县|哥伦比亚	United States|Tennessee|Maury|Columbia
美国|纽约州|克林顿|阿尔托纳	United States|New York|Clinton|Altona
美国|马萨诸塞州|米德尔塞克斯县|佩珀尔	United States|Massachusetts|Middlesex|Peperell
美国|康涅狄格州|利奇菲尔德县|新米尔福德	United States|Connecticut|Litchfield|New Milford
美国|北卡罗来纳州||	United States|North Carolina||
美国|德克萨斯州|科罗拉多|阿利顿	United States|Texas|Colorado|Alton
美国|马萨诸塞州|伍斯特县|格拉夫顿	United States|Massachusetts|Worcester|Grafton
美国|新泽西州|哈德逊|北伯根	United States|New Jersey|Hudson|North Bergen
美国|威斯康星州|多尔县|杰克逊波特	United States|Wisconsin|Door|Jacksonport
美国|马萨诸塞州|伍斯特县|牛津	United States|Massachusetts|Worcester|Newton
美国|威斯康星州|希博伊根县|	United States|Wisconsin|Sheboygan|
美国|宾夕法尼亚州|巴特勒县|巴特勒	United States|Pennsylvania|Butler|Butler
美国|明尼苏达州|圣路易县|布卢明顿	United States|Minnesota|Saint Louis|Bloomington
美国|威斯康星州|契皮瓦县|欧克莱尔	United States|Wisconsin|Chippewa|Oakdale
美国|田纳西州|科菲县|曼彻斯特	United States|Tennessee|Coffee|Manchester
美国|马萨诸塞州|伍斯特县|普林斯顿	United States|Massachusetts|Worcester|Princeton
美国|威斯康星州|戴恩县|马佐梅尼	United States|Wisconsin|Dane|Mazomanie
美国|明尼苏达州|莱昂县|马歇尔	United States|Minnesota|Lyon|Marshall
美国|明尼苏达州|道格拉斯县|亚历山大	United States|Minnesota|Douglas|Alexandria
美国|明尼苏达州|托德县|斯泰普尔斯	United States|Minnesota|Todd|Staples
美国|威斯康星州|波蒂奇县|史蒂文斯波因特	United States|Wisconsin|Portage County|Stevens Point
美国|南卡罗来纳州|安德森县|安德森	United States|South Carolina|Anderson County|Anderson
美国|明尼苏达州|克罗温县|百特	United States|Minnesota|Crow Wing|Bait
美国|威斯康星州|丰迪拉克县|	United States|Wisconsin|Fond du Lac|
美国|威斯康星州|道奇县|朱诺	United States|Wisconsin|Dodge|Juneau
美国|明尼苏达州|斯蒂尔县|奥瓦通纳	United States|Minnesota|Steele|Owatonna
美国|南卡罗来纳州|格林维尔县|辛普森维尔	United States|South Carolina|Greenville|Simpsonville
美国|德克萨斯州|海斯|温伯利地区	United States|Texas|Hays|Wimberley
美国|密歇根州|德尔塔|埃斯卡纳巴	United States|Michigan|Delta|Escanaba
美国|威斯康星州|马拉松县|沃索	United States|Wisconsin|Marathon|Wausau
美国|爱达荷州|拉特县|莫斯科	United States|Idaho|Latah|Moscow
美国|威斯康星州|沃尔沃思县|德拉文	United States|Wisconsin|Walworth County|Darien
美国|佛蒙特州|喀里多尼亚县|圣约翰斯伯里	United States|Vermont|Caledonia|Saint Johnsbury
美国|威斯康星州|罗克县|和谐镇	United States|Wisconsin|Rock|Harmony
美国|威斯康星州|爱阿华县|道奇维尔	United States|Wisconsin|Waupaca|Dodgeville
美国|田纳西州|塞维尔县|塞维尔维尔	USA|Tennessee|Sevier|Sevierville
美国|威斯康星州|道奇县|沃特敦	United States|Wisconsin|Dodge|Watertown
美国|伊利诺伊州|温纳贝戈|罗斯科	United States|Illinois|Winnebago|Roscoe
美国|佛蒙特州|喀里多尼亚县|丹维尔	United States|Vermont|Caledonia County|Danville
美国|南卡罗来纳州|安德森县|	United States|South Carolina|Anderson|
美国|北卡罗来纳州|海伍德|韦恩斯维尔	United States|North Carolina|Howard|Winston-Salem
美国|南卡罗来纳州|格林维尔县|	United States|South Carolina|Greenville|
美国|德克萨斯州|萨帕塔|	United States|Texas|San Antonio|
美国|北卡罗来纳州|林肯|林肯顿	United States|North Carolina|Lincoln|Lincoln
美国|北卡罗来纳州|卡托巴|山胡桃木	United States|North Carolina|Catawba|Hickory
美国|南卡罗来纳州|斯帕坦堡县|	United States|South Carolina|Spartanburg|
美国|南卡罗来纳州|皮肯斯县|伊斯利	United States|South Carolina|Pickens|Easley
美国|北卡罗来纳州|沃托加|布恩	USA|North Carolina|Raleigh|Buncombe
美国|北卡罗来纳州|威尔克斯|北威尔克斯伯勒	United States|North Carolina|Wilkes|North Wilkesboro
美国|南卡罗来纳州|斯帕坦堡县|斯帕坦堡	United States|South Carolina|Spartanburg|Spartanburg
美国|北卡罗来纳州|班康|韦弗维尔	United States|North Carolina|Buncombe|Weaverville
美国|田纳西州|哈丁县|萨凡纳	United States|Tennessee|Hardin|Savannah
美国|北卡罗来纳州|卡托巴|谢里尔斯·福特	United States|North Carolina|Catawba|Sherrills Ford
美国|南卡罗来纳州|格林维尔县|格里尔	United States|South Carolina|Greenville|Green
美国|北卡罗来纳州|考德威尔|勒诺瓦	United States|North Carolina|Caldwell|Lenoir
美国|路易斯安那州|坦吉帕霍阿|罗伯特	United States|Louisiana|Tangipahoa|Robert
美国|北卡罗来纳州|麦克道威|马里恩	United States|North Carolina|Mackay|Marion
美国|北卡罗来纳州|帕森|罗克斯伯勒	United States|North Carolina|Parson|Roxboro
美国|亚拉巴马州|谢尔比|蒙特瓦洛	United States|Alabama|Shelby|Montevallo
美国|明尼苏达州|斯特恩斯县|怀特公园	United States|Minnesota|Stearns|Whitman Park
美国|亚拉巴马州|杰斐逊|胡佛	United States|Alabama|Jefferson|Hoover
美国|弗吉尼亚州|萨福克|	United States|Virginia|Suffolk|
美国|亚拉巴马州|卡尔洪|皮埃蒙特	United States|Alabama|Calhoun|Piedmont
美国|亚拉巴马州|塔拉普萨|亚历山大城	United States|Alabama|Tallapoosa|Alexander City
美国|南卡罗来纳州|斯帕坦堡县|莱曼	United States|South Carolina|Spartanburg|Lyman
美国|路易斯安那州|圣坦曼尼|斯莱德尔	United States|Louisiana|Saint Tammany|Slidell
美国|亚拉巴马州|摩根|迪凯特	United States|Alabama|Morgan|Decatur
美国|亚拉巴马州|马歇尔|甘特斯维尔	United States|Alabama|Mobile|Gadsden
美国|路易斯安那州|坦吉帕霍阿|哈蒙德	United States|Louisiana|Tangipahoa|Hammond
美国|德克萨斯州|埃尔帕索|法本斯	United States|Texas|El Paso|Fabens
美国|亚拉巴马州|卡尔曼|	United States|Alabama|Calman|
美国|北卡罗来纳州|伯克|摩根顿	United States|North Carolina|Burke|Morganton
美国|田纳西州|马里昂县|碧玉	United States|Tennessee|Marion|Jade
美国|田纳西州|威尔逊县|莱巴嫩	United States|Tennessee|Williamson|Leiper
美国|亚拉巴马州|钱伯斯|拉内特	United States|Alabama|Chambers|Lanett
美国|亚拉巴马州|杰斐逊|利兹	United States|Alabama|Jefferson|Leeds
美国|密苏里州|圣路易斯县|	United States|Missouri|Saint Louis|
美国|亚拉巴马州|杰斐逊|加登	United States|Alabama|Jefferson|Gardendale
美国|亚拉巴马州|塔斯卡卢萨|诺斯波特	United States|Alabama|Tuscaloosa|Northport
美国|北卡罗来纳州|戴尔|波浪	United States|North Carolina|Dare|Bogue
美国|乔治亚州|特鲁普|拉格兰奇	United States|Georgia|Troup|LaGrange
美国|北卡罗来纳州|哈利法克斯|罗阿诺克急流	United States|North Carolina|Haliwa-Saponi|Roanoke Rapids
美国|亚拉巴马州|迪卡尔布|佩恩堡	United States|Alabama|Decatur|Pembroke
美国|内布拉斯加州|卡尼|	United States|Nebraska|Kearney|
美国|内布拉斯加州|霍尔|大岛	United States|Nebraska|Hall|Grand Island
美国|德克萨斯州|尤瓦尔迪|萨比纳尔	United States|Texas|Uvalde|Sabinal
美国|北卡罗来纳州|戴尔|曼蒂奥	United States|North Carolina|Durham|Manteo
美国|乔治亚州|科布|士麦那	United States|Georgia|Kob|Shimla
美国|亚拉巴马州|利|欧佩莱卡	United States|Alabama|Lee|Opelika
美国|德克萨斯州|达拉斯|科佩尔	United States|Texas|Dallas|Coppell
美国|田纳西州|杰克逊县|	United States|Tennessee|Jackson|
美国|加利福尼亚州|文图拉|菲尔莫尔	United States|California|Ventura|Fillmore
美国|德克萨斯州|来弗欧克|	United States|Texas|Lubbock|
美国|内布拉斯加州|斯科茨布拉夫|斯科茨布拉夫	United States|Nebraska|Scottsbluff|Scottsbluff
美国|北卡罗来纳州|哈尼特|布伊斯溪	United States|North Carolina|Harnett|Buies Creek
美国|内布拉斯加州|萨皮|斯普林菲尔德	United States|Nebraska|Sarpy|Springfield
美国|北卡罗来纳州|昂斯洛|冬青岭	United States|North Carolina|Apex|
美国|德克萨斯州|特拉维斯|庄园	USA|Texas|Travis|Zhuangyuan
美国|亚拉巴马州|沃克|碧玉	United States|Alabama|Work|Jade
美国|德克萨斯州|伯尼特|斯派斯伍德	United States|Texas|Burnet|Spicewood
美国|德克萨斯州|鲍伊|毛德	United States|Texas|Boise|Maud
美国|北卡罗来纳州|葛兰姆|	United States|North Carolina|Graham|
美国|北卡罗来纳州|布伦瑞克|供应	United States|North Carolina|Brunswick|Supply
美国|北卡罗来纳州|罗伯逊|马克斯顿	United States|North Carolina|Robbins|Maxston
美国|威斯康星州|皮尔斯县|塞勒姆	United States|Wisconsin|Pierce|Salem
美国|南卡罗来纳州|艾肯县|艾肯	United States|South Carolina|Aiken|Aiken
美国|肯塔基州|犹尼昂县|	United States|Kentucky|Union|
美国|北卡罗来纳州|梅克伦堡|戴维森	USA|North Carolina|Charlotte|Davidson
美国|纽约州|皇后|罗卡韦公园	United States|New York|Queens|Rockaway Park
美国|内布拉斯加州|水牛|卡尼	United States|Nebraska|Vernon|Kearney
美国|德克萨斯州|杰斯帕|	United States|Texas|Jasper|
美国|德克萨斯州|达拉斯|罗莱特	United States|Texas|Dallas|Rowlett
美国|俄亥俄州|梅迪纳县|塞维利亚	United States|Ohio|Medina|Seville
美国|威斯康星州|拉辛县|联合格罗夫	United States|Wisconsin|Racine|Union Grove
美国|威斯康星州|密尔瓦基县|奥克里克	United States|Wisconsin|Milwaukee|Oak Creek
美国|威斯康星州|希博伊根县|兰登湖	United States|Wisconsin|Sheboygan|Randall Lake
美国|威斯康星州|拉辛县|沃特福德	United States|Wisconsin|Racine|Waterford
美国|北卡罗来纳州|戴维|高级	United States|North Carolina|Davi|Gaoji
美国|威斯康星州|奥佐基县|格拉夫顿	United States|Wisconsin|Ozaukee|Grafton
美国|威斯康星州|奥塔加米县|格林维尔	United States|Wisconsin|Outagamie|Greenville
美国|纽约州|皇后|科尔尔点	United States|New York|Queens|College Point
美国|威斯康星州|沃基肖县|哈特兰	United States|Wisconsin|Waukesha|Hartland
美国|德克萨斯州|尤瓦尔迪|乌瓦尔德	United States|Texas|Uvalde|Uvalde
美国|俄亥俄州|罗蓝县|雅芳湖	United States|Ohio|Lorain|Sheffield Lake
美国|北卡罗来纳州|万斯|亨德森	United States|North Carolina|Wars|Henderson
美国|德克萨斯州|奥兰治|奥兰治	United States|Texas|Orange|Orange
美国|德克萨斯州|富兰克林|芒特弗农	United States|Texas|Franklin|Mount Vernon
美国|北卡罗来纳州|坎伯兰|希望米尔斯	United States|North Carolina|Cumberland|Hope Mills
美国俄亥俄州|莱克县|康科德|	Ohio|Lake County|Concord|
美国|德克萨斯州|冈萨雷斯|冈萨雷斯	United States|Texas|Corpus Christi|Corpus Christi
美国|北卡罗来纳州|吉尔福德|麦克莱恩斯维尔	United States|North Carolina|Guildford|McLeansville
美国|德克萨斯州|比尔|康弗斯	United States|Texas|Bil|Converse
美国|德克萨斯州|海斯|德里平斯普林斯	United States|Texas|Hays|Dripping Springs
美国|德克萨斯州|史密斯|威诺纳	United States|Texas|Smith|Wenona
美国|密苏里州|开普吉拉多县|	United States|Missouri|Cape Girardeau|
美国|德克萨斯州|帕克|韦瑟福德	United States|Texas|Fort Worth|Weatherford
美国|威斯康星州|沃基肖县|萨塞克斯	United States|Wisconsin|Waukesha County|Saukville
美国|内布拉斯加州|林肯|北普拉特	United States|Nebraska|Lincoln|North Platte
美国|威斯康星州|拉辛县|拉辛	United States|Wisconsin|Racine|Racine
美国|德克萨斯州|埃利斯|沃克西哈奇	United States|Texas|Ellis|Waxahachie
美国|内布拉斯加州|基斯|奥加拉拉	United States|Nebraska|Keith|Ogallala
美国|内布拉斯加州|道森|科扎德	United States|Nebraska|Dawson|Cozad
美国|德克萨斯州|达拉斯|西戈维尔	United States|Texas|Dallas|Westgrove
美国|德克萨斯州|约翰逊|克利本	United States|Texas|Johnson|Cleburne
美国|密歇根州|马斯基根|怀特河	United States|Michigan|Muskegon|White River
美国|德克萨斯州|瓜达卢佩|谢茨	USA|Texas|Guadalupe|Schertz
美国|内布拉斯加州|夏延|西德尼	United States|Nebraska|Xia Yan|West Denni
美国|密歇根州|大特拉弗斯|特拉弗斯城	United States|Michigan|Detroit|Traverse City
美国|宾夕法尼亚州|伊利县|伊利	United States|Pennsylvania|Erie|Erie
美国|德克萨斯州|胡德|格兰伯里	United States|Texas|Hood|Granbury
美国|密歇根州|埃米特|佩托斯基	United States|Michigan|Emmett|Petoskey
美国|密歇根州|卡拉马祖|	United States|Michigan|Kalamazoo|
美国|德克萨斯州|塔兰特|凯勒	United States|Texas|Dallas|Tarrant
美国|德克萨斯州|登顿|	United States|Texas|Denton|
美国|德克萨斯州|特拉维斯|曼查卡	United States|Texas|Travis|Manchaca
美国|密歇根州|萨吉诺|	United States|Mackinac|Saginaw|
美国|密歇根州|奥克兰|牛津	United States|Michigan|Oakland|New Troy
美国|密歇根州|杰纳西|戴维森	United States|Michigan|Janet|Davison
美国|密歇根州|肯特|罗克福德	United States|Michigan|Kent|Rockford
美国|密歇根州|渥太华|荷兰	United States|Michigan|Holland|Holland
美国|密歇根州|契皮瓦|苏圣玛丽	United States|Michigan|Cheboygan|Sault Sainte Marie
美国|密歇根州|贝|贝城	United States|Michigan|Bay|Bay City
美国|密歇根州|渥太华|阿伦代尔	United States|Michigan|Detroit|Allendale
美国|密歇根州|韦克斯福德|卡迪拉克	United States|Michigan|Wexford|Cadillac
美国|密歇根州|马尼斯蒂|	USA|Michigan|Menominee|
美国|密歇根州|阿勒根|	United States|Michigan|Algon|
美国|密歇根州|蒙卡尔姆|格林维尔	United States|Michigan|Moncalm|Greenville
美国|密歇根州|米科斯塔|大急流城	United States|Michigan|Muskegon|Muskegon Heights
美国|密歇根州|巴里|米德尔维尔	United States|Michigan|Barry|Middleville
美国|密歇根州|布兰奇|冷水	United States|Michigan|Branch|Coldwater
美国|密歇根州|门罗|	United States|Michigan|Monroe|
美国|德克萨斯州|麦克伦南|中国泉	United States|Texas|McAllen|China Grove
美国|密歇根州|伊莎贝拉|芒特普莱森特	United States|Michigan|Isabella|Mount Pleasant
美国|弗吉尼亚州|阿可麦克县|阿科马克	United States|Virginia|Accomack|Accomack
美国|密歇根州|夏厄沃西|奥沃索	United States|Michigan|Charlotte|Owosso
美国|加利福尼亚州|蒙特雷|格林菲尔德	United States|California|Monterey|Greenfield
美国|密歇根州|卡拉马祖|卡拉马祖	United States|Michigan|Kalamazoo|Kalamazoo
美国|密歇根州|安特里姆|曼塞洛纳	United States|Michigan|Antrim|Mancelona
美国|加利福尼亚州|斯坦尼斯劳斯|特洛克	United States|California|Stanislaus|Turlock
美国|密歇根州|渥太华|大避风港	United States|Michigan|Detroit|Grand Haven
美国|密歇根州|梅森|拉丁顿	United States|Michigan|Mason|Ludington
美国|密歇根州|艾奥斯科|奥斯科达	United States|Michigan|Eosco|Oscoda
美国|密歇根州|杰纳西|芬顿	United States|Michigan|Genesee|Fenton
美国|内华达州|米纳勒尔|霍索恩	United States|Nevada|Mineral|Hawthorne
美国|加利福尼亚州|河滨|	United States|California|Riverside|
美国|内华达州|丘吉尔|法伦	United States|Nevada|Churchill|Fallon
美国|加利福尼亚州|圣克拉拉|吉尔罗伊	United States|California|Santa Clara|Gilroy
美国|加利福尼亚州|圣克鲁斯|沃森维尔	United States|California|Santa Cruz|Watsonville
美国|加利福尼亚州|圣华金|埃斯卡隆	United States|California|San Jose|Escalon
美国|密歇根州|拉皮尔|	USA|Michigan|Lapeer|
美国|马里兰州|索美塞特|克里斯菲尔德	United States|Maryland|Somerset|Crisfield
美国|加利福尼亚州|沙斯塔|安德森	United States|California|Chasta|Anderson
美国|加利福尼亚州|圣路易斯－奥比斯波|	United States|California|San Luis Obispo|
美国|加利福尼亚州|图莱里|波特维尔	USA|California|Tulare|Porterville
美国|内华达州|道格拉斯|加德纳维尔	United States|Nevada|Douglas|Gardnerville
美国|加利福尼亚州|洛杉矶|阿苏萨	United States|California|Los Angeles|Azusa
美国|内华达州|卡森城|	United States|Nevada|Carson City|
美国|加利福尼亚州|圣路易斯－奥比斯波|阿塔斯卡德罗	United States|California|San Luis Obispo|Atascadero
美国|密歇根州|阿尔皮纳|	United States|Michigan|Alpena|
美国|密歇根州|罗斯康芒|圣海伦	United States|Michigan|Roscommon|Saint Helen
美国|加利福尼亚州|圣贝尼托|圣胡安包蒂斯塔	United States|California|San Bernardino|San Juan Bautista
美国|乔治亚州|波克|锡达敦	United States|Georgia|Polk|Cedartown
美国|内华达州|莱昂|银泉	United States|Nevada|Reno|Silver Spring
美国|内华达州|莱昂|耶灵顿	United States|Nevada|Lyon|Yerington
美国|加利福尼亚州|圣贝纳迪诺|希斯皮里亚	United States|California|San Bernardino|Hesperia
美国|德克萨斯州|塔兰特|北里奇兰希尔斯	United States|Texas|Dallas|Richardson
美国|内华达州|卡森城|卡森城	United States|Nevada|Carson City|Carson City
美国|加利福尼亚州|金斯|阿维纳尔	United States|California|Kings|Avenal
美国|加利福尼亚州|洛杉矶|长滩	United States|California|Los Angeles|Long Beach
美国|威斯康星州|巴伦县|赖斯莱克	United States|Wisconsin|Barron|Rice Lake
美国|加利福尼亚州|洛杉矶|西柯汶纳	United States|California|Los Angeles|West Covina
美国|加利福尼亚州|洛杉矶|诺沃克	United States|California|Los Angeles|Norwalk
美国|亚拉巴马州|卡尔曼|卡尔曼	United States|Alabama|Calman|Calman
美国|威斯康星州|波尔克县|梳妆台	United States|Wisconsin|Polk|Dresser
美国|密歇根州|马凯特|尼戈尼	United States|Michigan|Mackinaw City|Mackinaw
美国|德克萨斯州|蒙哥马利|康罗	United States|Texas|Montegomery|Conroe
美国|乔治亚州|阿普森|托马斯顿	United States|Georgia|Athens|Thomaston
美国|德克萨斯州|罗克沃尔|	USA|Texas|Rockwall|
美国|德克萨斯州|登顿|登顿	United States|Texas|Denton|Denton
美国|加利福尼亚州|洛杉矶|蒙特利公园	United States|California|Los Angeles|Monterey Park
美国|密歇根州|霍顿|	United States|Michigan|Houghton|
美国|密苏里州|富兰克林县|沙利文	United States|Missouri|Franklin|Sullivan
美国|乔治亚州|劳伦斯|都柏林	United States|Georgia|Lawrenceville|Duluth
美国|威斯康星州|希博伊根县|希博伊根	United States|Wisconsin|Sheboygan|Sheboygan
美国|威斯康星州|罗克县|米尔顿	United States|Wisconsin|Rock|Milton
美国|北卡罗来纳州|勒诺|	United States|North Carolina|Lennox|
美国|密歇根州|阿尔皮纳|阿尔皮纳	United States|Michigan|Alpena|Alpena
美国|加利福尼亚州|克恩|加利福尼亚城	United States|California|Kern|California City
美国|威斯康星州|朗格拉德县|安蒂戈	United States|Wisconsin|Langlade|Antigo
美国|密歇根州|戈吉比克|铁木	United States|Michigan|Gogebic|Ironwood
美国|亚拉巴马州|蒙哥马利|蒙哥马利	United States|Alabama|Montgomery|Montgomery
美国|威斯康星州|韦勒斯县|伊格尔里弗	United States|Wisconsin|Waukesha|Eagle River
美国|威斯康星州|朱诺县|	United States|Wisconsin|Juneau|
美国|密歇根州|罗斯康芒|里奇菲尔德	United States|Michigan|Roscommon|Richfield
美国|密歇根州|利文斯顿|格林代尔	United States|Michigan|Livonia|Greenvale
美国|加利福尼亚州|圣贝纳迪诺|大熊湖	United States|California|San Bernardino|Big Bear Lake
美国|加利福尼亚州|圣贝纳迪诺|箭头湖	United States|California|San Bernardino|Arrowhead Lake
美国|加利福尼亚州|河滨|里弗赛德	United States|California|Riverside|Riverside
美国|密歇根州|夏利华|博因城	United States|Michigan|Charlotte|Boyne City
美国|威斯康星州|亚士兰县|	United States|Wisconsin|Ashland|
美国|华盛顿州|本顿|肯纳威克	United States|Washington|Benton|Kennewick
美国|俄勒冈州|约瑟芬县|格兰茨帕斯	United States|Oregon|Josephine|Grants Pass
美国|路易斯安那州|圣坦曼尼|卡温顿	United States|Louisiana|Saint Tammany|Covington
美国|纽约州|皇后|法洛克威	United States|New York|Queens|Flushing
美国|路易斯安那州|拉斐特|蒂博	United States|Louisiana|Lafayette|Thibodaux
美国|俄勒冈州|哈尼县|伯恩斯	United States|Oregon|Honey|Burns
美国|密歇根州||	United States|Michigan||
美国|密歇根州|门罗|门罗	United States|Michigan|Monroe|Monroe
美国|密歇根州|马尼斯蒂|马尼斯蒂	United States|Michigan|Manistee|Manistee
美国|威斯康星州|索耶县|海沃德	United States|Wisconsin|Sawyer|Hayward
美国|威斯康星州|泰勒县|梅德福	United States|Wisconsin|Taylor|Medford
美国|密歇根州|拉皮尔|拉皮尔	United States|Michigan|Lapeer|Lapeer
美国|德克萨斯州|罗克沃尔|罗克沃尔	United States|Texas|Rockwall|Rockwall
美国|威斯康星州|沃沙拉县|沃托马	United States|Wisconsin|Waushara|Wautoma
美国|密歇根州|萨吉诺|萨吉诺	United States|Michigan|Saginaw|Saginaw
美国|华盛顿州|亚基马|	United States|Washington|Yakima|
美国|威斯康星州|沃基肖县|沃基肖	United States|Wisconsin|Waukesha|Waukesha
美国|华盛顿州|奥卡诺根|奥马克	United States|Washington|Okanogan|Omak
美国|俄亥俄州|富兰克林县|富兰克林镇区	United States|Ohio|Franklin|Franklin Township
美国|威斯康星州|罗克县|克林顿	United States|Wisconsin|Rock|Clinton
美国|威斯康星州|布朗县|荷兰	USA|Wisconsin|Brown|Holland
美国|北卡罗来纳州|哈尼特|尼尔斯溪镇-布伊斯溪	United States|North Carolina|Harnett|Lillington
美国|华盛顿州|奥卡诺根|古力坝	United States|Washington|Okanogan|Omak
美国|华盛顿州|帕西菲克|长滩	United States|Washington|Pasco|Long Beach
美国|俄勒冈州|库斯县|库斯湾	United States|Oregon|Coos|Coos Bay
美国|密歇根州|奥斯科达|	United States|Michigan|Oscoda|
美国|俄勒冈州|杰克逊县|梅德福	United States|Oregon|Jackson|Medford
美国|俄勒冈州|沃斯科县|达勒斯	United States|Oregon|Wasco|Dalles
美国|华盛顿州|史蒂文斯|科尔维尔	United States|Washington|Stevens|Colville
美国|俄勒冈州|莱克县|莱克维尤	United States|Oregon|Lake|Lakeview
美国|俄勒冈州|蒂拉穆克县|	United States|Oregon|Tillamook|
美国|俄勒冈州|克拉特索普县|沃伦顿	United States|Oregon|Clatsop|Warrenton
美国|俄勒冈州|犹尼昂县|拉格兰德	United States|Oregon|Union|Lagrande
美国|华盛顿州|瓦拉瓦拉|	United States|Washington|Walla Walla|
美国|俄勒冈州|林肯县|林肯市	United States|Oregon|Lincoln|Lincoln City
美国|乔治亚州|牛顿|卡温顿	United States|Georgia|Newton|Covington
美国|俄勒冈州|克拉马斯县|克拉马斯瀑布	United States|Oregon|Klamath|Klamath Falls
美国|俄勒冈州|雷恩县|佛罗伦斯	United States|Oregon|Lane|Florence
美国|俄亥俄州|雅典县|雅典	United States|Ohio|Athens|Athens
美国|俄勒冈州|贝克县|贝克市	United States|Oregon|Baker|Baker City
美国|华盛顿州|亚基马|桑尼赛德	United States|Washington|Issaquah|Sunnyside
美国|华盛顿州|奇兰|韦纳奇	United States|Washington|Chelan|Wenatchee
美国|加利福尼亚州|德尔诺特|克雷森特城	United States|California|Delnorte|Crescent City
美国|密歇根州|迪金森|铁山	United States|Michigan|Dearborn|Iron Mountain
加拿大|新斯科舍省||	Canada|Nova Scotia||
美国|路易斯安那州|圣兰德|奥珀卢萨斯	United States|Louisiana|Saint Landry|Opelousas
美国|华盛顿州|基蒂塔斯|埃伦斯堡	United States|Washington|Kittitas|Ellensburg
美国|阿拉斯加州||	United States|Alaska||
美国|密苏里州|圣查尔斯县|奥法伦	United States|Missouri|St. Charles|O'Fallon
美国|佛罗里达州|布劳沃德县|	United States|Florida|Broward|
美国|南卡罗来纳州|安德森县|贝尔顿	United States|South Carolina|Anderson|Belton
美国|俄勒冈州|雷恩县|科蒂奇格罗夫	United States|Oregon|Lake|Kotich Grove
中国|重庆|重庆|巴南区	China|Chongqing|Chongqing|Banan
美国|华盛顿州||	United States|Washington||
美国|密歇根州|阿勒根|阿勒根	United States|Michigan|Allegan|Allegan
美国|俄勒冈州|道格拉斯县|罗斯堡	United States|Oregon|Douglas|Roseburg
美国|俄勒冈州|波尔克县|达拉斯	United States|Oregon|Polk|Dallas
美国|德克萨斯州|麦克伦南|麦格雷戈	United States|Texas|McAllen|McGregor
美国|明尼苏达州|赖特县|圣迈克尔	United States|Minnesota|Le Sueur|St. Michael
中国|重庆|重庆|璧山区	China|Chongqing|Chongqing|Bishan
美国|北卡罗来纳州|彭德|汉普斯特德	United States|North Carolina|Pender|Hampstead
美国|明尼苏达州|舍本县|麋鹿河	United States|Minnesota|Sherburne|Elk River
美国|密苏里州|圣查尔斯县|科特维尔	United States|Missouri|Saint Charles|Cottonville
中国|重庆|重庆|黔江区	China|Chongqing|Chongqing|Qianjiang
中国|湖北|武汉|武昌区	China|Hubei|Wuhan|Wuchang
巴哈马|新普罗维登斯岛||	Bahamas|New Providence||
中国|湖北|武汉|汉阳区	China|Hubei|Wuhan|Hanyang
中国|湖北|武汉|洪山区	China|Hubei|Wuhan|Hongshan
中国|重庆|重庆|忠县	China|Chongqing|Chongqing|Zhongxian
中国|重庆|重庆|九龙坡区	China|Chongqing|Chongqing|Jiulongpo
中国|重庆|重庆|大足区	China|Chongqing|Chongqing|Dazu
美国|密歇根州|奥克兰|南里昂	United States|Michigan|Oakland|South Lyon
中国|重庆|重庆|秀山土家族苗族自治县	China|Chongqing|Chongqing|Xiushan Tujia and Miao Autonomous County
中国|湖北|黄石|铁山区	China|Hubei|Huangshi|Tieshan
中国|湖北|荆州|洪湖市	China|Hubei|Jingzhou|Honghu
中国|湖北|黄冈|	China|Hubei|Huanggang|
中国|湖北|荆州|监利市	China|Hubei|Jingzhou|Jianli
美国|密苏里州|圣查尔斯县|文茨维尔	United States|Missouri|Saint Charles County|Wentzville
中国|湖北|黄冈|武穴市	China|Hubei|Huanggang|Wuxue
中国|湖北|襄阳|襄州区	China|Hubei|Xiangyang|Xiangzhou
中国|湖北|襄阳|南漳县	China|Hubei|Xiangyang|Nanzhang
中国|湖北|武汉|江夏区	China|Hubei|Wuhan|Jiangxia
中国|湖北|襄阳|谷城县	China|Hubei|Xiangyang|Gucheng
中国|湖北|黄石|	China|Hubei|Huangshi|
中国|湖北|荆州|公安县	China|Hubei|Jingzhou|Gong'an
中国|湖北|襄阳|	China|Hubei|Xiangyang|
中国|湖北|孝感|	China|Hubei|Xiaogan|
中国|湖北|孝感|孝昌县	China|Hubei|Xiaogan|Xiaochang
中国|湖北|孝感|汉川市	China|Hubei|Xiaogan|Hanchuan
中国|湖北|恩施|	China|Hubei|Enshi|
中国|湖北|宜昌|	China|Hubei|Yichang|
中国|湖北|黄冈|蕲春县	China|Hubei|Huanggang|Qichun
中国|湖北|宜昌|远安县	China|Hubei|Yichang|Yuan'an
中国|湖北|荆州|	China|Hubei|Jingzhou|
中国|湖北|宜昌|西陵区	China|Hubei|Yichang|Xiling
中国|湖北|十堰|竹溪县	China|Hubei|Shiyan|Zhuxi
中国|湖北|黄石|阳新县	China|Hubei|Huangshi|Yangxin
中国|湖北|咸宁|崇阳县	China|Hubei|Xianning|Chongyang
中国|湖北|咸宁|赤壁市	China|Hubei|Xianning|Chibi
中国|湖北|恩施|宣恩县	China|Hubei|Enshi|Xuan'en
中国|湖北|咸宁|	China|Hubei|Xianning|
中国|湖北|荆门|	China|Hubei|Jingmen|
中国|湖北|十堰|张湾区	China|Hubei|Shiyan|Zhangwan
中国|湖北|黄冈|红安县	China|Hubei|Huanggang|Hong'an
中国|湖北|宜昌|夷陵区	China|Hubei|Yichang|Yiling
中国|湖北|恩施|咸丰县	China|Hubei|Enshi|Xianfeng
中国|湖北|黄冈|麻城市	China|Hubei|Huanggang|Macheng
中国|湖北|荆州|松滋市	China|Hubei|Jingzhou|Songzi
中国|湖北|十堰|茅箭区	China|Hubei|Shiyan|Maojian
中国|广东|湛江|麻章区	China|Guangdong|Zhanjiang|Mazhang
中国|湖北|孝感|应城市	China|Hubei|Xiaogan|Yingcheng
中国|广东|揭阳|普宁市	China|Guangdong|Jieyang|Puning
中国|湖北|十堰|	China|Hubei|Shiyan|
尼泊尔|||	Nepal|||
中国|广东|江门|台山市	China|Guangdong|Jiangmen|Taishan
中国|广东|江门|开平市	China|Guangdong|Jiangmen|Kaiping
中国|广东|江门|江海区	China|Guangdong|Jiangmen|Jianghai
中国|湖北|鄂州|	China|Hubei|Ezhou|
中国|湖北|荆门|掇刀区	China|Hubei|Jingmen|Duodao
中国|湖北|咸宁|嘉鱼县	China|Hubei|Xianning|Jiayu
中国|湖北|十堰|郧阳区	China|Hubei|Shiyan|Yunyang
中国|广东|肇庆|德庆县	China|Guangdong|Zhaoqing|Deqing
中国|湖北||	China|Hubei||
中国|广东|梅州|丰顺县	China|Guangdong|Meizhou|Fengshun
中国|广东|深圳|龙岗区	China|Guangdong|Shenzhen|Longgang
托克劳|||	Tokelau|||
中国|河北||	China|Hebei||
中国|西藏|昌都|	China|Tibet|Changdu|
中国|湖北|潜江|	China|Hubei|Qianjiang|
中国|西藏|日喀则|	China|Tibet|Shigatse|
中国|西藏||	China|Tibet||
瓦利斯和富图纳|||	Wallis and Futuna|||
中国|湖北|恩施|恩施市	China|Hubei|Enshi|Enshi
中国|广东|韶关|武江区	China|Guangdong|Shaoguan|Wujiang
中国|西藏|拉萨|	China|Tibet|Lhasa|
中国|西藏|林芝|	China|Xizang|Nyingchi|
中国|上海|上海|嘉定区	China|Shanghai|Shanghai|Jiading
中国|上海|上海|徐汇区	China|Shanghai|Shanghai|Xuhui
中国|河北|沧州|	China|Hebei|Cangzhou|
中国|河北|邢台|	China|Hebei|Xingtai|
中国|河北|保定|清苑区	China|Hebei|Baoding|Qingyuan
马尔代夫|||	Maldives|||
中国|福建|三明|	China|Fujian|Sanming|
中国|福建|南平|建阳区	China|Fujian|Nanping|Jianyang
中国|西藏|山南|	China|Xizang|Shannan|
中国|河北|保定|	China|Hebei|Baoding|
中国|福建|宁德|福安市	China|Fujian|Ningde|Fu'an
新喀里多尼亚|||	New Caledonia|||
中国|福建|南平|浦城县	China|Fujian|Nanping|Pucheng
中国|河北|保定|定州市	China|Hebei|Baoding|Dingzhou
中国|河北|邯郸|	China|Hebei|Handan|
中国|福建|福州|长乐区	China|Fujian|Fuzhou|Changle
斐济|||	Fei Ji|||
中国|河北|唐山|	China|Hebei|Tangshan|
中国|河北|衡水|	China|Hebei|Hengshui|
中国|福建|南平|顺昌县	China|Fujian|Nanping|Shunchang
中国|福建|莆田|仙游县	China|Fujian|Putian|Xianyou
中国|福建|泉州|晋江市	China|Fujian|Quanzhou|Jinjiang
中国|福建|南平|	China|Fujian|Nanping|
中国|福建|莆田|	China|Fujian|Putian|
中国|福建|泉州|永春县	China|Fujian|Quanzhou|Yongchun
中国|福建|泉州|德化县	China|Fujian|Quanzhou|Dehua
中国|西藏|那曲|	China|Xizang|Nagqu|
中国|福建|莆田|荔城区	China|Fujian|Putian|Licheng
中国|福建|宁德|周宁县	China|Fujian|Ningde|Zhouning
中国|福建|南平|武夷山市	China|Fujian|Nanping|Wuyishan
中国|福建|莆田|涵江区	China|Fujian|Putian|Hanjiang
中国|河北|衡水|武强县	China|Hebei|Hengshui|Wuqiang
中国|福建|漳州|东山县	China|Fujian|Zhangzhou|Dongshan
中国|福建|宁德|柘荣县	China|Fujian|Ningde|Zherong
中国|福建|福州|福清市	China|Fujian|Fuzhou|Fuqing
中国|福建|莆田|秀屿区	China|Fujian|Putian|Xiuyu
中国|上海|上海|长宁区	China|Shanghai|Shanghai|Changning
中国|福建|宁德|	China|Fujian|Ningde|
中国|河北|邯郸|成安县	China|Hebei|Handan|Cheng'an
中国|福建|莆田|城厢区	China|Fujian|Putian|Chengxiang
中国|福建|漳州|诏安县	China|Fujian|Zhangzhou|Zhao'an
中国|福建|宁德|霞浦县	China|Fujian|Ningde|Xiapu
中国|福建|泉州|	China|Fujian|Quanzhou|
中国|福建|漳州|漳浦县	China|Fujian|Zhangzhou|Zhangpu
中国|河北|保定|博野县	China|Hebei|Baoding|Boye
中国|河北|保定北市区|	China|Hebei|Baoding|
中国|河北|石家庄|灵寿县	China|Hebei|Shijiazhuang|Lingshou
中国|福建|漳州|	China|Fujian|Zhangzhou|
中国|河北|石家庄|长安区	China|Hebei|Shijiazhuang|Chang'an
中国|河北|保定|涿州市	China|Hebei|Baoding|Zhuozhou
中国|河北|邯郸|馆陶县	China|Hebei|Handan|Guantao
中国|福建|漳州|龙海市	China|Fujian|Zhangzhou|Longhai
中国|河北|邯郸|涉县	China|Hebei|Handan|Shexian
中国|河北|邯郸|广平县	China|Hebei|Handan|Guangping
中国|福建|漳州|平和县	China|Fujian|Zhangzhou|Pinghe
中国|北京|北京|石景山区	China|Beijing|Beijing|Shijingshan
中国|河北|邯郸|临漳县	China|Hebei|Handan|Linzhang
中国|河北|唐山|迁西县	China|Hebei|Tangshan|Qianxi
中国|河北|唐山|玉田县	China|Hebei|Tangshan|Yutian
中国|河北|邯郸|磁县	China|Hebei|Handan|Ci
中国|河北|唐山|迁安市	China|Hebei|Tangshan|Qian'an
中国|山东|潍坊|青州市	China|Shandong|Weifang|Qingzhou
中国|河北|保定|安国市	China|Hebei|Baoding|Anguo
中国|河北|廊坊|	China|Hebei|Langfang|
中国|河北|石家庄|辛集市	China|Hebei|Shijiazhuang|Xinji
中国|山东|青岛|平度市	China|Shandong|Qingdao|Pingdu
中国|河北|唐山|路南区	China|Hebei|Tangshan|Lunan
中国|福建|宁德|古田县	China|Fujian|Ningde|Gutian
中国|山东|潍坊|高密市	China|Shandong|Weifang|Gaomi
中国|福建|龙岩|	China|Fujian|Longyan|
中国|山东|潍坊|昌乐县	China|Shandong|Weifang|Changle
中国|河北|石家庄|鹿泉区	China|Hebei|Shijiazhuang|Luquan
中国|山东|青岛|胶州市	China|Shandong|Qingdao|Jiaozhou
中国|山东|烟台|莱州市	China|Shandong|Yantai|Laizhou
中国|山东|青岛|即墨区	China|Shandong|Qingdao|Jimo
中国|山东|潍坊|寿光市	China|Shandong|Weifang|Shouguang
中国|山东|滨州|	China|Shandong|Binzhou|
中国|山东|潍坊|诸城市	China|Shandong|Weifang|Zhucheng
中国|山东|淄博|淄川区	China|Shandong|Zibo|Zichuan
中国|山东|烟台|招远市	China|Shandong|Yantai|Zhaoyuan
中国|山东|潍坊|临朐县	China|Shandong|Weifang|Linqu
中国|山东|潍坊|安丘市	China|Shandong|Weifang|Anqiu
中国|山东|聊城|高唐县	China|Shandong|Liaocheng|Gaotang
中国|山东|聊城|阳谷县	China|Shandong|Liaocheng|Yanggu
中国|山东|淄博|张店区	China|Shandong|Zibo|Zhangdian
中国|山东|聊城|冠县	China|Shandong|Liaocheng|Guan
中国|山东|聊城|临清市	China|Shandong|Liaocheng|Linqing
中国|山东|泰安|	China|Shandong|Tai'an|
中国|山东||	China|Shandong||
中国|山东|烟台|龙口市	China|Shandong|Yantai|Longkou
中国|山东|淄博|沂源县	China|Shandong|Zibo|Yiyuan
中国|山东|聊城|	China|Shandong|Liaocheng|
中国|山东|滨州|邹平市	China|Shandong|Binzhou|Zouping
中国|山东|济宁|鱼台县	China|Shandong|Jining|Yutai
中国|山东|淄博|	China|Shandong|Zibo|
中国|山东|聊城|莘县	China|Shandong|Liaocheng|Shen
中国|山东|青岛胶南市|	China|Shandong|Jiaonan|
中国|山东|济宁|	China|Shandong|Jining|
中国|山东|济宁|嘉祥县	China|Shandong|Jining|Jiaxiang
中国|山东|临沂|沂水县	China|Shandong|Linyi|Yishui
中国|山东|淄博|博山区	China|Shandong|Zibo|Boshan
中国|山东|济宁|邹城市	China|Shandong|Jining|Zoucheng
中国|山东|临沂|费县	China|Shandong|Linyi|Fei
中国|山东|临沂苍山县|	China|Shandong|Linshu Cangshan|
中国|山东|泰安|新泰市	China|Shandong|Tai'an|Xintai
中国|山东|威海|文登区	China|Shandong|Weihai|Wendeng
中国|山东|烟台|牟平区	China|Shandong|Yantai|Muping
中国|山东|菏泽|曹县	China|Shandong|Heze|Caoxian
中国|山东|威海|	China|Shandong|Weihai|
中国|山东|临沂|	China|Shandong|Linyi|
中国|山东|菏泽|	China|Shandong|Heze|
中国|山东|济南|莱芜区	China|Shandong|Jinan|Laicheng
中国|山东|威海|荣成市	China|Shandong|Weihai|Rongcheng
中国|山东|泰安|宁阳县	China|Shandong|Tai'an|Ningyang
中国|山东|菏泽|定陶区	China|Shandong|Heze|Dingtao
中国|山东|泰安肥城县|	China|Shandong|Feicheng|
中国|山东|德州|德城区	China|Shandong|Dezhou|Decheng
中国|山东|枣庄|	China|Shandong|Zaozhuang|
中国|山东|东营|	China|Shandong|Dongying|
中国|山东|菏泽|单县	China|Shandong|Heze|Shanxian
中国|山东|烟台|莱阳市	China|Shandong|Yantai|Laiyang
中国|山东|烟台|蓬莱区	China|Shandong|Yantai|Penglai
中国|山东|泰安|东平县	China|Shandong|Tai'an|Dongping
中国|山东|菏泽|鄄城县	China|Shandong|Heze|Yuncheng
中国|山东|临沂|平邑县	China|Shandong|Linyi|Pingyi
中国|山东|济宁|兖州区	China|Shandong|Jining|Yanzhou
中国|山东德阳市||	China|Shandong||
中国|甘肃|天水|	China|Gansu|Tianshui|
中国|甘肃|定西|	China|Gansu|Dingxi|
中国|甘肃|陇南|成县	China|Gansu|Longnan|Cheng
中国|山东|聊城|东昌府区	China|Shandong|Liaocheng|Dongchangfu
中国|甘肃|甘南|	China|Gansu|Gannan|
中国|山东|德州|临邑县	China|Shandong|Dezhou|Linyi
中国|山东|青岛|莱西市	China|Shandong|Qingdao|Laixi
中国|甘肃|天水武山县|	China|Gansu|Wushan|
中国|山东|菏泽|郓城县	China|Shandong|Heze|Dongming
中国|山东|烟台|福山区	China|Shandong|Yantai|Fushan
中国|山东|威海|乳山市	China|Shandong|Weihai|Rushan
中国|山东|菏泽|东明县	China|Shandong|Heze|Dongming
中国|甘肃|白银|	China|Gansu|Baiyin|
中国|甘肃|陇南|礼县	China|Gansu|Longnan|Li
中国|山东|德州|齐河县	China|Shandong|Dezhou|Qihe
中国|甘肃|兰州|城关区	China|Gansu|Lanzhou|Chengguan
中国|山东|德州陵县|	China|Shandong|Lingxian|
中国|甘肃|酒泉|	China|Gansu|Jiuquan|
中国|山东|德州|夏津县	China|Shandong|Dezhou|Xiajin
中国|甘肃||	China|Gansu||
中国|山东|菏泽|巨野县	China|Shandong|Heze|Juye
中国|甘肃|天水|张家川回族自治县	China|Gansu|Tianshui|Zhangjiachuan
中国|甘肃|平凉|华亭市	China|Gansu|Pingliang|Huating
中国|甘肃|平凉|崆峒区	China|Gansu|Pingliang|Kongtong
中国|甘肃|临夏|	China|Gansu|Linxia|
中国|甘肃|定西|临洮县	China|Gansu|Dingxi|Lintao
中国|甘肃|平凉|	China|Gansu|Pingliang|
中国|甘肃|陇南|	China|Gansu|Longnan|
中国|甘肃|金昌|永昌县	China|Gansu|Jinchang|Yongchang
中国|甘肃|白银|平川区	China|Gansu|Baiyin|Pingchuan
中国|甘肃|嘉峪关|	China|Gansu|Jiyuguan|
中国|甘肃|天水|秦州区	China|Gansu|Tianshui|Qinzhou
中国|甘肃|天水|秦安县	China|Gansu|Tianshui|Qin'an
中国|甘肃|兰州|	China|Gansu|Lanzhou|
中国|甘肃|甘南|迭部县	China|Gansu|Gannan|Diebu
中国|甘肃|武威|民勤县	China|Gansu|Wuwei|Minle
中国|甘肃|武威|古浪县	China|Gansu|Wuwei|Gulang
中国|甘肃|庆阳|	China|Gansu|Qingyang|
中国|甘肃|临夏|和政县	China|Gansu|Linxia|Hezheng
以色列|海法区|阿拉拉|	Israel|Haifa|Arara|
中国|甘肃|武威|	China|Gansu|Wuwei|
中国|甘肃|张掖|	China|Gansu|Zhangye|
阿尔巴尼亚|||	Albania|||
中国|甘肃|张掖|山丹县	China|Gansu|Zhangye|Shandan
中国|甘肃|武威|凉州区	China|Gansu|Wuwei|Liangzhou
中国|甘肃|酒泉|敦煌市	China|Gansu|Jiuquan|Dunhuang
中国|甘肃|金昌|	China|Gansu|Jinchang|
中国|甘肃|酒泉|肃州区	China|Gansu|Jiuquan|Suzhou
美国|加利福尼亚州|康特拉科斯塔|阿卡拉内斯岭	United States|California|Contra Costa|Acralanes Ridge
中国|甘肃|白银|靖远县	China|Gansu|Baiyin|Jingyuan
美国|马萨诸塞州|普利茅斯县|阿宾顿	United States|Massachusetts|Plymouth|Abington
荷兰|乌得勒支省|艾瑟尔斯泰因|	Netherlands|Utrecht|Amersfoort|
中国|甘肃|平凉|静宁县	China|Gansu|Pingliang|Jingning
印度尼西亚|马鲁古省|安汶市|	Indonesia|Maluku|Ambon|
罗马尼亚|穆列什县|特尔古穆列什|	Romania|Mureș|Târgu Mureș|
中国|甘肃|天水|甘谷县	China|Gansu|Tianshui|Gangu
中国|香港|香港|	China|Hong Kong|Hong Kong|
乌兹别克斯坦|||	Uzbekistan|||
厄瓜多尔|瓜亚斯省|纳兰希托县|	Ecuador|Guayas|Naranjito|
中国|甘肃|酒泉|瓜州县	China|Gansu|Jiuquan|Guazhou
中国|甘肃|平凉|崇信县	China|Gansu|Pingliang|Chongxin
荷兰|弗里斯兰省|西南弗里斯兰|斯内克	Netherlands|Friesland|Southwest Friesland|Sneek
阿根廷|布宜诺斯艾利斯省||	Argentina|Buenos Aires||
意大利|坎帕尼亚|那不勒斯|诺拉	Italy|Campania|Naples|Nola
希腊|克里特|伊拉克利翁|	Greece|Crete|Iraklion|
德国|黑森州|林堡－魏尔堡县|兰河畔林堡	Germany|Hesse|Bergstraße|Bensheim
印度尼西亚|西爪哇省|茂物|	Indonesia|West Papua|Manokwari|
巴西|亚马孙州|马瑙斯|	Brazil|Amazonas|Manaus|
多米尼加共和国|巴尔韦德省|埃斯佩兰萨|	Dominican Republic|Bahoruco|Esperanza|
圣马力诺|||	San Marino|||
美国|阿肯色州|克劳福德|阿尔玛	United States|Arkansas|Cloverdale|Alma
美国|加利福尼亚州|洛杉矶|埃尔塞贡多	United States|California|Los Angeles|El Segundo
荷兰|林堡省|凯尔克拉德|	Netherlands|Limburg|Kerkrade|
波兰|波美拉尼亚省|格但斯克|	Poland|Pomerania|Gdansk|
美国|密苏里州|贝茨县|阿德里安	USA|Missouri|Bates|Adrian
美国|蒙大拿州|弗拉特黑德|卡利斯佩尔	United States|Montana|Flathead|Kalispell
美国|德克萨斯州|泰勒|阿比林	United States|Texas|Tyler|Abilene
黑山|||	Heishan|||
比利时|瓦隆大区|埃诺省|蒙斯区	Belgium|Wallonia|Hainaut|Mons
美国|科罗拉多州|拉普拉塔|杜兰戈	United States|Colorado|Pueblo|Durango
美国|弗吉尼亚州|高地县|蒙特雷	United States|Virginia|Highland|Monterey
泛播/谷歌云|||	Ban Bo/Google Cloud|||
英国|北爱尔兰|阿兹－北唐|纽敦纳兹	United Kingdom|Northern Ireland|Antrim and Newtownabbey|Newtownabbey
墨西哥|哈利斯科州|德戈利亚多|	Mexico|Hidalgo|Tepeji del Rio|
美国|蒙大拿州|黄石|比灵斯	United States|Montana|Yellowstone|Billings
美国|蒙大拿州|帕克|利文斯顿	United States|Montana|Park|Livingston
美国|科罗拉多州|蒙特罗斯|	United States|Colorado|Montrose|
美国|蒙大拿州|喀斯喀特|大瀑布城	United States|Montana|Cascade|Great Falls
美国|科罗拉多州|梅萨|大章克申	United States|Colorado|Mesa|Grand Junction
美国|密苏里州|奥德雷恩县|万达利亚	United States|Missouri|Odrain|Vandalia
新西兰|惠灵顿大区||	New Zealand|Wellington Region||
美国|艾奥瓦州|波特瓦特米县|康瑟尔布拉夫斯	United States|Iowa|Pottawattamie County|Council Bluffs
美国|科罗拉多州|阿拉莫萨|	United States|Colorado|Alamosa|
美国|怀俄明州|约翰逊|布法罗	United States|Wyoming|Johnson|Buffalo
英国|英格兰|什罗普郡|特尔福德	UK|England|Shropshire|Telford
美国|科罗拉多州|奥特罗|拉洪塔	United States|Colorado|Otero|La Junta
美国|科罗拉多州|韦尔法诺|沃尔森堡	United States|Colorado|Vail|Wolfsburg
美国|科罗拉多州|洛根|斯特林	United States|Colorado|Loveland|Sterling
美国|蒙大拿州|刘易斯与克拉克|赫勒拿	United States|Montana|Lewis and Clark|Helena
美国|蒙大拿州|莱克|波尔森	United States|Montana|Lake|Polson
秘鲁|利马省|利马|	Peru|Lima|Lima|
美国|科罗拉多州|查菲|萨利达	United States|Colorado|Chaffee|Salida
美国|蒙大拿州|斯威特格拉斯县|大廷伯	United States|Montana|Sweet Grass|Big Timber
美国|科罗拉多州|莱克|莱德维尔	United States|Colorado|Lake|Leadville
美国|怀俄明州|温泉|瑟莫波利斯	United States|Wyoming|Warm Springs|Demopolis
美国|蒙大拿州|鹿栈|阿纳康达	United States|Montana|Deer Lodge|Anaconda
美国|怀俄明州|提顿|杰克逊	United States|Wyoming|Teton|Jackson
美国|蒙大拿州|拉瓦利|汉密尔顿	United States|Montana|Ravalli|Hamilton
美国|蒙大拿州|银弓|比尤特	United States|Montana|Butte|Butte
美国|蒙大拿州|加拉廷|博兹曼市	United States|Montana|Gallatin|Bozeman
美国|怀俄明州|比格霍恩|贝森	United States|Wyoming|Big Horn|Basin
美国|怀俄明州|华谢基|沃兰	United States|Wyoming|Worland|
美国|怀俄明州|坎贝尔|吉列	United States|Wyoming|Campbell|Gillette
美国|怀俄明州|帕克|鲍威尔	United States|Wyoming|Park|Powell
美国|科罗拉多州|查菲|布埃纳文图拉	United States|Colorado|Chaffee|Buena Vista
美国|怀俄明州|谢里登|	United States|Wyoming|Sheridan|
美国|怀俄明州|纳特罗纳|卡斯珀	United States|Wyoming|Natorona|Casper
美国|科罗拉多州|里奥布兰科|米克	United States|Colorado|Loveland|Mick
美国|蒙大拿州|希尔|哈佛	United States|Montana|Helena|Havre
美国|科罗拉多州|丹佛|	United States|Colorado|Denver|
美国|蒙大拿州|冰川|卡特班克	United States|Montana|Ice|Carter Bank
美国|蒙大拿州|布莱恩|奇努克	United States|Montana|Bryan|Chinook
美国|科罗拉多州|摩根|摩根堡	United States|Colorado|Morgan|Fort Morgan
美国|蒙大拿州|米苏拉|	United States|Montana|Missoula|
美国|怀俄明州|奥尔巴尼|拉勒米	United States|Wyoming|Albany|Laramie
美国|华盛顿州|亚基马|雅基马	United States|Washington|Yakima|Yakima
美国|蒙大拿州|比弗黑德|迪龙	United States|Montana|Billings|Dillon
美国|华盛顿州|瓦拉瓦拉|瓦拉瓦拉	United States|Washington|Walla Walla|Walla Walla
美国|蒙大拿州|布罗特沃特|汤森	United States|Montana|BROTWOOD|Towson
美国|德克萨斯州|塔兰特|哈斯利特	United States|Texas|Tarrant|Haslet
美国|怀俄明州|卡本|罗林斯	United States|Wyoming|Carbon|Rawlins
美国|科罗拉多州|弗里蒙特|卡农城	United States|Colorado|Fremont|Canon City
美国|伊利诺伊州|麦迪逊|爱德华兹维尔	United States|Illinois|Madison|Edwardsville
美国|德克萨斯州|威廉松|泰勒	United States|Texas|Williamson|Taylor
美国|内布拉斯加州|苏厄德|苏厄德	United States|Nebraska|Sioux|Sioux
美国|德克萨斯州|登顿|贾斯廷	United States|Texas|Denton|Justin
美国|内布拉斯加州|林肯|	United States|Nebraska|Lincoln|
美国|佛罗里达州|奥兰治县|泽尔伍德	United States|Florida|Orange|Zellwood
美国|南卡罗来纳州|奥康尼县|塞内卡	United States|South Carolina|Oconee|Seneca
美国|内布拉斯加州|约克县|约克	United States|Nebraska|York|York
美国|蒙大拿州|加拉廷|贝尔格莱德	United States|Montana|Kalispell|Belgrade
美国|密苏里州|圣路易斯县|切斯特菲尔德	United States|Missouri|Saint Louis|Chesterfield
美国|怀俄明州|韦斯顿|纽卡斯尔	United States|Wyoming|Weston|Newcastle
美国|威斯康星州|多尔县|斯特金贝	United States|Wisconsin|Door|Sturgeon Bay
美国|北卡罗来纳州|哈尼特|利灵顿	United States|North Carolina|Harnett|Lillington
美国|北卡罗来纳州|卡托巴|谢里尔斯福特	United States|North Carolina|Catawba|Sherrills Ford
美国|怀俄明州|弗里蒙特|里弗顿	United States|Wyoming|Fremont|Riverton
美国|密歇根州|霍顿|霍顿	United States|Michigan|Houghton|Houghton
美国|科罗拉多州|里奥布兰科|兰芝利	United States|Colorado|Larimer|Longmont
美国|德克萨斯州|塔兰特|阿兹勒	United States|Texas|Tarrant|Azle
美国|佛罗里达州|皮尼拉斯县|棕榈港	United States|Florida|Pinellas|Palm Harbor
美国|科罗拉多州|阿拉莫萨|阿拉莫萨	USA|Colorado|Alamosa|Alamosa
美国|明尼苏达州|马歇尔县|	United States|Minnesota|Marshall|
美国|俄勒冈州|蒂拉穆克县|提拉穆克	United States|Oregon|Tillamook County|Tillamook
美国|蒙大拿州|米苏拉|米苏拉	United States|Montana|Missoula|Missoula
东帝汶|||	Dongdiwen|||
美国|堪萨斯州|莱文沃思县|勒罗伊	United States|Kansas|Leavenworth|Le Roy
美国|艾奥瓦州||	United States|Iowa||
美国|堪萨斯州|肖尼县|	United States|Kansas|Shawnee|
美国|佛罗里达州|马纳蒂县|埃连顿	United States|Florida|Manatee|Ellenton
美国|怀俄明州|拉勒米|	United States|Wyoming|Laramie|
美国|科罗拉多州|莫弗特|克雷格	United States|Colorado|Montrose|Crested Butte
美国|威斯康星州|戴恩县|沃纳基	United States|Wisconsin|Dane|Waunakee
美国|怀俄明州|谢里登|谢里登	United States|Wyoming|Sheridan|Sheridan
中国|海南|海口|	China|Hainan|Haikou|
美国|威斯康星州|亚士兰县|阿什兰	United States|Wisconsin|Ashland|Ashland
中国|海南|定安|	China|Hainan|Ding'an|
美国|加利福尼亚州|圣贝纳迪诺|克雷斯特公园	United States|California|San Bernardino|Crest Park
美国|佛罗里达州|塞米诺尔县|	United States|Florida|Seminole|
中国|安徽|芜湖|湾沚区	China|Anhui|Wuhu|Wanwan
中国|安徽|铜陵|	China|Anhui|Tongling|
中国|安徽|马鞍山|	China|Anhui|Ma'anshan|
中国|海南|文昌|	China|Hainan|Wenchang|
中国|安徽|蚌埠|	China|Anhui|Bengbu|
美国|北卡罗来纳州|沃托加|糖格罗夫	United States|North Carolina|Votaw|Sugar Grove
中国|安徽|芜湖|	China|Anhui|Wuhu|
美国|科罗拉多州|蒙特罗斯|蒙特罗斯	United States|Colorado|Montrose|Montrose
中国|安徽|池州|石台县	China|Anhui|Chizhou|Shitai
中国|安徽|宿州|	China|Anhui|Suzhou|
中国|安徽|阜阳|	China|Anhui|Fuyang|
美国|南卡罗来纳州|伯克利县|蒙克斯科纳	United States|South Carolina|Berkeley|Moncks Corner
美国|内布拉斯加州|盖奇|比阿特丽斯	United States|Nebraska|Gage|Beatrice
中国|安徽|马鞍山|当涂县	China|Anhui|Ma'anshan|Dangtu
荷兰|格罗宁根省|埃姆斯代尔塔|	Netherlands|Groningen|Emmen|
中国|安徽|黄山|	China|Anhui|Huangshan|
中国|安徽|合肥|蜀山区	China|Anhui|Hefei|Shushan
中国|安徽|安庆|	China|Anhui|Anqing|
中国|安徽|亳州|涡阳县	China|Anhui|Bozhou|Guoyang
中国|安徽|亳州|蒙城县	China|Anhui|Bozhou|Mengcheng
中国|安徽|六安|	China|Anhui|Lu'an|
中国|安徽|亳州|利辛县	China|Anhui|Bozhou|Lixin
中国|安徽|宣城|	China|Anhui|Xuancheng|
中国|安徽|亳州|	China|Anhui|Bozhou|
中国|安徽||	China|Anhui||
中国|安徽|淮南|	China|Anhui|Huainan|
中国|安徽|亳州|谯城区	China|Anhui|Bozhou|Qiaocheng
中国|浙江|衢州|	China|Zhejiang|Quzhou|
中国|浙江|宁波|北仑区	China|Zhejiang|Ningbo|Beilun
中国|安徽|合肥|肥西县	China|Anhui|Hefei|Feixi
中国|浙江|宁波|象山县	China|Zhejiang|Ningbo|Xiangshan
中国|安徽|宿州|砀山县	China|Anhui|Suzhou|Dangshan
中国|浙江|台州|椒江区	China|Zhejiang|Taizhou|Jiaojiang
中国|浙江|嘉兴|桐乡市	China|Zhejiang|Jiaxing|Tongxiang
中国|浙江|丽水|景宁畲族自治县	China|Zhejiang|Lishui|Jingning She Autonomous County
中国|浙江|宁波|宁海县	China|Zhejiang|Ningbo|Ninghai
中国|浙江|宁波|余姚市	China|Zhejiang|Ningbo|Yuyao
中国|浙江|杭州|萧山区	China|Zhejiang|Hangzhou|Xiaoshan
中国|浙江|杭州|滨江区	China|Zhejiang|Hangzhou|Binjiang
中国|浙江|嘉兴|南湖区	China|Zhejiang|Jiaxing|Nanhu
中国|浙江|湖州|	China|Zhejiang|Huzhou|
中国|浙江||	China|Zhejiang||
中国|安徽|合肥|包河区	China|Anhui|Hefei|Baohe
中国|陕西|西安|阎良区	China|Shaanxi|Xi'an|Yanliang
中国|陕西||	China|Shaanxi||
中国|浙江|金华|义乌市	China|Zhejiang|Jinhua|Yiwu
中国|安徽|合肥|巢湖市	China|Anhui|Hefei|Chaohu
中国|吉林|长春|	China|Jilin|Changchun|
中国|安徽|芜湖|繁昌区	China|Anhui|Wuhu|Fanchang
中国|安徽|宣城|宁国市	China|Anhui|Xuancheng|Ningguo
中国|陕西|榆林|米脂县	China|Shaanxi|Yulin|Mizhi
中国|安徽|淮北|	China|Anhui|Huaibei|
中国|陕西|渭南|韩城市	China|Shaanxi|Weinan|Hancheng
中国|安徽|黄山|歙县	China|Anhui|Huangshan|Shexian
中国|安徽|马鞍山|和县	China|Anhui|Ma'anshan|He
中国|陕西|榆林|榆阳区	China|Shaanxi|Yulin|Yuyang
中国|吉林|延边|图们市	China|Jilin|Yanbian|Tumen
中国|浙江|丽水|	China|Zhejiang|Lishui|
中国|安徽|芜湖|无为市	China|Anhui|Wuhu|Wuwei
中国|陕西|渭南|白水县	China|Shaanxi|Weinan|Baishui
中国|吉林|松原长领县|	China|Jilin|Songyuan Changling|
中国|陕西|宝鸡|陈仓区	China|Shaanxi|Baoji|Chencang
中国|浙江|金华|	China|Zhejiang|Jinhua|
中国|吉林|延边|	China|Jilin|Yanbian|
中国|吉林|辽源|	China|Jilin|Liaoyuan|
中国|陕西|咸阳|兴平市	China|Shaanxi|Xianyang|Xingping
中国|吉林|长春|德惠市	China|Jilin|Changchun|Dehui
中国|吉林|吉林|	China|Jilin|Jilin|
中国|吉林|延边|敦化市	China|Jilin|Yanbian|Dunhua
中国|吉林|辽源|东丰县	China|Jilin|Liaoyuan|Dongfeng
中国|安徽|宣城|泾县	China|Anhui|Xuancheng|Jingxian
中国|吉林|通化|	China|Jilin|Tonghua|
中国|吉林|松原|长岭县	China|Jilin|Songyuan|Changling
中国|吉林|长春|绿园区	China|Jilin|Changchun|Lvyuan
中国|陕西|榆林|子洲县	China|Shaanxi|Yulin|Zizhou
中国|吉林|延边|龙井市	China|Jilin|Yanbian|Longjing
中国|安徽|芜湖|南陵县	China|Anhui|Wuhu|Nanling
中国|安徽|阜阳|界首市	China|Anhui|Fuyang|Jieshou
中国|安徽|六安|霍邱县	China|Anhui|Lu'an|Huogiu
中国|安徽|淮南|寿县	China|Anhui|Huainan|Shou
中国|陕西|渭南|华州区	China|Shaanxi|Weinan|Huazhou
中国|陕西|西安|高陵区	China|Shaanxi|Xi'an|Gaoling
中国|安徽|蚌埠|五河县	China|Anhui|Bengbu|Wuhe
中国|吉林|松原|	China|Jilin|Songyuan|
中国|安徽|蚌埠|怀远县	China|Anhui|Bengbu|Huaiyuan
中国|安徽|阜阳|阜南县	China|Anhui|Fuyang|Funan
中国|吉林|延边|延吉市	China|Jilin|Yanbian|Yanji
中国|安徽|黄山|屯溪区	China|Anhui|Huangshan|Tunxi
中国|安徽|六安|金安区	China|Anhui|Lu'an|Jin'an
中国|安徽|宣城|广德市	China|Anhui|Xuancheng|Guangde
中国|安徽|滁州|明光市	China|Anhui|Chuzhou|Mingguang
中国|安徽|阜阳|颍上县	China|Anhui|Fuyang|Yingshang
中国|安徽|安庆|岳西县	China|Anhui|Anqing|Yuexi
中国|安徽|滁州|来安县	China|Anhui|Chuzhou|Laian
中国|安徽|滁州|凤阳县	China|Anhui|Chuzhou|Fengyang
中国|安徽|滁州|天长市	China|Anhui|Chuzhou|Tianchang
中国|安徽|滁州|定远县	China|Anhui|Chuzhou|Dingyuan
中国|安徽|铜陵|枞阳县	China|Anhui|Tongling|Zongyang
中国|安徽|安庆|桐城市	China|Anhui|Anqing|Tongcheng
中国|安徽|阜阳|临泉县	China|Anhui|Fuyang|Linquan
中国|安徽|阜阳|太和县	China|Anhui|Fuyang|Taihe
中国|安徽|宿州|灵璧县	China|Anhui|Suzhou|Lingbi
中国|安徽|池州|	China|Anhui|Chizhou|
中国|新疆|和田|	China|Xinjiang|Hotan|
中国|安徽|安庆|怀宁县	China|Anhui|Anqing|Huaining
中国|安徽|安庆|太湖县	China|Anhui|Anqing|Taihu
中国|河南||	China|Henan||
中国|新疆|哈密|	China|Xinjiang|Hami|
中国|新疆|塔城|	China|Xinjiang|Tacheng|
中国|吉林|白城|	China|Jilin|Baicheng|
中国|新疆|喀什|	China|Xinjiang|Kashgar|
中国|新疆|塔城|塔城市	China|Xinjiang|Tacheng|Tacheng
中国|新疆|阿勒泰|	China|Xinjiang|Aletai|
中国|新疆|巴音郭楞蒙古自治州库尔勒市|	China|Xinjiang|Korla|
中国|安徽|滁州|全椒县	China|Anhui|Chuzhou|Quanjiao
中国|吉林|四平|	China|Jilin|Siping|
中国|新疆|巴音郭楞|	China|Xinjiang|Bayingolin|
中国|新疆|阿勒泰|布尔津县	China|Xinjiang|Aletai|Burqin
中国|安徽|安庆|望江县	China|Anhui|Anqing|Wangjiang
中国|安徽|安庆宿松县|	China|Anhui|Susong|
中国|新疆||	China|Xinjiang||
中国|青海||	China|Qinghai||
中国|海南|三亚|天涯区	China|Hainan|Sanya|Tianya
中国|新疆|阿克苏|	China|Xinjiang|Aksu|
中国|海南|三亚|	China|Hainan|Sanya|
中国|新疆|昌吉|	China|Xinjiang|Changji|
中国|安徽|安庆|潜山市	China|Anhui|Anqing|Qianshan
中国|吉林|松原长山镇|	China|Jilin|Songyuan Changshan Town|
中国|青海|海西|	China|Qinghai|Haixi|
中国|新疆|吐鲁番|	China|Xinjiang|Turpan|
中国|海南|昌江|	China|Hainan|Changjiang|
中国|青海|玉树|玉树市	China|Qinghai|Yushu|Yushu
中国|新疆|哈密|伊州区	China|Xinjiang|Hami|Yizhou
中国|内蒙古|兴安盟市|	China|Inner Mongolia|Xing'an|
中国|新疆|克拉玛依|克拉玛依区	China|Xinjiang|Karamy|Karamy District
中国|新疆|博尔塔拉|	China|Xinjiang|Bortala|
中国|新疆|克孜勒苏|乌恰县	China|Xinjiang|Kizilsu|Wuqia
中国|新疆|阿拉尔|	China|Xinjiang|Aral|
中国|青海|玉树|囊谦县	China|Qinghai|Yushu|Nangqen
中国|青海|海东|	China|Qinghai|Haidong|
中国|新疆|石河子|	China|Xinjiang|Shihezi|
印度尼西亚|廖内群岛省|巴淡岛|	Indonesia|Maluku Islands|Banda Islands|
中国|青海|黄南|	China|Qinghai|Huangnan|
中国|青海|果洛|	China|Qinghai|Golog|
中国|新疆|克孜勒苏|	China|Xinjiang|Kizilsu|
中国|青海|西宁|	China|Qinghai|Xining|
中国|海南||	China|Hainan||
中国|新疆|塔城|托里县	China|Xinjiang|Tacheng|Toli
中国|四川||	China|Sichuan||
中国|新疆|伊犁|奎屯市	China|Xinjiang|Yili|Karamay
中国|新疆|克拉玛依|	China|Xinjiang|Karamay|
中国|辽宁|朝阳|	China|Liaoning|Chaoyang|
中国|新疆|五家渠|	China|Xinjiang|Wujiaqu|
中国|新疆|塔城|额敏县	China|Xinjiang|Tacheng|Emin
中国|新疆|乌鲁木齐|	China|Xinjiang|Urumqi|
中国|新疆|塔城|和布克赛尔蒙古自治县	China|Xinjiang|Tacheng|Hoboksar
中国|辽宁|盘锦|	China|Liaoning|Panjin|
中国|江西|宜春|	China|Jiangxi|Yichun|
中国|辽宁|抚顺|	China|Liaoning|Fushun|
中国|贵州|贵阳贵安新区|	China|Guizhou|Guiyang Gui’an New Area|
中国|辽宁|锦州|	China|Liaoning|Jinzhou|
中国|吉林|四平|铁西区	China|Jilin|Siping|Tiexi
中国|辽宁|大连|金州区	China|Liaoning|Dalian|Jinzhou
中国|辽宁|大连|瓦房店市	China|Liaoning|Dalian|Wafangdian
中国|新疆|伊犁|	China|Xinjiang|Yili|
中国|湖南||	China|Hunan||
中国|甘肃|定西|陇西县	China|Gansu|Dingxi|Longxi
中国|甘肃|平凉|庄浪县	China|Gansu|Pingliang|Zhuanglang
中国|黑龙江|齐齐哈尔|建华区	China|Heilongjiang|Qiqihar|Jianhua
中国|河北|保定|雄县	China|Hebei|Baoding|Xiongxian
中国|辽宁|鞍山|	China|Liaoning|Anshan|
中国|河北|保定|安新县	China|Hebei|Baoding|Anxin
中国|湖南|永州|	China|Hunan|Yongzhou|
中国|云南|昭通|昭阳区	China|Yunnan|Zhaotong|Zhaoyang
中国|湖南|郴州|	China|Hunan|Chenzhou|
中国|湖南|衡阳|	China|Hunan|Hengyang|
中国|辽宁|沈阳|和平区	China|Liaoning|Shenyang|Heping
中国|湖南|株洲|	China|Hunan|Zhuzhou|
中国|湖南|常德|	China|Hunan|Changde|
中国|广西|来宾|	China|Guangxi|Laibin|
中国|江苏|南通|	China|Jiangsu|Nantong|
中国|云南|曲靖|宣威市	China|Yunnan|Qujing|Xuanwei
中国|广西|南宁|青秀区	China|Guangxi|Nanning|Qingxiu
中国|吉林|长春|南关区	China|Jilin|Changchun|Nanguan
中国|湖南|怀化|	China|Hunan|Huaihua|
中国|湖南|娄底|娄星区	China|Hunan|Loudi|Louxing
中国|甘肃|张掖|甘州区	China|Gansu|Zhangye|Ganzhou
中国|湖南|益阳|	China|Hunan|Yiyang|
中国|云南|迪庆|	China|Yunnan|Dêqên|
中国|辽宁|营口|	China|Liaoning|Yingkou|
中国|云南|临沧|耿马傣族佤族自治县	China|Yunnan|Lincang|Gengma Dai and Va Autonomous County
中国|湖南|娄底|	China|Hunan|Loudi|
中国|湖南|岳阳|	China|Hunan|Yueyang|
中国|河北|张家口|	China|Hebei|Zhangjiakou|
中国|河北|石家庄|桥西区	China|Hebei|Shijiazhuang|Qiaoxi
中国|江苏|扬州|	China|Jiangsu|Yangzhou|
中国|湖南|株洲|天元区	China|Hunan|Zhuzhou|Tianyuan
中国|河北|唐山|滦州市	China|Hebei|Tangshan|Luanzhou
中国|江苏|泰州|泰兴市	China|Jiangsu|Taizhou|Taixing
中国|河北|邯郸|肥乡区	China|Hebei|Handan|Feixiang
中国|甘肃|庆阳|宁县	China|Gansu|Qingyang|Ning
中国|江苏|宿迁|	China|Jiangsu|Suqian|
中国|安徽|芜湖|鸠江区	China|Anhui|Wuhu|Jiujiang
中国|湖南|湘潭|	China|Hunan|Xiangtan|
中国|湖南|张家界|	China|Hunan|Zhangjiajie|
中国|河北|唐山|路北区	China|Hebei|Tangshan|Lubei
中国|湖南|永州|新田县	China|Hunan|Yongzhou|Xintian
中国|江苏|镇江|	China|Jiangsu|Zhenjiang|
中国|江苏|盐城|	China|Jiangsu|Yancheng|
中国|江苏|淮安|	China|Jiangsu|Huai'an|
中国|江苏|徐州|	China|Jiangsu|Xuzhou|
中国|河北石家庄辛集市||	China|Xinji, Shijiazhuang, Hebei||
中国|江苏|连云港|	China|Jiangsu|Lianyungang|
中国|新疆|昌吉|奇台县	China|Xinjiang|Changji|Qitai
中国|安徽|合肥|肥东县	China|Anhui|Hefei|Feidong
中国|江苏|常州|钟楼区	China|Jiangsu|Changzhou|Zhonglou
中国|湖南|邵阳|邵东市	China|Hunan|Shaoyang|Shaodong
中国|江西||	China|Jiangxi||
中国|新疆|北屯|	China|Xinjiang|Beitun|
中国|四川|凉山|会理市	China|Sichuan|Liangshan|Huili
中国|广西||	China|Guangxi||
中国|西藏|阿里|札达县	China|Tibet|Ngari|Zanda
中国|新疆|喀什|莎车县	China|Xinjiang|Kashgar|Shache
中国|湖南|邵阳|	China|Hunan|Shaoyang|
中国|湖南|湘西|	China|Hunan|Xiangxi|
中国|四川|凉山|	China|Sichuan|Liangshan|
中国|福建|泉州|南安市	China|Fujian|Quanzhou|Nan'an
中国|湖南|郴州|北湖区	China|Hunan|Chenzhou|Beihu
中国|贵州||	China|Guizhou||
孟加拉国|达卡专区||	Bangladesh|Dhaka Division||
巴基斯坦|信德省|卡拉奇|	Pakistan|Sindh|Karachi|
中国|福建|泉州|安溪县	China|Fujian|Quanzhou|Anxi
中国|福建|厦门|同安区	China|Fujian|Xiamen|Tong'an
中国|福建|泉州|惠安县	China|Fujian|Quanzhou|Hui'an
印度|卡纳塔克邦||	India|Karnataka||
澳大利亚|西澳大利亚州|珀斯都会区|苏比亚科	Australia|Western Australia|Perth Metropolitan Area|Subiaco
中国|安徽|六安|舒城县	China|Anhui|Lu'an|Shucheng
美国|新泽西州|巴赛克|克利夫顿	United States|New Jersey|Bassack|Cliffside
澳大利亚|西澳大利亚州||	Australia|Western Australia||
印度|比哈尔邦|巴特那县|	India|Bihar|Patna|
中国|福建|福州|连江县	China|Fujian|Fuzhou|Lianjiang
欧洲|||	Europe|||
印度|比哈尔邦|穆扎法尔布尔县|	India|Bihar|Muzaffarpur|
几内亚|||	Guinea|||
巴基斯坦|信德省||	Pakistan|Sindh||
印度|古吉拉特邦||	India|Gujarat||
美国|弗吉尼亚州|亚历山德里亚|	United States|Virginia|Alexandria|
多米尼加共和国|埃尔塞沃省|胡安圣地亚哥|	Dominican Republic|El Seibo|Juan San Diego|
巴西|南里奥格兰德州|塔夸拉|	Brazil|Rio Grande do Norte|Taquara|
印度|古吉拉特邦|艾哈迈达巴德|	India|Gujarat|Ahmedabad|
格陵兰岛|||	Greenland|||
摩纳哥|||	Monaco|||
美国|新泽西州|联合|伊丽莎白	United States|New Jersey|Union|Elizabeth
美国|伊利诺伊州|杜佩奇|西芝加哥	USA|Illinois|Dupage|West Chicago
巴勒斯坦|代尔拜莱赫省||	Palestine|Dayr al-Balah||
泰国|曼谷|沙吞县|	Thailand|Bangkok|Samut Sakhon|
法国|上法兰西|诺尔|敦刻尔克	France|Haut-de-France|Nord|Dunkerque
巴西|南里奥格兰德州|阿雷格里港|奥希利亚多拉	Brazil|Rio Grande do Sul|Porto Alegre|Osorio
印度|古吉拉特邦|甘地讷格尔|	India|Gujarat|Gandhinagar|
缅甸|||	Myanmar|||
菲律宾|马尼拉都会区|帕西格市|	Philippines|Metro Manila|Pasig City|
俄罗斯|坦波夫州|坦波夫|	Russia|Tambov|Tambov|
巴西|巴伊亚州|萨尔瓦多|	Brazil|Bahia|Salvador|
伊朗|伊斯法罕省|伊斯法罕|	Iran|Isfahan|Isfahan|
印度|比哈尔邦||	India|Bihar||
巴拉圭|上巴拉那省|东方|	Paraguay|Alto Paraná|Ciudad del Este|
美国|路易斯安那州|杰佛逊|马雷罗	United States|Louisiana|Jefferson|Marrero
阿根廷|圣胡安省|圣卢西亚|	Argentina|San Juan|San Luis|
巴西|圣保罗州|巴鲁埃里|坦博雷	Brazil|Sao Paulo|Barueri|Tambore
印度尼西亚|巴厘省|登巴萨|	Indonesia|Bali|Denpasar|
巴西|南里奥格兰德州|阿雷格里港|皮涅鲁伦巴	Brazil|Rio Grande do Sul|Porto Alegre|Pinheirinho
阿根廷|布宜诺斯艾利斯省|皮拉尔|法蒂玛	Argentina|Buenos Aires|Pilar|Fátima
美国|弗吉尼亚州|福基尔县|沃伦顿	United States|Virginia|Fauquier|Warrenton
阿根廷|图库曼省|蒙特罗斯|	Argentina|Tucumán|Monteros|
加拿大|安大略省|达拉谟|	Canada|Ontario|Dalagu|
巴西|马拉尼昂州|马拉尼昂州新森特罗|	Brazil|Maranhao|Sao Luis|
阿根廷|米西奥内斯省|奥韦拉|	Argentina|Misiones|Obera|
哥斯达黎加|利蒙|利蒙县|	Costa Rica|Limón|Limón|
巴西|马拉尼昂州|帕萨任弗朗卡|	Brazil|Maranhao|Paso de Franca|
巴西|马托格罗索州|龙多诺波利斯|	Brazil|Mato Grosso do Sul|Rondonópolis|
巴西|巴拉那州|巴卡雷纳|	Brazil|Parana|Bacarena|
阿根廷|圣菲省|孔斯蒂图西翁镇|	Argentina|Santa Fe|Constitución|
阿根廷|布宜诺斯艾利斯省|海岸县|圣贝尔纳多德尔图尤	Argentina|Buenos Aires|Costa|San Bernardo del Tuyú
墨西哥|奇瓦瓦州|奇瓦瓦市|	Mexico|Chihuahua|Chihuahua|
巴西|巴拉那州|贝伦|	Brazil|Parana|Belo Horizonte|
委内瑞拉|苏利亚州|马拉开波市|	Venezuela|Sulia|Maracaibo|
荷兰|北荷兰省|哈莱默梅尔|	Netherlands|North Holland|Haarlem|
智利|圣地亚哥首都大区|科迪勒拉|高桥	Chile|Santiago Metropolitan Region|Coyhaique|Alto Puente
秘鲁|阿雷基帕大区|阿雷基帕|	Peru|Arequipa|Arequipa|
巴西|圣保罗州|圣保罗|维拉玛丽亚纳	Brazil|Sao Paulo|Sao Paulo|Vila Marianna
委内瑞拉|阿拉瓜州|吉拉尔多特市|马拉凯	Venezuela|Aragua|Girardot|Maracay
厄瓜多尔|莫罗纳－圣地亚哥省||	Ecuador|Morona Santiago||
多米尼加共和国|圣地亚哥省|圣地亚哥|	Dominican Republic|Santiago|Santiago|
墨西哥|米却肯州|科埃内奥－德拉利伯塔德|	Mexico|Michoacán|Coeneo de la Libertad|
美国|科罗拉多州|道格拉斯|帕克	United States|Colorado|Douglas|Parker
哥伦比亚|波哥大首都地区|丰提邦|	Colombia|Bogotá D.C.|Funza|
西班牙|加利西亚自治区|拉科鲁尼亚省|梅利德	Spain|Galicia|A Coruña|Melide
巴西|南里奥格兰德州|本图贡萨尔维斯|博塔弗戈	Brazil|Rio Grande do Norte|Bento Gonçalves|Botafogo
多米尼加共和国|玛丽亚·特立尼达·桑切斯省|纳瓜|	Dominican Republic|Maria Trinidad Sanchez|Nagua|
墨西哥|坎佩切州|卡门城|	Mexico|Campeche|Campeche|
美国|西弗吉尼亚州|喀拜尔县|亨廷顿	United States|West Virginia|Cabell|Huntington
萨尔瓦多|拉利伯塔德省|安蒂果库斯卡特兰|	El Salvador|La Libertad|Antiguo Cuscatlan|
委内瑞拉|苏利亚州|拉古尼亚斯市|奥赫达城	Venezuela|Súlia|Lagunitas|Ojeda
巴西|阿马帕州|马卡帕|	Brazil|Amapá|Macapá|
阿联酋|沙迦酋长国|沙迦|	UAE|Sharjah|Sharjah|
美国|密歇根州|韦恩|怀恩多特	United States|Michigan|Wayne|Wyandotte
洪都拉斯|科尔特斯省|圣佩德罗苏拉|	Honduras|Cortés|San Pedro Sula|
秘鲁|亚马孙大区||	Peru|Amazonas||
西班牙|加利西亚自治区|蓬特韦德拉省|蓬特卡尔德拉斯	Spain|Galicia|Pontevedra|Ponteareas
厄瓜多尔|瓜亚斯省|瓜亚基尔县|	Ecuador|Guayas|Guayaquil|
多米尼加共和国|普拉塔港省|索苏阿|	Dominican Republic|Puerto Plata|Sosúa|
巴西|联邦区|巴西利亚|	Brazil|Federal District|Brasilia|
美国|伊利诺伊州|麦克莱恩|塞布鲁克	United States|Illinois|Mclean|Sebrook
巴西|米纳斯吉拉斯州|伊帕廷加|	Brazil|Minas Gerais|Ipatinga|
西班牙|加泰罗尼亚自治区|巴塞罗纳省|略夫雷加特河畔奥斯皮塔莱特	Spain|Catalonia|Barcelona|L'Hospitalet de Llobregat
墨西哥|米却肯州|乌鲁阿潘|	Mexico|Michoacán|Uruapan|
巴西|圣保罗州|乌鲁佩斯|	Brazil|Sao Paulo|Ourinhos|
美国|阿拉斯加州|克奇坎门|克奇坎	United States|Alaska|Ketchikan Gateway|Ketchikan
多米尼加共和国|国家特区|圣多明各|	Dominican Republic|National District|Santo Domingo|
巴西|阿克里州|里奥布朗库|	Brazil|Acre|Rio Branco|
哥伦比亚|安蒂奥基亚省|麦德林|	Colombia|Antioquia|Medellín|
波多黎各|里奥格兰德||	Puerto Rico|Río Grande||
巴西|帕拉州||	Brazil|Para||
哥伦比亚|桑坦德省|巴尔博萨|	Colombia|Santander|Barrancabermeja|
巴西|圣保罗州|苏扎努|酋长花园	Brazil|Sao Paulo|Suzano|Mayor Julian Plaza
巴西|圣保罗州|苏扎努|	Brazil|Sao Paulo|Suzano|
土耳其|科尼亚省|塞尔丘克卢区|	Turkey|Konya|Selcuklu|
哥伦比亚|托利马省|梅尔加|	Colombia|Tolima|Melgar|
以色列|北部区|亚法·纳塞里耶|	Israel|Northern District|Yafan Nasariya|
哥伦比亚|大西洋省|索莱达|	Colombia|Magdalena|Soledad|
阿根廷|科尔多瓦省|里奥夸尔托|埃琳娜	Argentina|Cordoba|Rio Cuarto|Elena
美国|新泽西州|康登|彭索金镇区	United States|New Jersey|Camden|Pennsauken Township
美国|俄克拉荷马州|卡多|卡内基	United States|Oklahoma|Caddo|Carnegie
美国|科罗拉多州|博尔德|	United States|Colorado|Boulder|
巴西|米纳斯吉拉斯州|法布里西亚诺上校城|	Brazil|Minas Gerais|Uberlândia|
巴西|戈亚斯州|戈亚斯州卡舒埃拉|	Brazil|Goias|Quirinopolis|
美国|犹他州|盐湖|布拉夫戴尔	United States|Utah|Salt Lake|Bluffdale
巴西|圣保罗州|卡布雷乌瓦|	Brazil|Sao Paulo|Cabreuva|
阿根廷|布宜诺斯艾利斯省|莱昂德罗阿莱姆|维迪亚	Argentina|Buenos Aires|Leandro N. Alem|Veinticinco de Mayo
菲律宾|西米沙鄢大区|伊洛伊洛省|	Philippines|Western Visayas|Iloilo|
加拿大|安大略省|桑德贝|	Canada|Ontario|Thunder Bay|
厄瓜多尔|科托帕希省|萨尔塞多县|	Ecuador|Cotopaxi|Salcedo|
哥伦比亚|卡克塔省|弗洛伦西亚|	Colombia|Cundinamarca|Florencia|
多米尼加共和国|国家特区|国家特区|	Dominican Republic|National District|National District|
巴西|圣保罗州|巴鲁埃里|贝瑟维尔一世	Brazil|Sao Paulo|Barueri|Berseville
阿根廷|门多萨省|戈多伊克鲁兹|	Argentina|Mendoza|Godoy Cruz|
哥伦比亚|桑坦德省|布卡拉曼加|	Colombia|Santander|Bucaramanga|
墨西哥|哈利斯科州|瓜达拉哈拉市|	Mexico|Jalisco|Guadalajara|
巴西|南里奥格兰德州|阿雷格里港|弗洛雷斯塔	Brazil|Rio Grande do Sul|Porto Alegre|Floresta
加拿大|安大略省|皮尔|卡里冬	Canada|Ontario|Perth|Carleton Place
加拿大|安大略省|皮尔|布兰普顿	Canada|Ontario|Perth|Brampton
美国|路易斯安那州|新奥尔良|新奥尔良	United States|Louisiana|New Orleans|New Orleans
厄瓜多尔|皮钦查省|基托县|	Ecuador|Pichincha|Quito|
美国|新泽西州|博根|哈肯萨克	United States|New Jersey|Bogota|Hackensack
加拿大|魁北克省|蒙特利尔|	Canada|Quebec|Montreal|
美国|堪萨斯州|布朗县|埃佛勒斯	United States|Kansas|Brown|Everest
意大利|普利亚|塔兰托|	Italy|Puglia|Taranto|
巴西|帕拉州|维维达上校镇|	Brazil|Para|Vigia|
美国|威斯康星州|沙瓦诺县|威滕伯格	United States|Wisconsin|Shawano|Wittenberg
加拿大|安大略省|荷顿|奥克维尔	Canada|Ontario|Hamilton|Oakville
巴西|圣保罗州|圣保罗|亚美利加诺波利斯	Brazil|Sao Paulo|Sao Paulo|Americano Brasil
美国|德克萨斯州|密德兰|	United States|Texas|Midland|
阿根廷|圣路易斯省|贝尔格拉诺|	Argentina|San Luis|Villa de la Quebrada|
多米尼加共和国|达哈翁省|洛马德卡弗雷拉|	Dominican Republic|Dajabón|Loma de Cabrera|
美国|爱达荷州|邦纳维尔县|爱达荷瀑布	United States|Idaho|Bonneville|Idaho Falls
阿曼|马斯喀特省|马斯喀特|	Aman|Muskegon|Muskegon|
委内瑞拉|首都区|加拉加斯|	Venezuela|Capital District|Caracas|
墨西哥|哈利斯科州||	Mexico|Halisco||
巴西|圣保罗州|圣保罗|圣特蕾莎花园	Brazil|Sao Paulo|Sao Paulo|Vila Santa Teresa
哥伦比亚|博亚卡省|通哈|	Colombia|Boyacá|Tunja|
墨西哥|普埃布拉州|普埃布拉|	Mexico|Puebla|Puebla|
库拉索|威廉斯塔德||	Qurasow|Williamstad||
委内瑞拉|瓦尔加斯州|拉瓜伊拉市|	Venezuela|Vargas|La Guaira|
哥伦比亚|大西洋省|巴兰基亚|	Colombia|Atlántico|Barranquilla|
巴西|圣保罗州||	Brazil|Sao Paulo||
多米尼加共和国|圣克里斯托瓦尔省|圣克里斯托瓦尔|	Dominican Republic|San Cristobal|San Cristobal|
哥伦比亚|里萨拉尔达省|佩雷拉|	Colombia|Risaralda|Pereira|
巴西|巴伊亚州|泰谢拉－迪弗雷塔斯|	Brazil|Bahia|Teixeira de Freitas|
巴西|圣卡塔琳娜州|卡诺伊尼亚斯|	Brazil|Santa Catarina|Caon?nias|
危地马拉|危地马拉省|危地马拉城|	Guatemala|Guatemala|Guatemala City|
特立尼达和多巴哥|西班牙港||	Trinidad and Tobago|Port of Spain||
巴西|里约热内卢州|坎普斯－杜斯戈伊塔卡济斯|乌鲁拉伊	Brazil|Rio de Janeiro|Campos dos Goytacazes|Ururaí
智利|圣地亚哥首都大区|圣地亚哥|拉斯孔德斯	Chile|Santiago Metropolitan Region|Santiago|Las Condes
巴西|圣卡塔琳娜州||	Brazil|Santa Catarina||
墨西哥|哈利斯科州|特帕蒂特兰|	Mexico|Hidalgo|Tepatitlan|
危地马拉|危地马拉省|危地马拉城|纳兰霍县	Guatemala|Guatemala|Guatemala City|Naranjo
秘鲁|利马大区|卢林|	Peru|Lima|Lurin|
阿根廷|布宜诺斯艾利斯省|蒂格雷|埃尔塔拉尔	Argentina|Buenos Aires|Tigre|El Talar
巴西|南里奥格兰德州|乌鲁瓜亚纳|	Brazil|Rio Grande do Sul|Uruguaiana|
阿根廷|内格罗河省|罗卡将军镇|艾伦	Argentina|Negro|General Roca|Allen
多米尼加共和国|拉贝加省|拉贝加|	Dominican Republic|La Vega|La Vega|
墨西哥|杜兰戈州|杜兰戈|	Mexico|Durango|Durango|
墨西哥|米却肯州|拉萨罗－卡德纳斯|	Mexico|Michoacan|Lazaro Cardenas|
巴西|戈亚斯州|新罗马|	Brazil|Goiás|Romano|
秘鲁|利马大区|阿特|	Peru|Lima|Lima|
哥斯达黎加|蓬塔雷纳斯|奥萨县|科尔特斯港	Costa Rica|Puntarenas|Osa|Puerto Cortés
墨西哥|金塔纳罗奥州|贝尼托·华雷斯|	Mexico|Quintana Roo|Benito Juárez|
巴拉圭|米西奥內斯省|圣维森特|	Paraguay|Misiones|San Vicente|
墨西哥|伊达戈州|普罗格雷索|	Mexico|Idaho|Progreso|
巴西|里约热内卢州|里约热内卢|甘博阿	Brazil|Rio de Janeiro|Rio de Janeiro|Gamboa
阿根廷|布宜诺斯艾利斯省|蒂格雷|洛佩斯卡梅洛	Argentina|Buenos Aires|Tigre|Lopescamelo
秘鲁|利马省|利马科马斯|	Peru|Lima|Lima|
秘鲁|利马大区|洛斯奥利沃斯|	Peru|Lima|Los Olivos|
塞浦路斯|利马索尔区|利马索尔|	Sephardic|Rimac|Rimac|
巴西|圣保罗州|圣保罗|圣保罗历史中心	Brazil|Sao Paulo|Sao Paulo|Sao Paulo Historic Center
巴西|圣保罗州|瓜鲁雅|恩塞达公园	Brazil|Sao Paulo|Guarulhos|Engenheiro Goulart
巴西|巴拉那州|茹鲁蒂|	Brazil|Parana|Curitiba|
阿根廷|胡胡伊省|弗赖莱平塔多|	Argentina|Jujuy|Vilelas|
巴西|米纳斯吉拉斯州|法布里西亚诺上校城|中心	Brazil|Minas Gerais|Uberlândia|Center
孟加拉国|达卡专区|达卡县|	Bangladesh|Dhaka Division|Dhaka District|
巴西|米纳斯吉拉斯州|佩德拉尔瓦|	Brazil|Minas Gerais|Pedralva|
墨西哥|新莱昂州|蒙特雷|	Mexico|Nuevo Leon|Monterrey|
巴西|帕拉州|福斯－杜伊瓜苏|	Brazil|Para|Foz do Iguaçu|
印度尼西亚|中爪哇省|巴蒂|阿拉斯多沃	Indonesia|Central Java|Bati|Alastowo
墨西哥|尤卡坦州|伊萨马尔|	Mexico|Yucatan|Izamal|
哥伦比亚|乔科省|基布多|	Colombia|Choco|Quibdo|
印度尼西亚|东爪哇省|惹班|特罗乌兰	Indonesia|East Nusa Tenggara|Rembang|Trowulan
乌拉圭|索里亚诺||	Uruguay|Soriano||
智利|圣地亚哥首都大区|圣地亚哥|普罗维登西亚	Chile|Santiago Metropolitan|Santiago|Providencia
墨西哥|尤卡坦州|奥斯库茨卡夫|	Mexico|Quintana Roo|Oskutzcab|
巴西|圣保罗州|圣保罗|贝拉维斯塔	Brazil|Sao Paulo|Sao Paulo|Bela Vista
巴西|塞阿拉州|新奥林达|	Brazil|Ceará|Novo Oriente|
美国|密苏里州|克莱县|北堪萨斯城	United States|Missouri|Clay|North Kansas City
哥伦比亚|卡尔达斯省|里奥苏西奥|	Colombia|Caldas|Riosucio|
委内瑞拉|安索阿特吉州|弗朗西斯科德米兰达市|帕里亚瓜	Venezuela|Anzoátegui|Francisco de Miranda|Pariaguán
哥伦比亚|乌伊拉省|皮塔利托|	Colombia|Huila|Pitalito|
巴西|巴拉那州|伊泰图巴|	Brazil|Parana|Iaituba|
美国|加利福尼亚州|圣迭戈|维斯塔	USA|California|San Diego|Vista
哥斯达黎加|阿拉胡埃垃|阿拉胡埃拉县|	Costa Rica|Alajuela|Alajuela|
智利|湖大区|奥索尔诺|	Chile|Los Lagos|Osorno|
巴西|里约热内卢州|里约热内卢|科斯莫斯	Brazil|Rio de Janeiro|Rio de Janeiro|Cosmos
阿根廷|圣菲省||	Argentina|Santiago del Estero||
菲律宾|中米沙鄢大区|宿务市|	Philippines|Central Visayas|Cebu|
美国|科罗拉多州|里奥格兰德|蒙特维斯塔	United States|Colorado|Oklahoma|MontVista
委内瑞拉|科赫德斯州|圣卡洛斯市|	Venezuela|Cojedes|San Carlos|
阿根廷|布宜诺斯艾利斯|布宜诺斯艾利斯自治市|七月九日大道	Argentina|Buenos Aires|Buenos Aires|Avenida 9 de Julio
美国|西弗吉尼亚州|伍德县|维也纳	United States|Virginia|Wood County|Vienna
美国|乔治亚州|科布|肯尼索	United States|Georgia|Cobb|Kennesaw
加拿大|安大略省|约克|旺	Canada|Ontario|York|Vaughan
加拿大|魁北克省|埃尤斯科彻|奇布加莫	Canada|British Columbia|Eskoskeky|Chibougamau
西班牙|瓦伦西亚自治区|巴伦西亚省|巴伦西亚	Spain|Valencia|Barcelona|Barcelona
加拿大|魁北克省|蒙特利尔|柯克兰	Canada|Quebec|Montreal|Côte Saint-Luc
巴拿马|西巴拿马省|阿赖汉区|	Panama|West Panama|Araijan|
美国|堪萨斯州|拉贝特县|帕森斯	United States|Kansas|Labette|Parsons
墨西哥|墨西哥州|特奥蒂瓦坎|	Mexico|Mexico State|Teotihuacan|
乌拉圭|三十三人|塞罗查托|	Ulaanbaatar|Thirty Three|Serojahto|
美国|德克萨斯州|泰勒|默克尔	United States|Texas|Tyler|Merkel
美国|密苏里州|圣路易斯县|克雷沃克尔	United States|Missouri|St. Louis County|Creve Coeur
印度|马哈拉施特拉邦|孟买郊区县|安泰里	India|Maharashtra|Mumbai Suburban|Andheri
美国|乔治亚州|麦金托什|达里恩	United States|Georgia|Mackintosh|Darien
加拿大|安大略省|锡姆科|巴里	Canada|Ontario|Simcoe|Barrie
美国|堪萨斯州|塞奇威克县|威奇托	United States|Kansas|Sedgwick|Wichito
加拿大|魁北克省|沃德勒伊－索兰杰斯|沃德勒伊多里翁	Canada|Quebec|Val-d'Or|Val-d'Or
美国|阿肯色州|劳伦斯|	United States|Arkansas|Lawrence|
美国|弗吉尼亚州|马纳萨斯|	United States|Virginia|Manassas|
荷兰|北荷兰省|阿尔克马尔|	Netherlands|North Holland|Alkmaar|
美国|马萨诸塞州|伍斯特县|奥本	United States|Massachusetts|Worcester|Auburn
美国|新泽西州|哈德逊|泽西市	United States|New Jersey|Hudson|Jersey City
美国|德克萨斯州|史密斯|泰勒	United States|Texas|Smith|Tyler
美国|伊利诺伊州|库克|富兰克林帕克	USA|Illinois|Cook|Franklin Park
美国|宾夕法尼亚州|亚当斯县|葛底斯堡	United States|Pennsylvania|Adams|Gettysburg
美国|弗吉尼亚州|劳登县|斯特灵	United States|Virginia|Loudoun|Sterling
美国|马里兰州|乔治王子|华盛顿堡	United States|Maryland|Prince George|Hagerstown
美国|加利福尼亚州|洛杉矶|伯班克	United States|California|Los Angeles|Burbank
美国|特拉华州|纽卡斯尔郡|威尔明顿	United States|Delaware|New Castle|Wilmington
美国|宾夕法尼亚州|蒙哥马利县|下普罗维登斯	United States|Pennsylvania|Monroe|Pocono
以色列|海法区|宾亚米纳－吉夫阿特·阿达|	Israel|Haifa|Binyamina-Giv'at Ada|
美国|科罗拉多州|亚当斯|商贸城	United States|Colorado|Adams|Commerce City
美国|俄克拉荷马州|利福勒|门罗	United States|Oklahoma|LeFlore|Monroe
美国|田纳西州|坎伯兰县|克罗斯维尔	United States|Tennessee|Cumberland|Crosville
美国|马萨诸塞州|米德尔塞克斯县|马尔堡	United States|Massachusetts|Middlesex|Malden
墨西哥|普埃布拉州|帕玛|库阿克诺帕兰	Mexico|Puebla|Pahma|Cuacuilan
秘鲁|利马省|利马|圣伊西德罗区	Peru|Lima|Lima|San Isidro
美国|加利福尼亚州|旧金山|	United States|California|San Francisco|
墨西哥|哈利斯科州|埃尔萨尔托|	Mexico|Jalisco|El Salto|
美国|马萨诸塞州|汉普登县|西斯普林菲尔德	United States|Massachusetts|Hampden|Springfield
美国|马萨诸塞州|米德尔塞克斯县|萨默维尔	United States|Massachusetts|Middlesex|Somerville
美国|马萨诸塞州|伍斯特县|克林顿	United States|Massachusetts|Worcester|Clinton
美国|马萨诸塞州|诺福克县|尼达姆	United States|Massachusetts|Norfolk|Needham
美国|康涅狄格州|纽黑文县|	United States|Connecticut|New Haven|
美国|马萨诸塞州|米德尔塞克斯县|威明顿	United States|Massachusetts|Middlesex|Weymouth
墨西哥|瓜纳华托州|莱昂|	Mexico|Guanajuato|Leon|
美国|乔治亚州|富尔顿|桑迪斯普林斯	United States|Georgia|Fulton|Sandy Springs
加拿大|安大略省|多伦多|北约克	Canada|Ontario|Toronto|North York
墨西哥|哈利斯科州|特拉霍穆尔科|	Mexico|Hidalgo|Tlahuelilpan|
墨西哥|哈利斯科州|萨波潘|	Mexico|Hidalgo|Pachuca|
美国|亚拉巴马州|切罗基中心|	United States|Alabama|Cherokee Center|
美国|德克萨斯州|黑尔|普莱恩维尤	United States|Texas|Hill|Plano
美国|康涅狄格州|哈特福德县|哈特福德	United States|Connecticut|Hartford|Hartford
美国|弗吉尼亚州|库尔佩珀县|库尔佩珀	United States|Virginia|Culpeper|Culpeper
美国|马萨诸塞州|米德尔塞克斯县|比莱里卡	United States|Massachusetts|Middlesex|Billerica
美国|马萨诸塞州|米德尔塞克斯县|霍普金顿	United States|Massachusetts|Middlesex|Hopkinton
美国|马萨诸塞州|米德尔塞克斯县|洛厄尔	United States|Massachusetts|Middlesex|Lowell
美国|罗得岛州|普罗维登斯县|林肯	United States|Rhode Island|Providence|Lincoln
美国|密歇根州|奥克兰|皇家橡树	United States|Michigan|Oakland|Royal Oak
美国|马萨诸塞州|普利茅斯县|惠特曼	United States|Massachusetts|Plymouth|Whitman
美国|马萨诸塞州|伍斯特县|莱明斯特	United States|Massachusetts|Worcester|Leominster
美国|新罕布什尔州|罗金厄姆县|纽因顿	United States|New Hampshire|Rockingham|Newton
美国|马萨诸塞州|米德尔塞克斯县|廷斯伯勒	United States|Massachusetts|Middlesex|East Bridgewater
美国|马萨诸塞州|诺福克县|诺伍德	United States|Massachusetts|Norfolk|Norwood
美国|马萨诸塞州|米德尔塞克斯县|阿什兰	United States|Massachusetts|Middlesex|Ashland
美国|德克萨斯州|塔兰特|曼斯费尔德	United States|Texas|Tarrant|Mansfield
美国|缅因州|阿鲁斯图克县|霍尔顿	United States|Maine|Aroostook|Houlton
美国|马萨诸塞州|米德尔塞克斯县|汤森	United States|Massachusetts|Middlesex|Townsend
美国|加利福尼亚州|圣马特奥|红木城	United States|California|San Mateo|Redwood City
美国|马萨诸塞州|埃塞克斯县|梅图恩	United States|Middlesex|Essex|Methuen
美国|俄亥俄州|特拉华县|刘易斯中心	United States|Ohio|Trumbull|Twinsburg Center
美国|马萨诸塞州|米德尔塞克斯县|梅德福	United States|Massachusetts|Middlesex|Medford
美国|德克萨斯州|拉伯克|斯莱顿	United States|Texas|Lubbock|Slaton
墨西哥|克雷塔罗州|埃尔马克斯|	Mexico|Queretaro|San Juan del Rio|
美国|纽约州|威斯特彻斯特|马马龙内克	United States|New York|Westchester|Mamaroneck
美国|缅因州|肯纳贝克县|加德纳	United States|Maine|Kennebec|Gardiner
美国|马萨诸塞州|布里斯托尔县|曼斯菲尔德	United States|Massachusetts|Bristol|Mansfield
美国|纽约州|威斯特彻斯特|芒特普莱森特	United States|New York|Westchester|Mount Pleasant
美国|马萨诸塞州|诺福克县|昆西	United States|Massachusetts|Norfolk|Quincy
美国|马萨诸塞州|汉普登县|斯普林菲尔德	United States|Massachusetts|Hampden|Springfield
美国|罗得岛州|普罗维登斯县|约翰斯顿	United States|Rhode Island|Providence|Johnson
美国|康涅狄格州|费尔菲尔德县|诺沃克	United States|Connecticut|Fairfield|Norwalk
美国|马萨诸塞州|伯克希尔县|里士满	United States|Massachusetts|Berkshire|Lee
美国|德克萨斯州|拉伯克|	United States|Texas|Lubbock|
美国|新泽西州|哈德逊|威霍肯	United States|New Jersey|Hudson|Weehawken
巴西|帕拉州|康哥尼涅斯|	Brazil|Para|Congo Nhias|
美国|康涅狄格州|费尔菲尔德县|达里安	United States|Connecticut|Fairfield|Darien
美国|康涅狄格州|费尔菲尔德县|威尔顿	USA|Connecticut|Fairfield|Wilton
美国|纽约州|苏福克|伊斯利普	United States|New York|Suffolk|Islip
美国|德克萨斯州|塔兰特|韦斯特莱克	United States|Texas|Dallas|Westlake
美国|康涅狄格州|哈特福德县|罗基希尔	United States|Connecticut|Hartford|Rocky Hill
美国|密歇根州|奥克兰|奥本山	United States|Michigan|Oakland|Auburn Hills
美国|新罕布什尔州|罗金厄姆县|朴茨茅斯	United States|New Hampshire|Rockingham|Portsmouth
美国|纽约州|皇后|新草地	United States|New York|Queens|New Meadows
美国|宾夕法尼亚州|特拉华县|梅迪亚	United States|Pennsylvania|Tioga|Medina
美国|康涅狄格州|纽黑文县|绍斯伯里	United States|Connecticut|Hartford|Southbury
美国|康涅狄格州|纽黑文县|沃灵福德	United States|Connecticut|New Haven|Wallingford
美国|宾夕法尼亚州|费拉德尔菲亚县|	United States|Pennsylvania|Philadelphia|
美国|宾夕法尼亚州|蒙哥马利县|诺里斯敦	United States|Pennsylvania|Montgomery|Norristown
美国|康涅狄格州|费尔菲尔德县|谢尔顿	United States|Connecticut|Fairfield|Sherton
美国|马萨诸塞州|米德尔塞克斯县|沃本	United States|Massachusetts|Middlesex|Woburn
美国|康涅狄格州|哈特福德县|西哈特福德	United States|Connecticut|Hartford|West Hartford
美国|宾夕法尼亚州|蒙哥马利县|蒙哥马利	United States|Pennsylvania|Montgomery|Montgomery
美国|康涅狄格州|利奇菲尔德县|托灵顿	United States|Connecticut|Litchfield|Torrington
美国|特拉华州|纽卡斯尔郡|纽卡斯尔	United States|Delaware|New Castle County|New Castle
美国|伊利诺伊州|杜佩奇|奥罗拉	United States|Illinois|DuPage|Aurora
美国|伊利诺伊州|杜佩奇|莱尔	United States|Illinois|Dupage|Lisle
美国|宾夕法尼亚州|切斯特县|	United States|Pennsylvania|Chester|
美国|康涅狄格州|哈特福德县|温莎	United States|Connecticut|Hartford|Windsor
美国|康涅狄格州|费尔菲尔德县|布里奇波特	United States|Connecticut|Fairfield|Bridgeport
美国|宾夕法尼亚州|蒙哥马利县|西康舍霍肯	United States|Pennsylvania|Montgomery|West Conshohocken
美国|宾夕法尼亚州|卢泽恩县|普利茅斯	United States|Pennsylvania|Luzerne|Plymouth
美国|马萨诸塞州|布里斯托尔县|诺顿	United States|Massachusetts|Bristol|Norton
美国|新泽西州|摩里斯|帕西帕尼	United States|New Jersey|Morris|Parsippany
美国|宾夕法尼亚州|亚当斯县|雷丁	United States|Pennsylvania|Adams|Reading
美国|宾夕法尼亚州|蒙哥马利县|切尔滕纳姆	United States|Pennsylvania|Monongalia|Chestnut Ridge
美国|宾夕法尼亚州|利哈伊县|上麦坎吉	United States|Pennsylvania|Lehigh|Upper Macungie
美国|特拉华州|苏塞克斯郡|欧申维尤	United States|Delaware|Sussex County|Ocean View
美国|宾夕法尼亚州|多芬县|哈里斯堡	United States|Pennsylvania|Dauphin|Harrisburg
美国|新泽西州|默瑟|汉密尔顿镇区	United States|New Jersey|Mercer|Hamilton Township
美国|加利福尼亚州|康特拉科斯塔|列治文	United States|California|Contra Costa|Richmond
美国|宾夕法尼亚州|切斯特县|西怀特兰	United States|Pennsylvania|Chester|West Whiteland
美国|加利福尼亚州|康特拉科斯塔|安条克	United States|California|Contra Costa|Antioch
美国|宾夕法尼亚州|蒙哥马利县|阿宾顿	United States|Pennsylvania|Montgomery|Abington
美国|宾夕法尼亚州|北安普敦县|伯利恒	United States|Pennsylvania|Northampton|Bethlehem
美国|宾夕法尼亚州|巴克斯县|莫里斯维尔	United States|Pennsylvania|Bucks|Morrisville
美国|宾夕法尼亚州|特拉华县|纽敦	United States|Pennsylvania|Tuscarora|New Lebanon
美国|加利福尼亚州|马林|圣拉菲尔	United States|California|Malin|San Rafael
美国|加利福尼亚州|圣马特奥|贝尔蒙特	United States|California|San Mateo|Belmont
美国|加利福尼亚州|圣马特奥|布里斯班	United States|California|Santa Monica|Brisbane
美国|宾夕法尼亚州|蒙哥马利县|哈特菲尔德	United States|Pennsylvania|Montgomery|Hatfield
美国|加利福尼亚州|阿拉梅达|奥克兰	United States|California|Alameda|Oakland
美国|罗得岛州|普罗维登斯县|	United States|Rhode Island|Providence|
美国|宾夕法尼亚州|利哈伊县|上索肯	United States|Pennsylvania|Lehigh|Upper Saucon
美国|加利福尼亚州|康特拉科斯塔|奥林达	United States|California|Contra Costa|Orinda
美国|加利福尼亚州|纳帕|扬特维尔	United States|California|Napa|Yountville
美国|加利福尼亚州|圣克拉拉|米尔皮塔斯	United States|California|Santa Clara|Milpitas
美国|科罗拉多州|阿拉珀霍|森特尼尔	United States|Colorado|Arapahoe|Centennial
美国|加利福尼亚州|圣克拉拉|洛思阿图斯	USA|California|Santa Clara|Los Altos
美国|加利福尼亚州|圣马特奥|	United States|California|San Mateo|
美国|明尼苏达州|达科他县|伊根	United States|Minnesota|Dakota|Eagan
美国|加利福尼亚州|阿拉梅达|海沃德	United States|California|Alameda|Hayward
美国|加利福尼亚州|圣马特奥|圣卡洛斯	United States|California|San Mateo|San Carlos
加拿大|安大略省|约克|旺-伍德布里奇	Canada|Ontario|York|Vaughan
美国|加利福尼亚州|马林|拉克斯珀	United States|California|Malibu|Laguna Beach
美国|加利福尼亚州|康特拉科斯塔|拉斐特	United States|California|Contra Costa|Lafayette
美国|亚拉巴马州|塔斯卡卢萨|	United States|Alabama|Tuscaloosa|
美国|俄亥俄州|杰佛逊县|多伦多	United States|Ohio|Jefferson|Toronto
美国|加利福尼亚州|纳帕|	United States|California|Napa|
加拿大|安大略省|渥太华|	Canada|Ontario|Ottawa|
美国|新泽西州|密德萨克斯|卡特雷特	United States|New Jersey|Middlesex|Carteret
美国|田纳西州|富兰克林县|	United States|Tennessee|Franklin|
美国|田纳西州|拉瑟福县|士麦那	United States|Tennessee|Rutherford|Smyrna
美国|伊利诺伊州|圣克莱尔|东圣路易斯	United States|Illinois|St. Clair|East St. Louis
美国|加利福尼亚州|圣克拉拉|	United States|California|Santa Clara|
美国|田纳西州|麦克明县|雅典	United States|Tennessee|McMinn|Athens
美国|田纳西州|索姆奈县|加拉廷	United States|Tennessee|Sumner|Gallatin
美国|田纳西州|科菲县|塔拉霍马	United States|Tennessee|Coffee|Tullahoma
美国|加利福尼亚州|洛杉矶|拉文	United States|California|Los Angeles|Ravin
美国|乔治亚州|卡图萨|灵戈尔德	United States|Georgia|Cartersville|Lingua
美国|密苏里州|圣路易斯县|马里兰高地	United States|Missouri|Saint Louis|Maryland Heights
美国|田纳西州|汉弗莱斯县|麦克尤恩	United States|Tennessee|Humphreys|McEwen
美国|密苏里州|格林县|斯普林菲尔德	United States|Missouri|Greene|Springfield
美国|密苏里州|圣路易斯县|克莱顿	United States|Missouri|St. Louis|Clayton
美国|科罗拉多州|杰斐逊|莱克伍德	United States|Colorado|Jefferson|Lakewood
美国|田纳西州|蒂普顿县|卡温顿	United States|Tennessee|Tipton County|Covington
美国|加利福尼亚州|洛杉矶|雷东多海滩	United States|California|Los Angeles|Redondo Beach
美国|田纳西州|本顿县|	United States|Tennessee|Benton|
美国|田纳西州|戴维森县|古德兹维尔	United States|Tennessee|Davidson|Goodlettsville
美国|科罗拉多州|韦尔德|弗雷德里克	United States|Colorado|Weld|Frederick
美国|纽约州|威斯特彻斯特|拉伊	United States|New York|Westchester|Rye
美国|密苏里州|圣路易斯县|密苏里弗龙特纳克	United States|Missouri|Saint Louis|Missouri Frontenac
美国|马里兰州|乔治王子|布伦特伍德	United States|Maryland|Prince George's|Brentwood
美国|科罗拉多州|道格拉斯|高地牧场	United States|Colorado|Douglas|Highlands Ranch
美国|科罗拉多州|阿拉珀霍|格伦代尔	United States|Colorado|Alamosa|Glendale
美国|科罗拉多州|韦尔德|约翰斯敦	United States|Colorado|Weld|Johnstown
美国|科罗拉多州|阿拉珀霍|格林伍德村	United States|Colorado|Alapahoe|Greenwood Village
美国|田纳西州|索姆奈县|白宫	United States|Tennessee|Somerville|White House
美国|加利福尼亚州|洛杉矶|蒙提贝罗	United States|California|Los Angeles|Montebello
美国|伊利诺伊州|库克|诺斯莱克	United States|Illinois|Cook|Norridge
美国|田纳西州|汉密尔顿县|查塔努加	United States|Tennessee|Hamilton|Chattanooga
美国|肯塔基州|刘易斯县|万斯堡	USA|Kentucky|Lewis|Owensboro
美国|印第安纳州|莱克|哈蒙德	United States|Indiana|Lake|Hammond
美国|科罗拉多州|拉里默|科林斯堡	United States|Colorado|Larimer|Collins
美国|密歇根州|韦恩|布朗斯敦	United States|Michigan|Warren|Brownstown
美国|威斯康星州|密尔瓦基县|布朗鹿	United States|Wisconsin|Milwaukee County|Brown Deer
美国|科罗拉多州|博尔德|拉法叶	United States|Colorado|Boulder|Lafayette
美国|弗吉尼亚州|夏洛茨维尔|	United States|Virginia|Charlottesville|
美国|阿肯色州|康韦|	United States|Arkansas|Conway|
美国|印第安纳州|艾伦|韦恩堡	United States|Indiana|Allen|Wayne Township
美国|伊利诺伊州|库克|罗斯蒙特	United States|Illinois|Cook|Rosemont
美国|印第安纳州|波特|梅里尔维尔	United States|Indiana|Portage|Merrillville
美国|伊利诺伊州|杜佩奇|朗伯德	United States|Illinois|DuPage|Lombard
美国|伊利诺伊州|桑加蒙|斯普林菲尔德	United States|Illinois|Sangamon|Springfield
美国|伊利诺伊州|莱克|利伯蒂维尔	United States|Illinois|Lake|Libertyville
美国|伊利诺伊州|杰克逊|卡本代尔	United States|Illinois|Jackson|Carbondale
美国|印第安纳州|奥兰治|弗伦奇利克	United States|Indiana|Orange|French Lick
美国|伊利诺伊州|库克|埃文斯顿	United States|Illinois|Cook|Evanston
美国|伊利诺伊州|库克|德斯普兰斯	United States|Illinois|Cook|Des Plaines
美国|佛罗里达州|布劳沃德县|庞帕诺比奇	United States|Florida|Broward|Pompano Beach
美国|新泽西州|萨默塞特|	USA|New Jersey|Summit|
美国|新泽西州|格洛斯特|富兰克林镇区	United States|New Jersey|Closter|Franklin Township
美国|佛罗里达州|布劳沃德县|戴维	United States|Florida|Broward|Davie
美国|新泽西州|博根|卡尔斯塔特	United States|New Jersey|Bergen|Carlstadt
美国|印第安纳州|埃尔克哈特|	United States|Indiana|Elkhart|
英国|英格兰|赫特福德郡|	United Kingdom|England|Hertfordshire|
美国|密歇根州|英厄姆|东兰辛	United States|Michigan|Ann Arbor|East Lansing
美国|弗吉尼亚州|亨利科县|格伦艾伦	United States|Virginia|Henrico|Glen Allen
美国|亚利桑那州|马里科帕|坦佩	United States|Arizona|Maricopa|Tempe
美国|马里兰州|乔治王子|拉纳姆	United States|Maryland|Prince George's|Lanham
美国|密歇根州|奥克兰|宾厄姆农场	United States|Michigan|Oakland|Birmingham Farms
美国|佛罗里达州|迈阿密－戴德县|多拉	United States|Florida|Miami-Dade|Doral
美国|华盛顿州|金|肯特	United States|Washington|King|Kent
美国|纽约州|罗克兰|奥兰治敦	United States|New York|Monroe|Orangetown
美国|马里兰州|乔治王子|海厄茨维尔	United States|Maryland|Prince George's|Hyattsville
美国|新墨西哥州|桑多瓦尔县|科瓦普韦布洛	United States|New Mexico|Santa Fe|Cochiti
美国|伊利诺伊州|杜佩奇|唐纳斯格罗夫	United States|Illinois|Dupage|Downers Grove
美国|弗吉尼亚州|诺福克|	United States|Virginia|Norfolk|
美国|北卡罗来纳州|苏格兰|东劳林堡	United States|North Carolina|Suffolk|East Laurinburg
美国|马里兰州|乔治王子|米契维尔	United States|Maryland|Prince George's|Mitchellville
美国|马里兰州|巴尔的摩|亨特谷	United States|Maryland|Baltimore|Hunt Valley
美国|弗吉尼亚州|费尔法克斯县|尚蒂利	United States|Virginia|Fairfax|Chantilly
美国|宾夕法尼亚州|阿利根尼县|韦克斯福	United States|Pennsylvania|Arganey|Wilks-Barre
美国|伊利诺伊州|凯恩|杰尼瓦	United States|Illinois|Kane|Geneva
美国|佛罗里达州|迈阿密|戴德县	United States|Florida|Miami|Dade
美国|马里兰州|卡洛尔|威斯敏斯特	United States|Maryland|Baltimore|Westminster
美国|马里兰州|蒙哥马利|盖瑟斯堡	United States|Maryland|Baltimore|Gaithersburg
美国|西弗吉尼亚州|卡诺瓦县|查尔斯顿	United States|West Virginia|Kanawha|Charleston
美国|加利福尼亚州|橙|森林湖	United States|California|Orange|Lake Forest
加拿大|安大略省|约克|列治文山	Canada|Ontario|York|Richmond Hill
美国|马里兰州|查尔斯|瓦尔多夫	United States|Maryland|Charles|Waldorf
美国|科罗拉多州|拉里默|拉夫兰	United States|Colorado|Larimer|Loveland
美国|弗吉尼亚州|科洛尼尔海茨|	United States|Virginia|Colonial Heights|
美国|弗吉尼亚州|费尔法克斯县|维也纳	United States|Virginia|Fairfax County|Vienna
美国|马里兰州|蒙哥马利|银泉	United States|Mariland|Montgomery|Silver Spring
美国|弗吉尼亚州|马纳萨斯帕克|	United States|Virginia|Manassas Park|
美国|马里兰州|乔治王子|劳雷尔	United States|Maryland|Prince George's|Laurel
美国|马里兰州|乔治王子|贝尔茨维尔	United States|Maryland|Prince George's|Beltsville
美国|马里兰州|圣玛丽斯|伦纳德顿	United States|Maryland|Saint Marys|Leonardtown
美国|乔治亚州|费耶特|桃树市	United States|Georgia|Fayette|Peachtree City
美国|乔治亚州|库克|阿德尔	United States|Georgia|Cook|Adel
美国|乔治亚州|富尔顿|罗斯韦尔	USA|Georgia|Atlanta|Roswell
美国|乔治亚州|奥科尼|沃特金斯维尔	United States|Georgia|Oconee|Watkinsville
美国|弗吉尼亚州|里士满县|	United States|Virginia|Richmond|
美国|乔治亚州|格威内特|德卢斯	United States|Georgia|Gwinnett|Duluth
美国|乔治亚州|道格拉斯|利西亚斯普林斯	United States|Georgia|Douglas|Lithia Springs
美国|乔治亚州|罗克代尔|康纳斯岛	United States|Georgia|Rockdale|Conyers
美国|乔治亚州|雅典－克拉克|博加特	United States|Georgia|Athens-Clarke|Bogart
美国|宾夕法尼亚州|利哈伊县|阿伦敦	United States|Pennsylvania|Lehigh|Allentown
美国|乔治亚州|迪凯特|	United States|Georgia|Decatur|
美国|肯塔基州|佩里县|哈泽德	United States|Kentucky|Perry|Hazard
美国|纽约州|威斯特彻斯特|哈里森	United States|New York|Westchester|Harrison
美国|马里兰州|霍华德|埃利科特城	United States|Maryland|Howard|Ellicott City
美国|纽约州|威斯特彻斯特|格林堡	United States|New York|Westchester|Greenburgh
美国|宾夕法尼亚州|阿利根尼县|里奇兰	United States|Pennsylvania|Armstrong|Richland
美国|加利福尼亚州|洛杉矶|兰开斯特	United States|California|Los Angeles|Lancaster
美国|德克萨斯州|达拉斯|艾迪生	United States|Texas|Dallas|Addison
美国|弗吉尼亚州|费尔法克斯县|伯克	United States|Virginia|Fairfax County|Burke
美国|弗吉尼亚州|费尔法克斯县|森特维尔	United States|Virginia|Fairfax County|Centreville
美国|乔治亚州|格威内特|诺克罗斯	United States|Georgia|Gwinnett|Norcross
美国|印第安纳州|圣约瑟夫|南本德	United States|Indiana|South Bend|South Bend Central
美国|新泽西州|伯灵顿|蒙荷里	United States|New Jersey|Burlington|Mount Holly
美国|宾夕法尼亚州|华盛顿县|卡农斯堡	United States|Pennsylvania|Washington|Carnot
美国|加利福尼亚州|圣迭戈|索拉纳海滩	United States|California|San Diego|Solana Beach
美国|亚拉巴马州|鲍德温|弗利	United States|Alabama|Baldwin|Fairhope
美国|路易斯安那州|伊比利亚|新伊比利亚	United States|Louisiana|Iberia|New Iberia
墨西哥|墨西哥城|米格尔·伊达尔戈区|	Mexico|Mexico City|Miguel Hidalgo|
美国|佛罗里达州|沃尔顿县|米拉玛海滩	United States|Florida|Walton|Miramar Beach
美国|新泽西州|格洛斯特|葛拉斯堡罗	United States|New Jersey|Gloucester|Glassboro
美国|密西西比州|海恩兹县|杰克逊	United States|Mississippi|Hinds|Jackson
美国|密西西比州|斯通县|威金斯	United States|Mississippi|Stone|Wiggins
墨西哥|墨西哥州|图尔蒂特兰|	Mexico|Mexico State|Tultepec|
美国|马里兰州|巴尔的摩|巴尔的摩	United States|Maryland|Baltimore|Baltimore
墨西哥|墨西哥州|塔兰潘特拉|	Mexico|Mexico State|Tlalnepantla|
美国|宾夕法尼亚州|巴克斯县|米德尔敦	United States|Pennsylvania|Bucks|Middletown
美国|路易斯安那州|杰佛逊|哈拉罕	United States|Louisiana|Jefferson|Harahan
墨西哥|墨西哥州|伊斯特拉瓦卡德拉永|	Mexico|Mexico State|Ecatepec de Morelos|
美国|科罗拉多州|亚当斯|布莱顿	United States|Colorado|Adams|Brighton
美国|伊利诺伊州|麦克亨利|马伦戈	United States|Illinois|Mchenry|Marengo
美国|弗吉尼亚州|威廉王子县|盖恩斯维尔	United States|Virginia|Prince William|Gainesville
墨西哥|下加利福尼亚州|墨西加利|	Mexico|Baja California|Mexicali|
墨西哥|墨西哥州|图尔蒂特兰|圣马特奥夸特佩克	Mexico|Mexico State|Tultitlan|San Mateo Otzacatipan
美国|佛罗里达州|帕斯科县|假日	United States|Florida|Pasco|Holiday
墨西哥|墨西哥州|威斯基鲁康|	Mexico|Mexico State|Villa de Kilican|
美国|北卡罗来纳州|韦克|莫里斯维尔	United States|North Carolina|Wake|Morrisville
美国|佛罗里达州|奥兰治县|梅特兰	United States|Florida|Orange|Metro West
墨西哥|墨西哥城|夸乌特莫克区|华雷斯殖民地	Mexico|Mexico City|Cuauhtémoc|Colonia Juárez
美国|伊利诺伊州|库克|北里弗赛德	United States|Illinois|Cook|North Riverside
美国|马里兰州|乌斯特|波科莫克城	United States|Maryland|Worcester|Pocomoke City
美国|伊利诺伊州|格林|威尔明顿	United States|Illinois|Glen|Wilmington
美国|伊利诺伊州|库克|罗灵梅多斯	United States|Illinois|Cook|Rosemead
美国|伊利诺伊州|麦克亨利|	United States|Illinois|McHenry|
美国|伊利诺伊州|格兰迪|塞尼卡	United States|Illinois|Glendale|Seneca
美国|弗吉尼亚州|奥古斯塔县|维罗纳	United States|Virginia|Augusta|Verona
美国|伊利诺伊州|库克|惠灵	United States|Illinois|Cook|Wheeling
美国|伊利诺伊州|莱克|格尼	United States|Illinois|Lake|Gurnee
加拿大|魁北克省|奥尔良岛|圣劳伦斯－德勒－奥尔良	Canada|Quebec|Magdalen Islands|Saint Lawrence—Magdalen Islands
美国|伊利诺伊州|凯恩|蒙哥马利	United States|Illinois|Kane|Montgomery
美国|伊利诺伊州|杜佩奇|艾塔斯卡	United States|Illinois|DuPage|Addison
美国|伊利诺伊州|杜佩奇|奥克布鲁克特勒斯	United States|Illinois|Dupage|Oakbrook Terrace
美国|伊利诺伊州|温纳贝戈|罗克福德	United States|Illinois|Winnebago|Rockford
美国|伊利诺伊州|威尔|曼哈顿	United States|Illinois|Wil|Manhattan
美国|伊利诺伊州|威尔|乔利埃特	United States|Illinois|Wil|Joliet
美国|伊利诺伊州|格兰迪|加德纳	United States|Illinois|Glenview|Gadena
美国|德克萨斯州|波特|阿马里洛	United States|Texas|Port Arthur|Amarillo
美国|伊利诺伊州|莱克|苏黎世湖	United States|Illinois|Lake|Sullivan Lake
美国|内华达州|克拉克|北拉斯维加斯	United States|Nevada|Clark|North Las Vegas
美国|伊利诺伊州|库克|里弗格罗夫	United States|Illinois|Cook|Rivergrove
美国|北卡罗来纳州|卡托巴|牛顿	United States|North Carolina|Catawba|Newton
美国|伊利诺伊州|库克|格伦科	United States|Illinois|Cook|Glencoe
美国|南卡罗来纳州|查尔斯顿县|北查尔斯顿	USA|South Carolina|Charleston|North Charleston
美国|伊利诺伊州|威尔|莫凯纳	United States|Illinois|Will|Mokena
加拿大|魁北克省|舍布鲁克|	Canada|New Brunswick|Shippagan|
美国|伊利诺伊州|库克|埃弗格林公园区	United States|Illinois|Cook|Evelyn Green Park
美国|伊利诺伊州|威尔|香纳洪	United States|Illinois|Wheeling|Arlington Heights
美国|北卡罗来纳州|卡托巴|克莱蒙特	United States|North Carolina|Catawba|Claremont
美国|俄亥俄州|梅迪纳县|沃兹沃思	United States|Ohio|Medina|Wadsworth
美国|伊利诺伊州|杜佩奇|布卢明代尔	United States|Illinois|Dupage|Bloomingdale
美国|德克萨斯州|达拉斯|雪松山	United States|Texas|Dallas|Park Cities
加拿大|魁北克省|隆格伊|隆格伊	Canada|British Columbia|Langley|Langley
美国|宾夕法尼亚州|阿利根尼县|月亮	United States|Pennsylvania|Allegheny|Moon
美国|宾夕法尼亚州|巴特勒县|马里恩	United States|Pennsylvania|Butler|Marien
意大利|西西里|锡拉库萨|弗兰科丰特	Italy|Sicily|Siracusa|Francofonte
加拿大|魁北克省|隆格伊|	Canada|Quebec|Longueuil|
美国|伊利诺伊州|肯德尔|普兰菲尔德	United States|Illinois|Kendall|Plainfield
墨西哥|克雷塔罗州|圣地亚哥|德克雷塔罗	Mexico|Querétaro|Santiago|Querétaro
墨西哥|瓜纳华托州|伊拉普阿托|	Mexico|Guanajuato|Irapuato|
加拿大|魁北克省|蒙特利尔|拉萨尔	Canada|Quebec|Montreal|Laval
美国|宾夕法尼亚州|波特县|沙伦	United States|Pennsylvania|Potter|Sharon
巴拿马|博卡斯德尔托罗省||	Panama|Bocas del Toro||
美国|印第安纳州|门罗|布卢明顿	United States|Indiana|Monroe|Bloomington
美国|俄勒冈州|波尔克县|蒙茅斯	United States|Oregon|Polk|Monmouth
美国|宾夕法尼亚州|阿利根尼县|科里奥波利斯	United States|Pennsylvania|Allegheny|Coraopolis
墨西哥|克雷塔罗州|埃尔马克斯|工业园区	Mexico|Queretaro|El Marques|Industrial Park
美国|北卡罗来纳州|约翰斯顿|威尔逊磨坊	United States|North Carolina|Johnson|Wilsox
沙特阿拉伯|麦加省|吉达|	Saudi Arabia|Makkah|Jeddah|
美国|艾奥瓦州|马哈斯卡县|奥斯卡卢萨	United States|Iowa|Mahaska|Oskaloosa
加拿大|不列颠哥伦比亚省|大温哥华|枫树岭	Canada|British Columbia|Vancouver|Maple Ridge
意大利|威尼托|帕多瓦|	Italy|Veneto|Padua|
美国|佛罗里达州|塞米诺尔县|朗伍德	United States|Florida|Seminole|Longwood
美国|密西西比州|拉斐特县|牛津	United States|Mississippi|Lafayette|Oxford
印度|泰米尔纳德邦|蒂鲁布尔县|	India|Tamil Nadu|Tirupur|
美国|肯塔基州|肯顿县|克雷斯特维尤希尔斯	United States|Kentucky|Kenton|Crestview Hills
美国|印第安纳州|克林顿|马尔伯里	United States|Indiana|Clinton|Marble
美国|宾夕法尼亚州|威斯特摩兰县|新肯辛顿	United States|Pennsylvania|Westmoreland|New Kensington
美国|犹他州|犹他|林顿	United States|Utah|Utah|Lindon
巴西|里约热内卢州|卡布弗里乌|	Brazil|Rio de Janeiro|Cabo Frio|
危地马拉|||	Guatemala|||
美国|宾夕法尼亚州|印第安纳县|布莱尔斯维尔	United States|Pennsylvania|Indiana County|Blairsville
美国|南卡罗来纳州|查尔斯顿县|普特普林森	United States|South Carolina|Charleston|Mount Pleasant
美国|怀俄明州|尤因塔|莱曼	United States|Wyoming|Uinta|Lyman
巴西|帕拉州|库里蒂巴|	Brazil|Para|Curitiba|
美国|弗吉尼亚州|坎伯兰县|法姆维尔	United States|Virginia|Campbell|Famville
巴基斯坦|旁遮普省|萨希瓦尔|阿里夫瓦拉	Pakistan|Punjab|Sahiwal|Arifwala
巴西|联邦区|普拉纳尔蒂纳|	Brazil|Distrito Federal|Planalto Central|
美国|俄亥俄州|费耶特县|杰佛逊维尔	United States|Ohio|Fayette|Jeffersonville
阿根廷|圣胡安省|钦巴斯|	Argentina|San Juan|Chimbas|
多米尼加共和国|杜阿尔特省|圣弗朗西斯科－德马科里斯|	Dominican Republic|Duarte|San Francisco de Macoris|
巴拉圭|中央省|伊陶瓜|	Paraguay|Central|Itaugua|
美国|阿肯色州|约翰逊|克拉克斯代尔	United States|Arkansas|Johnson|Clarksdale
保加利亚|普罗夫迪夫州||	Bulgaria|Provdiv||
委内瑞拉|苏利亚州|卡维马斯市|	Venezuela|Sulia|Cavimas|
巴西|马托格罗索州|东普里马韦拉|	Brazil|Mato Grosso do Sul|Dourados|
美国|亚拉巴马州|鲍德温|达芙妮	United States|Alabama|Baldwin|Daphne
多米尼加共和国|蒙特普拉塔省|亚马萨|	Dominican Republic|Monte Plata|Yamasa|
哥伦比亚|卡尔达斯省|里萨拉尔达省|	Colombia|Caldas|Risaralda|
美国|印第安纳州|普瓦斯基|弗朗西斯维尔	United States|Indiana|Pulaski|Francesville
秘鲁|利马大区|米拉弗洛雷斯|	Peru|Lima|Miraflores|
墨西哥|圣路易斯波托西州|圣路易斯波托西市|	 Mexico| San Luis Potosi| San Luis Potosi|
多米尼加共和国|圣多明各省|东圣多明各|	Dominican Republic|Santo Domingo|Santo Domingo Este|
印度尼西亚|万丹省|板底兰|	Indonesia|Banten|Pandeglang|
巴西|南里奥格兰德州||	Brazil|Rio Grande do Norte||
西班牙|阿拉贡自治区|萨拉戈萨省|拉穆埃拉	Spain|Aragon|Zaragoza|La Muela
西班牙|卡斯蒂利亚－莱昂自治区|塞哥维亚省|科卡	Spain|Castile and Leon|Segovia|Coca
美国|堪萨斯州|克劳德县|米尔顿维尔	United States|Kansas|Cloud|Miltonvale
荷兰|北荷兰省|哈莱默梅尔|欧德梅尔	Netherlands|North Holland|Haarlem|Oud Meer
乌拉圭|卡内洛内斯|尼科利奇移民镇|	Uruguay|Canelones|Nicolich|
美国|爱达荷州|邦纳维尔县|乌孔	United States|Idaho|Bonner|Ucon
哥伦比亚|博亚卡省|加拉戈阿|	Colombia|Boyaca|Garagoa|
阿根廷|丘布特省|埃斯卡兰特县|拉达蒂利	Argentina|Chubut|Escalante|Rada Tilly
美国|华盛顿州|金|伦顿	United States|Washington|King|Renton
加拿大|魁北克省|东圣让湖|阿尔玛	Canada|Quebec|Saint-Jean-sur-Richelieu|Alma
美国|密苏里州|杰佛逊县|克里斯特尔城	United States|Missouri|Jefferson County|Crystal City
佛得角|普腊亚||	Buddha's Horn|Puxian Temple||
美国|犹他州|米勒德|德尔塔	United States|Utah|Millard|Delta
巴西|圣保罗州|蓬佩亚|新克拉维尼奥斯	Brazil|Sao Paulo|Pongai|nova clavinius
厄瓜多尔|埃尔奥罗省|瓦基利亚斯县|	Ecuador|El Oro|Vakilias|
美国|弗吉尼亚州|奥兰治县|	United States|Virginia|Orange|
美国|德克萨斯州|布拉索斯|布赖恩	United States|Texas|Brazos|Bryan
巴西|米纳斯吉拉斯州|瓦尔任阿|	Brazil|Minas Gerais|Valença|
委内瑞拉|特鲁希略州|巴莱拉市|	Venezuela|Trujillo|Valera|
美国|密歇根州|范布伦|布卢明代尔	United States|Michigan|Bloomfield|Bloomfield Hills
墨西哥|米却肯州|萨莫拉－德伊达尔戈|	Mexico|Michoacan|Samora de Hidalgo|
日本|东京都|品川区|	Japan|Tokyo|Shinagawa|
印度尼西亚|西爪哇省||	Indonesia|West Papua||
美国|华盛顿州|金|费德勒尔韦	United States|Washington|King|Federal Way
美国|密歇根州|肯特|喀里多尼亚	United States|Michigan|Kent|Caledonia
中国|香港|九龙半岛|油尖旺区	China|Hong Kong|Kowloon|Yau Tsim Mong
美国|俄勒冈州|雷恩县|尤金	United States|Oregon|Lane|Eugene
阿根廷|科尔多瓦省|罗卡将军镇|	Argentina|Cordoba|General Roca|
美国|缅因州|皮斯卡塔奎斯县|多佛	United States|Maine|Piscataquis|Dover
缅甸|仰光省||	Myanmar|Yangon||
法国|法兰西岛|塞纳－马恩|托尔西	France|Franche-Comte|Cote-d'Or|Tours
萨尔瓦多|圣萨尔瓦多省|圣简称萨京|	El Salvador|San Salvador|San Salvador City|
菲律宾|棉兰老穆斯林自治区|哥打巴托市|	Philippines|Muslim Mindanao|Cotabato City|
印度尼西亚|西爪哇省|加拉璜|	Indonesia|West Java|Garut|
美国|犹他州|盐湖|德雷珀	United States|Utah|Salt Lake|Draper
美国|佛罗里达州|布劳沃德县|韦斯顿	United States|Florida|Broward|Weston
利比亚|班加西||	Libya|Banghazi||
多米尼加共和国|巴尔韦德省|马奥|	Dominican Republic|Barahona|Mao|
德国|不来梅州|不来梅|	Germany|Bremen|Bremen|
哥伦比亚|梅塔省|比亚维森西奥|	Colombia|Meta|Villavicencio|
巴西|朗多尼亚州|日帕拉纳|	Brazil|Rondonia|Ji-Parana|
多米尼加共和国|桑切斯·拉米雷斯省|科图伊|	Dominican Republic|Sánchez Ramírez|Cotui|
巴西|戈亚斯州|戈亚尼亚|	Brazil|Goias|Goiania|
阿根廷|内乌肯省||	Argentina|Neuquen||
美国|德克萨斯州|拉伯克|拉伯克	United States|Texas|Lubbock|Lubbock
哥伦比亚|考卡山谷省|卡利|	Colombia|Cauca Valley|Cali|
印度尼西亚|中爪哇省|博约拉利|	Indonesia|Central Java|Boyolali|
哥伦比亚|昆迪纳马卡省|比列塔|	Colombia|Quindío|Bilbao|
意大利|普利亚|巴里|	Italy|Puglia|Bari|
多米尼加共和国|达哈翁省|达哈翁|	Dominican Republic|Dajabón|Dajabón|
美国|乔治亚州|坎德勒|梅特	United States|Georgia|Candler|Mett
多米尼加共和国|拉贝加省|哈拉巴可亚|	Dominican Republic|La Vega|Jarabacoa|
阿根廷|圣菲省|罗萨里奥|	Argentina|Santa Fe|Rosario|
厄瓜多尔|钦博拉索省|里奥万瓦县|	Ecuador|Chimborazo|Riobamba|
黎巴嫩|黎巴嫩山省|麦腾县|	Lebanon|Mount Lebanon|Maten|
委内瑞拉|玻利瓦尔州|圭亚那|	Venezuela|Bolivar|Guayana|
美国|伊利诺伊州|诺克斯|盖尔斯堡	United States|Illinois|Knox|Galesburg
阿根廷|布宜诺斯艾利斯省|布兰卡港|	Argentina|Buenos Aires|Blanca Port|
美国|加利福尼亚州|圣华金|特雷西	United States|California|San Jose|Tracy
哥伦比亚|安蒂奥基亚省|巴尔博萨|	Colombia|Antioquia|Barbosa|
秘鲁|利马大区|巴兰卡|	Peru|Lima Region|Barranca|
波多黎各|别克斯||	Puerto Rico|Ponce||
多米尼加共和国|萨马纳省|拉斯特拉纳斯|	Dominican Republic|Samana|Las Terrenas|
巴西|巴拉那州|圣塔伦|	Brazil|Parana|Santarem|
哥伦比亚|卡萨纳雷省|阿瓜苏尔|	Colombia|Casanare|Aguazul|
墨西哥|阿瓜斯卡达特斯州|卡维洛|	Mexico|Aguascalientes|Aguascalientes|
美国|新墨西哥州|陶斯县|	USA|New Mexico|Taos|
墨西哥|塔毛利帕斯州|新拉雷多|	Mexico|Tamaulipas|Nuevo Laredo|
秘鲁|帕斯科大区|奥克萨潘帕|	Peru|Pasco|Oxapampa|
美国|南达科他州|海德县|海莫尔	United States|South Dakota|Hyde County|Hiawatha
阿根廷|布宜诺斯艾利斯省|蒂格雷|	Argentina|Buenos Aires|Tigre|
墨西哥|新莱昂州|圣佩德罗加尔萨加西亚|	Mexico|Nuevo León|San Pedro Garza García|
哥伦比亚|里萨拉尔达省|多斯克布拉达斯|	Colombia|Risaralda|Dosquebradas|
委内瑞拉|法尔孔州|卡里鲁瓦纳市|蓬托菲霍	Venezuela|Falcon|Carirubana|Punto Fijo
巴西|圣保罗州|圣安娜－迪巴纳伊巴|	Brazil|Sao Paulo|Santa Ana de Parnaíba|
巴西|马拉尼昂州|马拉尼昂州圣路易斯|奎布拉波特	Brazil|Maranhao|Sao Luis|Quibra Pot
多米尼加共和国|桑切斯·拉米雷斯省|凡蒂诺|	Dominican Republic|Sánchez Ramírez|Fantino|
墨西哥|墨西哥州|查尔科|圣格雷戈里·库奥钦戈	Mexico|Mexico State|Chalco|San Gregorio Cuautzingo
秘鲁|利马大区||	Peru|Lima||
委内瑞拉|新埃斯帕塔州|马里尼奥市|波拉马尔	Venezuela|Nueva Esparta|Marino|Porlamar
哥伦比亚|纳里尼奥省|图克雷斯|	Colombia|Nariño|Tucres|
美国|加利福尼亚州|圣克拉拉|硅谷	United States|California|Santa Clara|Silicon Valley
厄瓜多尔|阿苏艾省|库恩卡县|	Ecuador|Azuay|Cuenca|
墨西哥|坎佩切州|坎佩切|	Mexico|Campeche|Campeche|
博茨瓦纳|哈博罗内||	Botswana|Gaborone||
尼泊尔|巴格马蒂省|加德满都|	Nepal|Bagmati|Kathmandu|
哥伦比亚|波哥大首都地区|波哥大自由贸易区|	Colombia|Greater Bogotá|Bogotá Free Trade Zone|
巴林|首都省|麦纳麦|	Bahrain|Capital Governorate|Manama|
印度尼西亚|雅加达首都特区|南雅加达|	Indonesia|Jakarta Special Capital Region|South Jakarta|
巴西|南马托格罗索州|卡马普昂|	Brazil|South Mato Grosso|Campo Grande|
也门|亚丁省||	Yemen|Aden||
意大利|西西里|巴勒莫|	Italy|Sicily|Palermo|
巴西|圣埃斯皮里图州|维多利亚|	Brazil|Espírito Santo|Vitória|
哥伦比亚|安蒂奥基亚省|圣佩德罗|	Colombia|Antioquia|San Pedro|
多米尼加共和国|诺埃尔主教省|博瑙|	Dominican Republic|Monseñor Nouel|Bonao|
墨西哥|哈利斯科州|伊达尔戈别墅|	Mexico|Hidalgo|Idalgobellan|
科威特|科威特城||	Kuwait|Kuwait City||
美国|北卡罗来纳州|杰克逊|西尔瓦	United States|North Carolina|Jackson|Silva
巴西|塞尔希培州|圣克里斯托旺|罗莎埃尔泽	Brazil|Sergipe|Cristóvão|Rosário do Catete
巴西|南里奥格兰德州|孔斯坦蒂纳|	Brazil|Rio Grande do Norte|Constantina|
秘鲁|库斯科大区|库斯科|	Peru|Cusco|Cusco|
秘鲁|利马大区|马格达莱纳德尔马|	Peru|Lima Region|Megalopolis Lima|
巴西|圣保罗州|圣保罗|布鲁克林	Brazil|Sao Paulo|Sao Paulo|Brooklin
美国|德克萨斯州|拉马尔|布洛索姆	United States|Texas|Lamar|Bloomsburg
阿根廷|拉里奥哈省||	Argentina|La Rioja||
巴西|米纳斯吉拉斯州|阿塔莱亚|	Brazil|Minas Gerais|Ataléia|
波兰|马佐夫舍省|皮亚塞奇诺|	Poland|Mazowieckie|Piasocznio|
阿根廷|科尔多瓦省|里奥夸尔托|科罗内尔莫尔德斯	Argentina|Cordoba|Rio Cuarto|Coronel Moldes
巴西|南里奥格兰德州|圣利奥波尔杜|圣安德雷	Brazil|Rio Grande do Sul|São Leopoldo|Santo André
美国|佛罗里达州|迈阿密－戴德县|	USA|Florida|Miami-Dade|
危地马拉|危地马拉省|米斯科|	Guatemala|Guatemala|Mixco|
美国|马萨诸塞州|汉普登县|韦斯特菲尔德	United States|Massachusetts|Hampden|Westfield
美国|佛蒙特州|温德姆县|威明顿	United States|Vermont|Windham|Wilmington
巴西|米纳斯吉拉斯州|贝洛奥里藏特|埃斯托里尔	Brazil|Minas Gerais|Belo Horizonte|Estoril
美国|马里兰州|巴尔的摩|	United States|Maryland|Baltimore|
厄瓜多尔|埃尔奥罗省|马查拉县|	Ecuador|El Oro|Machala|
加拿大|安大略省|彼得伯勒|哈维洛克－贝蒙特－梅苏恩	Canada|Ontario|Peterborough|Havelock-Belmont-Methuen
墨西哥|特拉斯卡拉州|阿佩塔提尔兰|	Mexico|Tlaxcala|Apizaco|
黎巴嫩|贝鲁特省|贝鲁特|	Lebanon|Beirut|Beirut|
中国|香港|香港岛|湾仔区	China|Hong Kong|Hong Kong Island|Wan Chai
美国|纽约州|圣罗伦斯|哈蒙德	United States|New York|Saint Lawrence|Hammond
印度尼西亚|东加里曼丹省|巴厘巴板|	Indonesia|East Kalimantan|Balikpapan|
巴西|戈亚斯州|戈亚斯州贝拉维斯塔|	Brazil|Goias|Goias|
墨西哥|瓜纳华托州|多洛雷斯－伊达尔戈|	Mexico|Guanajuato|Dolores Hidalgo|
圣基茨和尼维斯|||	Saint Kitts and Nevis|||
巴拿马|巴拿马省||	Panama|Panama||
美国|密歇根州|布兰奇|布朗森	United States|Michigan|Bloomfield Hills|Bloomfield Township
以色列|中央区|罗什艾因|	Israel|Central District|Rosh HaAyin|
美国|乔治亚州|克莱|盖恩斯堡	United States|Georgia|Clay|Gainesville
委内瑞拉|法尔孔州|佩蒂特市|	Venezuela|Falcón|Petit|
多米尼加共和国|圣胡安省||	Dominican Republic|San Juan||
墨西哥|墨西哥城|米格尔·伊达尔戈区|查普尔特佩克	Mexico|Mexico City|Miguel Hidalgo|Chapultepec
美国|新泽西州|摩里斯|莫里斯敦	United States|New Jersey|Morris|Morristown
美国|加利福尼亚州|洛杉矶|圣菲斯普林斯	United States|California|Los Angeles|San Francisco
加拿大|曼尼托巴省|第3普查区|温克勒	Canada|Manitoba|Division No. 3|Winkler
加拿大|安大略省|滑铁卢|剑桥	Canada|Ontario|Huntsville|Cambridge
美国|弗吉尼亚州|劳登县|利斯堡	United States|Virginia|Loudoun|Leesburg
美国|宾夕法尼亚州|森特县|马蒂尔达港	United States|Pennsylvania|Somerset|Martindale Harbor
美国|俄克拉荷马州|塔尔萨|	United States|Oklahoma|Tulsa|
美国|明尼苏达州|拉姆西县|圣保罗	United States|Minnesota|Ramsey|Saint Paul
美国|俄勒冈州|华盛顿县|希尔斯伯勒	United States|Oregon|Washington|Hillsboro
美国|马里兰州|霍华德|埃尔克里奇	United States|Maryland|Howard|Ellicott City
墨西哥|莫雷洛斯州|库埃纳瓦卡|	Mexico|Morelos|Cuernavaca|
美国|加利福尼亚州|橙|圣克莱门特	United States|California|Orange|Santa Clara
美国|阿拉斯加州|楚加奇|科尔多瓦	United States|Alaska|Chugach|Cordova
巴西|里约热内卢州|里约热内卢|班德兰特斯休闲区	Brazil|Rio de Janeiro|Rio de Janeiro|Band Stands Leisure Area
美国|纽约州|伊利|阿默斯特	United States|New York|Erie|Amherst
美国|堪萨斯州|拉什县|拉什中心	United States|Kansas|Rush|Rush Center
多米尼加共和国|普拉塔港省|瓜纳尼科|	Dominican Republic|Puerto Plata|Guananico|
多米尼加共和国|圣佩德罗－德马科里斯省|圣佩德罗－德马科里斯|	Dominican Republic|San Pedro de Macoris|San Pedro de Macoris|
美国|伊利诺伊州|迪卡尔布|锡卡莫尔	United States|Illinois|Decatur|Sicamore
美国|德克萨斯州|布拉索斯|大学城	United States|Texas|Brazos|College Station
美国|密苏里州|佩里县|佩里维尔	United States|Missouri|Perry|Perryville
美国|宾夕法尼亚州|韦恩县|	United States|Pennsylvania|Wayne|
美国|德克萨斯州|登顿|殖民地	United States|Texas|Denton|Colony
美国|印第安纳州|迈阿密|珀鲁	United States|Indiana|Miami|Peru
委内瑞拉|梅里达州|安德烈斯贝略市|拉阿苏利塔	Venezuela|Merida|Andres Bello|La Asulita
美国|亚利桑那州|皮马|	United States|Arizona|Pima|
美国|肯塔基州|布恩县|	United States|Kentucky|Boone|
孟加拉国|达卡专区|加济布尔县|沙菲普尔	Bangladesh|Dhaka Division|Gazipur|Safipur
美国|密苏里州|圣路易斯县|伯克利	United States|Missouri|Saint Louis|Berkeley
美国|新泽西州|默瑟|罗宾斯维尔镇区	United States|New Jersey|Mercer|Robinsville
美国|艾奥瓦州|李县|西点	United States|Iowa|Lee|West Point
美国|俄克拉荷马州|科曼奇|劳顿	United States|Oklahoma|Commerce|Lawton
美国|俄亥俄州|伍德县|路基	United States|Ohio|Wood|Lucky
中国|香港|九龙半岛|深水埗区	China|Hong Kong|Kowloon|Sham Shui Po
委内瑞拉|苏利亚州|巴拉尔特市|梅内格兰德	Venezuela|Sulia|Baralt|Mene Grande
美国|宾夕法尼亚州|伯克县|库茨敦	United States|Pennsylvania|Berks|Kutztown
美国|肯塔基州|杰弗逊县|米德尔敦	United States|Kentucky|Jefferson|Middletown
美国|马萨诸塞州|诺福克县|坎顿	United States|Massachusetts|Norfolk|Canton
法国|布列塔尼|伊勒－维莱讷|瑟松塞维涅	France|Brittany|Ille-et-Vilaine|Sens-de-Bretagne
中国|香港|九龙半岛|黄大仙区	China|Hong Kong|Kowloon|Wong Tai Sin
美国|艾奥瓦州|林县|锡达拉皮兹	United States|Iowa|Linn|Cedar Rapids
美国|俄亥俄州|凯霍加县|梭伦	USA|Ohio|Geauga County|Chardon
委内瑞拉|卡拉沃沃州|巴伦西亚市|	Venezuela|Carabobo|Valencia|
美国|俄亥俄州|哥伦比亚纳县|里斯本	United States|Ohio|Columbiana County|Lisbon
美国|乔治亚州|哥伦比亚|格罗夫敦	United States|Georgia|Columbus|Grovetown
印度尼西亚|东爪哇省|玛琅|	Indonesia|East Java|Malang|
美国|新泽西州|默瑟|特伦顿	United States|New Jersey|Mercer|Trenton
印度尼西亚|西爪哇省|勿加泗|	Indonesia|West Papua|Mokmer|
美国|新泽西州|格洛斯特|伍尔维奇镇区	United States|New Jersey|Gloucester|Woolwich Township
美国|俄亥俄州|怀恩多特县|凯里	United States|Ohio|Wyandot|Carey
菲律宾|马尼拉都会区|曼达卢永市|	Philippines|Metro Manila|Mandaluyong|
美国|密歇根州|奥克兰|布卢姆菲尔德希尔斯	United States|Michigan|Oakland|Bloomfield Hills
美国|密歇根州|韦恩|韦斯特兰	United States|Michigan|Wayne|Westland
美国|新泽西州|默瑟|彭宁顿	United States|New Jersey|Mercer|Pennington
美国|密歇根州|奥克兰|罗切斯特	United States|Michigan|Oakland|Rochester
美国|俄克拉荷马州|凯|布莱克韦尔	United States|Oklahoma|Kay|Blackwell
波多黎各|巴兰基塔斯||	Puerto Rico|Barranquitas||
美国|伊利诺伊州|库克|迪尔菲尔德	United States|Illinois|Cook|Deerfield
美国|宾夕法尼亚州|约克县|	United States|Pennsylvania|York|
美国|弗吉尼亚州|汉普顿|	United States|Virginia|Hampton|
美国|弗吉尼亚州|库尔佩珀县|	United States|Virginia|Culpeper|
美国|密歇根州|纽威哥|弗里蒙特	United States|Michigan|Wyoming|Fremont
美国|特拉华州|纽卡斯尔郡|	United States|Delaware|New Castle|
美国|新泽西州|蒙茅斯|霍姆德尔镇区	United States|New Jersey|Montrose|Holmdel
美国|密歇根州|奥克兰|西布鲁姆菲尔德	United States|Michigan|Oakland|West Bloomfield
美国|伊利诺伊州|库克|拉格兰奇	United States|Illinois|Cook|Langanche
美国|伊利诺伊州|库克|韦斯特切斯特	United States|Illinois|Cook|Westchester
美国|弗吉尼亚州|奥兰治县|戈登斯维尔	United States|Virginia|Orange|Gordonsville
美国|乔治亚州|科布|玛丽埃塔	United States|Georgia|Cobb|Marietta
加拿大|安大略省|尼亚加拉|圣凯瑟琳斯	Canada|Ontario|Niagara|Saint Catharines
美国|伊利诺伊州|库克|阿灵顿海茨	United States|Illinois|Cook|Arlington Heights
美国|印第安纳州|克拉克|查尔斯敦	United States|Indiana|Clark|Charlestown
美国|伊利诺伊州|库克|比弗洛格罗夫	United States|Illinois|Cook|Beverly Glen
美国|伊利诺伊州|凯恩|卡内维尔	United States|Illinois|Kane|Carnaville
美国|佛蒙特州|奇滕登县|伯灵顿	United States|Vermont|Chittenden|Burlington
墨西哥|克雷塔罗州|克雷塔罗工业园|	Mexico|Queretaro|Queretaro Industrial Park|
美国|密歇根州|马科姆|斯特林高地	United States|Michigan|Macomb|Sterling Heights
美国|密歇根州|杰克逊|杰克逊	United States|Michigan|Jackson|Jackson
加拿大|安大略省|滑铁卢|基奇纳	Canada|Ontario|Sudbury|Kitchener
美国|亚拉巴马州|黑尔|芒德维尔	United States|Alabama|Hale|Moundville
美国|宾夕法尼亚州|坎伯兰县|梅卡尼克斯堡	United States|Pennsylvania|Cumberland County|Mechanicsburg
美国|马萨诸塞州|米德尔塞克斯县|阿克顿	United States|Massachusetts|Middlesex|Acton
美国|马里兰州|蒙哥马利|切维蔡斯	United States|Maryland|Baltimore|Chevy Chase
美国|加利福尼亚州|普莱瑟|罗克林	United States|California|Pleasanton|Rocklin
美国|新墨西哥州|锡沃立县|拉古纳	US|New Mexico|Sierra|Laguna
美国|密西西比州|杰克逊县|	United States|Mississippi|Jackson County|
美国|宾夕法尼亚州|蒙哥马利县|下梅里恩	United States|Pennsylvania|Montgomery|Lower Merion
美国|弗吉尼亚州|乔治王县|	United States|Virginia|George Washington County|
美国|北卡罗来纳州|克雷文|新伯尔尼	United States|North Carolina|Cleveland|New Bern
美国|马萨诸塞州|米德尔塞克斯县|沃特敦	United States|Massachusetts|Middlesex|Worcester
加拿大|魁北克省|蒙特利尔|乌尔夫湾	Canada|Quebec|Montreal|Wolf Bay
美国|加利福尼亚州|洛杉矶|国王的码头	United States|California|Los Angeles|Kings Port
英国|苏格兰|法夫|罗赛斯	United Kingdom|Scotland|Fife|Rosyth
美国|加利福尼亚州|洛杉矶|贝尔花园	United States|California|Los Angeles|Bel Air
美国|德克萨斯州|谢尔曼|	United States|Texas|Sherman|
美国|伊利诺伊州|莱克|沃基根	United States|Illinois|Lake|Waukegan
美国|田纳西州|迪克森县|迪生	United States|Tennessee|Dickson|Dickson
美国|内华达州|克拉克|梅斯基特	United States|Nevada|Clark|Mesquite
美国|亚利桑那州|科科尼诺|弗拉格斯塔夫	USA|Arizona|Coconino|Flagstaff
美国|佛罗里达州|皮尼拉斯县|奥德马尔	United States|Florida|Pinellas|Odmar
玻利维亚|拉巴斯省||	Bolivia|La Paz||
加拿大|魁北克省|加蒂诺谷|马尼瓦基	Canada|Quebec|Gatineau|Maniwaki
美国|弗吉尼亚州|弗雷德里克斯堡|	United States|Virginia|Fredericksburg|
美国|华盛顿州|斯波坎|	United States|Washington|Spokane|
美国|德克萨斯州|哈里斯|卡蒂	United States|Texas|Harris|Katy
菲律宾|马尼拉都会区|帕赛市|	Philippines|Metro Manila|Pasay City|
美国|特拉华州|苏塞克斯郡|里霍博斯比奇	United States|Texas|Socorro|Rio Hondo
美国|密歇根州|沃什特瑙|萨林	United States|Michigan|Worcester|Salem
美国|加利福尼亚州|索诺马|佩塔卢马	USA|California|Sonoma|Petaluma
美国|田纳西州|威廉森县|布伦特伍德	United States|Tennessee|Williamson|Brentwood
美国|弗吉尼亚州|温切斯特|	United States|Virginia|Winchester|
美国|马里兰州|弗雷德里克|埃米茨堡	United States|Maryland|Frederick|Emmitsburg
美国|德克萨斯州|麦克伦南|休伊特	United States|Texas|McLennan|Waco
美国|亚利桑那州|科奇斯|谢拉维斯塔	United States|Arizona|Cochise|Sierra Vista
巴西|伯南布哥州|加拉尼温斯|多姆·赫尔德·卡马拉	Brazil|Pernambuco|Garanhuns|Dom Hélder Câmara
美国|宾夕法尼亚州|蒙哥马利县|克里朱维尔	United States|Pennsylvania|Montgomery|Glenside
墨西哥|瓦哈卡州|米亚瓦特兰德波菲里奥迪亚斯|	Mexico|Chiapas|Miavatlan de Porfirio Díaz|
美国|犹他州|图埃勒|埃尔达	United States|Utah|Tucson|El Dorado
巴基斯坦|伊斯兰堡首都区|伊斯兰堡|	Pakistan|Islamabad Capital Territory|Islamabad|
巴拉圭|中央省|卢克|	Paraguay|Central|Luque|
加拿大|魁北克省|蒙特利尔|拉钦	Canada|Quebec|Montreal|Laval
罗马尼亚|伊尔福夫县|沃伦塔里|	Romania|Iasi|Voluntari|
美国|马萨诸塞州|埃塞克斯县|北安多佛	United States|Massachusetts|Essex|Andover
美国|新墨西哥州|圣米格尔县|拉斯维加斯	United States|New Mexico|San Miguel|Las Vegas
美国|弗吉尼亚州|乔治王县|乔治王	USA|Virginia|Prince George|Prince George
委内瑞拉|梅里达州||	Venezuela|Merida||
新加坡|裕廊||	Singapore|Yishun||
孟加拉国|吉大港专区|吉大港县|	Bangladesh|Chittagong|Chittagong|
美国|肯塔基州|纳尔逊县|	United States|Kentucky|Nelson|
美国|田纳西州|贾尔斯县|普瓦斯基	United States|Tennessee|Giles|Pulaski
美国|加利福尼亚州|因皮里尔|埃尔森特罗	United States|California|Inyokern|El Centro
美国|罗得岛州|华盛顿县|查尔斯镇	United States|Rhode Island|Washington|Charles
美国|加利福尼亚州|马林|诺瓦托	United States|California|Marin|Novato
美国|加利福尼亚州|蒂黑马|康宁	United States|California|Tehama|Corning
美国|肯塔基州|韦恩县|蒙蒂塞洛	United States|Kentucky|Wayne|Monticello
匈牙利|费耶尔州|塞克什白堡区|	Hungary|Fejér|Székesfehérvár|
多米尼加共和国|拉阿尔塔格拉西亚省|伊圭|蓬塔卡纳	Dominican Republic|La Altagracia Province|Higüey|Punta Cana
日本|东京都|江东区|	Japan|Tokyo|Koto|
美国|加利福尼亚州|索拉诺|瓦卡维尔	United States|California|Solano|Vacaville
美国|德克萨斯州|利柏提|代顿	United States|Texas|Liberty|Dayton
美国|马萨诸塞州|伯克希尔县|大巴灵顿	United States|Massachusetts|Berkshire|Great Barrington
美国|密西西比州|德索托县|霍恩湖	United States|Mississippi|DeSoto|Horn Lake
印度|安得拉邦|NTR县|维杰亚瓦达	India|Andhra Pradesh|NTR|Vijayawada
美国|内布拉斯加州|萨皮|帕皮利恩	United States|Nebraska|Sarpy|Papillion
印度|中央邦|印多尔县|	India|Madhya Pradesh|Indore|
美属维尔京群岛|||	United States Virgin Islands|||
美国|纽约州|皇后|森林山	United States|New York|Queens|Forest Hills
美国|明尼苏达州|斯科特县|斯科普里	United States|Minnesota|Scott|Sauk Rapids
美国|佛罗里达州|迈阿密－戴德县|北迈阿密海滩	United States|Florida|Miami-Dade|North Miami Beach
美国|南卡罗来纳州|切斯特菲尔德县|杰佛逊	USA|South Carolina|Chesterfield County|Jefferson
美国|马里兰州|威科米科|索尔兹伯里	United States|Maryland|Wicomico|Salisbury
美国|新泽西州|蒙茅斯|马特万	United States|New Jersey|Montclair|Matawan
印度尼西亚|东爪哇省|锦石|	Indonesia|East Java|Surabaya|
美国|密歇根州|韦恩|罗慕路斯	United States|Michigan|Wayne|Romulus
缅甸|仰光省|东仰光区|廷岗云乡	Myanmar|Yangon|East Yangon|Hlegu
委内瑞拉|阿拉瓜州||	Venezuela|Aragua||
美国|田纳西州|麦克明县|埃托瓦	United States|Tennessee|McMinn|Etowah
美国|明尼苏达州|卡弗县|查斯卡	United States|Minnesota|Chisago County|Chaska
美国|伊利诺伊州|库克|索克村	United States|Illinois|Cook|Sok Village
委内瑞拉|塔奇拉州|埃尔皮纳尔|	Venezuela|Táchira|El Piñal|
美属维尔京群岛|圣托马斯岛||	United States Virgin Islands|Saint Thomas||
美国|伊利诺伊州|库克|福里斯特公园	United States|Illinois|Cook|Forest Park
委内瑞拉|卡拉沃沃州|贝胡马市|	Venezuela|Carabobo|Bejuma|
美国|肯塔基州|肯顿县|厄兰格	United States|Kentucky|Kenton|Erlanger
美国|加利福尼亚州|圣贝纳迪诺|苹果谷	United States|California|San Bernardino|Apple Valley
多米尼加共和国|米拉瓦尔姐妹省|塔皮亚镇|	Dominican Republic|Miraval|Tapaya City|
美国|西弗吉尼亚州|俄亥俄县|惠灵	United States|Virginia|Fairfax|Fairfax
美国|加利福尼亚州|河滨|兰乔米拉	United States|California|Riverside|Rancho Cucamonga
美国|新泽西州|密德萨克斯|珀斯安博伊	United States|New Jersey|Middlesex|Piscataway
美国|德克萨斯州|德威特|库埃罗	United States|Texas|Dewitt|Cuero
美国|俄亥俄州|凯霍加县|独立村	United States|Ohio|Cuyahoga County|Independence Village
印度尼西亚|巴厘省|登巴萨|佩梅库坦克洛德	Indonesia|Banten|Denpasar|Pamekasan
澳大利亚|西澳大利亚州|珀斯都会区|斯旺河	Australia|Western Australia|Perth|Swan
以色列|中央区|佩塔提克瓦|	Israel|Central District|Petah Tikva|
美国|新泽西州|蒙茅斯|贝尔马	United States|New Jersey|Montclair|Belmar
美国|伊利诺伊州|皮奥里亚|皮奥里亚	United States|Illinois|Peoria|Peoria
美国|阿肯色州|福克纳|康威	United States|Arkansas|Forkner|Conway
美国|乔治亚州|科布|奥斯特尔	United States|Georgia|Cobb|Austell
美国|弗吉尼亚州|威廉斯堡|	United States|Virginia|Williamsburg|
美国|乔治亚州|斯克里文|纽因顿	United States|Georgia|Glynn|Brunswick
美国|马萨诸塞州|普利茅斯县|汉诺威	United States|Massachusetts|Plymouth|Hanover
美国|印第安纳州|门罗|埃利茨维尔	United States|Indiana|Monroe|Ellettsville
美国|马萨诸塞州|伍斯特县|莱斯特	United States|Massachusetts|Worcester|Leicester
美国|乔治亚州|韦恩|耶苏普	United States|Georgia|Wayne|Jessup
美国|肯塔基州|辛普森县|富兰克林	United States|Kentucky|Simpson|Franklin
美国|弗吉尼亚州|费尔法克斯县|泰森斯	United States|Virginia|Fairfax|Tysons
美国|新泽西州|艾塞克斯|纳特利	United States|New Jersey|Essex|Nutley
美国|马萨诸塞州|巴恩斯特布尔县|巴恩斯特布尔	United States|Massachusetts|Barnstable|Barnstable
美国|德克萨斯州|蒙哥马利|蒙哥马利	United States|Texas|Montegomery|Montegomery
美国|新泽西州|密德萨克斯|伍德布里奇镇区	United States|New Jersey|Middlesex|Woodbridge Township
美国|俄勒冈州|马里昂县|塞勒姆	United States|Oregon|Marion|Salem
美国|加利福尼亚州|阿拉梅达|利佛摩	United States|California|Alameda|Livermore
加拿大|不列颠哥伦比亚省|大温哥华|高贵林港	Canada|British Columbia|Vancouver|Coquitlam
加拿大|不列颠哥伦比亚省|大温哥华|三角洲	Canada|British Columbia|Vancouver|Delta
美国|华盛顿州|克拉克|温哥华	United States|Washington|Clark|Vancouver
美国|宾夕法尼亚州|伯克县|辛金斯普林	United States|Pennsylvania|Berks|Shillington
美国|马里兰州|蒙哥马利|罗克维尔	United States|Maryland|Montgomery|Rockville
意大利|巴西利卡塔|波坦察|	Italy|Basilicata|Potenza|
美国|马萨诸塞州|布里斯托尔县|福尔里弗	United States|Massachusetts|Bristol|Fall River
美国|华盛顿州|金|西塔科	United States|Washington|King|Tacoma
美国|宾夕法尼亚州|切斯特县|西切斯特	United States|Pennsylvania|Chester|West Chester
美国|宾夕法尼亚州|特拉华县|	United States|Pennsylvania|Tioga|
美国|加利福尼亚州|索拉诺|费尔菲尔德	United States|California|Solano|Fairfield
美国|宾夕法尼亚州|切斯特县|唐宁敦	United States|Pennsylvania|Chester County|Downingtown
美国|马萨诸塞州|布里斯托尔县|新贝德福德	United States|Massachusetts|Bristol|New Bedford
美国|宾夕法尼亚州|特拉华县|马尔普	United States|Pennsylvania|Tioga|Marple
加拿大|安大略省|达拉谟|奥沙华	Canada|Ontario|Darling|Ottawa
美国|加利福尼亚州|圣马特奥|南旧金山	United States|California|San Mateo|South San Francisco
美国|康涅狄格州|米德尔塞克斯县|老塞布鲁克	United States|Connecticut|Middlesex|Old Saybrook
美国|纽约州|苏福克|	United States|New York|Suffolk|
美国|加利福尼亚州|圣马特奥|门洛帕克	United States|California|San Mateo|Menlo Park
美国|加利福尼亚州|洛杉矶|玛丽安德尔湾	United States|California|Los Angeles|Marina del Rey
美国|北卡罗来纳州|杜普林|华沙	United States|North Carolina|Durham|Huasha
美国|俄勒冈州|克拉克默斯县|奥斯威戈湖	United States|Oregon|Clackamas|Oswego Lake
美国|弗吉尼亚州|林奇堡|	United States|Virginia|Lynchburg|
美国|马萨诸塞州|米德尔塞克斯县|韦斯特福德	United States|Massachusetts|Middlesex|Westford
美国|马萨诸塞州|埃塞克斯县|贝弗利	United States|Massachusetts|Essex|Beverly
美国|南达科他州|布鲁金斯县|	United States|South Dakota|Brookings|
比利时|弗拉芒大区|弗拉芒布拉班特省|哈勒－维尔福德区	Belgium|Flanders|Flemish Brabant|Halle-Vilvoorde
美国|俄勒冈州|胡德里弗县|胡德河	United States|Oregon|Hood River|Hood River
美国|伊利诺伊州|库克|奈尔斯	United States|Illinois|Cook|Niles
美国|田纳西州|麦迪逊县|	United States|Tennessee|Madison|
美国|乔治亚州|迪卡尔布|立陶宛	United States|Georgia|Decatur|Lithonia
美国|佛罗里达州|布劳沃德县|森赖斯	United States|Florida|Broward|Sunrise
美国|加利福尼亚州|圣巴巴拉|	United States|California|Santa Barbara|
美国|北达科他州|伯利|俾斯麦	United States|North Dakota|Burleigh|Mandan
美国|佛罗里达州|布劳沃德县|种植园	United States|Florida|Broward|Plantation
美国|加利福尼亚州|马林|米尔谷	United States|California|Malin|Mile Gulch
美国|宾夕法尼亚州|特拉华县|拉德诺	United States|Pennsylvania|Lackawanna|Luzerne
美国|乔治亚州|摩根|拉特利奇	United States|Georgia|Morgan|Latri
美国|明尼苏达州|亨内平县|伊甸草原	United States|Minnesota|Hennepin|Eden Prairie
加拿大|安大略省|达拉谟|惠特比	Canada|Ontario|Dallas|Whitby
美国|宾夕法尼亚州|巴克斯县|瀑布	United States|Pennsylvania|Bucks|Falls
美国|乔治亚州|埃芬汉|林孔	United States|Georgia|Evanham|Lindale
美国|科罗拉多州|亚当斯|亨德森	United States|Colorado|Adams|Henderson
美国|加利福尼亚州|洛杉矶|马利布	United States|California|Los Angeles|Malibu
美国|加利福尼亚州|圣贝纳迪诺|里亚托	United States|California|San Bernardino|Rialto
美国|纽约州|奥兰治|伍德伯里	USA|New York|Orange|Woodbury
美国|新罕布什尔州|希尔斯伯勒县|梅里马克	United States|New Hampshire|Hillsborough|Merrimack
美国|伊利诺伊州|亚当斯|昆西	United States|Illinois|Adams|Quincy
美国|加利福尼亚州|洛杉矶|石英山	United States|California|Los Angeles|Sylmar
美国|马萨诸塞州|普利茅斯县|	United States|Massachusetts|Plymouth|
美国|乔治亚州|克莱顿|森林公园	USA|Georgia|Clayton|Forest Park
美国|伊利诺伊州|麦克多诺|	United States|Illinois|McDonald|
美国|马萨诸塞州|埃塞克斯县|皮博迪	United States|Massachusetts|Essex|Peabody
美国|威斯康星州|基诺沙县|基诺沙	United States|Wisconsin|Kenosha|Kenosha
美国|印第安纳州|诺布尔|肯德尔维尔	United States|Indiana|Noblesville|Kendallville
美国|乔治亚州|查塔姆|萨凡纳	United States|Georgia|Chattahoochee|Safina
美国|马萨诸塞州|巴恩斯特布尔县|雅茅斯	United States|Massachusetts|Barnstable|Yarmouth
美国|密歇根州|渥太华|库珀斯维尔	United States|Michigan|Hua|Coopersville
美国|马萨诸塞州|诺福克县|雅芳	United States|Massachusetts|Norfolk|Marshfield
美国|马萨诸塞州|埃塞克斯县|索格斯	United States|Middlesex|Essex|Saugus
美国|伊利诺伊州|库克|欣斯代尔	United States|Illinois|Cook|Cicero
美国|伊利诺伊州|库克|霍夫曼庄园	United States|Illinois|Cook|Hoffman Estates
美国|加利福尼亚州|图莱里|	United States|California|Tulare|
美国|肯塔基州|马里昂县|莱巴嫩	United States|Kentucky|Muhlenberg|Lebanon Junction
美国|新罕布什尔州|梅里马克县|胡克斯特	United States|New Hampshire|Merrimack|Hooksett
美国|加利福尼亚州|圣巴巴拉|戈利塔	United States|California|Santa Barbara|Goleta
美国|加利福尼亚州|索拉诺|贝尼西亚	United States|California|Solano|Benicia
美国|加利福尼亚州|洛杉矶|鲍德温公园	United States|California|Los Angeles|Baldwin Park
美国|肯塔基州|富兰克林县|	United States|Kentucky|Franklin|
美国|加利福尼亚州|康特拉科斯塔|康科德	United States|California|Contra Costa|Concord
美国|田纳西州|安德森县|橡树岭	United States|Tennessee|Anderson|Oak Ridge
美国|加利福尼亚州|洛杉矶|阿罕布拉	United States|California|Los Angeles|Alhambra
美国|艾奥瓦州|克劳福德县|丹尼森	USA|Iowa|Clarinda|Dennison
美国|加利福尼亚州|阿拉梅达|纽华克	United States|California|Alameda|Newark
美国|田纳西州|塞维尔县|盖林柏格	United States|Tennessee|Sevier|Gatlinburg
美国|伊利诺伊州|库克|芝加哥海茨	United States|Illinois|Cook|Chicago Heights
美国|华盛顿州|金|雷德蒙德	United States|Washington|King|Redmond
美国|威斯康星州|基诺沙县|宜人的草原	United States|Wisconsin|Kenosha|Pleasant Prairie
美国|伊利诺伊州|库克|帕克里奇	United States|Illinois|Cook|Park Ridge
美国|亚利桑那州|马里科帕|固特异	United States|Arizona|Maricopa|Goodyear
美国|田纳西州|威尔逊县|朱丽叶山	United States|Tennessee|Williamson|Juliette Mountain
美国|伊利诺伊州|库克|拉格兰奇公园	United States|Illinois|Cook|Lagrange Park
美国|爱达荷州|埃达县|博伊西	United States|Idaho|Ada|Boise
美国|宾夕法尼亚州|特拉华县|米德尔敦	United States|Pennsylvania|Tioga|Middlebury
美国|加利福尼亚州|阿拉梅达|阿拉米达	United States|California|Alameda|Alameda
美国|华盛顿州|艾兰|兰里	United States|Washington|Island|Lane County
美国|亚拉巴马州|莱姆斯通|阿森斯	United States|Alabama|Anniston|
加拿大|安大略省|达拉谟|皮克灵	Canada|Ontario|Detroit|Pickering
美国|加利福尼亚州|康特拉科斯塔|圣拉蒙	United States|California|Contra Costa|San Ramon
哥伦比亚|大西洋省|哥伦比亚港|	Colombia|Atlántico|Barranquilla|
美国|德克萨斯州|纳瓦罗|科西卡纳	United States|Texas|Navarro|Corsicana
美国|马里兰州|安妮阿伦德尔|格伦伯尼	United States|Maryland|Annapolis|Glen Burnie
美国|加利福尼亚州|圣马特奥|福斯特城	United States|California|San Mateo|Foster City
美国|明尼苏达州|亨内平县|	United States|Minnesota|Hennepin|
美国|明尼苏达州|亨内平县|普利茅斯	United States|Minnesota|Hennepin|Plymouth
美国|马里兰州|乔治王子|鲍伊	USA|Maryland|Prince George|Bowie
加拿大|艾伯塔省|第16普查区|麦克默里堡	Canada|Alberta|Division No. 16|McMurray
美国|弗吉尼亚州|亨利科县|桑兹顿	United States|Virginia|Henrico|Sandston
美国|密苏里州|萨林县|马歇尔	United States|Missouri|Saline|Marshall
美国|新泽西州|艾塞克斯|东奥兰治	United States|New Jersey|Essex|East Orange
美国|纽约州|布朗克斯|	United States|New York|Bronx|
美国|伊利诺伊州|杜佩奇|伍德代尔	United States|Illinois|Dupage|Wood Dale
美国|加利福尼亚州|洛杉矶|西好莱坞	United States|California|Los Angeles|West Hollywood
美国|加利福尼亚州|圣克拉拉|坎贝尔	United States|California|Santa Clara|Campbell
美国|马里兰州|蒙哥马利|雷顿斯维尔	United States|Maryland|Baltimore|Reisterstown
美国|康涅狄格州|哈特福德县|新不列颠	United States|Connecticut|Hartford|New Britain
美国|德克萨斯州|特拉维斯|蜜蜂洞	United States|Texas|Travis|Bee Cave
美国|华盛顿州|瑟斯顿|莱西	United States|Washington|Sasquatch|Lexie
美国|路易斯安那州|拉萨尔|拉法叶	USA|Louisiana|Lafayette|Lafayette
加拿大|魁北克省|蒙特利尔|克莱尔角	Canada|Quebec|Montreal|Claire
美国|弗吉尼亚州|劳登县|洛夫兹维尔	United States|Virginia|Loudoun|Lovettsville
美国|缅因州|坎伯兰县|威斯布鲁克	USA|Maine|Cumberland|Westbrook
美国|宾夕法尼亚州|蒙哥马利县|普利茅斯	United States|Pennsylvania|Montgomery|Plymouth Meeting
委内瑞拉|安索阿特吉州|西蒙玻利瓦尔市|巴塞罗那	Venezuela|Anzoátegui|Barcelona|Barcelona
圣巴泰勒米|||	Saint-Barthélemy|||
委内瑞拉|卡拉沃沃州|卡洛斯阿韦洛市|吉格	Venezuela|Carabobo|Valencia|Guacara
美国|新泽西州|伯灵顿|帕尔迈拉	United States|New Jersey|Burlington|Palmyra
多米尼加共和国|巴奥鲁科省|内巴|	Dominican Republic|Baoruco|Neiba|
美国|新泽西州|博根|拉姆西	United States|New Jersey|Bergen|Ramsey
美国|亚拉巴马州|莫比尔|莫比尔	United States|Alabama|Mobile|Mobile
美国|宾夕法尼亚州|威斯特摩兰县|拉特罗布	United States|Pennsylvania|Westmoreland|Latrobe
美国|加利福尼亚州|圣迭戈|恩西尼塔斯	United States|California|San Diego|Encinitas
美国|纽约州|威斯特彻斯特|北城堡	United States|New York|Westchester|North Castle
美国|华盛顿州|金|柯克兰	United States|Washington|King|Cocoran
美国|堪萨斯州|肖尼县|托皮卡	USA|Kansas|Shawnee|Topeka
美国|艾奥瓦州|斯克特县|达文波特	United States|Iowa|Scott|Davenport
美国|密苏里州|圣路易斯县|黑泽尔伍德	United States|Missouri|Saint Louis|Hazelwood
美国|威斯康星州|密尔瓦基县|西艾利斯	United States|Wisconsin|Milwaukee|West Allis
美国|德克萨斯州|哈里斯|贝敦	United States|Texas|Harris|Baytown
美国|田纳西州|科克县|纽波特	United States|Tennessee|Cocke|Newport
美国|伊利诺伊州|李|安博伊	United States|Illinois|Lee|Amboy
牙买加|圣詹姆斯区|蒙特哥湾|	Jamaica|Saint James|Montego Bay|
洪都拉斯|科潘省|圣丽塔|	Honduras|Copán|Santa Rita|
美国|德克萨斯州|达拉斯|邓肯维尔	United States|Texas|Dallas|Duncanville
美国|威斯康星州|布朗县|赖茨敦	United States|Wisconsin|Brown|Racine
美国|新泽西州|大西洋|大西洋城	United States|New Jersey|Atlantic City|Atlantic City
美国|德克萨斯州|班德拉|班德拉	United States|Texas|Bandera|Bandera
印度尼西亚|亚齐特区|班达亚齐|新城	Indonesia|Special Region of Yogyakarta|Bantul|Sewon
美国|马萨诸塞州|伍斯特县|诺斯伯勒	United States|Massachusetts|Worcester|Northborough
美国|德克萨斯州|班德拉|	United States|Texas|Bandera|
美国|马萨诸塞州|汉普登县|绍斯威克	United States|Massachusetts|Hampden|Shawswick
美国|罗得岛州|华盛顿县|霍普金顿	United States|Rhode Island|Washington|Hopkinton
委内瑞拉|卡拉沃沃州|瓜卡拉市|	Venezuela|Carabobo|Valencia|
委内瑞拉|阿拉瓜州|圣地亚哥马里尼奥市|姜梅罗	Venezuela|Aragua|Santiago Mariño|Jámero
美国|康涅狄格州|费尔菲尔德县|韦斯特波特	United States|Connecticut|Fairfield|Westport
美国|新罕布什尔州|罗金厄姆县|埃克塞特	United States|New Hampshire|Rockingham|Exeter
美国|马萨诸塞州|布里斯托尔县|阿特尔伯勒	United States|Massachusetts|Bristol|Attleboro
秘鲁|拉里伯塔德大区|特鲁希略|	Peru|La Libertad|Trujillo|
美国|新泽西州|大西洋|普莱森特维尔	United States|New Jersey|Atlantic|Pleasantville
委内瑞拉|波图格萨州|苏克雷市|比斯库伊	Venezuela|Portuguesa|Sucre|Biskuyi
美国|新泽西州|博根|费尔劳恩	United States|New Jersey|Bergen|Fair Lawn
美国|新罕布什尔州|希尔斯伯勒县|哈德森	United States|New Hampshire|Hillsborough|Hudson
美国|马萨诸塞州|米德尔塞克斯县|康科特	United States|Massachusetts|Middlesex|Concord
美国|弗吉尼亚州|阿灵顿县|	United States|Virginia|Arlington|
美国|新罕布什尔州|希尔斯伯勒县|贝德福德	United States|New Hampshire|Hillsborough|Bedford
美国|马萨诸塞州|普利茅斯县|卡弗	United States|Massachusetts|Plymouth|Carver
美国|加利福尼亚州|圣迭戈|波威	USA|California|San Diego|Poway
美国|新泽西州|巴赛克|利特尔福尔斯	USA|New Jersey|Passaic|Little Falls
美国|马萨诸塞州|埃塞克斯县|劳伦斯	United States|Massachusetts|Essex|Lawrence
美国|乔治亚州|惠勒|格伦伍德	United States|Georgia|Wheeler|Glenwood
厄瓜多尔|科托帕希省|拉塔昆加县|	Ecuador|Cotopaxi|Latacunga|
美国|乔治亚州|富尔顿|东点	United States|Georgia|Fulton|East Point
美国|南卡罗来纳州|伯克利县|鹅溪	United States|South Carolina|Berkeley|Goose Creek
美国|密歇根州|密德兰|米德兰	United States|Michigan|Midland|Midland
美国|新泽西州|密德萨克斯|东不伦瑞克	United States|New Jersey|Middlesex|East Brunswick
美国|德克萨斯州|哈里斯|帕萨迪纳	United States|Texas|Harris|Pasadena
美国|犹他州|盐湖|西瓦利城	United States|Utah|Salt Lake|West Valley City
美国|宾夕法尼亚州|特拉华县|奇切斯特	United States|Pennsylvania|Towa|Chester
美国|加利福尼亚州|洛杉矶|弗农	United States|California|Los Angeles|Fresno
美国|加利福尼亚州|弗雷斯诺|	United States|California|Fresno|
加拿大|不列颠哥伦比亚省|首府|维多利亚	Canada|British Columbia|Victoria|Victoria
巴拉圭|上巴拉那省|圣里塔|	Paraguay|Alto Paraná|Santa Rita|
美国|康涅狄格州|纽黑文县|麦迪逊	United States|Connecticut|New Haven|Madison
美国|新泽西州|海洋|布利克镇区	United States|New Jersey|Ocean|Brick
美国|德克萨斯州|登顿|罗阿诺克	United States|Texas|Denton|Roanoke
美国|加利福尼亚州|圣贝纳迪诺|雷德兰兹	United States|California|San Bernardino|Redlands
美国|新泽西州|格洛斯特|西德特福德镇区	United States|New Jersey|Glassboro|Widertford
美国|宾夕法尼亚州|切斯特县|菲尼克斯维尔	United States|Pennsylvania|Chester|Phoenixville
美国|艾奥瓦州|波尔克县|约翰斯顿	United States|Iowa|Polk|Johnston
美国|佛罗里达州|迈阿密－戴德县|北湾村	United States|Florida|Miami-Dade|North Bay Village
美国|宾夕法尼亚州|蒙哥马利县|霍舍姆	United States|Pennsylvania|Monroe|Horsham
荷兰|海尔德兰省|奈梅亨|	Netherlands|South Holland|Nijmegen|
美国|阿肯色州|卡罗尔|柏利维尔	United States|Arkansas|Carroll|Berryville
美国|加利福尼亚州|阿拉梅达|联合市	USA|California|Alameda|Union City
巴西|圣保罗州|圣保罗|皮涅罗斯	Brazil|Sao Paulo|Sao Paulo|Piracicaba
美国|伊利诺伊州|库克|埃尔金	United States|Illinois|Cook|Elgin
美国|佛罗里达州|布劳沃德县|兰德尔希尔	United States|Florida|Broward|Lauderhill
美国|德克萨斯州|哈里斯|韦伯斯特	United States|Texas|Harris|Webster
美国|加利福尼亚州|圣华金|斯托克顿	United States|California|San Francisco|Stockton
美国|宾夕法尼亚州|阿姆斯特朗县|韦恩	United States|Pennsylvania|Armstrong|Wayne
巴拉圭|瓜伊拉省|独立移民镇|	Paraguay|Guairá|Colonia Independencia|
美国|德克萨斯州|福遍(本德堡)|斯塔福德	United States|Texas|Fort Worth|Stafford
美国|宾夕法尼亚州|巴克斯县|沃明斯特	United States|Pennsylvania|Bucks|Warminster
加拿大|安大略省|多伦多|东约克	Canada|Ontario|Toronto|York
美国|德克萨斯州|哈里斯|西部大学广场	United States|Texas|Harris|West University Place
美国|德克萨斯州|布拉佐里亚|阿尔文	USA|Texas|Brazoria|Alvin
美国|马里兰州|蒙哥马利|奥尔尼	United States|Maryland|Baltimore|Olney
美国|明尼苏达州|达科他县|因弗格罗夫高地	United States|Minnesota|Dakota|Inver Grove Heights
美国|德克萨斯州|考夫曼|福尼	United States|Texas|Kaufman|Forney
美国|新泽西州|海洋|莱克伍德镇区	United States|New Jersey|Ocean|Lakewood Township
美国|俄勒冈州|姆尔特诺默县|格雷舍姆	United States|Oregon|Multnomah County|Gresham
美国|马里兰州|巴尔的摩|阿比特斯	United States|Maryland|Baltimore|Abidjan
美国|伊利诺伊州|麦克亨利|克里斯特尔莱克	United States|Illinois|McHenry|Crystal Lake
美国|宾夕法尼亚州|蒙哥马利县|安布勒	United States|Pennsylvania|Monterey|Ambler
美国|宾夕法尼亚州|蒙哥马利县|惠特潘	United States|Pennsylvania|Montgomery|Whitemarsh
美国|新泽西州|巴赛克|托托瓦	United States|New Jersey|Passaic|Totowa
英国|英格兰|大伦敦|肯辛顿	United Kingdom|England|London|Kensington
美国|新泽西州|联合|韦斯特菲尔德	United States|New Jersey|Union|Westfield
美国|新泽西州|艾塞克斯|维罗纳	United States|New Jersey|Essex|Verona
美国|马里兰州|安妮阿伦德尔|林西克姆	United States|Maryland|Annapolis|Linthicum
美国|马里兰州|阿利根尼|波托马克公园	United States|Maryland|Arlington|Potomac Park
美国|乔治亚州|斯波尔丁|格里芬	United States|Georgia|Spalding|Griffin
美国|密歇根州|肯特|肯特伍德	United States|Michigan|Kent|Kentwood
美国|新泽西州|伯灵顿|穆尔斯镇	United States|New Jersey|Burlington|Moorestown
美国|佛罗里达州|棕榈滩县|德拉海滩	United States|Florida|Palm Beach|Delray Beach
美国|华盛顿州|格雷斯港|阿伯丁	United States|Washington|Grays Harbor|Aberdeen
美国|新泽西州|艾塞克斯|费尔菲尔德镇区	United States|New Jersey|Essex|Fairfield
美国|加利福尼亚州|圣克鲁斯|斯科茨谷	United States|California|Santa Cruz|Scotts Valley
美国|伊利诺伊州|麦克莱恩|布卢明顿	United States|Illinois|McLean|Bloomington
墨西哥|下加利福尼亚州|蒂华纳|	Mexico|Baja California|Tijuana|
美国|新泽西州|博根|埃奇沃特	United States|New Jersey|Bergen|Edgewater
美国|犹他州|盐湖|西乔丹	United States|Utah|Salt Lake City|West Jordan
美国|俄亥俄州|卢卡斯县|毛梅	United States|Ohio|Lucas|Maumee
美国|新泽西州|大西洋|埃格港镇区	United States|New Jersey|Atlantic|Egg Harbor Township
美国|新泽西州|博根|提内克	United States|New Jersey|Bergen|Teaneck
美国|马里兰州|乔治王子|国会山高地	United States|Maryland|Prince George's|Capitol Heights
美国|纽约州|苏福克|南安普敦	United States|New York|Suffolk|Southampton
中国|香港|九龙半岛|油尖旺区-尖沙咀	China|Hong Kong|Kowloon|Yau Tsim Mong - Tsim Sha Tsui
美国|宾夕法尼亚州|华盛顿县|彼得斯	United States|Pennsylvania|Washington|Peters
美国|俄勒冈州|林县|奥尔巴尼	United States|Oregon|Linn|Albany
美国|弗吉尼亚州|费尔法克斯县|梅里菲尔德	United States|Virginia|Fairfax County|Merrifield
美国|加利福尼亚州|普莱瑟|奥本	United States|California|Pleasanton|Auburn
美国|弗吉尼亚州|费尔法克斯县|斯普林菲尔德	United States|Virginia|Fairfax|Springfield
美国|宾夕法尼亚州|伯克县|怀奥米辛	United States|Pennsylvania|Berks|Wyomissing
美国|加利福尼亚州|圣马特奥|阿瑟顿	United States|California|San Mateo|Atherton
美国|加利福尼亚州|比尤特|奇科	United States|California|Beaumont|Chico
美国|阿拉斯加州|安克雷奇|	United States|Alaska|Anchorage|
美国|华盛顿州|斯诺霍米什|马里斯维尔	United States|Washington|Snohomish|Marysville
美国|威斯康星州|伍德县|威斯康星拉皮兹	United States|Wisconsin|Wood|Wisconsin Rapids
马耳他|圣朱利安斯||	Malta|Saint Julian's||
美国|新泽西州|伯灵顿|西安普敦镇区	USA|New Jersey|Burlington|Westampton Township
美国|新泽西州|博根|莫沃	United States|New Jersey|Bogota|Mowbray
印度尼西亚|万丹省|丹格朗|	Indonesia|Banten|Tangerang|
美国|德克萨斯州|密德兰|米德兰	United States|Texas|Midland|Midland
美国|佛罗里达州|布劳沃德县|彭布罗克公园	United States|Florida|Broward|Pembroke Park
美国|密歇根州|奥克兰|威克瑟姆	United States|Michigan|Oakland|Macomb
美国|佛蒙特州|奇滕登县|威利斯顿	United States|Vermont|Chittenden|Williston
美国|德克萨斯州|特拉维斯|西湖山庄	United States|Texas|Travis|West Lake Hills
美国|新泽西州|萨默塞特|沃伦镇区	United States|New Jersey|Somerville|Warren
美国|佛罗里达州|棕榈滩县|西棕榈滩	United States|Florida|Palm Beach|West Palm Beach
美国|乔治亚州|泰勒|雷诺兹	United States|Georgia|Taylors|Reynolds
美国|俄亥俄州|塔斯卡罗瓦斯县|糖罐	United States|Ohio|Tuscarawas|Sugar Creek
美国|乔治亚州|迪卡尔布|邓伍德	USA|Georgia|Decatur|Dunwoody
美国|德克萨斯州|特拉维斯|普弗拉热维尔	United States|Texas|Travis|Pflugerville
美国|马萨诸塞州|埃塞克斯县|米德尔顿	United States|Massachusetts|Essex|Middleton
美国|马里兰州|巴尔的摩|蒙克顿	United States|Maryland|Baltimore|Muncie
美国|乔治亚州|科布|保德斯普林斯	United States|Georgia|Cobb|Powder Springs
美国|密歇根州|马科姆|克莱门斯山	United States|Michigan|Macomb|Mount Clemens
美国|新泽西州|哈德逊|贝永	United States|New Jersey|Hudson|Bayonne
美国|马里兰州|弗雷德里克|	United States|Maryland|Frederick|
美国|马里兰州|巴尔的摩|提摩尼姆	United States|Maryland|Baltimore|Timonium
美国|加利福尼亚州|橙|达纳角	United States|California|Orange|Dana Point
美国|乔治亚州|卡罗尔|维拉里卡	United States|Georgia|Carroll|Villa Rica
美国|马里兰州|弗雷德里克|米德尔敦	United States|Maryland|Frederick|Middletown
美国|新泽西州|蒙茅斯|沃尔镇区	United States|New Jersey|Montclair|Walden
美国|特拉华州|苏塞克斯郡|乔治敦	United States|Delaware|Sussex|Georgetown
美国|弗吉尼亚州|佩奇县|卢雷	United States|Virginia|Page|Luray
美国|马里兰州|蒙哥马利|日耳曼敦	United States|Maryland|Mongomery|Germantown
美国|佛罗里达州|布劳沃德县|希尔斯波罗海滩	United States|Florida|Broward|Hillsboro Beach
美国|乔治亚州|查塔姆|普尔	United States|Georgia|Chattam|Pooler
美国|南卡罗来纳州|劳伦斯县|克林顿	United States|South Carolina|Laurens|Clinton
美国|路易斯安那州|圣坦曼尼|曼德维尔	United States|Louisiana|New Orleans|Mandeville
美国|新泽西州|联合|克拉克	United States|New Jersey|Union|Clark
美国|科罗拉多州|杰斐逊|戈尔登	United States|Colorado|Jefferson|Golden
美国|科罗拉多州|萨米特|银座	United States|Colorado|Salida|Silverthorne
美国|佛蒙特州|温莎县|哈特福德	United States|Vermont|Windsor|Hartford
美国|俄亥俄州|凯霍加县|高地丘陵	United States|Ohio|Cuyahoga County|Highland Hills
美国|肯塔基州|麦克拉肯县|帕迪尤卡	United States|Kentucky|McCracken|Paducah
美国|马里兰州|阿利根尼|贝莱尔	United States|Maryland|Anne Arundel|Belleair
美国|新泽西州|海洋|	United States|New Jersey|Ocean|
美国|科罗拉多州|埃尔帕索|科罗拉多斯普林斯	United States|Colorado|El Paso|Colorado Springs
美国|新泽西州|海洋|巴尼加特镇区	United States|New Jersey|Ocean|Barnegat Township
印度尼西亚|北苏门答腊省|沙登贝达盖|特宾廷吉	Indonesia|North Sumatra|Sada Behedai|Tebing Tinggi
美国|哥伦比亚特区|麦克莱恩|	United States|District of Columbia|McClain|
美国|弗吉尼亚州|乔治王子县|	United States|Virginia|Prince George|
美国|新泽西州|摩里斯|罗克斯伯里	USA|New Jersey|Morris|Roxbury
美国|宾夕法尼亚州|特拉华县|沙龙山	United States|Pennsylvania|Tioga|Sand Run
美国|新泽西州|巴赛克|伍德兰帕克	United States|New Jersey|Passaic|Woodland Park
美国|马里兰州|巴尔的摩|奥因斯米尔斯	United States|Maryland|Baltimore|Owings Mills
美国|马里兰州|巴尔的摩|米德尔里弗	United States|Maryland|Baltimore|Middle River
美国|新泽西州|博根|格伦罗克	United States|New Jersey|Boggan|Glen Rock
美国|弗吉尼亚州|费尔法克斯县|洛顿	United States|Virginia|Fairfax|Loudoun
美国|新泽西州|博根|上萨德尔里弗	United States|New Jersey|Bogota|Upper Saddle River
美国|新泽西州|博根|穆纳奇	United States|New Jersey|Bergen|Munachie
美国|新泽西州|哈德逊|霍博肯	United States|New Jersey|Hudson|Hoboken
美国|新泽西州|默瑟|尤英镇区	United States|New Jersey|Mercer|Ewing Township
美国|德克萨斯州|哈里斯|拉波特	United States|Texas|Harris|Rapoport
美国|新泽西州|博根|拉瑟福德	United States|New Jersey|Bergen|Rutherford
美国|德克萨斯州|卡恩斯|卡恩斯城	United States|Texas|Carnes|Carnes City
美国|佛罗里达州|哥伦比亚县|莱克城	United States|Florida|Miami-Dade|Lake City
美国|新泽西州|博根|蒙特韦尔	United States|New Jersey|Bergen|Montvale
美国|弗吉尼亚州|切萨皮克|	United States|Virginia|Chesapeake|
美国|新泽西州|蒙茅斯|雷德班克	United States|New Jersey|Montrose|Ridgefield Park
美国|新泽西州|蒙茅斯|马尔伯洛镇区	United States|New Jersey|Montclair|Mount Arlington
美国|田纳西州|谢尔比县|科利尔维尔	USA|Tennessee|Shelby|Collierville
美国|佛罗里达州|阿拉楚阿县|盖恩斯维尔	United States|Florida|Alachua|Gainesville
美国|伊利诺伊州|杜佩奇|卡罗尔流	United States|Illinois|DuPage|Carol Stream
美国|纽约州|皇后|白石镇	USA|New York|Queens|Whitestone
美国|纽约州|威斯特彻斯特|新罗谢尔	United States|New York|Westchester|New Rochelle
美国|佛罗里达州|塞米诺尔县|希思罗机场	United States|Florida|Seminole|Hethro
美国|加利福尼亚州|橙|	United States|California|Orange|
中国|香港|九龙半岛|观塘区	China|Hong Kong|Kowloon|Kwun Tong
美国|宾夕法尼亚州|门罗县|斯特劳兹堡	United States|Pennsylvania|Monroe|Stroudsburg
美国|德克萨斯州|福遍(本德堡)|罗森伯格	United States|Texas|Fort Worth|Rosenberg
瑞士|楚格州|楚格|	Switzerland|Zug|Zug|
美国|加利福尼亚州|圣克拉拉|摩根山丘	United States|California|Santa Clara|Morgan Hill
美国|加利福尼亚州|洛杉矶|科默斯	United States|California|Los Angeles|Compton
美国|密苏里州|普拉特县|里弗赛德	United States|Missouri|Platte|Riverside
美国|加利福尼亚州|弗雷斯诺|奥兰治湾	United States|California|Fresno|Orange Cove
美国|密苏里州|杰克逊县|雷敦市	United States|Missouri|Jackson|Reydon
美国|加利福尼亚州|洛杉矶|卡拉巴萨斯	United States|California|Los Angeles|Calabasas
美国|加利福尼亚州|洛杉矶|艾尔蒙地	United States|California|Los Angeles|El Monte
美国|伊利诺伊州|尚佩恩|	United States|Illinois|Champaign|
美国|加利福尼亚州|橙|拉帕尔马	United States|California|Orange|La Palma
美国|印第安纳州|莱克|克朗波因特	United States|Indiana|Laconia|Crompond
美国|俄亥俄州|蒙哥马利县|万达利亚	United States|Ohio|Montgomery|Vandalia
美国|俄勒冈州|克拉克默斯县|伍德本	United States|Oregon|Clackamas|Woodburn
美国|新泽西州|康登|肯顿	United States|New Jersey|Canden|Kenton
美国|堪萨斯州|蒙哥马利县|科菲维尔	United States|Kansas|Montgomery|Coffeyville
美国|德克萨斯州|哈里斯|南休斯敦	United States|Texas|Harris|South Houston
美国|俄勒冈州|克拉克默斯县|	United States|Oregon|Clackamas|
美国|伊利诺伊州|库克|梅伍德	United States|Illinois|Cook|Maywood
美国|宾夕法尼亚州|蒙哥马利县|波茨敦	United States|Pennsylvania|Montgomery|Pottstown
美国|宾夕法尼亚州|劳伦斯县|纽卡斯尔	United States|Pennsylvania|Lawrence|New Castle
美国|缅因州|安德罗斯科金县|奥本	United States|Maine|Androscoggin|Auburn
美国|宾夕法尼亚州|巴克斯县|莱维敦	United States|Pennsylvania|Bucks|Levittown
美国|宾夕法尼亚州|蒙哥马利县|康舍霍肯	United States|Pennsylvania|Montgomery|Conshohocken
美国|宾夕法尼亚州|莱科恩县|曼西	United States|Pennsylvania|Lackawanna|Mancy
美国|新泽西州|格洛斯特|保罗斯伯勒	United States|New Jersey|Gloucester|Paulsboro
美国|宾夕法尼亚州|切斯特县|莫尔文	United States|Pennsylvania|Chester|Malvern
美国|密歇根州|肯特|拜伦	United States|Michigan|Kent|Byron
美国|佛罗里达州|布劳沃德县|好莱坞	United States|Florida|Broward|Hollywood
美国|新泽西州|密德萨克斯|普莱恩斯伯勒镇区	United States|New Jersey|Middlesex|Plainsboro Township
美国|肯塔基州|格雷森县|利奇菲尔德	United States|Kentucky|Grayson|Leitchfield
美国|印第安纳州|拉格兰奇|拉格兰奇	United States|Indiana|Lacanche|Lacanche
美国|缅因州|约克县|肯纳邦克	United States|Maine|York|Kennebunk
美国|宾夕法尼亚州|坎伯兰县|卡莱尔	United States|Pennsylvania|Cumberland|Carlisle
美国|宾夕法尼亚州|拉克万纳县|牛顿	United States|Pennsylvania|Lackawanna County|Newton
美国|宾夕法尼亚州|多芬县|德里	United States|Pennsylvania|Dauphin|Derry
美国|俄亥俄州|吉奥格县|米德尔菲尔德	United States|Ohio|Geauga County|Middlefield
美国|加利福尼亚州|洛杉矶|亚凯迪亚	USA|California|Los Angeles|Alcatraz
美国|宾夕法尼亚州|佩里县|泰隆	United States|Pennsylvania|Perry|Tyrone
美国|宾夕法尼亚州|韦南戈县|欧文	United States|Pennsylvania|Venango|Owen
美国|宾夕法尼亚州|坎伯兰县|希尔营	United States|Pennsylvania|Cambria|Hillsgrove
美国|俄勒冈州|扬希尔县|麦克明维尔	United States|Oregon|Yamhill|McMinnville
美国|宾夕法尼亚州|切斯特县|埃尔弗森	United States|Pennsylvania|Chester|Elverson
美国|宾夕法尼亚州|特拉华县|雷德利	United States|Pennsylvania|Bradford County|Towanda
美国|加利福尼亚州|圣马特奥|圣布鲁诺	United States|California|San Mateo|San Bruno
美国|乔治亚州|格威内特|劳伦斯维尔	United States|Georgia|Gwinnett|Lawrenceville
美国|宾夕法尼亚州|费耶特县|北联	United States|Pennsylvania|Fayette|North Union
美国|华盛顿州|皮尔斯|莱克伍德	United States|Washington|Pierce|Lakewood
美国|宾夕法尼亚州|印第安纳县|印第安纳	United States|Pennsylvania|Indiana|Indiana
美国|宾夕法尼亚州|卢泽恩县|皮茨顿	United States|Pennsylvania|Luzerne|Pittston
美国|宾夕法尼亚州|兰开斯特县|哥伦比亚	United States|Pennsylvania|Lancaster|Columbia
美国|加利福尼亚州|萨克拉门托|高尔特	United States|California|Sacramento|Galt
美国|宾夕法尼亚州|沃伦县|沃伦	United States|Pennsylvania|Warren|Warren
美国|肯塔基州|布利特县|华盛顿山	United States|Kentucky|Bledsoe|Washington Hill
美国|加利福尼亚州|萨克拉门托|麦克莱伦公园	United States|California|Sacramento|McClellan Park
美国|乔治亚州|波尔丁|达拉斯	USA|Georgia|Bowling Green|Dahlonega
美国|华盛顿州|本顿|里奇兰	United States|Washington|Benton|Richland
加拿大|安大略省|威灵顿|普斯林治	Canada|Ontario|Wellington|Puslinch
美国|新泽西州|苏塞克斯|富兰克林	United States|New Jersey|Secaucus|Franklin
美国|加利福尼亚州|圣迭戈|圣马可斯	United States|California|San Diego|San Marcos
美国|加利福尼亚州|马林|	United States|California|Marin|
加拿大|安大略省|布兰特福德|	Canada|Ontario|Brantford|
美国|乔治亚州|朗兹|瓦尔多斯塔	United States|Georgia|Longs|Valdosta
美国|加利福尼亚州|索拉诺|狄克逊	United States|California|Solano|Dixon
加拿大|安大略省|利兹－格伦维尔|布罗克维尔	Canada|Ontario|Leeds and Grenville|Brockville
美国|加利福尼亚州|默塞德|默塞德	United States|California|Merced|Merced
美国|加利福尼亚州|约洛|西萨克拉门托	United States|California|Yolo|West Sacramento
美国|华盛顿州|庞多雷|新港	United States|Washington|Pend Oreille|Newport
美国|加利福尼亚州|圣迭戈|埃尔卡洪	United States|California|San Diego|El Cajon
美国|爱达荷州|鲍尔县|罗克兰	United States|Idaho|Boise|Meridian
美国|加利福尼亚州|圣路易斯－奥比斯波|帕索罗布尔斯	United States|California|San Luis Obispo|Paso Robles
美国|加利福尼亚州|康特拉科斯塔|普莱森特希尔	United States|California|Contra Costa|Pleasant Hill
美国|乔治亚州|克里斯普|科迪尔	United States|Georgia|Crisp|Cordele
美国|加利福尼亚州|卡拉韦拉斯|圣安德烈亚斯	United States|California|Carlsbad|San Andreas
美国|罗得岛州|普罗维登斯县|东普罗维登斯	United States|Rhode Island|Providence|East Providence
美国|德克萨斯州|比尔|赫洛茨	United States|Texas|Bill|Helotes
美国|犹他州|犹他|奥勒姆	United States|Utah|Provo|Orem
美国|罗得岛州|华盛顿县|北国王镇	United States|Rhode Island|Washington|North Kingstown
美国|康涅狄格州|哈特福德县|温莎洛克斯	United States|Connecticut|Hartford|Windsor Locks
美国|康涅狄格州|纽黑文县|柴郡	United States|Connecticut|New Haven|Guilford
美国|加利福尼亚州|图奥勒米|格罗夫兰	United States|California|Tuaolemi|Groveland
美国|罗得岛州|华盛顿县|南国王镇	United States|Rhode Island|Washington County|South Kingstown
美国|马萨诸塞州|伍斯特县|查尔顿	United States|Massachusetts|Worcester|Charlton
美国|伊利诺伊州|杰克逊|埃瓦	United States|Illinois|Jackson|Eva
美国|马里兰州|巴尔的摩|米尔福德磨坊	USA|Maryland|Baltimore|Milford Mill
美国|加利福尼亚州|弗雷斯诺|克洛维斯	United States|California|Fresno|Clovis
加拿大|安大略省|滑铁卢|	Canada|Ontario|Hamilton|
美国|密歇根州|马斯基根|马斯基根	United States|Michigan|Muskegon|Muskegon
美国|加利福尼亚州|萨克拉门托|柑橘高地	United States|California|Sacramento|Citrus Heights
美国|密苏里州|巴特勒县|波普勒布拉夫	United States|Missouri|Barton|Poplar Bluff
美国|阿肯色州|布恩|哈里斯堡	United States|Arkansas|Boon|Harrison
美国|乔治亚州|格林|不伦瑞克	usa|georgia|griffin|barnesville
美国|罗得岛州|肯特县|西格林尼治	United States|Rhode Island|Kent|West Greenwich
美国|犹他州|犹他|普莱森特格罗夫	United States|Utah|Utah|Pleasant Grove
美国|康涅狄格州|哈特福德县|格拉斯顿伯里	United States|Connecticut|Hartford|Glastonbury
美国|罗得岛州|布里斯托尔县|沃伦	United States|Rhode Island|Bristol|Warren
美国|阿肯色州|华盛顿|费耶特维尔	United States|Arkansas|Washington|Fayetteville
美国|德克萨斯州|哈钦森|博格	United States|Texas|Havinson|Borg
美国|印第安纳州|汉密尔顿|费希尔斯	United States|Indiana|Hamilton|Fishers
美国|阿肯色州|本顿|本顿维	United States|Arkansas|Benton|Bentonville
美国|伊利诺伊州|科尔斯|马顿	United States|Illinois|Coles|Mattoon
美国|明尼苏达州|亨内平县|布鲁克林公园	United States|Minnesota|Hennepin|Brooklyn Park
美国|肯塔基州|谢尔比县|辛普森维尔	United States|Kentucky|Shelby County|Simpsonville
美国|印第安纳州|汉密尔顿|韦斯特菲尔德	United States|Indiana|Hamilton|Westfield
美国|俄克拉荷马州|塔尔萨|塔尔萨布罗肯阿罗	United States|Oklahoma|Tulsa|Tulsa Broken Arrow
美国|印第安纳州|亨德里克斯|普兰菲尔德	United States|Indiana|Hendricks|Plainfield
美国|乔治亚州|汉考克|斯巴达	United States|Georgia|Hancock|Sparta
美国|阿肯色州|本顿|罗杰斯	United States|Arkansas|Benton|Rogers
美国|乔治亚州|迪卡尔布|迪凯特	United States|Georgia|Decatur|DeKalb
美国|加利福尼亚州|圣迭戈|德尔马	United States|California|San Diego|Del Mar
美国|俄克拉荷马州|克里|萨帕尔帕	United States|Oklahoma|Creek|Sapulpa
美国|乔治亚州|亨利|麦克唐纳	United States|Georgia|Henry|McDonough
美国|明尼苏达州|法里博县|	United States|Minnesota|Faribault|
美国|马萨诸塞州|伍斯特县|韦斯特伯鲁	United States|Massachusetts|Worcester|Westborough
美国|佛罗里达州|迈阿密－戴德县|奥帕洛卡	United States|Florida|Miami-Dade|Opa-locka
美国|佛罗里达州|棕榈滩县|	United States|Florida|Palm Beach|
美国|加利福尼亚州|洛杉矶|欧文代尔	United States|California|Los Angeles|Owen
美国|佛罗里达州|布劳沃德县|米拉马尔	United States|Florida|Broward|Miramar
美国|康涅狄格州|哈特福德县|雅芳	USA|Connecticut|Hartford|Avon
美国|罗得岛州|纽波特县|米德尔镇	United States|Rhode Island|Newport|Middletown
美国|威斯康星州|林肯县|托马霍克	United States|Wisconsin|Lincoln|Tomahawk
美国|艾奥瓦州|布雷默县|韦弗利	United States|Iowa|Bremer|Waverly
美国|马萨诸塞州|伍斯特县|绍斯伯勒	United States|Massachusetts|Worcester|Shrewsbury
墨西哥|索诺拉州|埃莫西约|	Mexico|Sonora|Hermosillo|
美国|伊利诺伊州|杜佩奇|惠顿	United States|Illinois|Dupage|Wheaton
美国|佛罗里达州|圣露西县|匹尔斯堡	United States|Florida|Saint Lucie|Pearsburg
美国|亚拉巴马州|利|欧本	United States|Alabama|Lee|Auburn
美国|佛罗里达州|布劳沃德县|哈伦代尔海滩	United States|Florida|Broward|Hallandale Beach
美国|印第安纳州|约翰逊|格林伍德	USA|Indiana|Johnson|Greenwood
美国|康涅狄格州|哈特福德县|	United States|Connecticut|Hartford|
墨西哥|新莱昂州|阿波达卡|	Mexico|Nuevo León|Apodaca|
美国|伊利诺伊州|皮奥里亚|	United States|Illinois|Peoria|
美国|俄亥俄州|凯霍加县|伯里亚	United States|Ohio|Cuyahoga County|Berea
美国|伊利诺伊州|库克|霍姆伍德	United States|Illinois|Cook|Homewood
美国|康涅狄格州|纽黑文县|吉尔福德	United States|Connecticut|New Haven County|Guildford
墨西哥|墨西哥州|查普特莱普|	Mexico||Chapultepec|
墨西哥|科阿韦拉州|萨尔蒂略|	Mexico|Coahuila|Saltillo|
美国|佛罗里达州|迈阿密－戴德县|阳光岛海滩	United States|Florida|Miami-Dade|Sunny Isles Beach
墨西哥|墨西哥州|瑙卡尔潘|	Mexico|Mexico State|Ecatepec|
美国|密歇根州|安特里姆|麋鹿急流	United States|Michigan|Antrim|Elk Rapids
墨西哥|奇瓦瓦州|华雷斯城|	Mexico|Chihuahua|Ciudad Juarez|
美国|密西西比州|韦伯斯特县|欧波拉	United States|Mississippi|Webster|Eupora
美国|弗吉尼亚州|瀑布教堂|	United States|Virginia|Falls Church|
墨西哥|墨西哥城|夸乌特莫克区|	Mexico|Mexico City|Cuauhtemoc|
美国|伊利诺伊州|库克|萨米特	United States|Illinois|Cook|Summit
美国|亚拉巴马州|摩根|特瑞呢特	United States|Alabama|Morgan|Trinity
墨西哥|科阿韦拉州|蒙克洛瓦|	Mexico|Coahuila|Monclova|
美国|北达科他州|卡斯|法戈	United States|North Dakota|Cass|Fargo
美国|密西西比州|利福勒县|格林伍德	United States|Mississippi|Leflore|Greenwood
墨西哥|新莱昂州|谢内加德弗洛雷斯|	Mexico|Nuevo León|General Cepeda|
墨西哥|索诺拉州|卡杰姆|	Mexico|Sonora|Cajeme|
美国|密西西比州|乔治县|卢塞代尔	United States|Mississippi|George|Lucedale
美国|新罕布什尔州|梅里马克县|康科德	United States|New Hampshire|Merrimack|Concord
美国|伊利诺伊州|莱克|布拉夫湖	US|Illinois|Lake|Bluff Lake
美国|威斯康星州|密尔瓦基县|卡德希	United States|Wisconsin|Milwaukee|Cudahy
加拿大|安大略省|珀斯|西珀斯	Canada|Ontario|Perth|West Perth
美国|新泽西州|博根|恩格尔伍德克利夫斯	United States|New Jersey|Bergen|Englewood Cliffs
美国|佛罗里达州|迈阿密－戴德县|港口湾群岛	United States|Florida|Miami-Dade|Port of the Islands
美国|马萨诸塞州|伍斯特县|门登	United States|Massachusetts|Worcester|Mendon
美国|新泽西州|博根|萨德尔里弗	United States|New Jersey|Bogota|Saddle River
美国|马萨诸塞州|伍斯特县|哈佛大学	United States|Massachusetts|Worcester|Harvard University
法国|法兰西岛|塞纳|圣但尼	France|Franche-Comté|Sena|Saint-Denis
美国|密西西比州|科派亚县|哈兹尔赫斯特	United States|Mississippi|Copiah|Hazlehurst
美国|加利福尼亚州|洛杉矶|林伍德	United States|California|Los Angeles|Woodland Hills
美国|俄亥俄州|巴特勒县|特伦顿	United States|Ohio|Butler County|Trenton
印度尼西亚|东爪哇省|任抹|	Indonesia|East Java|Lumajang|
美国|伊利诺伊州|威尔|罗密欧维尔	United States|Illinois|Will|Romeo
美国|新罕布什尔州|卡罗尔县|沃尔夫伯勒	United States|New Hampshire|Carroll|Wolfeboro
美国|宾夕法尼亚州布拉福县哥伦比亚||	United States|Columbia||
洪都拉斯|科尔特斯省|乔洛马|	Honduras|Cortés|Choloma|
美国|缅因州|肯纳贝克县|奥古斯塔	United States|Maine|Kennebec|Augusta
美国|新泽西州|萨默塞特|布兰奇堡	United States|New Jersey|Somerville|Branchburg
美国|新泽西州|摩里斯|查塔姆镇区	United States|New Jersey|Morris|Chatham Township
喀麦隆|滨海区|武里|杜阿拉	Cameroon|Binhai|Wuli|Douala
墨西哥|墨西哥城|贝尼托·华雷斯区|	Mexico|Mexico City|Benito Juárez|
美国|新泽西州|密德萨克斯|南不伦瑞克	United States|New Jersey|Middlesex|South Brunswick
美国|密西西比州|玻利瓦尔县|博伊尔	United States|Mississippi|Bolivar|Boyle
加拿大|魁北克省|拉瓦勒|	Canada|Quebec|Laval|
美国|加利福尼亚州|克恩|伊莎贝拉湖	United States|California|Kern|Isabella Lake
美国|新泽西州|沃伦|菲利普斯堡	United States|New Jersey|Warren|Phillipsburg
墨西哥|新莱昂州|埃斯科韦多将军镇|	Mexico|Nuevo Leon|Escobedo General Town|
墨西哥|墨西哥州|图尔蒂特兰|富恩特斯德尔瓦莱	Mexico|State of Mexico|Tultitlán|Fuentes del Valle
美国|新泽西州|蒙茅斯|米德尔敦镇区	United States|New Jersey|Monmouth|Middletown Township
美国|新泽西州|博根|伍德－里奇	United States|New Jersey|Bergen|Wood-Ridge
美国|北达科他州|沃德|迈诺特	United States|North Dakota|Ward|Minot
委内瑞拉|苏克雷州|贝穆德斯市|卡鲁帕诺	Venezuela|Sucre|Bermudez|Carupano
美国|乔治亚州|巴托|卡特斯维尔	United States|Georgia|Barrow|Cartersville
美国|马萨诸塞州|米德尔塞克斯县|博克斯伯勒	United States|Massachusetts|Middlesex|Boxborough
美国|新泽西州|博根|利特尔费里	United States|New Jersey|Bogane|Litteralfairy
英国|英格兰|汉普郡|费勒姆	United Kingdom|England|Hampshire|Fareham
美国|新泽西州|联合|克兰福德	United States|New Jersey|Union|Cranford
美国|加利福尼亚州|洛杉矶|兰乔多明格斯	United States|California|Los Angeles|Chadomingos
美国|明尼苏达州|圣路易县|奇瑟姆	United States|Minnesota|Saint Louis|Chisholm
美国|马萨诸塞州|萨福克县|切尔西	USA|Massachusetts|Suffolk|Chelsea
美国|南卡罗来纳州|皮肯斯县|克莱姆森	United States|South Carolina|Pickens|Clemson
多米尼加共和国|圣胡安省|埃尔塞尔卡多|	Dominican Republic|San Juan|El Seibo|
美国|加利福尼亚州|橙|塔斯廷	United States|California|Orange|Tustin
美国|威斯康星州|戴恩县|米德尔顿	United States|Wisconsin|Dane|Middleton
美国|密歇根州|休伦|巴德阿克斯	United States|Michigan|Houston|Bader Aks
马耳他|斯维吉||	Malta|Svizzera||
美国|亚拉巴马州|杰斐逊|维斯塔瓦山	USA|Alabama|Jefferson|Vestavia Hills
塞尔维亚|科索沃州|普里什蒂纳|	Serbia|Kosovo|Pristina|
美国|乔治亚州|弗洛伊德|贝里山	United States|Georgia|Floyd|Mount Berry
加拿大|不列颠哥伦比亚省|汤普森－尼古拉|坎卢普斯	Canada|British Columbia|Thompson-Nicola|Kamloops
美国|俄亥俄州|杰佛逊县|温特斯维尔	United States|Ohio|Jefferson|Wintersville
美国|新泽西州|摩里斯|兰道夫	United States|New Jersey|Morris|Randolph
美国|新泽西州|摩里斯|莫里斯普莱恩斯	United States|New Jersey|Morris|Morris Plains
美国|加利福尼亚州|洛杉矶|罗灵丘陵庄园	United States|California|Los Angeles|Rolling Hills
美国|加利福尼亚州|圣迭戈|拉米萨	United States|California|San Diego|La Mesa
美国|德克萨斯州|伯利森|	United States|Texas|Bells|
美国|华盛顿州|斯卡吉特|阿纳科特斯	United States|Washington|Skagit|Anacortes
美国|亚利桑那州|科科尼诺|贝尔蒙特	United States|Arizona|Coconino|Bellemont
美国|加利福尼亚州|橙|兰乔圣玛格丽塔	United States|California|Orange|San Juan Capistrano
美国|加利福尼亚州|克恩|罗莎蒙德	United States|California|Kern|Rosamond
美国|德克萨斯州|安杰利纳|拉夫金	United States|Texas|Angeles|Lufkin
美国|俄亥俄州|瑟内萨县|蒂芬	United States|Ohio|Seneca|Tiffin
美国|佛罗里达州|马丁县|詹森海滩	United States|Florida|Martin|Jensen Beach
美国|德克萨斯州|达拉斯|威尔默	United States|Texas|Dallas|Wilmer
美国|加利福尼亚州|河滨|诺科	United States|California|Riverside|Norco
美国|新墨西哥州|圣菲县|圣达菲	United States|New Mexico|Santa Fe|Santa Fe
美国|华盛顿州|斯波坎|利伯蒂湖	United States|Washington|Spokane|Liberty Lake
美国|华盛顿州|瑟斯顿|奥林匹亚	United States|Washington|Thurston|Olympia
美国|马萨诸塞州|伍斯特县|什鲁斯伯里	USA|Massachusetts|Worcester|Shrewsbury
美国|德克萨斯州|福遍(本德堡)|密苏里城	United States|Texas|Fort Worth|Missouri City
美国|伊利诺伊州|库克|芒特普罗斯佩克特	United States|Illinois|Cook|Mount Prospect
美国|伊利诺伊州|库克|西塞罗	United States|Illinois|Cook|Cicero
美国|伊利诺伊州|库克|格伦维尤	United States|Illinois|Cook|Glenview
美国|伊利诺伊州|杜佩奇|韦斯特蒙特	United States|Illinois|DuPage|Westmont
美国|乔治亚州|埃尔伯特|埃尔伯顿	United States|Georgia|Albany|Albany
美国|伊利诺伊州|尚佩恩|尚佩恩	United States|Illinois|Champaign|Champaign
美国|堪萨斯州|芬尼县|花园城市	United States|Kansas|Finney|Garden City
美国|伊利诺伊州|杜佩奇|格伦埃林	United States|Illinois|DuPage|Glen Ellyn
美国|爱达荷州|埃达县|梅里迪恩	United States|Idaho|Eda|Meridian
美国|伊利诺伊州|弗米利恩|丹维尔	United States|Illinois|Vermilion|Danville
美国|密歇根州|韦恩|平岩	United States|Michigan|Wayne|Flat Rock
美国|弗吉尼亚州|汉诺威县|阿什兰	United States|Virginia|Hanover|Ashland
美国|伊利诺伊州|杜佩奇|威洛布鲁克	United States|Illinois|Dupage|Willobrook
美国|乔治亚州|布赖恩|列治文山	United States|Georgia|Blairsville|Shining Rock
美国|伊利诺伊州|库克|卡柳梅特城	United States|Illinois|Cook|Carlos
美国|南卡罗来纳州|阿伦达县|费尔法克斯	United States|South Carolina|Allendale|Fairfax
美国|华盛顿州|斯诺霍米什|埃弗里特	United States|Washington|Snohomish|Everett
美国|新墨西哥州|圣菲县|	USA|New Mexico|Santa Fe|
加拿大|安大略省|哈密尔顿|	Canada|Ontario|Hamilton|
美国|德克萨斯州|泰乐|	United States|Texas|Tyler|
美国|密歇根州|圣克莱尔|穆西	United States|Michigan|Saint Clair|Muhsi
关岛|塔穆宁||	Guandao|Tamin||
美国|新泽西州|密德萨克斯|旧布里奇镇区	United States|New Jersey|Middlesex|Old Bridge Township
美国|纽约州|富兰克林|孟买	United States|New York|Franklin|Mengmai
美国|艾奥瓦州|波尔克县|阿尔图纳	United States|Iowa|Polk|Altoona
美国|堪萨斯州|萨林县|萨利纳	United States|Kansas|Saline|Salina
美国|乔治亚州|克莱顿|莫罗	United States|Georgia|Clayton|Morrow
波多黎各|伊萨贝拉||	Puerto Rico|Isabela||
美国|新泽西州|密德萨克斯|克兰伯里	United States|New Jersey|Middlesex|Cranbury
美国|伊利诺伊州|莱克|海兰帕克	United States|Illinois|Lake|Highland Park
美国|艾奥瓦州|波尔克县|安克尼	United States|Iowa|Polk|Ankeny
美国|俄克拉荷马州|俄克拉荷马|埃德蒙	United States|Oklahoma|Oklahoma City|Edmond
美国|伊利诺伊州|库克|埃尔姆伍德公园区	United States|Illinois|Cook|Elmwood Park
美国|乔治亚州|沃思|普兰	United States|Georgia|Warsaw|Poland
美国|德克萨斯州|库克|盖恩斯维尔	United States|Texas|Cooke|Gainesville
美国|纽约州|伊利|托纳万达	United States|New York|Erie|Tonawanda
墨西哥|瓜纳华托州||	Mexico|Guanajuato||
美国|德克萨斯州|科林|普罗斯珀	United States|Texas|Collin|Prosper
美国|德克萨斯州|罗克沃尔|希思	United States|Texas|Rockwall|Heath
美国|密苏里州|富兰克林县|奥克格罗夫	USA|Missouri|Franklin|Oklahoma Grove
美国|德克萨斯州|格雷|潘帕	United States|Texas|Grey|Pampa
美国|乔治亚州|梅肯|	United States|Georgia|Macon|
美国|佛罗里达州|帕特南县|帕拉特卡	United States|Florida|Putnam|Palatka
美国|乔治亚州|迪卡尔布|钱布利	United States|Georgia|Decatur|Chamblee
英国|苏格兰|伦弗鲁郡|布雷黑德	United Kingdom|Scotland|Renfrewshire|Barrhead
美国|纽约州|杰斐逊|奥尔良	United States|New York|Jefferson|Olean
美国|乔治亚州|富尔顿|费尔本	United States|Georgia|Fulton|Fairburn
美国|乔治亚州|埃芬汉|斯普林菲尔德	United States|Georgia|Evan|Springfield
美国|密歇根州|奥克兰|麦迪逊高地	United States|Michigan|Oakland|Macomb Heights
美国|乔治亚州|迪卡尔布|多拉维尔	United States|Georgia|Decatur|Doraville
美国|俄亥俄州|波蒂奇县|斯里茨伯勒	United States|Ohio|Portage|Streetsboro
美国|路易斯安那州|卡尔克苏|莱克查尔斯	United States|Louisiana|Calcasieu|Lake Charles
美国|新泽西州|密德萨克斯|南普莱恩菲尔德	United States|New Jersey|Middlesex|South Plainfield
墨西哥|尤卡坦州|梅里达|	Mexico|Yucatan|Merida|
美国|密歇根州|肯特|格兰维尔	United States|Michigan|Kent|Grandville
美国|弗吉尼亚州|华盛顿县|格莱德斯普林	United States|Virginia|Washington|Gradyspring
美国|弗吉尼亚州|恩波里亚|	United States|Virginia|Emporia|
美国|亚拉巴马州|切罗基|中心	United States|Alabama|Cherokee|Center
美国|密歇根州|卡尔霍恩县|马歇尔	United States|Michigan|Calhoun|Marshall
美国|俄亥俄州|凯霍加县|欧几里得	United States|Ohio|Auglaize|Wapakoneta
美国|加利福尼亚州|马林|索萨利托	United States|California|Marin|Sausalito
美国|密歇根州|奥克兰|芬代尔	United States|Michigan|Oakland|Fond du Lac
美国|宾夕法尼亚州|阿利根尼县|格拉斯波特	United States|Pennsylvania|Allegheny|Glassport
墨西哥|韦拉克鲁斯州|韦拉克鲁斯|	Mexico|Veracruz|Veracruz|
美国|纽约州|希芒|霍斯黑兹	United States|New York|Herkimer|Herkimer
墨西哥|米却肯州|吉奎尔潘|	Mexico|Michoacan|Galeana|
美国|密西西比州|汉考克县|韦夫兰	United States|Mississippi|Hancock|Waveland
美国|路易斯安那州|红河|考沙塔	United States|Louisiana|Red River|Coushatta
美国|马萨诸塞州|伍斯特县|西布鲁克菲尔德	United States|Massachusetts|Worcester|West Brookfield
美国|密西西比州|哈里森县|格尔夫波特	USA|Mississippi|Harrison|Gulfport
捷克|布拉格|布拉格2区|	Czech Republic|Prague|Prague 2|
美国|路易斯安那州|博西尔|什里夫波特	United States|Louisiana|Bossier City|Shreveport
美国|佛蒙特州|华盛顿县|蒙彼利埃	United States|Vermont|Washington|Montpelier
美国|伊利诺伊州|莱克|班诺克本	USA|Illinois|Lake|Bannockburn
美国|纽约州|苏福克|东汉普顿	United States|New York|Suffolk|East Hampton
美国|俄亥俄州|莱克县|维克利夫	United States|Ohio|Lake|Wickliffe
美国|加利福尼亚州|洛杉矶|拉肯亚达─弗林楚奇	United States|California|Los Angeles|La Canada Flintridge
美国|密歇根州|马科姆|圣克莱尔海岸	United States|Michigan|Macomb|St. Clair Shores
美国|加利福尼亚州|洛杉矶|阿古拉山	United States|California|Los Angeles|Agoura Hills
美国|德克萨斯州|沃克|亨茨维尔	United States|Texas|Waco|Huntsville
美国|弗吉尼亚州|劳登县|布罗德兰兹	United States|Virginia|Loudoun|Brodnax
美国|北卡罗来纳州|皮特|格林维尔	United States|North Carolina|Pitt|Greenville
美国|伊利诺伊州|莱克|弗农丘陵	United States|Illinois|Lake|Fremont Township
美国|新泽西州|沃伦|富兰克林镇区	United States|New Jersey|Wall|Franklin Township
美国|肯塔基州|杰弗逊县|夏夫利	United States|Kentucky|Jefferson|Shively
美国|德克萨斯州|克罗斯比|	United States|Texas|Crosby|
美国|德克萨斯州|福遍(本德堡)|里奇蒙	United States|Texas|Fort Worth|Richmond
美国|德克萨斯州|纳科多奇斯|	United States|Texas|Nacogdoches|
美国|新泽西州|博根|罗谢尔帕克	United States|New Jersey|Bogota|Rochelle Park
美国|南达科他州|明尼哈哈县|苏瀑	United States|South Dakota|Minnehaha|Sioux Falls
美国|新泽西州|摩里斯|弗洛勒姆帕克	United States|New Jersey|Morris|Flo Parc
美国|阿肯色州|锡巴斯琴|史密斯堡	United States|Arkansas|Sibyl|Smithsboro
美国|伊利诺伊州|怀特|诺里斯城	United States|Illinois|Wheaton|Norris City
美国|新泽西州|博根|哈斯布鲁克海茨	United States|New Jersey|Bogota|Hasbrouck Heights
美国|德克萨斯州|塔兰特|里奇兰希尔斯	USA|Texas|Tarrant|Richland Hills
美国|宾夕法尼亚州|北安普敦县|伊斯顿	United States|Pennsylvania|Northampton|Easton
美国|新泽西州|开普梅|大洋城	United States|New Jersey|Cape May|Ocean City
美国|新泽西州|联合|新普罗维登斯	United States|New Jersey|Union|New Providence
美国|马萨诸塞州|埃塞克斯县|格洛斯特	United States|Massachusetts|Essex|Gloucester
美国|加利福尼亚州|阿拉梅达|都伯林	United States|California|Alameda|Dublin
美国|新泽西州|联合|罗韦	USA|New Jersey|Union|Rahway
美国|加利福尼亚州|马林|蒂伯龙	United States|California|Marin|Tiburon
美国|加利福尼亚州|橙|圣胡安	United States|California|Orange|San Juan
美国|纽约州|达奇斯|瓦平格尔	United States|New York|Dutchess|Wappinger
美国|肯塔基州|弗洛伊德县|普雷斯顿斯堡	USA|Kentucky|Floyd|Prestonsburg
美国|田纳西州|谢尔比县|阿灵顿	United States|Tennessee|Shelby|Arlington
美国|新泽西州|蒙茅斯|伊顿敦	United States|New Jersey|Montclair|Eatontown
美国|纽约州|达奇斯|海德公园	United States|New York|Dutchess|Hyde Park
美国|宾夕法尼亚州|莱科恩县|威廉斯波特	United States|Pennsylvania|Lehigh|Williamsport
英国|英格兰|萨里|萨里希思	United Kingdom|England|Salisbury|Salisbury
巴基斯坦|旁遮普省|拉瓦尔品第|杰赫勒姆	Pakistan|Punjab|Rawalpindi|Jehlum
美国|德克萨斯州|哈里森|马歇尔	United States|Texas|Harrison|Marshall
美国|新泽西州|蒙茅斯|豪威尔镇区	United States|New Jersey|Montclair|Hawthorne Township
美国|新泽西州|博根|沃灵顿	United States|New Jersey|Paterson|Woodland Park
美国|佛罗里达州|贝县|巴拿马城	United States|Florida|Bay|Panama City
美国|德克萨斯州|厄克托|敖德萨	United States|Texas|Oklahoma City|Odessa
美国|德克萨斯州|哈里斯|汤博尔	United States|Texas|Harris|Tomball
美国|加利福尼亚州|纳帕|圣海伦娜	United States|California|Napa|St. Helena
巴西|里约热内卢州|里约热内卢|博塔弗戈	Brazil|Rio de Janeiro|Rio de Janeiro|Botafogo
美国|印第安纳州|霍华德|科科莫	United States|Indiana|Howard|Kokomo
美国|马萨诸塞州|巴恩斯特布尔县|伯恩	United States|Massachusetts|Barnstable|Bourne
美国|俄亥俄州|汉密尔顿县|诺伍德	USA|Ohio|Hamilton|Norwood
美国|宾夕法尼亚州|巴克斯县|奎克敦	United States|Pennsylvania|Bucks|Quakertown
叙利亚|大马士革省|大马士革市|	Syria|Damascus|Damascus|
美国|密苏里州|沙里顿县|索尔兹伯里	United States|Missouri|Charlton County|Solsberry
美国|伊利诺伊州|库克|林肯伍德	United States|Illinois|Cook|Lincolnwood
美国|德克萨斯州|哈里斯|迪尔帕克	United States|Texas|Harris|Dallas
巴西|南里奥格兰德州|圣利奥波尔杜|	Brazil|Rio Grande do Sul|São Leopoldo|
美国|宾夕法尼亚州|威斯特摩兰县|塞威克利	USA|Pennsylvania|Westmoreland|Sewickley
美国|内华达州|道格拉斯|明登	United States|Nevada|Douglas|Minden
美国|佛罗里达州|迈阿密－戴德县|迈阿密海岸	United States|Florida|Miami-Dade|Miami Beach
美国|加利福尼亚州|圣贝纳迪诺|尼德尔斯	United States|California|San Bernardino|Needles
美国|亚利桑那州|马里科帕|瑟普赖斯	United States|Arizona|Maricopa|Supai
美国|弗吉尼亚州|米德尔塞克斯县|	United States|Virginia|Middlesex|
德国|巴伐利亚州|慕尼黑|格雷费尔芬格	Germany|Bavaria|Munich|Gräfelfing
美国|肯塔基州|肯顿县|卡温顿	United States|Kentucky|Kenton|Covington
委内瑞拉|米兰达州|乌达内塔市|库阿	Venezuela|Miranda|Ureña|Cua
加拿大|魁北克省|黎塞留河谷|尚布利	Canada|Quebec|L'Assomption RCM|Saint-Ambroise-de-Kildare
法国|布列塔尼|莫尔比昂|瓦讷	France|Brittany|Morlaix|Vannes
美国|印第安纳州|格林|布卢姆菲尔德	United States|Indiana|Greene|Bloomfield
美国|宾夕法尼亚州|巴克斯县|查方特	United States|Pennsylvania|Bucks|Chalfont
美国|宾夕法尼亚州|拉克万纳县|斯克兰顿	United States|Pennsylvania|Lackawanna County|Scranton
以色列|特拉维夫区|拉马特沙龙|	Israel|Tel Aviv District|Ramat Gan|
多米尼加共和国|圣多明各省|西圣多明各|	Dominican Republic|Santo Domingo|Santo Domingo Oeste|
多米尼加共和国|巴拉奥纳省|巴拉奥纳|	Dominican Republic|Barahona|Barahona|
美国|马里兰州|乔治王子|上马尔伯勒	USA|Maryland|Prince George|Upper Marlboro
加拿大|安大略省|渥太华|卡纳塔	Canada|Ontario|Ottawa|Kanata
英国|英格兰|萨里|沃金	United Kingdom|England|Surrey|Woking
美国|宾夕法尼亚州|切斯特县|科茨维尔	United States|Pennsylvania|Chester|Kutztown
委内瑞拉|瓜里科州|因凡特市|帕斯卡山谷	Venezuela|Guárico|Infante|Pascua Valley
美国|佛罗里达州|利县|麦尔兹堡	United States|Florida|Lee County|Melbourne
美国|纽约州|威斯特彻斯特|萨默斯	United States|New York|Westchester|Summers
美国|佛罗里达州|利县|开普科勒尔	United States|Florida|Lee|Cape Coral
委内瑞拉|莫纳加斯州||	Venezuela|Monagas||
多米尼加共和国|圣多明各省|博卡奇卡|	Dominican Republic|Santo Domingo|Boca Chica|
美国|德克萨斯州|汤格林|圣安吉洛	United States|Texas|Tom Green|San Angelo
荷兰|北荷兰省|哈莱默梅尔|哈夫韦格	Netherlands|North Holland|Haarlem|Havengebied
美国|德克萨斯州|华盛顿|布伦纳姆	United States|Texas|Washington|Waco
巴西|米纳斯吉拉斯州|伊加拉佩|	Brazil|Minas Gerais|Igarapé|
爱尔兰|凯里郡|巴利朗福德|	Ireland|Kerry|Ballinlough|
巴拿马|巴拿马省|圣米格利托区|	Panama|Panama|San Miguelito|
美国|艾奥瓦州|得梅因县|米迪亚波利斯	United States|Iowa|Dallas|Adel
巴拉圭|伊塔普亚省|圣佩德罗德尔帕拉纳|	Paraguay|Itapua|San Pedro del Parana|
美国|犹他州|犹他|梅普尔顿	United States|Utah|Utah|Mepherton
土耳其|加济安泰普省||	Turkey|Gaziantep||
美国|德克萨斯州|哈里斯|	United States|Texas|Harris|
美国|密歇根州|奥克兰|伯明翰	United States|Michigan|Oakland|Birmingham
美国|弗吉尼亚州|阿灵顿县|阿灵顿克拉伦登	United States|Virginia|Arlington|Arlington Clarendon
印度|旁遮普邦|卢迪亚纳县|	India|Punjab|Ludhiana|
美国|加利福尼亚州|圣贝尼托|霍利斯特	United States|California|San Bernardino|Hollister
美国|德克萨斯州|加尔维斯敦|得克萨斯城	United States|Texas|Galveston|Texan City
美国|马萨诸塞州|诺福克县|韦斯特伍德	United States|Massachusetts|Norfolk|Westwood
美国|乔治亚州|巴罗|布拉瑟尔顿	United States|Georgia|Barrow|Braselton
美国|德克萨斯州|沃勒|	United States|Texas|Waller|
美国|新泽西州|博根|艾伦代尔	United States|New Jersey|Bogota|Allendale
美国|德克萨斯州|奥斯汀|锡利	United States|Texas|Austin|Sill
乌克兰|敖德萨州|敖德萨区|	Ukraine|Odesa|Odesa|
美国|纽约州|皇后|道格拉斯顿	United States|New York|Queens|Douglaston
西班牙|卡斯蒂利亚－莱昂自治区|瓦拉多利德省|巴利亚多利德	Spain|Castile and León|Valladolid|Palencia
美国|宾夕法尼亚州|兰开斯特县|伊丽莎白敦	United States|Pennsylvania|Lancaster|Elizabeth
美国|俄亥俄州|富兰克林县|沃辛顿	United States|Ohio|Franklin|Worthington
委内瑞拉|米兰达州|瓜雷纳斯|	Venezuela|Miranda|Guarenas|
美国|弗吉尼亚州|蒙哥马里县|布莱克斯堡	United States|Virginia|Montgomery|Blacksburg
委内瑞拉|拉腊州|伊里瓦伦市|	Venezuela|Lara|Iribarren|
美国|科罗拉多州|亚当斯|威斯敏斯特	United States|Colorado|Adams|Westminster
美国|马萨诸塞州|巴恩斯特布尔县|马什皮	United States|Massachusetts|Barnstable|Mashpee
美国|纽约州|苏福克|河头镇	USA|New York|Suffolk|Riverhead
美国|华盛顿州|斯诺霍米什|米尔克里克	United States|Washington|Snohomish|Mill Creek
美国|马萨诸塞州|米德尔塞克斯县|弗雷明汉	United States|Massachusetts|Middlesex|Framingham
美国|德克萨斯州|利柏提|	United States|Texas|Lubbock|
美国|田纳西州|拉瑟福县|拉韦尔涅	United States|Tennessee|Rutherford|La Vergne
美国|密苏里州|克莱县|利伯蒂	United States|Missouri|Clay|Liberty
墨西哥|伊达戈州|弗朗西斯科·马德罗|特帕佩克	Mexico|Idago|Francisco de Madero|Tepeyac
美国|伊利诺伊州|库克|伯尔里奇	United States|Illinois|Cook|Berridge
美国|俄克拉荷马州|塞米诺尔|	United States|Oklahoma|Seminole|
美国|马里兰州|乔治王子|克林顿	United States|Maryland|Prince George|Clinton
美国|马萨诸塞州|诺福克县|福克斯伯勒	United States|Massachusetts|Norfolk|Foxborough
美国|马萨诸塞州|米德尔塞克斯县|哈德森	United States|Massachusetts|Middlesex County|Hudson
美国|亚利桑那州|皮纳尔|卡萨格兰德	United States|Arizona|Pinal|Casa Grande
美国|密苏里州|巴里县|莫内特	United States|Missouri|Barry|Monett
美国|华盛顿州|金|伊瑟阔	United States|Washington|King|Issaquah
美国|新泽西州|博根|奥克兰	United States|New Jersey|Bergen|Oakland
美国|新泽西州|博根|里弗埃奇	United States|New Jersey|Bergen|River Edge
美国|缅因州|沃尔多县|统一	United States|Maine|Waldoboro|Unity
美国|马萨诸塞州|汉普登县|阿加万	United States|Massachusetts|Hampden County|Agawam
美国|科罗拉多州|亚当斯|桑顿	United States|Colorado|Adams|Sangamon
美国|宾夕法尼亚州|兰开斯特县|利蒂茨	United States|Pennsylvania|Lancaster|Lititz
美国|马里兰州|圣玛丽斯|列克星敦公园	United States|Maryland|Saint Marys|Lexington Park
美国|伊利诺伊州|亚当斯|戈尔登	United States|Illinois|Adams|Golden
美国|南卡罗来纳州|斯帕坦堡县|邓肯	United States|South Carolina|Spartanburg|Duncan
美国|宾夕法尼亚州|约克县|格伦罗克	United States|Pennsylvania|York|Glen Rock
美国|弗吉尼亚州|贾尔斯县|斯塔福德斯维尔	United States|Virginia|Giles|Staffordsville
美国|伊利诺伊州|威尔|洛克波特	United States|Illinois|Wil|Lockport
美国|科罗拉多州|杰斐逊|麦岭	United States|Colorado|Jefferson|Malden
美国|北卡罗来纳州|亨德森|平岩	United States|North Carolina|Henderson|Flat Rock
美国|堪萨斯州|道格拉斯县|劳伦斯	United States|Kansas|Douglas|Lawrence
美国|伊利诺伊州|库克|南荷兰	United States|Illinois|Cook|South Holland
美国|北卡罗来纳州|里士满|哈姆雷特	United States|North Carolina|Richmond|Hamlet
美国|印第安纳州|布恩|莱巴嫩	United States|Indiana|Boone|Lebanon
美国|俄亥俄州|波蒂奇县|奥罗拉	United States|Ohio|Portage|Aurora
美国|新泽西州|康登|沃里斯镇区	United States|New Jersey|Camden|Voorhees Township
美国|南卡罗来纳州|弗洛伦斯县|蒂蒙斯维尔	United States|South Carolina|Florence|Timmonsville
美国|宾夕法尼亚州|巴克斯县|沃灵顿	USA|Pennsylvania|Berks|Womelsdorf
美国|马里兰州|塞西尔|东北镇	United States|Maryland|Cecil|Northeast
美国|南卡罗来纳州|斯帕坦堡县|兰德隆	United States|South Carolina|Spartanburg County|Landrum
美国|科罗拉多州|博尔德|朗蒙特	United States|Colorado|Boulder|Longmont
美国|德克萨斯州|哈里斯|锡布鲁克	United States|Texas|Harris|Cypress
美国|威斯康星州|卡柳梅特县|梅纳莎	United States|Wisconsin|Calumet|Menasha
美国|宾夕法尼亚州|巴克斯县|本萨勒姆	United States|Pennsylvania|Bucks|Bensalem
美国|明尼苏达州|达科他县|伯恩斯维尔	United States|Minnesota|Dakota|Burnsville
美国|马里兰州|巴尔的摩|路什维尔	United States|Maryland|Baltimore|Lutherville
美国|佛罗里达州|沃卢西亚县|奥兰治城	United States|Florida|Volusia|Orlando
美国|佛罗里达州|皮尼拉斯县|皮内拉斯公园	United States|Florida|Pinellas County|Pinellas Park
美国|俄亥俄州|格林县|黄泉	United States|Ohio|Green|Yellow Springs
美国|马里兰州|安妮阿伦德尔|塞文	United States|Maryland|Annapolis|Severn
美国|加利福尼亚州|洛杉矶|圣迪马斯	United States|California|Los Angeles|Santa Monica
美国|加利福尼亚州|橙|普安那公园	United States|California|Orange|Anaheim
美国|马里兰州|巴尔的摩|温莎磨坊	United States|Maryland|Baltimore|Windsor Mill
美国|加利福尼亚州|索拉诺|瓦列霍	United States|California|Solano|Vallejo
美国|伊利诺伊州|库克|奥克帕克	United States|Illinois|Cook|Oak Park
美国|加利福尼亚州|橙|海豹滩	United States|California|Orange|Dana Point
美国|伊利诺伊州|格兰迪|明努卡	United States|Illinois|Glenview|Minooka
美国|德克萨斯州|蒙哥马利|新卡尼	United States|Texas|Mongomery|Conroe
美国|伊利诺伊州|库克|巴特利特	United States|Illinois|Cook|Bartlett
美国|佛罗里达州|海兰兹县|普莱西德湖	United States|Florida|Highlands|Pleasant Hill
美国|纽约州|萨拉托加|鲍尔斯顿	United States|New York|Saratoga|Ballston
美国|伊利诺伊州|库克|莫顿格罗夫	United States|Illinois|Cook|Morton Grove
美国|印第安纳州|埃尔克哈特|米德尔伯里	United States|Indiana|Elkhart|Middelbury
美国|伊利诺伊州|凯恩|阿尔冈琴	United States|Illinois|Kane|Algonquin
美国|乔治亚州|蒂夫特|提夫顿	United States|Georgia|Tifton|Tifton
美国|康涅狄格州|纽黑文县|米尔福德	USA|Connecticut|New Haven|Milford
美国|加利福尼亚州|圣贝纳迪诺|科尔顿	United States|California|San Bernardino|Colton
美国|伊利诺伊州|杜佩奇|布鲁克	United States|Illinois|Dupage|Brook
美国|伊利诺伊州|杜佩奇|维拉帕克	United States|Illinois|Dupage|Villa Park
美国|佛罗里达州|棕榈滩县|朱庇特	United States|Florida|Palm Beach|Jupiter
美国|乔治亚州|费耶特|费耶特维尔	United States|Georgia|Fayette|Fayetteville
美国|伊利诺伊州|杜佩奇|圣查尔斯	United States|Illinois|Dupage|St. Charles
美国|路易斯安那州|圣詹姆斯|	USA|Louisiana|Saint James|
瑞士|苏黎世州|乌斯特区|	Switzerland|Solothurn|Uster|
美国|德克萨斯州|塔兰特|霍尔特姆城	United States|Texas|Dallas|Fort Worth
美国|华盛顿州|道格拉斯|东韦纳奇	United States|Washington|Douglas|East Wenatchee
美国|马萨诸塞州|汉普希尔县|北安普敦	United States|Massachusetts|Hampshire|Northampton
美国|加利福尼亚州|洛杉矶|钻石吧	United States|California|Los Angeles|Diamond Bar
美国|加利福尼亚州|康特拉科斯塔|丹维尔	United States|California|Contra Costa|Danville
美国|佛罗里达州|圣露西县|圣露西港	United States|Florida|Santa Rosa|Santa Rosa Beach
美国|伊利诺伊州|坎卡基|布拉德利	United States|Illinois|Kankakee|Bradley
美国|佛罗里达州|塞米诺尔县|玛丽湖	United States|Florida|Seminole|Maitland
美国|伊利诺伊州|杜佩奇|伍德里奇	United States|Illinois|DuPage|Woodridge
美国|肯塔基州|克拉克县|温彻斯特	United States|Kentucky|Clark|Winchester
美国|伊利诺伊州|库克|席勒公园	United States|Illinois|Cook|Schiller Park
美国|艾奥瓦州|亨利县|芒特普莱森特	United States|Iowa|Henry|Mount Pleasant
美国|佛罗里达州|印第安里弗县|维罗海滩	United States|Florida|Indian River County|Vero Beach
美国|俄亥俄州|蒙哥马利县|布鲁克维尔	United States|Ohio|Meigs County|Buckville
美国|路易斯安那州|泰勒博恩|候马	United States|Louisiana|Terrebonne|Houma
美国|路易斯安那州|拉萨尔|卡瑞克罗	United States|Louisiana|Lafayette|Carencro
美国|路易斯安那州|伊贝维尔|格罗斯太特	USA|Louisiana|Iberville|Gross Tete
美国|佛罗里达州|布里瓦德县|	United States|Florida|Broward|
美国|路易斯安那州|拉萨尔|	United States|Louisiana|Lasalle|
美国|密西西比州|辛普森县|马吉	United States|Mississippi|Simpson|Magee
美国|乔治亚州|休斯敦|华纳罗宾斯	United States|Georgia|Houston|Warner Robins
美国|路易斯安那州|杰克逊|	United States|Louisiana|Jackson|
美国|亚拉巴马州|莫比尔|	United States|Alabama|Mobile|
美国|俄亥俄州|卢卡斯县|俄勒冈	United States|Ohio|Lucas|Oregon
美国|佛罗里达州|沃尔顿县|米拉马尔海滩	United States|Florida|Walton|Miramar Beach
美国|俄亥俄州|利金县|希伯伦	United States|Ohio|Licking|Hebron
美国|密歇根州|奥克兰|商业	United States|Michigan|Oakland|Commerce
美国|俄亥俄州|汉密尔顿县|蓝灰	United States|Ohio|Hamilton County|Blue Ash
美国|密歇根州|韦恩|泰勒	United States|Michigan|Wayne|Taylor
美国|密歇根州|爱奥尼亚|贝尔丁	United States|Michigan|Ionia|Belding
美国|密歇根州|韦恩|范布伦	United States|Michigan|Wayne|Van Buren
美国|密歇根州|肯特|阿尔派恩	USA|Michigan|Kent|Alpine
美国|加利福尼亚州|埃尔多拉多|埃尔多拉多山	United States|California|El Dorado|El Dorado Hills
美国|纽约州|达奇斯|东菲什基尔	United States|New York|Dutchess|East Fishkill
美国|加利福尼亚州|阿马多尔|杰克逊	United States|California|Amador|Jackson
美国|密歇根州|门罗|柏林	United States|Michigan|Monroe|Berlin
美国|密西西比州|科派亚县|水晶泉	USA|Mississippi|Copiah|Crystal Springs
美国|俄亥俄州|凯霍加县|山谷景观	United States|Ohio|Cuyahoga|Valley View
美国|密歇根州|杰纳西|大勃朗峰	United States|Michigan|Janesville|Grand Blanc Township
加拿大|魁北克省|大特雷|贝捷维尔	Canada|Quebec|Terrebonne|Beaujeu
美国|俄亥俄州|麦迪逊县|西杰斐逊	United States|Ohio|Medina|West Jefferson
美国|俄亥俄州|克林顿县|威明顿	United States|Ohio|Clinton County|Wilmington
美国|密歇根州|马科姆|	United States|Michigan|Macon|
美国|明尼苏达州|华盛顿县|圣保罗公园	United States|Minnesota|Washington|Saint Paul Park
美国|明尼苏达州|安诺卡县|弗里德利	United States|Minnesota|Anoka|Fridley
美国|佛罗里达州|利县|博尼塔温泉	United States|Florida|Lee|Bonita Springs
美国|马萨诸塞州|伍斯特县|斯特灵	United States|Massachusetts|Worcester|Sterling
美国|新泽西州|博根|帕克里奇	United States|New Jersey|Bogota|Park Ridge
美国|明尼苏达州|拉姆西县|岸景	United States|Minnesota|Ramsey|Shoreview
美国|加利福尼亚州|比尤特|奥罗维尔	United States|California|Beaumont|Oroville
美国|佛罗里达州|拿骚县|费南迪纳比奇	United States|Florida|Nassau|Fernandina Beach
巴西|帕拉州|法罗尔|	Brazil|Para|Faro|
美国|马萨诸塞州|伍斯特县|加德纳	United States|Massachusetts|Worcester|Gardner
美国|马萨诸塞州|伍斯特县|菲奇堡	United States|Massachusetts|Worcester|Fitchburg
美国|明尼苏达州|斯特恩斯县|圣克劳德	United States|Minnesota|Stearns|Saint Cloud
美国|密西西比州|汉弗莱斯县|贝尔佐尼	United States|Mississippi|Humphreys County|Belzoni
美国|新罕布什尔州|格拉夫顿县|汉诺威	United States|New Hampshire|Grafton|Hanover
南非|豪登省|约翰内斯堡市大都会自治市|马加利西格	South Africa|Gauteng|Johannesburg|Magaliesburg
美国|加利福尼亚州|金斯|汉福德	United States|California|Kings|Hanford
美国|佛罗里达州|布劳沃德县|塔玛拉克	United States|Florida|Broward|Tamarac
美国|明尼苏达州|拉姆西县|白熊湖	United States|Minnesota|Ramsey|White Bear Lake
美国|德克萨斯州|卡梅伦|拉费里亚	USA|Texas|Carmen|La Feria
美国|马萨诸塞州|伍斯特县|达德利	USA|Massachusetts|Worcester|Daley
美国|佛罗里达州|布劳沃德县|科勒尔斯普林斯	United States|Florida|Broward|Cole Springs
美国|德克萨斯州|马里昂|	United States|Texas|Marion|
美国|新泽西州|艾塞克斯|布卢姆菲尔德	United States|New Jersey|Essex|Bloomfield
美国|佛罗里达州|布劳沃德县|彭布罗克派恩斯	United States|Florida|Broward|Pembroke Pines
美国|新泽西州|哈德逊|友联市	United States|New Jersey|Hudson|Union City
美国|新泽西州|摩里斯|东汉诺威镇区	United States|New Jersey|Morris|East Hanover Township
美国|新泽西州|博根|埃尔姆伍德帕克	United States|New Jersey|Bogota|Elmwood Park
美国|新泽西州|艾塞克斯|罗斯兰	USA|New Jersey|Iselin|Rossland
美国|明尼苏达州|弗里伯恩县|阿尔伯特李	United States|Minnesota|Freeborn|Albert Lea
美国|缅因州|坎伯兰县|不伦瑞克	United States|Maine|Cumberland|Brunswick
美国|德克萨斯州|加尔维斯敦|	United States|Texas|Galveston|
美国|德克萨斯州|哈里斯|加利纳帕克	United States|Texas|Harris|Galena Park
美国|新泽西州|沃伦|哈克特斯敦	United States|New Jersey|Warren|Hackettstown
美国|佛罗里达州|棕榈滩县|博因顿海滩	United States|Florida|Palm Beach|Boynton Beach
美国|马萨诸塞州|伍斯特县|米尔福德	United States|Massachusetts|Worcester|Milford
美国|新泽西州|伯灵顿|佛罗伦斯镇区	United States|New Jersey|Burlington|Florence Township
美国|弗吉尼亚州|列克星敦|	United States|Virginia|Lexington|
美国|明尼苏达州|亨内平县|纽霍普	United States|Minnesota|Hennepin|New Hope
美国|新泽西州|博根|李堡	United States|New Jersey|Bogota|Leonia
美国|德克萨斯州|蒙哥马利|谢南多厄	United States|Texas|Montgomery|Shenandoah
美国|宾夕法尼亚州|阿利根尼县|卡内基	United States|Pennsylvania|Allegheny|Carnegie
美国|犹他州|戴维斯|西勒鸠斯	United States|Utah|Davis|Syracuse
美国|加利福尼亚州|橙|斯坦顿	United States|California|Orange|Stanton
美国|马里兰州|霍华德|萨维奇	United States|Maryland|Howard|Savage
美国|加利福尼亚州|洛杉矶|拉蓬特	United States|California|Los Angeles|La Puente
美国|加利福尼亚州|埃尔多拉多|	United States|California|El Dorado|
美国|马里兰州|哈福德|约帕	United States|Maryland|Harford|Joppa
美国|加利福尼亚州|圣马特奥|东帕罗奥图	United States|California|San Mateo|East Palo Alto
加拿大|艾伯塔省|第15普查区|埃德蒙顿	Canada|Alberta|Division No. 15|Edmonton
美国|马里兰州|蒙哥马利|卡尔弗顿	United States|Maryland|Baltimore|Calvert
美国|加利福尼亚州|索诺马|	United States|California|Sonoma|
加拿大|艾伯塔省|第13普查区|埃德蒙顿	Canada|Alberta|Division No. 13|Edmonton
土耳其|伊斯坦布尔省|埃森尤尔特区|	Turkey|Istanbul Province|Esenyurt|
加拿大|艾伯塔省|第17普查区|埃德蒙顿	Canada|Alberta|Division No. 17|Edmonton
加拿大|艾伯塔省|第12普查区|埃德蒙顿	Canada|Alberta|Division No. 12|Edmonton
美国|华盛顿州|基沙普|金斯顿	United States|Washington|Kitsap|Kingston
巴西|圣保罗州|巴鲁埃里|	Brazil|Sao Paulo|Barueri|
美国|马萨诸塞州|普利茅斯县|布里奇沃特	United States|Massachusetts|Plymouth|Bridgewater
委内瑞拉|法尔孔州|新城区|	Venezuela|Falcón|Nueva Ciudad|
加拿大|艾伯塔省|第14普查区|埃德蒙顿	Canada|Alberta|Division No. 14|Edmonton
加拿大|艾伯塔省|第18普查区|埃德蒙顿	Canada|Alberta|Census Division No. 18|Edmonton
美国|宾夕法尼亚州|斯奈德县|特雷沃顿港	United States|Pennsylvania|Snake|Trevorton Harbor
美国|加利福尼亚州|圣贝纳迪诺|阿普兰	United States|California|San Bernardino|Apland
加拿大|艾伯塔省|第16普查区|埃德蒙顿	Canada|Alberta|Division No. 16|Edmonton
阿根廷|布宜诺斯艾利斯省|圣伊西德罗|马丁内斯	Argentina|Buenos Aires|San Isidro|Martinez
美国|马里兰州|巴尔的摩|卡顿斯维尔	United States|Maryland|Baltimore|Caton
美国|马里兰州|安妮阿伦德尔|杰瑟普	United States|Maryland|Anne Arundel|Jessup
美国|北卡罗来纳州|波尔克|米尔斯普林	United States|North Carolina|Polk|Mill Spring
英国|英格兰|萨里|赖盖特－班斯特德	UK|England|Salisbury|Rygate-Banstead
巴西|圣保罗州|圣保罗|利伯达德	Brazil|Sao Paulo|Sao Paulo|Ribeirao Preto
巴西|巴拉那州|蒙蒂阿莱格里|	Brazil|Parana|Maringa|
巴西|里约热内卢州|里约热内卢|市中心	Brazil|State of Rio de Janeiro|Rio de Janeiro|Centro
秘鲁|普诺大区|梅尔加|阿亚维里	Peru|Puno|Melgar|Ayaviri
巴西|圣保罗州|圣保罗|安达拉伊花园	Brazil|Sao Paulo|Sao Paulo|Andarai Garden
印度尼西亚|西爪哇省|德博市|	Indonesia|West Java|Depok|
墨西哥|韦拉克鲁斯州|图斯潘|	Mexico|Veracruz|Tuxpan|
哥伦比亚|纳里尼奥省|伊皮亚莱斯|	Colombia|Nariño|Ipiales|
印度尼西亚|亚齐特区|北亚齐|	Indonesia|Aceh|North Aceh|
美国|艾奥瓦州|锡达县|梅卡尼克斯维尔	United States|Iowa|Cedar|Mechanicsville
巴西|伯南布哥州||	Brazil|Pernambuco||
委内瑞拉|莫纳加斯州|马图林市|	Venezuela|Monagas|Maturín|
阿根廷|查科省|路易赫豪尔赫丰塔纳县|科罗内尔杜格拉蒂	Argentina|Chaco|General Güemes|Coronel Du Graty
多米尼加共和国|诺埃尔主教省||	Dominican Republic|Nacional||
西班牙|瓦伦西亚自治区|巴伦西亚省|瓜尔达马尔德拉萨福尔	Spain|Valencian Community|Valencia|Guardamar del Segura
美国|马里兰州|卡洛尔|尤宁布里奇	United States|Maryland|Baltimore|Youngsborough
委内瑞拉|米兰达州|帕埃斯市|埃尔西伦西奥	Venezuela|Mérida|Páez|El Silencio
墨西哥|尤卡坦州|卡纳辛|	Mexico|Yucatan|Kanasin|
墨西哥|阿瓜斯卡达特斯州|阿瓜斯卡连特斯|	Mexico|Aguascalientes|Aguascalientes|
阿根廷|布宜诺斯艾利斯省|阿韦利亚内达|	Argentina|Buenos Aires|Avellaneda|
阿根廷|布宜诺斯艾利斯省|基尔梅斯|贝尔纳尔	Argentina|Buenos Aires|Quilmes|Bernal
巴西|圣保罗州|阿拉拉夸拉|	Brazil|Sao Paulo|Araraquara|
尼日利亚|联邦首都特区|阿布贾市|	Nigeria|Federal Capital Territory|Abuja|
阿根廷|布宜诺斯艾利斯省|皮拉尔|塞拉亚	Argentina|Buenos Aires|Pilar|Seraya
土耳其|哈塔伊省|安塔基亚区|	Turkey|Hatay|Antakya|
阿根廷|拉潘帕省|马拉科县|通用笔克	Argentina|La Pampa|Maracó|General Pico
巴西|罗赖马州|美景镇|	Brazil|Roraima|Boa Vista|
巴西|圣埃斯皮里图州|卡里亚西卡|新埃斯佩兰萨	Brazil|Espírito Santo|Cariacica|Nova Esperança
阿根廷|布宜诺斯艾利斯省|特雷斯－德费布雷罗|卡塞罗斯	Argentina|Buenos Aires|Tres de Febrero|Caseros
墨西哥|韦拉克鲁斯州|韦拉克鲁斯|里奥格兰德	Mexico|Veracruz|Veracruz|Rio Grande
泰国|曼谷|汇权县|	Thailand|Bangkok|Bangkok|
澳大利亚|新南威尔士州|大悉尼|赖德	Australia|New South Wales|Sydney|Ryde
阿根廷|丘布特省|别德马县|波多黎各马德林	Argentina|Chubut|Biedma|Puerto Madryn
多米尼加共和国|佩拉维亚省|巴尼|	Dominican Republic|Peravia|Bani|
多米尼加共和国|圣多明各省|佩德罗布兰德|拉瓜伊加市	Dominican Republic|Santo Domingo|Pedro Brand|La Guayiga
阿根廷|科尔多瓦省|圣胡斯托|莫特罗斯	Argentina|Cordoba|San Justo|Morteros
巴西|马托格罗索州|索里苏|	Brazil|Mato Grosso do Sul|Soures|
西班牙|马德里自治区|马德里|圣希内斯教堂	Spain|Community of Madrid|Madrid|St. Helens Church
委内瑞拉|安索阿特吉州|迪戈鲍蒂斯塔乌瓦内哈市|莱切里亚	Venezuela|Anzoátegui|Barcelona|Lechería
美国|俄勒冈州|格兰特县|弗农山	United States|Oregon|Grant|Fremont
西班牙|安达卢西亚自治区|格拉纳达省|尼圭拉斯	Spain|Andalusia|Granada|Nigüelas
哥伦比亚|博亚卡省|派帕|	Colombia|Boyaca|Papa|
加拿大|艾伯塔省|第9普查区|落基山庄	Canada|Alberta|Division No. 9|Rocky Mountain House
巴西|伯南布哥州|贝塔尼亚|	Brazil|Pernambuco|Betânia|
多米尼加共和国|圣地亚哥省|加尼科|	Dominican Republic|Santiago|Ganico|
委内瑞拉|拉腊州|西蒙普拉纳斯市|萨拉雷	Venezuela|Lara|Barquisimeto|Sarare
多米尼加共和国|拉贝加省|康斯坦萨|	Dominican Republic|La Vega|Constanza|
巴西|圣保罗州|西圣丽塔|	Brazil|São Paulo|Santa Rita|
哥伦比亚|北桑坦德省|埃尔卡门|	Colombia|Norte de Santander|El Carmen|
加拿大|安大略省|马斯科卡|湖湾镇	Canada|Ontario|Muskoka|Lake of Bays
阿根廷|科连特斯省||	Argentina|Cordoba||
保加利亚|布尔加斯州|布尔加斯|	Bulgaria|Burgas|Burgas|
巴西|巴拉那州||	Brazil|Parana||
巴西|米纳斯吉拉斯州|圣罗克迪米纳斯|	Brazil|Minas Gerais|Santa Rita do Sapucaí|
印度尼西亚|东努沙登加拉省|古邦|	Indonesia|East Nusa Tenggara|Kupang|
巴西|圣保罗州|圣保罗|贾巴夸拉	Brazil|Sao Paulo|Sao Paulo|Jabaquara
黎巴嫩|阿卡省|哈尔巴|	Lebanon|Aakkar|Halba|
洪都拉斯|弗朗西斯科－莫拉桑省|中央区|特古西加尔巴	Honduras|Francisco Morazán|Central|Tegucigalpa
阿根廷|拉潘帕省|马拉科县|皮科将军城	Argentina|La Pampa|Maracó|General Pico
印度尼西亚|北苏门答腊省|棉兰市|	Indonesia|North Sumatra|Medan|
芬兰|皮尔卡区|坦佩雷次区|	Finland|Pirkanmaa|Tampere|
秘鲁|利马大区|瓦乌拉|	Peru|Lima|Wawra|
巴西|圣埃斯皮里图州|阿拉克鲁斯|巴拉杜里亚乔	Brazil|Espírito Santo|Aracruz|Barra do Riacho
美国|宾夕法尼亚州|蒙哥马利县|利默里克	United States|Pennsylvania|Montgomery|Limerick
老挝|万象首都市||	Vientiane|Vientiane Capital||
波兰|库亚维－波美拉尼亚省|希维切|诺维	Poland|Kuyavian-Pomeranian|Chełmno|Nowe
印度尼西亚|东爪哇省||	Indonesia|East Java||
委内瑞拉|米兰达州|因德彭登西亚市|圣特雷莎德尔图伊	Venezuela|Miranda|Independencia|Santos Michelena
美国|肯塔基州|惠特利县|科宾	United States|Kentucky|Whitley|Corbin
巴西|塞阿拉州|福塔莱萨|曼努埃尔·萨蒂罗	Brazil|Ceará|Fortaleza|Manoel Sátiro
印度尼西亚|中爪哇省|三宝垄|	Indonesia|Central Java|Surakarta|
多米尼加共和国|萨马纳省|萨马纳|	Dominican Republic|Samana|Samana|
委内瑞拉|阿拉瓜州|圣地亚哥马里尼奥市|图尔梅罗	Venezuela|Aragua|Santiago de Mariño|Turmero
巴西|亚马孙州|塔巴廷加|	Brazil|Amazonas|Tabatinga|
委内瑞拉|瓜里科州|因凡特市|帕斯夸山谷	Venezuela|Guárico|Infante|Pascua Valley
美国|印第安纳州|亨利|新里斯本	United States|Indiana|Henry|New Lisbon
美国|阿肯色州|米勒|德克萨卡纳	United States|Arkansas|Miller|Texarkana
美国|德克萨斯州|沃德|莫纳汉斯	United States|Texas|Ward|Monahans
美国|肯塔基州|派克县|埃尔克霍恩城	United States|Kentucky|Pike|Elkhorn City
哥伦比亚|塞萨尔省|阿瓜奇卡|	Colombia|Cesar|Aguachica|
巴西|米纳斯吉拉斯州|坎普弗洛里杜|	Brazil|Minas Gerais|Camprodório|
哥伦比亚|塞萨尔省|巴耶杜帕尔|	Colombia|Cesar|Valledupar|
美国|德克萨斯州|格雷森|谢尔曼	United States|Texas|Grayson|Sherman
哥伦比亚|玻利瓦尔省|南圣罗莎|	Colombia|Bolivar|San Roque|
哥伦比亚|北桑坦德省|库库塔|	Colombia|Norte de Santander|Cúcuta|
美国|密西西比州|德索托县|橄榄枝	United States|Mississippi|DeSoto County|Olive Branch
阿根廷|圣克鲁斯省||	Argentina|Santa Cruz||
阿根廷|科尔多瓦省|胡亚雷斯塞尔曼|卡布雷拉将军	Argentina|Cordoba|Juarez Celman|General Cabrera
哥伦比亚|玻利瓦尔省|卡塔赫纳|	Colombia|Bolivar|Cartagena|
巴西|阿拉戈斯州|马拉戈日|	Brazil|Alagoas|Maceio|
印度|喀拉拉邦|特里苏尔县|	India|Kerala|Thrissur|
巴西|马托格罗索州||	Brazil|Mato Grosso do Sul||
巴西|米纳斯吉拉斯州|格鲁皮亚拉|	Brazil|Minas Gerais|Grupiara|
巴西|马拉尼昂州|马拉尼昂州圣路易斯|	Brazil|Maranhao|Sao Luis|
委内瑞拉|苏克雷州|贝穆德斯市|	Venezuela|Sucre|Bermudez|
哥伦比亚|考卡省|瓜切内|	Colombia|Cauca|Guachené|
秘鲁|阿亚库乔大区||	Peru|Ayacucho Region||
哥伦比亚|亚马孙省|莱蒂西亚|	Colombia|Amazonas|Leticia|
波斯尼亚和黑塞哥维那|波斯尼亚和黑塞哥维那联邦|图兹拉州|格拉查尼察	Bosnia and Herzegovina|Federation of Bosnia and Herzegovina|Tuzla|Gračanica
美国|密苏里州|普瓦斯基县|迪克森	United States|Missouri|Pulaski|Dixon
哥伦比亚|考卡山谷省|萨尔萨尔|	Colombia|Cauca Valley|Salsar|
印度尼西亚|东爪哇省|勿里达|	Indonesia|East Java|Mojokerto|
墨西哥|科利马州|科利马|	Mexico|Colima|Colima|
委内瑞拉|玻利瓦尔州||	Venezuela|Bolivar||
波斯尼亚和黑塞哥维那|布尔奇科特区|布尔奇科|	Bosnia and Herzegovina|Brcko District|Brcko|
美国|艾奥瓦州|斯托里县|哈克斯利	United States|Iowa|Story|Huxley
美国|密苏里州|奥札克县|	United States|Missouri|Ozark|
巴西|米纳斯吉拉斯州|伊比亚伊|	Brazil|Minas Gerais|Ibipora|
墨西哥|奇瓦瓦州|圣克鲁斯|	Mexico|Chihuahua|Cruz|
阿根廷|福尔摩沙省|福莫萨|	Argentina|Formosa|Formosa|
委内瑞拉|卡拉沃沃州|解放者玻利瓦尔市|托库伊托	Venezuela|Carabobo|Libertador|Tocuyito
美国|南达科他州|桑博恩县|文索基特	United States|South Dakota|Bon Homme|Woonsocket
美国|新泽西州|海洋|汤姆斯河	United States|New Jersey|Ocean|Toms River
印度尼西亚|南苏拉威西省||	Indonesia|South Sulawesi||
巴西|戈亚斯州|阿纳波利斯|	Brazil|Goiás|Anápolis|
巴拉圭|卡瓜苏省|卡瓜苏|	Paraguay|Caaguazú|Caaguazú|
巴西|圣保罗州|安加图巴|	Brazil|Sao Paulo|Angatuba|
巴西|帕拉州|弗洛雷斯塔|	Brazil|Para|Florianopolis|
巴西|马托格罗索州|东圣安东尼奥|	Brazil|Mato Grosso do Sul|Santo Antônio do Leverger|
巴西|北里奥格兰德州|圣若泽－杜坎佩斯特里|	Brazil|Rio Grande do Norte|São José do Campestre|
多米尼加共和国|埃利亚斯·皮尼亚省|米切斯|	Dominican Republic|Elías Piña|Miches|
巴西|圣保罗州|圣保罗|多姆何塞花园	Brazil|Sao Paulo|Sao Paulo|Dom Jose Garden
委内瑞拉|波图格萨州|阿劳雷市|	Venezuela|Portuguesa|Acarigua|
多米尼加共和国|圣多明各省|洛斯阿尔卡里索斯|潘托哈	Dominican Republic|Santo Domingo|Los Alcarrizos|Pantoja
哥伦比亚|普图马约省|奥里托|	Colombia|Putumayo|Orito|
巴西|米纳斯吉拉斯州|邦雅尔丁－迪米纳斯|	Brazil|Minas Gerais|Belo Horizonte|
巴西|南马托格罗索州|里奥韦尔德迪马托格罗索|	Brazil|Rio Grande do Sul|Rio Grande|
葡萄牙|波尔图区|波尔图|圣母阿维奥索教堂	Portugal|Porto District|Porto|Clérigos Church
巴西|圣保罗州|西圣巴巴拉|奥拉里亚公园	Brazil|São Paulo|Sebastiana|Alteria Park
巴西|南马托格罗索州|大坎普市|	Brazil|Rio Grande do Norte|Natal|
巴西|圣保罗州|摩基达斯克鲁易斯市|	Brazil|Sao Paulo|Mogi das Cruzes|
墨西哥|圣路易斯波托西州|里奥贝尔德|	Mexico|San Luis Potosi|Ciudad Rioverde|
哥斯达黎加|圣何塞|佩雷斯塞莱东县|	Costa Rica|San Jose|Perez Zeledon|
巴西|圣保罗州|伊塔普拉|	Brazil|Sao Paulo|Itapura|
阿根廷|布宜诺斯艾利斯省|滨河圣尼古拉斯|	Argentina|Buenos Aires|San Nicolas de los Arroyos|
墨西哥|墨西哥城|阿尔瓦罗·奥夫雷贡区|	Mexico|Mexico City|Álvaro Obregón|
巴西|帕拉州|坎波马格罗|帕萨乌纳	Brazil|Para|Campo Magro|Pinhais
墨西哥|萨卡特卡斯州|萨卡特卡斯|	Mexico|Sinaloa|Culiacan|
巴西|米纳斯吉拉斯州|圣戈塔杜|	Brazil|Minas Gerais|Sao Gotardo|
秘鲁|库斯科大区|库斯科|圣塞巴斯蒂安	Peru|Cusco|Cusco|San Sebastian
巴西|巴伊亚州|坎普阿莱格里－迪洛尔迪斯|	Brazil|Bahia|Campo Alegre de Lourdes|
巴西|里约热内卢州|里约热内卢|巴拉达蒂茹卡	Brazil|Rio de Janeiro|Rio de Janeiro|Barra da Tijuca
阿根廷|圣菲省|洛佩兹将军县|菲尔马特	Argentina|San Fe|General López|Firmat
哥斯达黎加|圣何塞|埃斯卡苏县|圣拉斐尔·德·埃斯卡苏	Costa Rica|San Jose|Escazu|San Rafael de Escazu
巴西|圣埃斯皮里图州||	Brazil|Espirito Santo||
土耳其|伊斯坦布尔省|巴萨克谢希尔区|	Turkey|Istanbul|Basaksehir|
委内瑞拉|巴里纳斯州|巴里纳斯市|	Venetian|Balearic Islands|Balearic Islands|
巴西|米纳斯吉拉斯州|乌贝兰迪亚|维吉拉托·佩雷拉	Brazil|Minas Gerais|Uberlandia|Vigilato Pereira
巴西|塞尔希培州|阿拉卡茹|圣若泽	Brazil|Sergipe|Aracaju|São José
阿根廷|卡塔马卡省|安达尔加拉|	Argentina|Catamarca|Andalgalá|
印度尼西亚|巴厘省|珍布拉娜|内加拉	Indonesia|Bali|Denpasar|Kesiman
哥伦比亚|普图马约省|锡本多伊|	Colombia|Putumayo|Mocoa|
美国|阿拉斯加州|迪林厄姆|迪林厄姆	United States|Alaska|Fairbanks|Fairbanks
阿根廷|丘布特省|埃斯卡兰特县|拉达·蒂莉	Argentina|Chubut|Escalante|Rada Tilly
意大利|坎帕尼亚|贝内文托|帕戈韦亚诺	Italy|Campania|Benevento|Pagoveiano
墨西哥|萨卡特卡斯州|松布雷雷特|	Mexico|Sinaloa|Los Mochis|
哥伦比亚|马格达莱纳省|圣玛尔塔|	Colombia|Magdalena|Santa Marta|
哥伦比亚|乌伊拉省|内瓦|	Colombia|Huila|Neiva|
印度|喀拉拉邦|埃尔讷古勒姆县|卡卡纳德	India|Kerala|Ernakulam|Kakkanad
巴西|米纳斯吉拉斯州|埃斯特雷马|	Brazil|Minas Gerais|Estrela|
巴西|圣保罗州|马丁诺波利斯|	Brazil|Sao Paulo|Martinopolis|
比利时|弗拉芒大区|东佛兰德省|根特区	Belgium|Flanders|East Flanders|Ghent
哥伦比亚|阿劳卡省|萨拉韦纳|	Colombia|Atlantico|Sincelejo|
巴西|巴拉那州|卡帕内马|	Brazil|Parana|Curitiba|
墨西哥|韦拉克鲁斯州|圣安德烈斯－图斯特拉|	Mexico|Veracruz|San Andrés Tuxtla|
巴西|圣保罗州|巴鲁埃里|贾丁·雷吉娜·爱丽丝	Brazil|Sao Paulo|Barueri|Alphaville
哥伦比亚|纳里尼奥省|帕斯托|	Colombia|Nariño|Pasto|
巴西|戈亚斯州|亚历山尼亚|	Brazil|Goiás|Alexânia|
意大利|拉齐奥||	Italy|Lazio||
巴西|圣保罗州|圣保罗|伊米里姆	Brazil|Sao Paulo|Sao Paulo|Imirim
阿根廷|图库曼省|卡皮特尔县|圣米格尔·德·图库曼	Argentina|Tucuman|Cafayate|San Miguel de Tucuman
墨西哥|杜兰戈州|上帝之名|	Mexico|Durango|Nombre de Dios|
秘鲁|瓦努科大区|瓦努科|皮尔科马卡	Peru|VANUKOKOTA|Vanuoko|Pielkomaka
哥伦比亚|乌伊拉省|加尔松|	Colombia|Huila|Garzon|
阿根廷|布宜诺斯艾利斯省|布朗海军上将城|布尔萨科	Argentina|Buenos Aires|Almirante Brown|Burzaco
萨尔瓦多|拉利伯塔德省|塔马尼克|	El Salvador|La Libertad|Tamanique|
多米尼加共和国|玛丽亚·特立尼达·桑切斯省|埃尔法克托尔|	Dominican Republic|Maria Trinidad Sanchez|El Factor|
巴西|塞阿拉州|欧塞比乌|	Brazil|Ceará|Oseobiú|
墨西哥|金塔纳罗奥州|索利达丽达特|阿文图拉斯港	Mexico|Quintana Roo|Solidaridad|Puerto Aventuras
墨西哥|瓦哈卡州|圣安娜泽加什|	Mexico|Chiapas|San Cristobal de las Casas|
巴西|戈亚斯州|戈亚斯|	Brazil|Goiás|Goiânia|
美国|爱达荷州|卡里布县|班克罗夫特	United States|Idaho|Caribou|Bancroft
智利|阿里卡和帕里纳科塔大区|阿里卡|	Chile|Arica and Parinacota|Arica|
墨西哥|科阿韦拉州|萨尔蒂略|圣莫尼卡工业园	Mexico|Coahuila|Saltillo|San Monica Industrial Park
柬埔寨|班迭棉吉省||	Cambodia|Banteay Meanchey||
意大利|伦巴第|克雷莫纳|卡萨尔布塔诺	Italy|Lombardy|Cremona|Casalmaggiore
哥伦比亚|科尔多瓦省|瓦伦西亚|	Colombia|Cordoba|Valencia|
委内瑞拉|阿普雷州|比鲁阿卡市|	Venezuela|Apure|Biruaca|
巴西|圣保罗州|卡拉皮库伊巴|玛丽亚·贝阿特丽斯花园	Brazil|Sao Paulo|Carapicuiba|Jardim Maria Beatriz
智利|圣地亚哥首都大区|马伊波|圣贝尔纳多	Chile|Santiago Metropolitan Region|Maipo|San Bernardo
阿根廷|布宜诺斯艾利斯省|莫雷诺|特鲁胡伊	Argentina|Buenos Aires|Moreno|Trujui
哥伦比亚|考卡山谷省|拉维多利亚|	Colombia|Cauca Valley|La Victoria|
阿根廷|门多萨省|迈普|	Argentina|Mendoza|Maipu|
秘鲁|胡宁大区|万卡约|	Peru|Huanuco|Huancayo|
巴西|圣保罗州|圣阿德利娅|	Brazil|Sao Paulo|Santo Andre|
阿根廷|米西奥内斯省|5月25日|	Argentina|Misiones|25 de Mayo|
意大利|卡拉布里亚|科森扎|	Italy|Calabria|Cosenza|
巴西|圣卡塔琳娜州|弗洛里亚诺波利斯|	Brazil|Santa Catarina|Florianópolis|
阿根廷|火地省|托尔胡因|	Argentina|Tierra del Fuego|Ushuaia|
哥伦比亚|普图马约省|莫科阿|	Colombia|Putumayo|Mocoa|
巴西|马拉尼昂州|圣路易斯|	Brazil|Maranhao|Sao Luis|
哥斯达黎加|埃雷迪亚|埃雷迪亚县|	Costa Rica|Heredia|Heredia|
希腊|西希腊|帕特雷|	Greece|West Greece|Patras|
西班牙|加泰罗尼亚自治区||	Spain|Catalonia||
墨西哥|韦拉克鲁斯州|胡安·罗德里格斯·克拉拉|	Mexico|Veracruz|Juan Rodríguez Clara|
巴西|圣保罗州|卡萨帕瓦|	Brazil|Sao Paulo|Casapava|
印度|泰米尔纳德邦|甘尼亚古马里县|	India|Tamil Nadu|Kanyakumari|Chennai
墨西哥|克雷塔罗州|佩德罗埃斯科贝多|埃尔索兹	Mexico|Queretaro|Piedras Negras|El Sauz
秘鲁|库斯科大区|卡尔卡|	Peru|Cusco Region|Cusco|
南非|豪登省|艾古莱尼市大都会自治市|肯普顿帕克	South Africa|Gauteng|Nelson Mandela Bay Metropolitan Municipality|Kempton Park
土耳其|尚勒乌尔法省|锡韦雷克区|	Turkey|Sanliurfa|Siverek|
墨西哥|科阿韦拉州|莫哈达山脉|	Mexico|Coahuila|Sierra Mojada|
哥伦比亚|瓜希拉省|迈考|	Colombia|Guajira|Maicao|
澳大利亚|新南威尔士州|穆雷地区|奥尔伯里	Australia|New South Wales|Murray|Orbost
巴西|圣保罗州|塔博昂－达塞拉|	Brazil|Sao Paulo|Taboao da Serra|
巴西|圣保罗州|圣保罗|罗马别墅	Brazil|Sao Paulo|Sao Paulo|Roma Villa
巴西|托坎廷斯州|皮拉克|	Brazil|Tocantins|Piraquê|
巴西|马托格罗索州|新蒙杜|	Brazil|Mato Grosso|Nova Mutum|
秘鲁|卡亚俄大区|卡亚俄|文塔尼利亚	Peru|Callao|Callao|Ventanilla
巴西|米纳斯吉拉斯州|森特拉尔－迪米纳斯|	Brazil|Minas Gerais|Itabirito|
智利|塔拉帕卡大区|艾尔塔马鲁加尔|	Chile|Tarapaca|Alto Hospicio|
秘鲁|瓦努科大区|瓦努科|	Peru|Vraem|Vraem|
巴西|米纳斯吉拉斯州|马沙卡利斯|	Brazil|Minas Gerais|Machacalis|
墨西哥|塔巴斯科州|昆杜阿坎|	Mexico|Tabasco|Cunduacán|
墨西哥|米却肯州|阿里奥－德罗萨莱斯|	Mexico|Michoacan|Ario de Rosales|
巴西|圣保罗州|里贝朗普雷图|	Brazil|São Paulo|Ribeirão Preto|
秘鲁|皮乌拉大区|皮乌拉|	Peru|Puno|Puno|
巴西|里约热内卢州|里约热内卢|班古	Brazil|Rio de Janeiro|Rio de Janeiro|Bangu
哥伦比亚|安蒂奥基亚省|贝约|	Colombia|Antioquia|Bello|
墨西哥|塔巴斯科州|马库斯帕纳|	Mexico|Tabasco|Macuspana|
巴西|圣保罗州|伊拉塞马波利斯|	Brazil|São Paulo|Ilhabela|
多米尼加共和国|圣克里斯托瓦尔省|巴霍斯德艾纳|	Dominican Republic|San Cristobal|Bajos de Haina|
智利|圣地亚哥首都大区|圣地亚哥|罗巴内切亚	Chile|Santiago Metropolitan Region|Santiago|Lo Barnechea
巴西|里约热内卢州|里约热内卢|因霍巴	Brazil|Rio de Janeiro|Rio de Janeiro|Inhoaíba
阿根廷|布宜诺斯艾利斯省|维森特洛佩斯|佛罗里达	Argentina|Buenos Aires|Vicente Lopez|Florida
巴西|马托格罗索州|圣卡尔门|	Brazil|Mato Grosso do Sul|Campo Grande|
巴西|圣保罗州|圣保罗|维拉玛格丽达	Brazil|Sao Paulo|Sao Paulo|Vila Mariana
墨西哥|塔毛利帕斯州|雷诺萨|	Mexico|Tamaulipas|Reynosa|
委内瑞拉|阿拉瓜州|圣地亚哥马里尼奥市|	Venezuela|Aragua|Santiago de Leon de Caracas|
哥伦比亚|圣安德利兹－普罗维登西亚省|圣安德烈斯岛|	Colombia|San Andres y Providencia|San Andres|
巴西|圣保罗州|科蒂亚|	Brazil|Sao Paulo|Cotia|
巴西|米纳斯吉拉斯州|拉加马尔|	Brazil|Minas Gerais|Lagoa Mar|
意大利|普利亚|布林迪西|塞格利·梅斯帕卡	Italy|Puglia|Brindisi|Seglie Messapica
巴西|米纳斯吉拉斯州|马沙杜|	Brazil|Minas Gerais|Belo Horizonte|
哥伦比亚|托利马省|伊瓦格|	Colombia|Tolima|Ibagué|
西班牙|阿斯图里亚斯自治区|阿斯图里亚斯|希洪	Spain|Asturia|Asturias|Gijon
墨西哥|米却肯州|尤雷夸罗|	Mexico|Michoacan|Urecho|
巴西|圣保罗州|奥萨斯库|工业安汉古拉	Brazil|Sao Paulo|Osasco|Industrial Anhanguera
西班牙|穆尔西亚自治区|穆尔西亚|塞乌蒂	Spain|Murcia|Murcia|Ceuti
西班牙|加泰罗尼亚自治区|赫罗纳省|圣佩德罗－佩斯卡多尔	Spain|Catalonia|Lleida|Sant Pere Pescador
印度|西孟加拉邦|加尔各答县|新城区	India|West Bengal|Hooghly|Nabadwip
巴西|南马托格罗索州|大坎普市|中心	Brazil|Rio Grande do Norte|Natal|Central
巴西|亚马孙州|马瑙斯|阿里克斯	Brazil|Amazonas|Manaus|Alirce
墨西哥|科阿韦拉州|萨尔蒂略|科阿韦拉州	Mexico|Coahuila|Saltillo|Coahuila
墨西哥|韦拉克鲁斯州|卡梅里诺·Z·门多萨|门多萨市	Mexico|Veracruz|Camerino Z. Mendoza|Mendoza
巴西|里约热内卢州|安格拉－杜斯雷斯|	Brazil|Rio de Janeiro|Angra dos Reis|
阿根廷|圣克鲁斯省|圭尔艾克县|里奥加列戈斯	Argentina|Santa Cruz|Guer Aike|Rio Gallegos
巴西|米纳斯吉拉斯州|蒙蒂斯克拉鲁斯|维拉坎波斯	Brazil|Minas Gerais|Montes Claros|Vila Campos
智利|圣地亚哥首都大区|查卡布科|	Chile|Santiago Metropolitan Region|Chacabuco|
巴西|戈亚斯州|戈亚尼亚|戈亚斯花园	Brazil|Goias|Goiania|Goias Garden
智利|奥伊金斯将军解放者大区|科尔查瓜|南卡瓜	Chile|General Libertador Bernardo O'Higgins|Colchagua|Nancagua
智利|马乌莱大区|库里科|	Chile|Maule Region|Curicó|
哥伦比亚|安蒂奥基亚省|内格罗河|	Colombia|Antioquia|Nechí|
巴西|巴伊亚州|萨尔瓦多|新城	Brazil|Bahia|Salvador|Novo
巴西|米纳斯吉拉斯州|迪维诺波利斯|	Brazil|Minas Gerais|Divinopolis|
巴西|戈亚斯州|戈亚尼亚|圣卡洛斯	Brazil|Goiás|Goiânia|Santa Clara
秘鲁|利马大区|利马老城区|	Peru|Lima Region|Lima|
南非|夸祖鲁－纳塔尔省|德班大都会自治市|	South Africa|KwaZulu-Natal|eThekwini|
阿根廷|门多萨省|卢汉德库约|维斯塔尔巴	Argentina|Mendoza|Luján de Cuyo|Vistalba
巴西|亚马孙州|马瑙斯|彼得罗波利斯	Brazil|Amazonas|Manaus|Petrópolis
巴西|里约热内卢州|里约热内卢|塞佩蒂巴	Brazil|Rio de Janeiro|Rio de Janeiro|Sepetiba
土耳其|伊斯坦布尔省|贡戈伦区|	Turkey|Istanbul|Gungoren|
巴西|里约热内卢州|里约热内卢|帕武纳	Brazil|Rio de Janeiro|Rio de Janeiro|Pavuna
巴西|巴伊亚州|伊博蒂拉马|	Brazil|Bahia|Iboticama?|
巴西|戈亚斯州|阿纳波利斯|圣玛丽亚·德·纳扎勒斯村	Brazil|Goias|Anapolis|Santa Maria de Nazare
巴西|巴拉那州|阿纳宁德瓦|马瓜里	Brazil|Parana|Ananindeua|Maguary
秘鲁|卡哈马卡大区|哈恩|	Peru|Cajamarca|Jaen|
巴西|伯南布哥州|热博阿陶|	Brazil|Pernambuco|Jaboatão dos Guararapes|
巴西|联邦区|萨马巴亚|	Brazil|Distrito Federal|Brasília|
阿根廷|布宜诺斯艾利斯省|海岸县|圣特雷西塔	Argentina|Buenos Aires|Costa|Santa Teresita
巴西|阿拉戈斯州||	Brazil|Alagoas||
墨西哥|米却肯州|阿帕钦甘|	Mexico|Michoacan|Apatzingan|
巴西|里约热内卢州|卡希亚斯公爵城|圣路易斯村	Brazil|Rio de Janeiro|Duque de Caxias|São Luis
巴西|伯南布哥州|热博阿陶|皮耶达德	Brazil|Pernambuco|Jaboatão|Piada
巴西|圣保罗州|摩基达斯克鲁易斯市|维拉阿维尼翁	Brazil|Sao Paulo|Mogi das Cruzes|Vila Avenida
巴西|巴伊亚州|伊蒂乌巴|	Brazil|Bahia|Itiúba|
秘鲁|普诺大区|圣罗曼|胡利亚卡	Peru|Puno|San Roman|Juliaca
阿根廷|布宜诺斯艾利斯省|莫雷诺|	Argentina|Buenos Aires|Moron|
巴西|巴伊亚州|费拉迪圣安娜|	Brazil|Bahia|Feira de Santana|
巴西|圣保罗州|圣保罗|树木公园	Brazil|Sao Paulo|Sao Paulo|Arvore Park
巴西|圣保罗州|卡拉皮库伊巴|加布里埃尔·楚克雷公园	Brazil|Sao Paulo|Carapicuiba|Gabriel P. R. Park
秘鲁|普诺大区|普诺|	Peru|Puno|Puno|
墨西哥|塔巴斯科州|卡德纳斯|	México|Tabasco|Cárdenas|
阿根廷|萨尔塔省|伊鲁亚|圣胡安	Argentina|Salta|Iruya|San Juan
西班牙|瓦伦西亚自治区|巴伦西亚省|蒙塞拉特	Spain|Valencian Community|Valencia|Montserrat
巴西|马托格罗索州|北新特拉|	Brazil|Mato Grosso do Sul|Nova Andradina|
巴西|巴伊亚州|萨尔瓦多|贝拉维斯塔公园	Brazil|Bahia|Salvador|Bela Vista Park
巴西|圣卡塔琳娜州|弗洛里亚诺波利斯|萨科格兰德	Brazil|Santa Catarina|Florianopolis|Sacogrande
法国|奥弗涅－罗讷－阿尔卑斯|德龙|瓦朗斯	France|Auvergne-Rhône-Alpes|Drome|Valence
墨西哥|索诺拉州|马格达莱纳德基诺|	Mexico|Sonora|Magdalena de Kino|
墨西哥|恰帕斯州|莫托齐特拉|	Mexico|Chiapas|Motozintla|
巴西|塞阿拉州||	Brazil|Ceará||
巴西|戈亚斯州|戈亚斯州阿瓜斯林达斯|	Brazil|Goias|Aguas Lindas de Goias|
巴西|南马托格罗索州|多拉杜斯|军事村	Brazil|Mato Grosso do Sul|Dourados|Vila Militar
委内瑞拉|阿普雷州|帕埃斯市|瓜斯杜阿里托	Venezuela|Apure|Paéz|Guasdualito
巴西|巴拉那州|阿纳宁德瓦|伊库伊－瓜哈拉	Brazil|Parana|Ananindeua|Icoaraci
阿根廷|科尔多瓦省||	Argentina|Cordoba||
哥伦比亚|考卡山谷省|雷斯特雷波|	Colombia|Valle del Cauca|Restrepo|
墨西哥|瓜纳华托州|莫拉博士镇|	Mexico|Guanajuato|Moroleon|
伊拉克|巴士拉省|巴士拉|	Iraq|Basra|Basra|
哥伦比亚|考卡省|波帕扬|	Colombia|Cauca|Popayán|
秘鲁|伊卡大区|皮斯科|	Peru|Ica|Pisco|
秘鲁|利马省|利马|米拉弗洛雷斯	Peru|Lima|Lima|Miraflores
墨西哥|普埃布拉州|提瓦坎|圣安东尼奥特斯卡拉	Mexico|Puebla|Tehuacan|San Antonio de las Caldas
巴西|米纳斯吉拉斯州|贝洛奥里藏特|	Brazil|Minas Gerais|Belo Horizonte|
美国|宾夕法尼亚州|克劳福德县|罗马	United States|Pennsylvania|Clarion County|Roma
墨西哥|克雷塔罗州|科雷希多拉|布拉沃	Mexico|Queretaro|Corregidora|El Pueblito
阿根廷|圣克鲁斯省|圣克鲁斯德拉谢拉|	Argentina|Santa Cruz|Santa Cruz de la Sierra|
哥伦比亚|昆迪纳马卡省|苏巴乔克|	Colombia|Cundinamarca|Subachoque|
巴西|圣保罗州|马里利亚|山地	Brazil|Sao Paulo|Marilia|Mountains
美国|新泽西州|开普梅|米德尔镇区	United States|New Jersey|Cape May|Middle Township
圭亚那|德梅拉拉－马海卡|乔治敦|	Guyana|Demerara-Mahaica|Georgetown|
美国|德克萨斯州|加尔维斯敦|利格城	United States|Texas|Galveston|Leagues City
美国|田纳西州|富兰克林县|温彻斯特	United States|Tennessee|Franklin|Winchester
孟加拉国|达卡专区|达卡县|苏特拉普尔	Bangladesh|Dhaka Division|Dhaka District|Savar
多米尼加共和国|萨马纳省|桑切斯|	Dominican Republic|Samana|Sancherus|
美国|阿拉斯加州|东南费尔班克斯|德尔塔章克申	United States|Alaska|Fairbanks|Fairbanks North Star Borough
新西兰|坎特伯雷大区|时运郡|罗尔斯顿	New Zealand|Canterbury|Timaru|Rolleston
墨西哥|伊达戈州|弗朗西斯科·马德罗|特帕特佩克	Mexico|Guanajuato|Francisco de Mateo|Tepatitlán
巴西|南里奥格兰德州|南萨普卡亚|	Brazil|Rio Grande do Sul|Sao Paulo|
巴拿马|巴拿马省|巴拿马区|	Panama|Panama|Panama|
巴西|伯南布哥州|保达柳|	Brazil|Pernambuco|Petrolina|
波多黎各|上维加||	Portugal|Viseu||
巴西|圣保罗州|费尔南多波利斯|	Brazil|Sao Paulo|Fernando de Noronha|
西班牙|安达卢西亚自治区|韦尔瓦省|阿尔蒙特	Spain|Andalusia|Huelva|Almonte
美国|俄亥俄州|普特南县|奥托维尔	United States|Ohio|Putnam|Ottoville
委内瑞拉|苏利亚州|巴拉尔特市|新普韦布洛	Venezuela|Zulia|Maracaibo|San Francisco
巴西|南里奥格兰德州|新彼得罗波利斯|	Brazil|Rio Grande do Norte|Novo Pedro|
美国|弗吉尼亚州|弗雷德里克县|米德尔敦	United States|Virginia|Fredericksburg|Middletown
哥伦比亚|安蒂奥基亚省|恩维加多|	Colombia|Antioquia|Envigado|
美国|亚利桑那州|莫哈维|哈瓦苏湖城	United States|Arizona|Mohave|Havasu City
巴西|帕拉州|伊瓦伊波朗|	Brazil|Para|Ivaiporã|
美国|宾夕法尼亚州|泰奥加县|曼斯费尔德	United States|Pennsylvania|Tioga|Mansfield
尼泊尔|巴格马蒂省|勒利德布尔|	Nepal|Bagmati|Lalitpur|
哥伦比亚|卡尔达斯省|曼萨纳雷斯|	Colombia|Caldas|Manizales|
美国|威斯康星州|马凯特县|牛津	United States|Wisconsin|Waukesha|New Berlin
巴西|米纳斯吉拉斯州||	Brazil|Minas Gerais||
巴西|圣保罗州|摩基达斯克鲁易斯市|琼迪亚佩巴	Brazil|Sao Paulo|Mogi das Cruzes|Jundiapeba
西班牙|安达卢西亚自治区|塞维利亚省|	Spain|Andalusia|Seville|
美国|马萨诸塞州|普利茅斯县|金斯顿	United States|Massachusetts|Plymouth|Kingston
墨西哥|伊达戈州|米内拉德拉里福马|拉普罗维登西亚二十一世纪	Mexico|Idaegon|Mineradilla|La Providencia XXI Century
智利|科金博大区|埃尔基|拉塞雷纳	Chile|Coquimbo|Elqui|La Serena
美国|阿肯色州|温泉|唐纳森	United States|Arkansas|Hot Springs|Garland County
美国|宾夕法尼亚州|布拉福县|罗马	United States|Pennsylvania|Bradford|Rome
巴西|帕拉州|卡斯特鲁|	Brazil|Para|Castelo|
巴西|巴拉那州|阿纳宁德瓦|	Brazil|Parana|Ananindeua|
巴西|马托格罗索州|马塞兰迪亚|	Brazil|Mato Grosso do Sul|Cuiabá|
美国|宾夕法尼亚州|拉克万纳县|卡本代尔	United States|Pennsylvania|Lackawanna|Carbondale
多米尼加共和国|圣地亚哥省|拉斯帕洛马斯|	Dominican Republic|Santiago|Las Palomas|
巴西|圣保罗州|阿蒂巴亚|	Brazil|Sao Paulo|Atibaia|
中国|山东|济南|市中区	China|Shandong|Jinan|Shizhong
中国|山东|青岛|市北区	China|Shandong|Qingdao|Shibei
巴西|圣保罗州|圣若泽杜斯坎普斯|德国战场	BRA|Sao Paulo|Sao Jose dos Campos|German Field
土耳其|加济安泰普省|塞希特卡米尔区|	Turkey|Gaziantepprovince|Sehitkamil|
西班牙|加泰罗尼亚自治区|巴塞罗纳省|桑佩多尔	Spain|Catalonia|Barcelona|Sampedor
委内瑞拉|阿拉瓜州|苏克雷市|	Venezuela|Aragua|Sukre|
中国|云南|红河|元阳县	China|Yunnan|Honghe|Yuanyang
中国|山东|济南|历下区	China|Shandong|Jinan|Lixia
印度|中央邦|瓜廖尔县|	India|Central|Gwalior|
乌兹别克斯坦|塔什干直辖市|奇兰扎尔区|	Uzbekistan|Tashkent|Chilonzor|
多米尼加共和国|埃斯派亚省|莫卡|	Dominican Republic|Espaillat|Moca|
中国|云南|大理|剑川县	China|Yunnan|Dali|Jianchuan
哥伦比亚|卡萨纳雷省|约帕尔|	Colombia|Casanare|Yopal|
中国|山东|日照|	China|Shandong|Rizhao|
中国|云南|红河|泸西县	China|Yunnan|Honghe|Luxi
中国|云南|昆明|五华区	China|Yunnan|Kunming|Wuhua
中国|云南|红河|红河县	China|Yunnan|Honghe|Honghe
中国|云南|曲靖|罗平县	China|Yunnan|Qujing|Luoping
中国|云南|曲靖|富源县	China|Yunnan|Qujing|Fuyuan
委内瑞拉|卡拉沃沃州|圣地亚哥市|	Venezuela|Carabobo|San Diego|
巴西|圣保罗州|维涅杜|	Brasil|São Paulo|Vinhedo|
中国|云南|红河|石屏县	China|Yunnan|Honghe|Shiping
中国|山东|日照|五莲县	China|Shandong|Rizhao|Wulian
中国|云南|玉溪|新平彝族傣族自治县	China|Yunnan|Yuxi|Xinping Yi and Dai Autonomous County
中国|山东|济宁|微山县	China|Shandong|Jining|Weishan
中国|云南|红河|弥勒市	China|Yunnan|Honghe|Mile
中国|云南|红河|开远市	China|Yunnan|Honghe|Kaiyuan
阿根廷|布宜诺斯艾利斯省|艾克斯德拉克鲁兹|洛斯卡达莱斯	Argentina|Buenos Aires|Exaltación de la Cruz|Los Cardales
中国|山东|济南|章丘区	China|Shandong|Jinan|Zhangqiu
中国|云南|红河|绿春县	China|Yunnan|Honghe|Lüchun
中国|云南|玉溪|红塔区	China|Yunnan|Yuxi|Hongta
中国|云南|大理|弥渡县	China|Yunnan|Dali|Mitu
中国|云南|昆明|安宁市	China|Yunnan|Kunming|Anning
中国|云南|昆明|盘龙区	China|Yunnan|Kunming|Panlong
中国|云南|昆明|寻甸回族彝族自治县	China|Yunnan|Kunming|Xundian Hui and Yi Autonomous County
中国|云南|昆明|石林彝族自治县	China|Yunnan|Kunming|Shilin Yi Autonomous
中国|山东|济南|长清区	China|Shandong|Jinan|Changqing
中国|山西|临汾|	China|Shanxi|Linfen|
中国|山东|济南|历城区	China|Shandong|Jinan|Licheng
中国|山东|济南|天桥区	China|Shandong|Jinan|Tianqiao
中国|山东|济南|槐荫区	China|Shandong|Jinan|Huaiyin
中国|江西|南昌|	China|Jiangxi|Nanchang|
中国|云南|昆明|嵩明县	China|Yunnan|Kunming|Songming
中国|云南|曲靖|师宗县	China|Yunnan|Qujing|Shizong
中国|云南|昆明|宜良县	China|Yunnan|Kunming|Yiliang
中国|云南|昆明|西山区	China|Yunnan|Kunming|Xishan
中国|青海|海北|	China|Qinghai|Haibei|
中国|浙江|绍兴|	China|Zhejiang|Shaoxing|
中国|辽宁|辽阳|	China|Liaoning|Liaoyang|
中国|辽宁|葫芦岛|	China|Liaoning|Huludao|
中国|云南|大理|巍山彝族回族自治县	China|Yunnan|Dali|Weishan
中国|辽宁|铁岭|	China|Liaoning|Tieling|
中国|青海|玉树|	China|Qinghai|Yushu|
中国|云南|曲靖|沾益区	China|Yunnan|Qujing|Zhanyi
中国|吉林|白山|	China|Jilin|Baishan|
中国|云南|昆明|禄劝彝族苗族自治县	China|Yunnan|Kunming|Luquan Yi and Miao Autonomous County
中国|山西|大同|	China|Shanxi|Datong|
中国|云南|大理|宾川县	China|Yunnan|Dali|Binchuan
中国|云南|昆明|东川区	China|Yunnan|Kunming|Dongchuan
中国|云南|昆明|呈贡区	China|Yunnan|Kunming|Chenggong
中国|山西|晋城|	China|Shanxi|Jincheng|
中国|青海|海南|	China|Qinghai|Hainan|
中国|辽宁|阜新|	China|Liaoning|Fuxin|
中国|浙江|舟山|	China|Zhejiang|Zhoushan|
中国|辽宁|本溪|	China|Liaoning|Benxi|
中国|河北|秦皇岛|	China|Hebei|Qinhuangdao|
中国|辽宁|丹东|	China|Liaoning|Dandong|
中国|云南|昆明|晋宁区	China|Yunnan|Kunming|Jinning
中国|四川|雅安|	China|Sichuan|Ya'an|
中国|江西|赣州|	China|Jiangxi|Ganzhou|
中国|四川|南充|	China|Sichuan|Nanchong|
中国|四川|广元|	China|Sichuan|Guangyuan|
中国|山西|吕梁|	China|Shanxi|Lüliang|
中国|四川|遂宁|	China|Sichuan|Suining|
中国|河北|承德|	China|Hebei|Chengde|
中国|四川|甘孜|	China|Sichuan|Ganzi|
中国|广西|梧州|	China|Guangxi|Wuzhou|
中国|四川|巴中|	China|Sichuan|Bazhong|
中国|四川|德阳|	China|Sichuan|Deyang|
中国|广西|贺州|	China|Guangxi|Hezhou|
中国|四川|广安|	China|Sichuan|Guang'an|
中国|四川|内江|	China|Sichuan|Neijiang|
中国|四川|乐山|	China|Sichuan|Leshan|
中国|四川|眉山|	China|Sichuan|Meishan|
中国|西藏|阿里|	China|Tibet|Ngari|
中国|四川|宜宾|	China|Sichuan|Yibin|
中国|广西|玉林|	China|Guangxi|Yulin|
中国|四川|自贡|	China|Sichuan|Zigong|
中国|四川|资阳|	China|Sichuan|Ziyang|
中国|广西|北海|	China|Guangxi|Beihai|
中国|广西|贵港|	China|Guangxi|Guigang|
中国|广西|河池|	China|Guangxi|Hechi|
中国|广西|钦州|	China|Guangxi|Qinzhou|
中国|四川|攀枝花|	China|Sichuan|Panzhihua|
中国|江西|九江|	China|Jiangxi|Jiujiang|
中国|广西|百色|	China|Guangxi|Baise|
中国|广西|柳州|	China|Guangxi|Liuzhou|
中国|四川|达州|	China|Sichuan|Dazhou|
中国|广西|崇左|	China|Guangxi|Chongzuo|
中国|四川|泸州|	China|Sichuan|Luzhou|
中国|四川|阿坝|	China|Sichuan|Aba|
中国|辽宁|沈阳|沈北新区	China|Liaoning|Shenyang|Shenbei New District
中国|江西|上饶|	China|Jiangxi|Shangrao|
中国|河南|商丘|虞城县	China|Henan|Shangqiu|Yucheng
中国|浙江|台州|温岭市	China|Zhejiang|Taizhou|Wenling
中国|江西|南昌|南昌县	China|Jiangxi|Nanchang|Nanchang
中国|江西|景德镇|	China|Jiangxi|Jingdezhen|
中国|浙江|金华|兰溪市	China|Zhejiang|Jinhua|Lanxi
中国|浙江|台州|天台县	China|Zhejiang|Taizhou|Tiantai
中国|浙江|嘉兴|海宁市	China|Zhejiang|Jiaxing|Haining
中国|浙江|嘉兴|平湖市	China|Zhejiang|Jiaxing|Pinghu
中国|浙江|台州|玉环市	China|Zhejiang|Taizhou|Yuhuan
中国|浙江|宁波|鄞州区	China|Zhejiang|Ningbo|Yinzhou
中国|江西|萍乡|	China|Jiangxi|Pingxiang|
塞内加尔|||	Senegal|||
德国|勃兰登堡州|法兰克福|	Germany|Brandenburg|Frankfurt|
博茨瓦纳|||	Botswana|||
中国|江西|抚州|	China|Jiangxi|Fuzhou|
中国|浙江|温州|苍南县	China|Zhejiang|Wenzhou|Cangnan
中国|浙江|金华|浦江县	China|Zhejiang|Jinhua|Pujiang
中国|浙江|金华|永康市	China|Zhejiang|Jinhua|Yongkang
中国|江西|新余|	China|Jiangxi|Xinyu|
中国|河南|洛阳|老城区	China|Henan|Luoyang|Laocheng
利比里亚|||	Liberia|||
肯尼亚|||	Kenya|||
中国|浙江|台州|路桥区	China|Zhejiang|Taizhou|Luqiao
中国|浙江|金华|武义县	China|Zhejiang|Jinhua|Wuyi
马达加斯加|||	Madagascar|||
阿联酋|迪拜酋长国|迪拜|	UAE|Ajman|Dubai|
韩国|釜山广域市|釜山镇区|	South Korea|Busan|Jinshan|
中国|浙江|台州|黄岩区	China|Zhejiang|Taizhou|Huangyan
中国|浙江|台州|临海市	China|Zhejiang|Taizhou|Linhai
中国|浙江|宁波|慈溪市	China|Zhejiang|Ningbo|Cixi
中国|江西|鹰潭|	China|Jiangxi|Yingtan|
莫桑比克|||	Mozambique|||
纳米比亚|||	Namibia|||
中国|浙江|宁波|镇海区	China|Zhejiang|Ningbo|Zhenhai
中国|浙江|宁波|奉化区	China|Zhejiang|Ningbo|Fenghua
中国|浙江|温州|平阳县	China|Zhejiang|Wenzhou|Pingyang
苏丹|||	Sudan|||
多米尼加共和国|诺埃尔主教省|迈蒙|	Dominican Republic|None|Maimón|
非洲地区|||	Africa|||
佛得角|||	Fudekaku|||
斯威士兰|||	Swaziland|||
布基纳法索|||	Burkina Faso|||
毛里求斯|||	Mauritius|||
阿尔及利亚|||	Algeria|||
塞拉利昂|||	Celalye|||
乍得|||	Dêdê|||
刚果共和国|||	Republic of the Congo|||
马拉维|||	Marawi|||
赤道几内亚|||	Equatorial Guinea|||
中非共和国|||	Central African Republic|||
索马里|||	Somalia|||
科特迪瓦|||	Kotdwar|||
贝宁|||	Benin|||
加蓬|||	Jiaxing|||
马里|||	Mali|||
吉布提|||	Djibouti|||
多哥|||	Dortmund|||
冈比亚|||	Guinea|||
摩洛哥|||	Morocco|||
尼日尔|||	Niger|||
卢旺达|||	Luwangda|||
英属印度洋领地|||	British Indian Ocean Territory|||
突尼斯|||	Tunisia|||
南苏丹|||	Dannan|||
中国|湖南|郴州|汝城县	China|Hunan|Chenzhou|Rucheng
中国|湖南|长沙|浏阳市	China|Hunan|Changsha|Liuyang
毛里塔尼亚|||	Mauritania|||
中国|湖南|邵阳|邵阳县	China|Hunan|Shaoyang|Shaoyang
中国|湖南|怀化|洪江市	China|Hunan|Huaihua|Hongjiang
中国|湖南|郴州|桂阳县	China|Hunan|Chenzhou|Guiyang
中国|辽宁|朝阳|北票市	China|Liaoning|Chaoyang|Beipiao
中国|湖南|湘潭|湘乡市	China|Hunan|Xiangtan|Xiangxiang
中国|湖南|邵阳|隆回县	China|Hunan|Shaoyang|Longhui
科摩罗|||	Comoros|||
中国|辽宁|朝阳|朝阳县	China|Liaoning|Chaoyang|Chaoyang
中国|湖南|永州|宁远县	China|Hunan|Yongzhou|Ningyuan
中国|辽宁|鞍山|海城市	China|Liaoning|Anshan|Haicheng
中国|湖南|长沙|宁乡市	China|Hunan|Changsha|Ningxiang
中国|辽宁|营口|盖州市	China|Liaoning|Yingkou|Gaizhou
中国|辽宁|抚顺|新宾满族自治县	China|Liaoning|Fushun|Xinbin Manchu Autonomous County
中国|湖南|娄底|新化县	China|Hunan|Loudi|Xinhua
中国|湖南|郴州|安仁县	China|Hunan|Chenzhou|Anren
中国|湖南|娄底|涟源市	China|Hunan|Loudi|Lianyuan
中国|辽宁|辽阳|白塔区	China|Liaoning|Liaoyang|Baita
中国|辽宁|营口|鲅鱼圈区	China|Liaoning|Yingkou|Bayuquan
中国|湖南|娄底|冷水江市	China|Hunan|Loudi|Lengshuijiang
中国|湖南|怀化|新晃侗族自治县	China|Hunan|Huaihua|Xinhuang Dong Autonomous County
中国|辽宁|营口|大石桥市	China|Liaoning|Yingkou|Dashiqiao
中国|宁夏|银川|兴庆区	China|Ningxia|Yinchuan|Xingqing
中国|辽宁|锦州|黑山县	China|Liaoning|Jinzhou|Heishan
中国|宁夏|银川|西夏区	China|Ningxia|Yinchuan|Xixia
中国|天津|天津|宝坻区	China|Tianjin|Tianjin|Baodi
中国|辽宁|阜新|细河区	China|Liaoning|Fuxin|Xihe
中国|宁夏|固原|隆德县	China|Ningxia|Guyuan|Longde
中国|辽宁|大连|长海县	China|Liaoning|Dalian|Changhai
中国|湖南|郴州|临武县	China|Hunan|Chenzhou|Linwu
中国|辽宁|盘锦|大洼区	China|Liaoning|Panjin|Dawa
中国|辽宁|沈阳|浑南区	China|Liaoning|Shenyang|Hunnan
中国|湖南|衡阳|耒阳市	China|Hunan|Hengyang|Leiyang
中国|湖南|郴州|桂东县	China|Hunan|Chenzhou|Guidong
中国|宁夏|银川|灵武市	China|Ningxia|Yinchuan|Lingwu
中国|辽宁|葫芦岛|绥中县	China|Liaoning|Huludao|Suizhong
中国|甘肃|庆阳|正宁县	China|Gansu|Qingyang|Zhengning
中国|黑龙江|七台河|勃利县	China|Heilongjiang|Qitaihe|Boli
中国|黑龙江|绥化|庆安县	China|Heilongjiang|Suihua|Qing'an
中国|辽宁|锦州|义县	China|Liaoning|Jinzhou|Yi
中国|辽宁|葫芦岛|兴城市	China|Liaoning|Huludao|Xingcheng
中国|河南|洛阳|汝阳县	China|Henan|Luoyang|Ruyang
中国|辽宁|辽阳|弓长岭区	China|Liaoning|Liaoyang|Gongchangling
中国|河南|洛阳|洛宁县	China|Henan|Luoyang|Luoning
中国|辽宁|鞍山|岫岩满族自治县	China|Liaoning|Anshan|Xiuyan
中国|黑龙江|大庆|杜尔伯特蒙古族自治县	China|Heilongjiang|Daqing|Dorbod Mongol Autonomous County
中国|河南|洛阳|新安县	China|Henan|Luoyang|Xin'an
中国|辽宁|铁岭|昌图县	China|Liaoning|Tieling|Changtu
中国|甘肃|庆阳|西峰区	China|Gansu|Qingyang|Xifeng
中国|甘肃|定西|安定区	China|Gansu|Dingxi|Anding
中国|甘肃|甘南|夏河县	China|Gansu|Gannan|Xiahe
中国|甘肃|临夏|临夏市	China|Gansu|Linxia|Linxia
中国|辽宁|锦州|凌海市	China|Liaoning|Jinzhou|Linghai
中国|甘肃|甘南|碌曲县	China|Gansu|Gannan|Diebu
中国|甘肃|临夏|临夏市临夏县	China|Gansu|Linxia|Linxia County
中国|河南|洛阳|偃师区	China|Henan|Luoyang|Yanshi
中国|甘肃|陇南|武都区	China|Gansu|Longnan|Wudu
中国|河南|平顶山|舞钢市	China|Henan|Pingdingshan|Wugang
中国|河南|平顶山|汝州市	China|Henan|Pingdingshan|Ruzhou
中国|河南|南阳|内乡县	China|Henan|Nanyang|Neixiang
中国|河南|商丘|宁陵县	China|Henan|Shangqiu|Ningling
中国|河南|洛阳|吉利区	China|Henan|Luoyang|Jili
中国|河南|驻马店|汝南县	China|Henan|Zhumadian|Runan
中国|河南|商丘|夏邑县	China|Henan|Shangqiu|Xiayi
中国|河南|安阳|林州市	China|Henan|Anyang|Linzhou
中国|河南|新乡|辉县市	China|Henan|Xinxiang|Huixian
中国|河南|南阳|唐河县	China|Henan|Nanyang|Tanghe
中国|河南|新乡|获嘉县	China|Henan|Xinxiang|Huojia
中国|甘肃|白银|会宁县	China|Gansu|Baiyin|Huining
中国|河南|平顶山|叶县	China|Henan|Pingdingshan|Ye
中国|甘肃|张掖|临泽县	China|Gansu|Zhangye|Linze
中国|河南|商丘|民权县	China|Henan|Shangqiu|Minquan
中国|新疆|昌吉|昌吉市	China|Xinjiang|Changji|Changji
中国|云南|楚雄|禄丰市	China|Yunnan|Chuxiong|Lufeng
中国|河南|商丘|永城市	China|Henan|Shangqiu|Yongcheng
中国|安徽|蚌埠|禹会区	China|Anhui|Bengbu|Yuhui
中国|河南|信阳|淮滨县	China|Henan|Xinyang|Huaibin
中国|河南|商丘|柘城县	China|Henan|Shangqiu|Zhecheng
中国|云南|西双版纳|景洪市	China|Yunnan|Xishuangbanna|Jinghong
中国|河南|鹤壁|淇县	China|Henan|Hebi|Xun
中国|河南|三门峡|湖滨区	China|Henan|Sanmenxia|Hubin
老挝|||	Laowo|||
中国|河南|许昌|禹州市	China|Henan|Xuchang|Yuzhou
中国|河南|焦作|孟州市	China|Henan|Jiaozuo|Mengzhou
中国|河南|许昌|鄢陵县	China|Henan|Xuchang|Yanling
中国|河南|平顶山|郏县	China|Henan|Pingdingshan|Jiaxian
俄罗斯|布良斯克州|阿尔图霍沃|	Russia|Bryansk Oblast|Artukhov|
澳大利亚|新南威尔士州||	Australia|New South Wales||
韩国|光州广域市||	South Korea|Gwangju||
印度尼西亚|东爪哇省|泗水|	Indonesia|East Java|Surabaya|
密克罗尼西亚|||	Micronesia|||
法属波利尼西亚|||	French Polynesia|||
瑙鲁|||	Qinghai|||
韩国|京畿道||	South Korea|Gyeonggi||
印度|奥里萨邦||	India|Odisha||
印度尼西亚|巴厘省|巴东|	Indonesia|Banten|Banten|
马来西亚|雪兰莪州||	Malaysia|Selangor||
印度|马哈拉施特拉邦||	India|Maharashtra||
洪都拉斯|||	Honduras|||
印度|西孟加拉邦|加尔各答县|	India|West Bengal|Kolkata|
印度|贾坎德邦||	India|Jharkhand||
印度|西孟加拉邦||	India|West Bengal||
中国|天津|天津|滨海新区	China|Tianjin|Tianjin|Binhai New Area
印度|阿萨姆邦||	India|Assam||
玻利维亚|||	Polivia|||
Anycast|||	Anycast|||
不丹|||	Budan|||
瓦努阿图|||	Vanuatu|||
文莱|||	Wenlai|||
萨尔瓦多|||	El Salvador|||
中国|香港葵涌区||	China|Kwai Tsing||
德国|巴登－符腾堡州|斯图加特|	Germany|Baden-Wurttemberg|Stuttgart|
尼加拉瓜|||	Nicaragua|||
中国|香港中西区||	China|Central and Western||
巴西|伯南布哥州|累西腓|	Brazil|Pernambuco|Recife|
印度|北方邦||	India|North||
印度尼西亚|万丹省||	Indonesia|Banten||
印度|北方邦|瓦拉纳西县|	India|Northern Region|Wala Naxi|
美国|北卡罗来纳州|约翰斯顿|史密斯菲尔德	United States|North Carolina|Johnson|Smithfield
美国|纽约州|蒙哥马利|圣约翰斯维尔	United States|New York|Montgomery|Saint Johnsville
中国|宁夏中卫||	China|Zhongwei||
美国|纽约州|耶茨|米洛	United States|New York|Yates|Milo
美国|南卡罗来纳州|狄龙县|狄龙	United States|South Carolina|Dillon|Dillon
汤加|||	Tangga|||
德国|北莱茵－威斯特法伦州|多特蒙德|	Germany|North Rhine-Westphalia|Dortmund|
中国|香港|香港岛|中西区	China|Hong Kong|Hong Kong Island|Central and Western District
美国|纽约州|斯科哈里|富尔顿	United States|New York|Schenectady|Fulton
美国|纽约州|奥农多加|鲍德温斯维尔	United States|New York|Ontario|Baldwinsville
加拿大|魁北克省|博阿努瓦－萨拉贝维|博哈努瓦	Canada|Quebec|Bois-de-Saraguay|Bohannois
新西兰|尼尔逊大区||	New Zealand|Nelson||
马来西亚|雪兰莪州|雪邦县|赛城	Malaysia|Selangor|Sepang|Cyberspace
加拿大|曼尼托巴省|第17普查区|多芬	Canada|Manitoba|Premier|Division No. 17
乌拉圭|蒙得维的亚||	Ulaanbaatar|Mongolia||
墨西哥|奇瓦瓦州|德利西亚斯|	Mexico|Chihuahua|Delicias|
日本|东京都|涩谷区|	Japan|Tokyo|Shibuya|
卢森堡|卢森堡县||	Luxembourg|Luxembourg||
罗马尼亚|巴克乌县|巴克乌|	Romania|Bacau|Bacau|
美国|马萨诸塞州|伯克希尔县|蒂林厄姆	United States|Massachusetts|Berkshire|Tyringham
新西兰|霍克湾大区|新普利茅斯郡|	New Zealand|Hawke's Bay|New Plymouth|
伯利兹|||	Belize|||
意大利|卡拉布里亚|科森扎|保拉	Italy|Calabria|Cosenza|Paola
法国|新阿基坦|滨海夏朗德|拉罗切利	France|Nouvelle-Aquitaine|Charente-Maritime|La Rochelle
荷兰|乌得勒支省|宾尼克|	Netherlands|Utrecht|Bunschoten|
法国|中央－卢瓦尔河谷|安德尔－卢瓦尔|图尔	France|Centre-Val de Loire|Indre-et-Loire|Tours
美国|犹他州|犹他|普若佛	United States|Utah|Utah|Provo
塞舌尔|格朗当斯区－马埃岛|维多利亚|	Serer|Glandas-Mahe Island|Victoria|
德国|黑森州|林堡－魏尔堡县|	Germany|Hesse|Limburg-Weilburg|
美国|北卡罗来纳州|蒂勒尔|哥伦比亚	United States|North Carolina|Tyler|Columbia
德国|黑森州|法兰克福|	Germany|Hesse|Frankfurt|
中国|北京|北京|昌平区	China|Beijing|Beijing|Changping
中国|四川|成都|武侯区	China|Sichuan|Chengdu|Wuhou
土耳其|安卡拉省||	Turkey|Ankara||
以色列|中央区|盖泽尔|卡梅·约瑟夫	Israel|Central District|Gazer|Kamei Yosef
新西兰|奥克兰大区|奥克兰|伯克代尔	New Zealand|Otago|Oamaru|Oamaru
缅甸|内比都联邦区||	Myanmar|Naypyidaw Union Territory||
巴西|米纳斯吉拉斯州|穆里亚埃|	Brazil|Minas Gerais|Muriae|
新西兰|坎特伯雷大区|基督城市|	New Zealand|Canterbury|Christchurch|
菲律宾|卡拉加大区|武端市|	Philippines|Calabarzon|Lucena|
巴西|圣卡塔琳娜州|沙佩科|	Brazil|Santa Catarina|Sape|
以色列|北部区||	Israel|Northern District||
荷兰|林堡省||	Netherlands|Limburg||
马来西亚|雪兰莪州|乌鲁冷岳县|士毛月	Malaysia|Selangor|Hulu Langat|Cheras
美国|威斯康星州|巴伦县|达拉斯	USA|Wisconsin|Barron|Dallas
俄罗斯|下诺夫哥罗德州|扎沃尔日耶|	Russia|Nizhny Novgorod Oblast|Zavolzhye|
中国|台湾|台北|信义区	China|Taiwan|Taipei|Xinyi
荷兰|南荷兰省|韦斯特兰|纳尔德韦克	Netherlands|South Holland|Westland|Naaldwijk
卢森堡|阿尔泽特河畔埃施县|贝登堡|	Luxembourg|Diekirch|Vianden|
美国|华盛顿州|本顿|斑顿市	United States|Washington|Benton|Benton City
巴西|帕拉伊巴州|大坎皮纳|	Brazil|Paraiba|Cajazeiras|
土耳其|埃迪尔内省|埃迪尔内区|	Turkey|Edirne|Edirne|
塞舌尔|||	Sair|||
以色列|中央区|沙龙|埃利亚欣	Israel|Central District|Tsaror|Elyakhin
中国|香港|新界|万角咀	China|Hong Kong|New Territories|Mong Kok
美国|亚利桑那州|皮马|阿霍	United States|Arizona|Pima|Ajo
美国|纽约州|斯克内克塔迪|斯克内克塔迪	United States|New York|Schenectady|Schenectady
中国|四川|成都|双流区	China|Sichuan|Chengdu|Shuangliu
法属圭亚那|||	French Guiana|||
美国|新罕布什尔州|梅里马克县|博斯卡文	USA|New Hampshire|Merrimack|Boscawen
俄罗斯|哈巴罗夫斯克边疆区|伯力|	Russia|Khabarovsk Krai|Bikin|
丹麦|南丹麦大区|米泽尔法特|北阿比	Denmark|Region Syddanmark|Middelfart|Nørre Aaby
意大利|坎帕尼亚|那不勒斯|米亚诺	Italy|Campania|Naples|Miano
马耳他|拉巴特||	Malta|L-Imtarfa||
马来西亚|雪兰莪州|巴生县|	Malaysia|Selangor|Batang Kali|
美国|北达科他州|韦尔斯|费森登	United States|North Dakota|Walsh|Finland
以色列|南部区|沙菲尔|梅尔卡兹·夏皮拉	Israel|Southern District|Safed|Merkaz Shapira
泰国|暖武里府||	Thailand|Nong Bua Lamphu||
西班牙|安达卢西亚自治区|阿尔梅里亚省|阿尔梅里亚	Spain|Andalusia|Almeria|Almeria
英国|英格兰|大伦敦|柏京－达格纳姆	United Kingdom|England|Greater London|Barking and Dagenham
以色列|中央区||	Israel|Central||
荷兰|南荷兰省|艾瑟尔河畔卡佩勒|	Netherlands|South Holland|Capelle aan den IJssel|
安道尔|||	Andor|||
美国|德克萨斯州|希尔|艾塔斯卡	United States|Texas|Hills|Atasca
德国|下萨克森州|萨尔茨吉特|	Germany|Lower Saxony|Salzgitter|
土耳其|代尼兹利省||	Turkey|Denizli||
巴拉圭|||	Paraguay|||
法罗群岛|||	Faroe Islands|||
俄罗斯|鞑靼斯坦共和国|喀山|	Russia|Tatarstan|Kazan|
美国|德克萨斯州|达拉斯|格伦高地	United States|Texas|Dallas|Garland
美国|德克萨斯州|塔兰特|克罗利	United States|Texas|Dallas|Kingsport
吉尔吉斯斯坦|比什凯克市||	Kyrgyzstan|Bishkek||
美国|密苏里州|杰佛逊县|费斯特斯	United States|Missouri|Jefferson|Festers
美国|亚拉巴马州|富兰克林|拉塞尔维尔	United States|Alabama|Franklin|Russellville
美国|弗吉尼亚州|坎贝尔县|阿尔塔维斯塔	United States|Virginia|Campbell|Altavista
美国|纽约州|杰斐逊|亚当斯	United States|New York|Jefferson|Adams
乌克兰|扎波罗热州|梅利托波尔区|	Ukraine|Zaporizhzhia|Melitopol|
英国|英格兰|德比|德比	United Kingdom|England|Derby|Derby
美国|华盛顿州|皮尔斯|米尔顿	United States|Washington|Pierce|Milton
美国|加利福尼亚州|康特拉科斯塔|克莱顿	United States|California|Contra Costa|Clayton
印度|泰米尔纳德邦||	India|Tamil Nadu||
美国|华盛顿州|帕西菲克|海洋公园	United States|Washington|Pasco|Ocean Park
美国|威斯康星州|戴恩县|十字平原	United States|Wisconsin|Dane|Cross Plains
美国|新泽西州|哈德逊|西纽约	United States|New Jersey|Jersey City|West New York
美国|明尼苏达州|达科他县|莱克维尔	United States|Minnesota|Dakota County|Lakeville
美国|夏威夷州|火奴鲁鲁市县|米利拉尼	United States|Hawaii|Honolulu|Mililani
美国|南卡罗来纳州|班伯格县|班伯格	United States|South Carolina|Bamberg|Bamberg
美国|密歇根州|马科姆|谢尔比	United States|Michigan|Mackinac|Cheboygan
中国|江苏|南京|溧水区	China|Jiangsu|Nanjing|Lishui
中国|江苏|南京|六合区	China|Jiangsu|Nanjing|Liuhe
美国|威斯康星州|戴恩县|科蒂奇格罗夫	United States|Wisconsin|Dane|Cottage Grove
美国|印第安纳州|汉密尔顿|谢里登	USA|Indiana|Hamilton|Sheridan
中国|江苏|南京|江宁区	China|Jiangsu|Nanjing|Jiangning
中国|江苏|盐城|建湖县	China|Jiangsu|Yancheng|Jianhu
中国|江苏|南通|海安市	China|Jiangsu|Nantong|Haian
美国|德克萨斯州|杰斯帕|贾斯珀	United States|Texas|Jasper|Jasper
美国|夏威夷州|夏威夷县|凯鲁瓦·科纳	United States|Hawaii|Hawaii|Kailua-Kona
美国|印第安纳州|蒙哥马利|克劳福兹维尔	US|Indiana|Montgomery|Crawfordsville
美国|印第安纳州|布恩|怀茨敦	United States|Indiana|Boone|Whitestown
美国|北卡罗来纳州|李|桑福德	United States|North Carolina|Lee|Sanford
中国|江苏|扬州|江都区	China|Jiangsu|Yangzhou|Jiangdu
美国|亚拉巴马州|谢尔比|切尔西	United States|Alabama|Selby|Chelsea
中国|江苏|宿迁|沭阳县	China|Jiangsu|Suqian|Shuyang
中国|江苏|宿迁|泗洪县	China|Jiangsu|Suqian|Sihong
美国|威斯康星州|马里内特县|马里内特	United States|Wisconsin|Marinette|Marinette
中国|江苏|苏州|吴江区	China|Jiangsu|Suzhou|Wujiang
中国|江苏|徐州|铜山区	China|Jiangsu|Xuzhou|Tongshan
中国|江苏|无锡|江阴市	China|Jiangsu|Wuxi|Jiangyin
中国|江苏|镇江|丹徒区	China|Jiangsu|Zhenjiang|Dantu
中国|江苏|扬州|邗江区	China|Jiangsu|Yangzhou|Hanjiang
美国|肯塔基州|诺特县|埃玛莱娜	United States|Kentucky|Knott|Emmalena
中国|江苏|镇江|丹阳市	China|Jiangsu|Zhenjiang|Danyang
中国|江苏|苏州|张家港市	China|Jiangsu|Suzhou|Zhangjiagang
中国|江苏|泰州|靖江市	China|Jiangsu|Taizhou|Jingjiang
中国|江苏|苏州|太仓市	China|Jiangsu|Suzhou|Taicang
中国|江苏|泰州|姜堰区	China|Jiangsu|Taizhou|Jiangyan
中国|江苏|盐城|滨海县	China|Jiangsu|Yancheng|Binhai
中国|江苏|南通|海门区	China|Jiangsu|Nantong|Haimen
中国|江苏|盐城|盐都区	China|Jiangsu|Yancheng|Yandu
中国|江苏|淮安|淮安区	China|Jiangsu|Huai'an|Huai'an
中国|江苏|苏州|吴中区	China|Jiangsu|Suzhou|Wuzhong
中国|江苏|淮安|金湖县	China|Jiangsu|Huai'an|Jinhu
中国|江苏|徐州|睢宁县	China|Jiangsu|Xuzhou|Suining
中国|江苏|徐州|邳州市	China|Jiangsu|Xuzhou|Pizhou
中国|江苏|宿迁|泗阳县	China|Jiangsu|Suqian|Shuyang
中国|江苏|无锡|宜兴市	China|Jiangsu|Wuxi|Yixing
中国|江苏|无锡|锡山区	China|Jiangsu|Wuxi|Xishan
中国|江苏|泰州|海陵区	China|Jiangsu|Taizhou|Hailing
中国|江苏|徐州|沛县	China|Jiangsu|Xuzhou|Pei
中国|江苏|常州|溧阳市	China|Jiangsu|Changzhou|Liyang
中国|江苏|淮安|涟水县	China|Jiangsu|Huai'an|Lishui
中国|江苏|泰州|兴化市	China|Jiangsu|Taizhou|Xinghua
中国|江苏|扬州|仪征市	China|Jiangsu|Yangzhou|Yizheng
中国|江苏|徐州|新沂市	China|Jiangsu|Xuzhou|Xinyi
中国|江苏|常州|武进区	China|Jiangsu|Changzhou|Wujin
中国|江苏|连云港|赣榆区	China|Jiangsu|Lianyungang|Ganyu
中国|江苏|宿迁|宿豫区	China|Jiangsu|Suqian|Suyu
中国|江苏|连云港|海州区	China|Jiangsu|Lianyungang|Haizhou
中国|江苏|常州|金坛区	China|Jiangsu|Changzhou|Jintan
中国|江苏|盐城|响水县	China|Jiangsu|Yancheng|Xiangshui
中国|江苏|淮安|淮阴区	China|Jiangsu|Huai'an|Huaiyin
中国|江苏|南通|如皋市	China|Jiangsu|Nantong|Rugao
中国|新疆|和田|和田市	China|Xinjiang|Hotan|Hotan
中国|新疆|巴音郭楞|且末县	China|Xinjiang|Bayingolin|Qiemo
中国|新疆|和田|皮山县	China|Xinjiang|Hotan|Pishan
中国|江苏|淮安|洪泽区	China|Jiangsu|Huai'an|Hongze
美国|亚利桑那州|凤凰城|	USA|Arizona|Phoenix|
纽埃|||	New York|||
美国|佛罗里达州|莱克县|格罗夫兰	United States|Florida|Lake County|Groveland
中国|江苏|苏州|相城区	China|Jiangsu|Suzhou|Xiangcheng
美国|佛罗里达州|莱克县|山多拉	United States|Florida|Lake County|Mount Dora
美国|佛罗里达州|布里瓦德县|米科	United States|Florida|Brevard|Meco
美国|特拉华州||	United States|Delaware||
马绍尔群岛|||	Marshall Islands|||
中国|江苏|连云港|东海县	China|Jiangsu|Lianyungang|Donghai
加拿大|艾伯塔省|第11普查区|舍伍德公园	Canada|Alberta|11|Sherwood Park
基里巴斯|||	Kiribati|||
美国|弗吉尼亚州|博伊顿|	United States|Virginia|Boynton|
苏里南|||	Suliman|||
意大利|伦巴第|米兰|菲吉诺	Italy|Lombardy|Milan|Figino
日本|秋田县|小坂町|	Japan|Akita|Kosaka|
中国|台湾|新北|板桥区	China|Taiwan|New Taipei|Banqiao
美国|印第安纳州|汉考克|福特维尔	United States|Indiana|Hancock|Fortville
美国|佛罗里达州|塞米诺尔县|卡西贝利	United States|Florida|Seminole|Casselberry
中国|新疆|巴音郭楞|库尔勒市	China|Xinjiang|Bayingolin|Korla
新加坡|中区||	Singapore|Central||
德国|萨克森－安哈尔特州|马格德堡|	Germany|Saxony-Anhalt|Magdeburg|
巴西|圣保罗州|里奥克拉鲁|	Brazil|Sao Paulo|Rio Claro|
加拿大|魁北克省|博阿努瓦－萨拉贝维|	Canada|Quebec|Baie-Comeau|
中国|新疆|巴音郭楞|尉犁县	China|Xinjiang|Bayingolin|Yuli
西班牙|卡斯蒂利亚－莱昂自治区|萨莫拉省|马德里达诺斯	Spain|Castile and Leon|Salamanca|Madridanos
朝鲜|||	North Korea|||
美国|俄亥俄州|伍德县|北巴尔的摩	United States|Ohio|Wood|North Baltimore
德国|萨克森州|莱比锡|	Germany|Saxony|Leipzig|
美国|北卡罗来纳州|罗金厄姆|麦迪逊	United States|North Carolina|Rochester|Middlesex
所罗门群岛|||	Solomon Islands|||
多米尼克|||	Dominican Republic|||
图瓦卢|||	Tuvalu|||
美国|亚利桑那州||	United States|Arizona||
中国|宁夏省中卫市||	China|Zhongwei||
美国|犹他州|卡什|普罗维登斯	United States|Utah|Cache|Providence
圣文森特和格林纳丁斯|||	Saint Vincent and the Grenadines|||
中国|贵州|黔东南|剑河县	China|Guizhou|Qiandongnan|Jianhe
厄立特里亚|||	Eritrea|||
阿鲁巴|||	Aruba|||
萨摩亚|||	Samoa|||
梵蒂冈|||	Vatican City|||
中国|贵州|黔东南|麻江县	China|Guizhou|Qiandongnan|Majiang
海地|||	Haiti|||
古巴|||	Cuba|||
中国|重庆|重庆|垫江县	China|Chongqing|Chongqing|Dianjiang
中国|贵州|黔西南|兴仁市	China|Guizhou|Qianxinan|Xingren
土库曼斯坦|||	Turkmenistan|||
几内亚比绍|||	Guinea-Bissau|||
安提瓜和巴布达|||	Antigua and Barbuda|||
中国|江西|九江|庐山市	China|Jiangxi|Jiujiang|Lushan
中国|贵州|六盘水|六枝特区	China|Guizhou|Liupanshui|Liuzhi Special District
中国|贵州|遵义|仁怀市	China|Guizhou|Zunyi|Renhuai
中国|贵州|铜仁|思南县	China|Guizhou|Tongren|Sinan
中国|内蒙古|包头|土默特右旗	China|Inner Mongolia|Baotou|Tumd Right Banner
中国|重庆|重庆|渝中区	China|Chongqing|Chongqing|Yuzhong
中国|江西|九江|柴桑区	China|Jiangxi|Jiujiang|Chaisang
中国|湖北|天门|	China|Hubei|Tianmen|
中国|江西|九江|修水县	China|Jiangxi|Jiujiang|Xiushui
埃塞俄比亚|||	Ethiopia|||
圣多美和普林西比|||	Saint-Domingue and Prince Edward Island|||
中国|重庆|重庆|南川区	China|Chongqing|Chongqing|Nanchuan
中国|湖北|随州|	China|Hubei|Suizhou|
中国|内蒙古|赤峰|松山区	China|Inner Mongolia|Chifeng|Songshan
中国|湖北|十堰|郧西县	China|Hubei|Shiyan|Yunxi
中国|湖南|长沙|岳麓区	China|Hunan|Changsha|Yuelu
中国|湖北|仙桃|	China|Hubei|Xiantao|
中国|内蒙古|赤峰|红山区	China|Inner Mongolia|Chifeng|Hongshan
中国|湖南|长沙|雨花区	China|Hunan|Changsha|Yuhua
中国|内蒙古|赤峰|元宝山区	China|Inner Mongolia|Chifeng|Yuanbaoshan
中国|内蒙古|锡林郭勒|锡林浩特市	China|Inner Mongolia|Xilin Gol|Xilinhot
中国|内蒙古|通辽|奈曼旗	China|Inner Mongolia|Tongliao|Naiman Banner
中国|湖南|岳阳|临湘市	China|Hunan|Yueyang|Linxiang
中国|内蒙古|巴彦淖尔|临河区	China|Inner Mongolia|Bayan Nur|Linhe
中国|湖南|株洲|醴陵市	China|Hunan|Zhuzhou|Liling
中国|湖南|长沙|芙蓉区	China|Hunan|Changsha|Furong
中国|福建|厦门|思明区	China|Fujian|Xiamen|Siming
中国|内蒙古|呼伦贝尔莫力达瓦旗|	China|Inner Mongolia|Hulunbuir|
中国|福建|泉州|石狮市	China|Fujian|Quanzhou|Shishi
中国|福建|三明|将乐县	China|Fujian|Sanming|Jiangle
中国|福建|漳州|芗城区	China|Fujian|Zhangzhou|Xiangcheng
中国|湖北|神农架|	China|Hubei|Shennongjia|
中国|福建|南平|政和县	China|Fujian|Nanping|Zhenghe
中国|福建|三明|三元区	China|Fujian|Sanming|Sanyuan
中国|福建|宁德|福鼎市	China|Fujian|Ningde|Fuding
中国|湖南|衡阳|石鼓区	China|Hunan|Hengyang|Shigu
中国|福建|三明|永安市	China|Fujian|Sanming|Yong'an
中国|福建|三明|尤溪县	China|Fujian|Sanming|Youxi
中国|内蒙古|锡林郭勒|东乌珠穆沁旗	China|Inner Mongolia|Xilin Gol|East Ujimqin Banner
中国|福建|厦门|湖里区	China|Fujian|Xiamen|Huli
中国|吉林|白城|镇赉县	China|Jilin|Baicheng|Zhenlai
中国|福建|三明|沙县区	China|Fujian|Sanming|Shaxian
中国|上海|上海|黄浦区	China|Shanghai|Shanghai|Huangpu
中国|上海|上海|金山区	China|Shanghai|Shanghai|Jinshan
中国|福建|三明|大田县	China|Fujian|Sanming|Datian
中国|福建|三明|明溪县	China|Fujian|Sanming|Mingxi
中国|上海|上海|松江区	China|Shanghai|Shanghai|Songjiang
中国|湖南|湘潭|雨湖区	China|Hunan|Xiangtan|Yuhu
中国|上海|上海|奉贤区	China|Shanghai|Shanghai|Fengxian
中国|贵州|铜仁|江口县	China|Guizhou|Tongren|Jiangkou
中国|福建|龙岩|长汀县	China|Fujian|Longyan|Changting
中国|上海|上海|青浦区	China|Shanghai|Shanghai|Qingpu
中国|贵州|遵义|正安县	China|Guizhou|Zunyi|Zhengan
中国|上海|上海|杨浦区	China|Shanghai|Shanghai|Yangpu
中国|上海|上海|普陀区	China|Shanghai|Shanghai|Putuo
中国|贵州|毕节|赫章县	China|Guizhou|Bijie|Hezhang
中国|贵州|铜仁|印江土家族苗族自治县逍遥游网络会所	China|Guizhou|Tongren|Yinjiang Tujia and Miao Autonomous County Xiaoyao You Network Club
中国|贵州|毕节|织金县	China|Guizhou|Bijie|Zhijin
中国|贵州|铜仁|玉屏侗族自治县	China|Guizhou|Tongren|Yuping
中国|贵州|铜仁|印江土家族苗族自治县运达网吧	China|Guizhou|Tongren|Yinjiang Tujia and Miao Autonomous County Yunda Internet Cafe
中国|贵州|铜仁|印江土家族苗族自治县黔印网吧	China|Guizhou|Tongren|Yinjiang Tujia and Miao Autonomous County
中国|贵州|遵义|湄潭县	China|Guizhou|Zunyi|Meitan
中国|湖北|武汉|江岸区	China|Hubei|Wuhan|Jiang'an
中国|湖南|怀化|沅陵县	China|Hunan|Huaihua|Yuanling
中国|贵州|铜仁|印江土家族苗族自治县新网虫网吧	China|Guizhou|Tongren|Yinjiang Tujia and Miao Autonomous County Xinwan Internet Cafe
中国|贵州|铜仁|石阡县	China|Guizhou|Tongren|Shiqian
中国|湖南|常德|鼎城区	China|Hunan|Changde|Dingcheng
中国|湖南|岳阳|平江县	China|Hunan|Yueyang|Pingjiang
中国|湖南|湘潭|湘潭县	China|Hunan|Xiangtan|Xiangtan
中国|湖南|常德|津市市	China|Hunan|Changde|Jinshi
中国|湖南|益阳|赫山区	China|Hunan|Yiyang|Heshan
中国|贵州|铜仁|印江土家族苗族自治县心怡网吧	China|Guizhou|Tongren|Xinyi Internet Bar in Yinjiang Tujia and Miao Autonomous County
中国|湖南|怀化|辰溪县	China|Hunan|Huaihua|Chenxi
中国|湖南|湘潭|韶山市	China|Hunan|Xiangtan|Shaoshan
中国|湖南|湘潭|岳塘区	China|Hunan|Xiangtan|Yuetang
中国|湖南|湘西|龙山县	China|Hunan|Xiangxi|Longshan
中国|贵州|六盘水|钟山区	China|Guizhou|Liupanshui|Zhongshan
中国|湖南|湘西|凤凰县	China|Hunan|Xiangxi|Fenghuang
中国|湖南|常德|安乡县	China|Hunan|Changde|Anxiang
中国|湖北|襄阳|宜城市	China|Hubei|Xiangyang|Yicheng
中国|湖南|岳阳|岳阳县	China|Hunan|Yueyang|Yueyang
中国|湖南|株洲|攸县	China|Hunan|Zhuzhou|Youxian
中国|湖北|荆州|沙市区	China|Hubei|Jingzhou|Shashi
中国|湖南|湘西|永顺县	China|Hunan|Xiangxi|Yongshun
中国|湖北|随州|广水市	China|Hubei|Suizhou|Guangshui
中国|湖北|荆州|江陵县	China|Hubei|Jingzhou|Jiangling
中国|湖南|湘西|吉首市	China|Hunan|Xiangxi|Jishou
中国|湖北|武汉|蔡甸区	China|Hubei|Wuhan|Caidian
中国|湖北|武汉|黄陂区	China|Hubei|Wuhan|Huangpi
中国|贵州|贵阳|开阳县	China|Guizhou|Guiyang|Kaiyang
中国|湖北|武汉|东西湖区	China|Hubei|Wuhan|Dongxihu
中国|湖北|襄阳|樊城区	China|Hubei|Xiangyang|Fancheng
中国|湖北|武汉|江汉区	China|Hubei|Wuhan|Jianghan
中国|湖南|常德|汉寿县	China|Hunan|Changde|Hanshou
中国|湖南|常德|澧县	China|Hunan|Changde|Li
中国|湖北|荆州|荆州区	China|Hubei|Jingzhou|Jingzhou
中国|贵州|贵阳|清镇市	China|Guizhou|Guiyang|Qingzhen
中国|湖北|宜昌|长阳土家族自治县	China|Hubei|Yichang|Changyang Tujia Autonomous County
中国|湖南|益阳|资阳区	China|Hunan|Yiyang|Ziyang
中国|湖南|常德|桃源县	China|Hunan|Changde|Taoyuan
中国|湖南|益阳|安化县	China|Hunan|Yiyang|Anhua
中国|湖南|常德|石门县	China|Hunan|Changde|Shimen
中国|湖北|荆门|钟祥市	China|Hubei|Jingmen|Zhongxiang
中国|湖北|荆门|京山市	China|Hubei|Jingmen|Jingshan
中国|湖北|黄石|黄石港区	China|Hubei|Huangshi|Huangshigang
中国|湖北|荆门沙洋区|	China|Hubei|Jingmen Shayang|
中国|山东|济南|平阴县	China|Shandong|Jinan|Pingyin
中国|湖北|黄冈|罗田县	China|Hubei|Huanggang|Luotian
中国|湖北|襄阳|襄城区	China|Hubei|Xiangyang|Xiangcheng
中国|湖北|武汉|硚口区	China|Hubei|Wuhan|Qiaokou
中国|湖北|黄冈|黄梅县	China|Hubei|Huanggang|Huangmei
中国|湖北|黄石|下陆区	China|Hubei|Huangshi|Xialu
中国|山东|潍坊|潍城区	China|Shandong|Weifang|Weicheng
中国|山东|潍坊|奎文区	China|Shandong|Weifang|Kuiwen
中国|山东|临沂|兰山区	China|Shandong|Linyi|Lanshan
中国|湖北|黄冈|黄州区	China|Hubei|Huanggang|Huangzhou
中国|湖北|黄石|大冶市	China|Hubei|Huangshi|Daye
中国|湖北|孝感|安陆市	China|Hubei|Xiaogan|Anlu
中国|湖北|荆门|沙洋县	China|Hubei|Jingmen|Shayang
帕劳|||	Palau|||
中国|山东|烟台|栖霞市	China|Shandong|Yantai|Qixia
中国|湖北|襄阳|枣阳市	China|Hubei|Xiangyang|Zaoyang
中国|湖北|咸宁|咸安区	China|Hubei|Xianning|Xian'an
中国|湖北|咸宁|通山县	China|Hubei|Xianning|Tongshan
中国|江苏|常州|天宁区	China|Jiangsu|Changzhou|Tianning
中国|山东|滨州|无棣县	China|Shandong|Binzhou|Wudi
中国|山东|临沂|沂南县	China|Shandong|Linyi|Yinan
中国|山东|滨州|滨城区	China|Shandong|Binzhou|Bincheng
中国|山东|滨州|沾化区	China|Shandong|Binzhou|Zhanhua
中国|山东|滨州|博兴县	China|Shandong|Binzhou|Boxing
中国|广西|南宁|江南区	China|Guangxi|Nanning|Jiangnan
中国|广西|南宁|兴宁区	China|Guangxi|Nanning|Xingning
中国|广西|南宁|西乡塘区	China|Guangxi|Nanning|Xixiangtang
中国|广东|深圳|福田区	China|Guangdong|Shenzhen|Futian
中国|广东|广州番禹区|	China|Guangdong|Panyu|
中国|广西|南宁|隆安县	China|Guangxi|Nanning|Long'an
中国|山东|淄博|临淄区	China|Shandong|Zibo|Linzi
日本|静冈县|静冈市|	Japan|Shizuoka|Shizuoka|
中国|江苏|南京|雨花台区	China|Jiangsu|Nanjing|Yuhuatai
中国|北京|北京|门头沟区	China|Beijing|Beijing|Mentougou
中国|江苏|常州|新北区	China|Jiangsu|Changzhou|Xinbei
中国|江苏|无锡|惠山区	China|Jiangsu|Wuxi|Huishan
中国|广西|南宁|武鸣区	China|Guangxi|Nanning|Wuming
中国|江苏|南京|秦淮区	China|Jiangsu|Nanjing|Qinhuai
中国|江苏|南京|高淳区	China|Jiangsu|Nanjing|Gaochun
中国|江苏|苏州|吴江区松陵镇	China|Jiangsu|Suzhou|Songling
中国|江苏|盐城|射阳县	China|Jiangsu|Yancheng|Sheyang
中国|广西|南宁|宾阳县	China|Guangxi|Nanning|Binyang
中国|广西|南宁|马山县	China|Guangxi|Nanning|Mashan
中国|江苏|南京|鼓楼区	China|Jiangsu|Nanjing|Gulou
中国|广东|深圳|盐田区	China|Guangdong|Shenzhen|Yantian
中国|江苏|南京|浦口区	China|Jiangsu|Nanjing|Pukou
中国|江苏|镇江|润州区	China|Jiangsu|Zhenjiang|Runzhou
中国|广东|广州|海珠区	China|Guangdong|Guangzhou|Haizhu
中国|江苏|盐城|大丰区	China|Jiangsu|Yancheng|Dafeng
中国|江苏|徐州|泉山区	China|Jiangsu|Xuzhou|Quanshan
中国|广东|广州|白云区	China|Guangdong|Guangzhou|Baiyun
中国|广西|贵港|覃塘区	China|Guangxi|Guigang|Gangtang
中国|江苏|南京|建邺区	China|Jiangsu|Nanjing|Jianye
中国|广东|广州|黄埔区	China|Guangdong|Guangzhou|Huangpu
中国|广西|贵港|港南区	China|Guangxi|Guigang|Gangnan
中国|江苏|盐城|阜宁县	China|Jiangsu|Yancheng|Funing
中国|广东|广州|从化区	China|Guangdong|Guangzhou|Conghua
中国|北京|北京|通州区	China|Beijing|Beijing|Tongzhou
中国|江苏|扬州|宝应县	China|Jiangsu|Yangzhou|Baoying
中国|江苏|南京|玄武区	China|Jiangsu|Nanjing|Xuanwu
中国|安徽|芜湖弋江区|	China|Anhui|Yijiang District|
中国|江苏|南通|启东市	China|Jiangsu|Nantong|Qidong
中国|吉林|长春|九台区	China|Jilin|Changchun|Jiutai
中国|江苏|南京|栖霞区	China|Jiangsu|Nanjing|Qixia
中国|江苏|扬州|高邮市	China|Jiangsu|Yangzhou|Gaoyou
中国|江苏|盐城|东台市	China|Jiangsu|Yancheng|Dongtai
中国|安徽|芜湖三山区|	China|Anhui|Wuhu Sanshan|
中国|安徽|阜阳|颍东区	China|Anhui|Fuyang|Yingdong
中国|吉林|长春|公主岭市	China|Jilin|Changchun|Gongzhuling
中国|江苏|泰州|高港区	China|Jiangsu|Taizhou|Gaogang
中国|吉林|延边|安图县	China|Jilin|Yanbian|Antu
中国|吉林|长春|双阳区	China|Jilin|Changchun|Shuangyang
中国|江苏|南京雨花区|	China|Jiangsu|Nanjing Yuhua|
中国|吉林|延边|珲春市	China|Jilin|Yanbian|Hunchun
中国|广东|江门|鹤山市	China|Guangdong|Jiangmen|Heshan
中国|吉林|松原|扶余市	China|Jilin|Songyuan|Fuyu
中国|江苏|淮安|盱眙县	China|Jiangsu|Huai'an|Xuyi
中国|广东|汕尾|海丰县	China|Guangdong|Shanwei|Haifeng
中国|安徽|淮南|田家庵区	China|Anhui|Huainan|Tianjiaan
中国|广东|江门开平县|	China|Guangdong|Kaiping|
中国|广东|惠州|惠阳区	China|Guangdong|Huizhou|Huiyang
中国|安徽|合肥|瑶海区	China|Anhui|Hefei|Yaohai
中国|江苏|南通|如东县	China|Jiangsu|Nantong|Rudong
中国|江苏|南通|崇川区	China|Jiangsu|Nantong|Chongchuan
中国|上海|上海|虹口区	China|Shanghai|Shanghai|Hongkou
中国|广东|韶关|曲江区	China|Guangdong|Shaoguan|Qujiang
中国|吉林|松原|宁江区	China|Jilin|Songyuan|Ningjiang
中国|吉林|通化|梅河口市	China|Jilin|Tonghua|Meihekou
中国|广东|韶关|南雄市	China|Guangdong|Shaoguan|Nanxiong
中国|广东|河源|紫金县	China|Guangdong|Heyuan|Zijin
中国|广东|江门|恩平市	China|Guangdong|Jiangmen|Enping
中国|广东|韶关|始兴县	China|Guangdong|Shaoguan|Shixing
中国|广东|惠州|惠城区	China|Guangdong|Huizhou|Huicheng
中国|广东|河源|和平县	China|Guangdong|Heyuan|Heping
中国|广东|肇庆|广宁县	China|Guangdong|Zhaoqing|Guangning
中国|广东|揭阳|惠来县	China|Guangdong|Jieyang|Huilai
中国|广东|湛江|吴川市	China|Guangdong|Zhanjiang|Wuchuan
中国|广东|肇庆|鼎湖区	China|Guangdong|Zhaoqing|Dinghu
中国|广东|东莞|南城区	China|Guangdong|Dongguan|Nancheng
中国|广东|汕头|澄海区	China|Guangdong|Shantou|Chenghai
中国|广东|广州|南沙区	China|Guangdong|Guangzhou|Nansha
中国|广东|韶关|乐昌市	China|Guangdong|Shaoguan|Lechang
中国|广东|韶关|新丰县	China|Guangdong|Shaoguan|Xinfeng
中国|辽宁|大连|开发区	China|Liaoning|Dalian|Dalian Development Zone
中国|广东|河源|龙川县	China|Guangdong|Heyuan|Longchuan
中国|辽宁|大连|沙河口区	China|Liaoning|Dalian|Shahekou
中国|辽宁|鞍山|铁西区	China|Liaoning|Anshan|Tiexi
中国|辽宁|大连|庄河市	China|Liaoning|Dalian|Zhuanghe
中国|辽宁|大连|普兰店区	China|Liaoning|Dalian|Pulandian
中国|广东|茂名|化州市	China|Guangdong|Maoming|Huazhou
中国|广东|惠州惠东区|	China|Guangdong|Huidong|
中国|广东|阳江|江城区	China|Guangdong|Yangjiang|Jiangcheng
中国|辽宁|鞍山|千山区	China|Liaoning|Anshan|Qianshan
中国|辽宁|鞍山|铁东区	China|Liaoning|Anshan|Tiedong
中国|辽宁|大连|中山区	China|Liaoning|Dalian|Zhongshan
中国|广东|潮州|湘桥区	China|Guangdong|Chaozhou|Xiangqiao
中国|辽宁|鞍山|立山区	China|Liaoning|Anshan|Lishan
中国|辽宁|大连|旅顺口区	China|Liaoning|Dalian|Lüshunkou
中国|辽宁|锦州|古塔区	China|Liaoning|Jinzhou|Guta
中国|辽宁|沈阳|铁西区	China|Liaoning|Shenyang|Tiexi
中国|辽宁|沈阳东陵区|	China|Liaoning|Shenyang Dongling|
中国|辽宁|沈阳|皇姑区	China|Liaoning|Shenyang|Huanggu
中国|辽宁|锦州|北镇市	China|Liaoning|Jinzhou|Beizhen
中国|辽宁|丹东|凤城市	China|Liaoning|Dandong|Fengcheng
中国|广东|云浮|新兴县	China|Guangdong|Yunfu|Xinxing
中国|辽宁|盘锦|兴隆台区	China|Liaoning|Panjin|Xinglongtai
中国|广东|汕头|潮南区	China|Guangdong|Shantou|Chaonan
中国|辽宁|鞍山|台安县	China|Liaoning|Anshan|Tai'an
中国|辽宁|沈阳|辽中区	China|Liaoning|Shenyang|Liaozhong
中国|辽宁|大连|甘井子区	China|Liaoning|Dalian|Ganjingzi
中国|辽宁|沈阳|大东区	China|Liaoning|Shenyang|Dadong
中国|辽宁|大连|西岗区	China|Liaoning|Dalian|Xigang
中国|广东|东莞|虎门镇	China|Guangdong|Dongguan|Humen
中国|辽宁|丹东|振兴区	China|Liaoning|Dandong|Zhenxing
中国|辽宁|丹东|振安区	China|Liaoning|Dandong|Zhen'an
中国|辽宁|盘锦|双台子区	China|Liaoning|Panjin|Shuangtaizi
中国|辽宁|丹东|东港市	China|Liaoning|Dandong|Donggang
中国|山西|忻州|原平市	China|Shanxi|Xinzhou|Yuanping
中国|辽宁|抚顺|望花区	China|Liaoning|Fushun|Wanghua
中国|辽宁|丹东|元宝区	China|Liaoning|Dandong|Yuanbao
中国|辽宁|本溪|溪湖区	China|Liaoning|Benxi|Xihu
中国|辽宁|抚顺|新抚区	China|Liaoning|Fushun|Xinfu
中国|辽宁|辽阳|灯塔市	China|Liaoning|Liaoyang|Dengta
中国|辽宁|丹东|宽甸满族自治县	China|Liaoning|Dandong|Kuandian
中国|辽宁|沈阳|于洪区	China|Liaoning|Shenyang|Yuhong
中国|辽宁|营口|老边区	China|Liaoning|Yingkou|Laobian
中国|辽宁|辽阳|文圣区	China|Liaoning|Liaoyang|Wensheng
中国|辽宁|营口|站前区	China|Liaoning|Yingkou|Zhanqian
中国|辽宁|辽阳|辽阳县	China|Liaoning|Liaoyang|Liaoyang
中国|辽宁|辽阳|宏伟区	China|Liaoning|Liaoyang|Hongwei
中国|辽宁|本溪|本溪满族自治县	China|Liaoning|Benxi|Benxi Manchu Autonomous County
中国|辽宁|本溪|桓仁满族自治县	China|Liaoning|Benxi|Huanren Manchu Autonomous County
中国|山西|忻州|河曲县	China|Shanxi|Xinzhou|Hequ
中国|山西|临汾|尧都区	China|Shanxi|Linfen|Yaodu
中国|辽宁|营口|西市区	China|Liaoning|Yingkou|Xishi
中国|山西|临汾|吉县	China|Shanxi|Linfen|Ji
中国|辽宁|阜新|太平区	China|Liaoning|Fuxin|Taiping
中国|辽宁|辽阳|太子河区	China|Liaoning|Liaoyang|Taizihe
中国|辽宁|本溪|平山区	China|Liaoning|Benxi|Pingshan
中国|山西|晋中|榆次区	China|Shanxi|Jinzhong|Yuci
中国|山西|太原|迎泽区	China|Shanxi|Taiyuan|Yingze
中国|山西|临汾|曲沃县	China|Shanxi|Linfen|Quwo
中国|辽宁|阜新|彰武县	China|Liaoning|Fuxin|Zhangwu
中国|辽宁|抚顺|清原满族自治县	China|Liaoning|Fushun|Qingyuan
中国|山西|临汾|翼城县	China|Shanxi|Linfen|Yicheng
中国|山西|临汾|侯马市	China|Shanxi|Linfen|Houma
中国|海南|五指山|	China|Hainan|Wuzhishan|
中国|山西|临汾|洪洞县	China|Shanxi|Linfen|Hongtong
中国|山西|临汾霍东|	China|Shanxi|Linfen Huodong|
中国|山西|临汾|蒲县	China|Shanxi|Linfen|Pu
中国|山西|吕梁|孝义市	China|Shanxi|Lüliang|Xiaoyi
中国|海南|琼海|	China|Hainan|Qionghai|
中国|山西|临汾|襄汾县	China|Shanxi|Linfen|Xiangfen
中国|辽宁|本溪|明山区	China|Liaoning|Benxi|Mingshan
中国|辽宁|铁岭|调兵山市	China|Liaoning|Tieling|Diaobingshan
中国|山西|太原|杏花岭区	China|Shanxi|Taiyuan|Xinghualing
中国|山西|临汾|乡宁县	China|Shanxi|Linfen|Xiangning
中国|海南|陵水|	China|Hainan|Lingshui|
中国|山西|晋中|介休市	China|Shanxi|Jinzhong|Jiexiu
中国|山西|太原|万柏林区	China|Shanxi|Taiyuan|Wanbailin
中国|山西|太原|古交市	China|Shanxi|Taiyuan|Gujiao
中国|辽宁|沈阳|苏家屯区	China|Liaoning|Shenyang|Sujiatun
中国|山西|太原|阳曲县	China|Shanxi|Taiyuan|Yangqu
中国|海南|屯昌|	China|Hainan|Tunchang|
中国|湖南|衡阳|蒸湘区	China|Hunan|Hengyang|Zhengxiang
中国|湖南|衡阳|珠晖区	China|Hunan|Hengyang|Zhuhui
中国|海南|海口|秀英区	China|Hainan|Haikou|Xiuying
中国|海南|白沙|	China|Hainan|Baisha|
中国|山西|临汾|汾西县	China|Shanxi|Linfen|Fenxi
中国|海南|海口|龙华区	China|Hainan|Haikou|Longhua
中国|海南|琼中|	China|Hainan|Qiongzhong|
中国|海南|保亭|	China|Hainan|Baoting|
中国|海南|临高|	China|Hainan|Lingao|
中国|海南|儋州|	China|Hainan|Danzhou|
中国|山西|太原|尖草坪区	China|Shanxi|Taiyuan|Jiancaoping
中国|海南|海口|琼山区	China|Hainan|Haikou|Qiongshan
中国|湖南|衡阳|祁东县	China|Hunan|Hengyang|Qidong
中国|湖南|衡阳|雁锋区	China|Hunan|Hengyang|Yanfeng
中国|海南|澄迈|	China|Hainan|Chengmai|
中国|湖南|衡阳|常宁市	China|Hunan|Hengyang|Changning
中国|江西|赣州|信丰县	China|Jiangxi|Ganzhou|Xinfeng
中国|湖南|衡阳|衡南县	China|Hunan|Hengyang|Hengnan
中国|海南|乐东|	China|Hainan|Ledong|
中国|江西|九江|永修县	China|Jiangxi|Jiujiang|Yongxiu
中国|江西|抚州|南城县	China|Jiangxi|Fuzhou|Nancheng
中国|海南|东方|	China|Hainan|Dongfang|
中国|湖南|衡阳|衡东县	China|Hunan|Hengyang|Hengdong
中国|江西|南昌|进贤县	China|Jiangxi|Nanchang|Jinxian
中国|安徽|蚌埠|固镇县	China|Anhui|Bengbu|Guzhen
中国|湖南|衡阳|雁峰区	China|Hunan|Hengyang|Yanfeng
中国|江西|南昌|新建区	China|Jiangxi|Nanchang|Xinjian
中国|湖南|衡阳|衡阳县	China|Hunan|Hengyang|Hengyang
中国|江西|抚州|南丰县	China|Jiangxi|Fuzhou|Nangfeng
中国|江西|上饶|德兴市	China|Jiangxi|Shangrao|Dexing
中国|江西|上饶|弋阳县	China|Jiangxi|Shangrao|Yiyang
中国|江西|抚州|广昌县	China|Jiangxi|Fuzhou|Guangchang
中国|湖南|衡阳|衡山县	China|Hunan|Hengyang|Hengshan
中国|江西|抚州|崇仁县	China|Jiangxi|Fuzhou|Chongren
中国|江西|吉安|泰和县	China|Jiangxi|Ji'an|Taihe
中国|福建|福州|永泰县	China|Fujian|Fuzhou|Yongtai
中国|福建|福州|台江区	China|Fujian|Fuzhou|Taijiang
中国|福建|福州|闽清县	China|Fujian|Fuzhou|Mingqing
中国|江西|吉安|万安县	China|Jiangxi|Ji'an|Wan'an
中国|福建|福州|平潭县	China|Fujian|Fuzhou|Pingtan
中国|江西|九江|德安县	China|Jiangxi|Jiujiang|De'an
中国|江西|吉安|永新县	China|Jiangxi|Ji'an|Yongxin
中国|江西|上饶|鄱阳县	China|Jiangxi|Shangrao|Poyang
中国|福建|福州|鼓楼区	China|Fujian|Fuzhou|Gulou
中国|江西|赣州|南康区	China|Jiangxi|Ganzhou|Nankang
中国|江西|上饶广丰县|	China|Jiangxi|Shangrao Guangfeng|
中国|江西|吉安|井冈山市	China|Jiangxi|Ji'an|Jinggangshan
中国|江西|抚州|乐安县	China|Jiangxi|Fuzhou|Le'an
中国|江西|抚州|临川区	China|Jiangxi|Fuzhou|Linchuan
中国|江西|赣州|宁都县	China|Jiangxi|Ganzhou|Ningdu
中国|江西|赣州|龙南市	China|Jiangxi|Ganzhou|Longnan
中国|福建|福州|马尾区	China|Fujian|Fuzhou|Mawei
中国|江西|赣州|大余县	China|Jiangxi|Ganzhou|Dayu
中国|福建|泉州|鲤城区	China|Fujian|Quanzhou|Licheng
中国|福建|厦门|海沧区	China|Fujian|Xiamen|Haicang
中国|江西|赣州|章贡区	China|Jiangxi|Ganzhou|Zhanggong
中国|福建|龙岩|武平县	China|Fujian|Longyan|Wuping
中国|福建|福州|闽侯县	China|Fujian|Fuzhou|Minhou
中国|福建|厦门|翔安区	China|Fujian|Xiamen|Xiang'an
中国|福建|宁德|寿宁县	China|Fujian|Ningde|Shouning
中国|江西|鹰潭|余江区	China|Jiangxi|Yingtan|Yujiang
中国|江西|南昌|青山湖区	China|Jiangxi|Nanchang|Qingshanhu
中国|江西|上饶|玉山县	China|Jiangxi|Shangrao|Yushan
中国|福建|南平|邵武市	China|Fujian|Nanping|Shaowu
中国|江西|九江|瑞昌市	China|Jiangxi|Jiujiang|Ruichang
中国|福建|泉州|泉港区	China|Fujian|Quanzhou|Quangang
中国|福建|厦门|集美区	China|Fujian|Xiamen|Jimei
中国|江西|宜春|铜鼓县	China|Jiangxi|Yichun|Tonggu
中国|江西|鹰潭|月湖区	China|Jiangxi|Yingtan|Yuehu
中国|福建|南平|松溪县	China|Fujian|Nanping|Songxi
中国|福建|龙岩|永定区	China|Fujian|Longyan|Yongding
中国|福建|南平|建瓯市	China|Fujian|Nanping|Jian'ou
韩国|京畿道|富川市|	South Korea|Gyeonggi|Bucheon|
中国|江西|萍乡|芦溪县	China|Jiangxi|Pingxiang|Luxi
中国|湖北|武汉|新洲区	China|Hubei|Wuhan|Xinzhou
中国|福建|龙岩|新罗区	China|Fujian|Longyan|Xinluo
中国|河北|石家庄|无极县	China|Hebei|Shijiazhuang|Wuji
中国|江西|宜春|樟树市	China|Jiangxi|Yichun|Zhangshu
中国|江西|南昌|东湖区	China|Jiangxi|Nanchang|Donghu
中国|江西|九江|都昌县	China|Jiangxi|Jiujiang|Duchang
中国|河北|沧州|任丘市	China|Hebei|Cangzhou|Renqiu
中国|江西|景德镇|乐平市	China|Jiangxi|Jingdezhen|Leping
中国|江西|鹰潭|贵溪市	China|Jiangxi|Yingtan|Guixi
中国|河北|石家庄|行唐县	China|Hebei|Shijiazhuang|Xingtang
中国|江西|宜春|丰城市	China|Jiangxi|Yichun|Fengcheng
中国|新疆|伊犁|伊宁市	China|Xinjiang|Yili|Yining
中国|福建|福州|仓山区	China|Fujian|Fuzhou|Cangshan
中国|湖北|武汉|青山区	China|Hubei|Wuhan|Qingshan
中国|江西|宜春|宜丰县	China|Jiangxi|Yichun|Yifeng
中国|河北|石家庄|桥东区	China|Hebei|Shijiazhuang|Qiaodong
中国|河北|石家庄|井陉县	China|Hebei|Shijiazhuang|Jingxing
中国|福建|漳州|云霄县	China|Fujian|Zhangzhou|Yunxiao
中国|河北|石家庄|新乐市	China|Hebei|Shijiazhuang|Xinle
中国|河北|石家庄|裕华区	China|Hebei|Shijiazhuang|Yuhua
中国|河北|石家庄|藁城区	China|Hebei|Shijiazhuang|Gaocheng
中国|河北|保定|高碑店市	China|Hebei|Baoding|Gaobeidian
中国|河北|唐山|曹妃甸区	China|Hebei|Tangshan|Caofeidian
中国|江西|宜春|高安市	China|Jiangxi|Yichun|Gao'an
中国|河北|保定|顺平县	China|Hebei|Baoding|Shunping
中国|河北|邢台|临城县	China|Hebei|Xingtai|Lincheng
中国|河北|唐山|乐亭县	China|Hebei|Tangshan|Laoting
中国|河北|保定|高阳县	China|Hebei|Baoding|Gaoyang
中国|河北|邢台|内丘县	China|Hebei|Xingtai|Neiqiu
中国|河北|唐山|滦南县	China|Hebei|Tangshan|Luannan
中国|河北|保定|阜平县	China|Hebei|Baoding|Fuping
中国|河北|保定|容城县	China|Hebei|Baoding|Rongcheng
中国|河北|邢台|隆尧县	China|Hebei|Xingtai|Longyao
中国|河北|邢台|南宫市	China|Hebei|Xingtai|Nangong
中国|河北|邢台|宁晋县	China|Hebei|Xingtai|Ningjin
中国|河北|保定|易县	China|Hebei|Baoding|Yi
中国|河北|邢台|南和区	China|Hebei|Xingtai|Nanhe
中国|河北|邢台|清河县	China|Hebei|Xingtai|Qinghe
中国|河北|邢台|平乡县	China|Hebei|Xingtai|Pingxiang
中国|河北|石家庄|晋州市	China|Hebei|Shijiazhuang|Jinzhou
中国|河北|石家庄|正定县	China|Hebei|Shijiazhuang|Zhengding
中国|江西|景德镇|浮梁县	China|Jiangxi|Jingdezhen|Fuliang
中国|河北|邯郸|峰峰矿区	China|Hebei|Handan|Fengfengkuang
中国|河北|石家庄|赞皇县	China|Hebei|Shijiazhuang|Zanhuang
中国|河北|秦皇岛|抚宁区	China|Hebei|Qinhuangdao|Funing
中国|河北|唐山|丰润区	China|Hebei|Tangshan|Fengrun
中国|河北|邯郸|邯山区	China|Hebei|Handan|Hanshan
中国|河北|张家口|怀来县	China|Hebei|Zhangjiakou|Huailai
中国|河北|衡水|冀州区	China|Hebei|Hengshui|Jizhou
中国|河北|秦皇岛|昌黎县	China|Hebei|Qinhuangdao|Changli
中国|河北|廊坊|广阳区	China|Hebei|Langfang|Guangyang
中国|河北|廊坊|文安县	China|Hebei|Langfang|Wen'an
中国|河北|邯郸|永年区	China|Hebei|Handan|Yongnian
中国|河北|邢台|巨鹿县	China|Hebei|Xingtai|Julu
中国|河北|邯郸|大名县	China|Hebei|Handan|Daming
中国|河北|张家口|张北县	China|Hebei|Zhangjiakou|Zhangbei
中国|河北|秦皇岛|北戴河区	China|Hebei|Qinhuangdao|Beidaihe
中国|河北|张家口|宣化区	China|Hebei|Zhangjiakou|Xuanhua
中国|河北|张家口|赤城县	China|Hebei|Zhangjiakou|Chicheng
中国|河北|邢台|威县	China|Hebei|Xingtai|Wei
中国|黑龙江|大兴安岭|塔河县	China|Heilongjiang|Daxinganling|Tahe
中国|河北|张家口|怀安县	China|Hebei|Zhangjiakou|Huai'an
中国|黑龙江|黑河|五大连池市	China|Heilongjiang|Heihe|Wudalianchi
中国|浙江|温州|鹿城区	China|Zhejiang|Wenzhou|Lucheng
中国|河北|廊坊|大城县	China|Hebei|Langfang|Dacheng
中国|浙江|温州|瑞安市	China|Zhejiang|Wenzhou|Rui'an
中国|河北|衡水|安平县	China|Hebei|Hengshui|Anping
中国|黑龙江|黑河|逊克县	China|Heilongjiang|Heihe|Xunke
中国|黑龙江|佳木斯|同江市市	China|Heilongjiang|Jiamusi|Tongjiang
中国|河北|衡水|武邑县	China|Hebei|Hengshui|Wuyi
中国|河北|衡水|饶阳县	China|Hebei|Hengshui|Raoyang
中国|浙江|温州|永嘉县	China|Zhejiang|Wenzhou|Yongjia
中国|新疆|阿克苏|阿克苏市	China|Xinjiang|Aksu|Aksu
中国|河北|衡水|枣强县	China|Hebei|Hengshui|Zaoqiang
中国|浙江|温州|瓯海区	China|Zhejiang|Wenzhou|Ouhai
中国|河北|衡水|景县	China|Hebei|Hengshui|Jingxian
中国|天津|天津|北辰区	China|Tianjin|Tianjin|Beichen
中国|河北|衡水|桃城区	China|Hebei|Hengshui|Taocheng
中国|河北|张家口|阳原县	China|Hebei|Zhangjiakou|Yangyuan
中国|河北|廊坊|三河市	China|Hebei|Langfang|Sanhe
中国|河北|廊坊|霸州市	China|Hebei|Langfang|Bazhou
中国|河北|衡水|深州市	China|Hebei|Hengshui|Shenzhou
中国|辽宁|阜新|海州区	China|Liaoning|Fuxin|Haizhou
中国|黑龙江|伊春|伊美区	China|Heilongjiang|Yichun|Yimei
中国|辽宁|朝阳|建平县	China|Liaoning|Chaoyang|Jianping
中国|浙江|杭州|富阳区	China|Zhejiang|Hangzhou|Fuyang
中国|天津|天津|河北区	China|Tianjin|Tianjin|Hebei
中国|新疆|克拉玛依|白碱滩区	China|Xinjiang|Karamay|Baijiantan
中国|天津|天津|南开区	China|Tianjin|Tianjin|Nankai
中国|河北|廊坊|固安县	China|Hebei|Langfang|Gu'an
中国|浙江|温州|乐清市	China|Zhejiang|Wenzhou|Yueqing
中国|浙江|绍兴|嵊州市	China|Zhejiang|Shaoxing|Shengzhou
中国|浙江|嘉兴|海盐县	China|Zhejiang|Jiaxing|Haiyan
中国|辽宁|盘锦|盘山县	China|Liaoning|Panjin|Panshan
中国|新疆|昌吉|阜康市	China|Xinjiang|Changji|Fukang
中国|天津|天津|和平区	China|Tianjin|Tianjin|Heping
中国|辽宁|朝阳|喀喇沁左翼蒙古族自治县	China|Liaoning|Chaoyang|Harqin Left Wing Mongolian Autonomous County
中国|天津|天津|静海区	China|Tianjin|Tianjin|Jinghai
中国|天津|天津|武清区	China|Tianjin|Tianjin|Wuqing
中国|新疆|昌吉|吉木萨尔县	China|Xinjiang|Changji|Jimusaer
中国|天津|天津|红桥区	China|Tianjin|Tianjin|Hongqiao
中国|天津|天津宁河县|	China|Tianjin|Ninghe|
中国|浙江|嘉兴|嘉善县	China|Zhejiang|Jiaxing|Jiashan
中国|天津|天津|蓟州区	China|Tianjin|Tianjin|Jizhou
中国|浙江|杭州|西湖区	China|Zhejiang|Hangzhou|Xihu
中国|浙江|金华|东阳市	China|Zhejiang|Jinhua|Dongyang
中国|内蒙古|乌兰察布|集宁区	China|Inner Mongolia|Ulanqab|Jining
中国|天津|天津|东丽区	China|Tianjin|Tianjin|Dongli
中国|天津|天津|河东区	China|Tianjin|Tianjin|Hedong
中国|内蒙古|包头|昆都仑区	China|Inner Mongolia|Baotou|Kundulun District
中国|内蒙古|锡林郭勒|多伦县	China|Inner Mongolia|Xilin Gol|Duolun
马来西亚|槟城州||	Malaysia|Johor||
中国|云南|玉溪|澄江市	China|Yunnan|Yuxi|Chengjiang
中国|天津|天津虹桥区|	China|Tianjin|Hongqiao District|
中国|内蒙古|包头|东河区	China|Inner Mongolia|Baotou|Donghe
中国|天津|天津|西青区	China|Tianjin|Tianjin|Xiqing
中国|天津|天津大港区|	China|Tianjin|Dagang District|
中国|内蒙古|巴彦淖尔|磴口县	China|Inner Mongolia|Bayannur|Dengkou
中国|天津|天津|津南区	China|Tianjin|Tianjin|Jinnan
中国|辽宁|朝阳|凌源市	China|Liaoning|Chaoyang|Lingyuan
中国|内蒙古|乌兰察布察哈尔右后旗|	China|Inner Mongolia|Horqin Right Middle Banner|
中国|天津|天津|河西区	China|Tianjin|Tianjin|Hexi
中国|云南|曲靖马龙县|	China|Yunnan|Malong|
中国|云南|大理|大理市	China|Yunnan|Dali|Dali
中国|云南|红河|屏边苗族自治县	China|Yunnan|Honghe|Pingbian Miao Autonomous County
中国|云南|文山|麻栗坡县	China|Yunnan|Wenshan|Malipo
中国|甘肃|酒泉|金塔县	China|Gansu|Jiuquan|Jinta
中国|云南|临沧|临翔区	China|Yunnan|Lincang|Linxiang
中国|云南|文山|广南县	China|Yunnan|Wenshan|Guangnan
中国|甘肃|庆阳|庆城县	China|Gansu|Qingyang|Qingcheng
中国|甘肃|定西|岷县	China|Gansu|Dingxi|Minxian
中国|辽宁|铁岭|开原市	China|Liaoning|Tieling|Kaiyuan
中国|浙江|台州|三门县	China|Zhejiang|Taizhou|Sanmen
中国|安徽|合肥|长丰县	China|Anhui|Hefei|Changfeng
中国|辽宁|铁岭|铁岭县	China|Liaoning|Tieling|Tieling
中国|云南|丽江|古城区	China|Yunnan|Lijiang|Gucheng
中国|黑龙江|齐齐哈尔|克东县	China|Heilongjiang|Qiqihar|Kedong
中国|云南|玉溪|易门县	China|Yunnan|Yuxi|Yimen
中国|云南|丽江|华坪县	China|Yunnan|Lijiang|Huaping
中国|云南|临沧|沧源佤族自治县	China|Yunnan|Lincang|Cangyuan Va Autonomous County
中国|甘肃|甘南|合作市	China|Gansu|Gannan|Hezuo
中国|云南|文山|马关县	China|Yunnan|Wenshan|Maguan
中国|安徽|蚌埠|蚌山区	China|Anhui|Bengbu|Bengshan
中国|云南|临沧|云县	China|Yunnan|Lincang|Yun
中国|安徽|淮南|凤台县	China|Anhui|Huainan|Fengtai
中国|安徽|淮南|谢家集区	China|Anhui|Huainan|Xiejiaji
中国|甘肃|庆阳|镇原县	China|Gansu|Qingyang|Zhenyuan
中国|云南|临沧|凤庆县	China|Yunnan|Lincang|Fengqing
中国|甘肃|兰州|七里河区	China|Gansu|Lanzhou|Qilihe
中国|安徽|宿州|萧县	China|Anhui|Suzhou|Xiao
中国|甘肃|陇南|徽县	China|Gansu|Longnan|Huixian
中国|甘肃|临夏|广河县	China|Gansu|Linxia|Guanghe
中国|甘肃|平凉|泾川县	China|Gansu|Pingliang|Jingchuan
中国|甘肃|庆阳|环县	China|Gansu|Qingyang|Huan
中国|云南|曲靖|麒麟区	China|Yunnan|Qujing|Qilin
中国|甘肃|兰州|安宁区	China|Gansu|Lanzhou|Anning
中国|甘肃|酒泉|玉门市	China|Gansu|Jiuquan|Yumen
中国|安徽|宣城|郎溪县	China|Anhui|Xuancheng|Langxi
中国|云南|临沧|镇康县	China|Yunnan|Lincang|Zhenkang
中国|浙江|台州|仙居县	China|Zhejiang|Taizhou|Xianju
中国|安徽|淮北|濉溪县	China|Anhui|Huaibei|Suxi
中国|安徽|宿州|泗县	China|Anhui|Suzhou|Si
中国|安徽|宣城|绩溪县	China|Anhui|Xuancheng|Jixi
中国|安徽|安庆|迎江区	China|Anhui|Anqing|Yingjiang
中国|安徽|黄山|休宁县	China|Anhui|Huangshan|Xiuning
中国|安徽|滁州定员县|	China|Anhui|Dingyuan|
中国|安徽|宣城|宣州区	China|Anhui|Xuancheng|Xuanzhou
中国|安徽|阜阳|颍州区	China|Anhui|Fuyang|Yingzhou
中国|安徽|宿州广德县|	China|Anhui|Guangde|
中国|安徽|宣城|旌德县	China|Anhui|Xuancheng|Jingde
中国|安徽|淮北|相山区	China|Anhui|Huaibei|Xiangshan
中国|甘肃|甘南|卓尼县	China|Gansu|Gannan|Zhuoni
中国|安徽|六安|霍山县	China|Anhui|Lu'an|Huoshan
中国|云南|红河|金平苗族瑶族傣族自治县	China|Yunnan|Honghe|Jinping
中国|安徽|安庆|宜秀区	China|Anhui|Anqing|Yixiu
中国|浙江|杭州|拱墅区	China|Zhejiang|Hangzhou|Gongshu
中国|浙江|杭州|余杭区	China|Zhejiang|Hangzhou|Yuhang
中国|浙江|杭州|临安区	China|Zhejiang|Hangzhou|Lin'an
中国|安徽|六安|金寨县	China|Anhui|Lu'an|Jinzhai
中国|安徽|安庆|大观区	China|Anhui|Anqing|Daguan
中国|安徽|池州|青阳县	China|Anhui|Chizhou|Qingyang
中国|浙江|丽水|缙云县	China|Zhejiang|Lishui|Jinyun
中国|安徽|合肥|庐江县	China|Anhui|Hefei|Lujiang
中国|安徽|池州|东至县	China|Anhui|Chizhou|Dongzhi
中国|浙江|衢州|龙游县	China|Zhejiang|Quzhou|Longyou
中国|浙江|金华|婺城区	China|Zhejiang|Jinhua|Wucheng
中国|浙江|绍兴|诸暨市	China|Zhejiang|Shaoxing|Zhuji
中国|浙江|绍兴|新昌县	China|Zhejiang|Shaoxing|Xinchang
中国|浙江|湖州|安吉县	China|Zhejiang|Huzhou|Anji
中国|浙江|丽水|松阳县	China|Zhejiang|Lishui|Songyang
中国|浙江|丽水|青田县	China|Zhejiang|Lishui|Qingtian
中国|浙江|杭州|下城区	China|Zhejiang|Hangzhou|Xiacheng
中国|浙江|丽水|莲都区	China|Zhejiang|Lishui|Liandu
中国|浙江|丽水|云和县	China|Zhejiang|Lishui|Yunhe
中国|浙江|衢州|常山县	China|Zhejiang|Quzhou|Changshan
中国|浙江|温州|洞头区	China|Zhejiang|Wenzhou|Dongtou
中国|浙江|衢州|开化县	China|Zhejiang|Quzhou|Kaihua
中国|浙江|舟山|定海区	China|Zhejiang|Zhoushan|Dinghai
中国|浙江|宁波|海曙区	China|Zhejiang|Ningbo|Haishu
中国|浙江|杭州|桐庐县	China|Zhejiang|Hangzhou|Tonglu
中国|浙江|宁波|江北区	China|Zhejiang|Ningbo|Jiangbei
中国|浙江|温州|苍南县龙港镇	China|Zhejiang|Wenzhou|Longgang
中国|浙江|湖州|德清县	China|Zhejiang|Huzhou|Deqing
中国|浙江|温州欧海区|	China|Zhejiang|Ouhai|
中国|浙江|温州|文成县	China|Zhejiang|Wenzhou|Wencheng
中国|浙江|金华|磐安县	China|Zhejiang|Jinhua|Pan'an
中国|浙江|温州|泰顺县	China|Zhejiang|Wenzhou|Taishun
中国|浙江|湖州|长兴县	China|Zhejiang|Huzhou|Changxing
中国|浙江|丽水|龙泉市	China|Zhejiang|Lishui|Longquan
中国|山东|济南|历城区维宇网吧	China|Shandong|Jinan|Licheng
中国|山东|济南|济阳区	China|Shandong|Jinan|Jiyang
中国|山东|青岛|市南区	China|Shandong|Qingdao|Shinan
中国|浙江|金华|金东区	China|Zhejiang|Jinhua|Jindong
中国|山东|淄博|桓台县	China|Shandong|Zibo|Zichuan
中国|山东|淄博|周村区	China|Shandong|Zibo|Zhoucun
中国|山东|青岛|崂山区	China|Shandong|Qingdao|Laoshan
中国|山东|济南中区|	China|Shandong|Jinan|
中国|山东|淄博|高青县	China|Shandong|Zibo|Gaoqing
中国|浙江|舟山|普陀区	China|Zhejiang|Zhoushan|Putuo
中国|山东|威海|环翠区	China|Shandong|Weihai|Huancui
中国|浙江|绍兴|上虞区	China|Zhejiang|Shaoxing|Shangyu
中国|山东|德州|宁津县	China|Shandong|Dezhou|Ningjin
中国|山东|济宁|任城区	China|Shandong|Jining|Rencheng
中国|山东|青岛|城阳区	China|Shandong|Qingdao|Chengyang
中国|山东|烟台|芝罘区	China|Shandong|Yantai|Zhifu
中国|山东|枣庄|滕州市	China|Shandong|Zaozhuang|Tengzhou
中国|浙江|杭州|江干区	China|Zhejiang|Hangzhou|Jianggan
中国|山东|济宁市中区|	China|Shandong|Jining Central District|
中国|浙江|绍兴|柯桥区	China|Zhejiang|Shaoxing|Keqiao
中国|山东|临沂|河东区	China|Shandong|Linyi|Hedong
中国|山东|潍坊|昌邑市	China|Shandong|Weifang|Changyi
中国|山东|济宁|金乡县	China|Shandong|Jining|Jinxiang
中国|山东|德州|乐陵市	China|Shandong|Dezhou|Laoling
中国|山东|德州|平原县	China|Shandong|Dezhou|Pingyuan
中国|江西|赣州|安远县	China|Jiangxi|Ganzhou|Anyuan
中国|山西|临汾|霍州市	China|Shanxi|Linfen|Huozhou
中国|山东|烟台|海阳市	China|Shandong|Yantai|Haiyang
中国|黑龙江|大庆|林甸县	China|Heilongjiang|Daqing|LinDian
中国|山东|东营|河口区	China|Shandong|Dongying|Hekou
中国|山东|济宁|曲阜市	China|Shandong|Jining|Qufu
中国|山西|长治|沁源县	China|Shanxi|Changzhi|Qinyuan
中国|山东|德州|庆云县	China|Shandong|Dezhou|Qingyun
中国|山东|泰安|泰山区	China|Shandong|Tai'an|Taishan
中国|山东|德州|禹城市	China|Shandong|Dezhou|Yucheng
中国|山东|泰安|肥城市	China|Shandong|Tai'an|Feicheng
中国|山东|临沂|蒙阴县	China|Shandong|Linyi|Mengyin
中国|山东|济宁|汶上县	China|Shandong|Jining|Wenshang
中国|黑龙江|哈尔滨|南岗区	China|Heilongjiang|Harbin|Nangang
中国|山东|临沂|莒南县	China|Shandong|Linyi|Junan
中国|山东|临沂|罗庄区	China|Shandong|Linyi|Luozhuang
中国|黑龙江|大庆|红岗区	China|Heilongjiang|Daqing|Honggang
中国|山西|运城|万荣县	China|Shanxi|Yuncheng|Wanrong
中国|山西|临汾|永和县	China|Shanxi|Linfen|Yonghe
中国|山西|临汾|隰县	China|Shanxi|Linfen|Xiangfen
中国|黑龙江|双鸭山|饶河县	China|Heilongjiang|Shuangyashan|Raohe
中国|山东|临沂|郯城县	China|Shandong|Linyi|Tancheng
中国|黑龙江|双鸭山|宝清县	China|Heilongjiang|Shuangyashan|Baoqing
中国|山西|运城|绛县	China|Shanxi|Yuncheng|Jiangxian
中国|山西|晋中|平遥县	China|Shanxi|Jinzhong|Pingyao
中国|山西|临汾|大宁县	China|Shanxi|Linfen|Daning
中国|山西|运城|闻喜县	China|Shanxi|Yuncheng|Wenxi
中国|山东|聊城|东阿县	China|Shandong|Liaocheng|Dong'e
中国|山西|晋中|祁县	China|Shanxi|Jinzhong|Qi County
中国|山西|运城|垣曲县	China|Shanxi|Yuncheng|Yuanqu
中国|山西|运城|稷山县	China|Shanxi|Yuncheng|Jishan
中国|山西|运城|永济市	China|Shanxi|Yuncheng|Yongji
中国|山西|晋中|寿阳县	China|Shanxi|Jinzhong|Shouyang
中国|山西|晋城|沁水县	China|Shanxi|Jincheng|Qinshui
中国|山西|运城|新绛县	China|Shanxi|Yuncheng|Xinjiang
中国|山西|晋中|左权县	China|Shanxi|Jinzhong|Zuoquan
中国|山西|长治|沁县	China|Shanxi|Changzhi|Qinxian
中国|山西|长治|潞城区	China|Shanxi|Changzhi|Lucheng
中国|四川|广安|岳池县	China|Sichuan|Guang'an|Yuechi
中国|山西|运城|盐湖区	China|Shanxi|Yuncheng|Yanhu
中国|山西|吕梁|离石区	China|Shanxi|Lüliang|Lishi
中国|山西|长治|襄垣县	China|Shanxi|Changzhi|Xiangyuan
中国|山西|临汾|安泽县	China|Shanxi|Linfen|Anze
中国|山西|吕梁|岚县	China|Shanxi|Luliang|Lan
中国|山西|临汾|古县	China|Shanxi|Linfen|Gu
中国|河南|郑州|二七区	China|Henan|Zhengzhou|Erqi
中国|山西|晋中|和顺县	China|Shanxi|Jinzhong|Heshun
中国|黑龙江|哈尔滨|道外区	China|Heilongjiang|Harbin|Daowai
中国|北京|北京|东城区青蓝大厦	China|Beijing|Beijing|Dongcheng District Qinglan Building
中国|北京|北京|房山区	China|Beijing|Beijing|Fangshan
中国|山西|晋中|太谷区	China|Shanxi|Jinzhong|Taigu
中国|山西|运城|临猗县	China|Shanxi|Yuncheng|Linyi
中国|山西|晋中|灵石县	China|Shanxi|Jinzhong|Lingshi
中国|四川|遂宁|射洪市	China|Sichuan|Suining|Shehong
中国|河南|郑州|上街区	China|Henan|Zhengzhou|Shangjie
中国|北京|北京|丰台区	China|Beijing|Beijing|Fengtai
中国|四川|巴中|恩阳区	China|Sichuan|Bazhong|Enyang
中国|四川|成都|龙泉驿区	China|Sichuan|Chengdu|Longquanyi
中国|四川|南充|仪陇县	China|Sichuan|Nanchong|Yilong
中国|北京|北京|怀柔区	China|Beijing|Beijing|Huairou
中国|山西|晋中|榆社县	China|Shanxi|Jinzhong|Yushe
中国|河南|信阳|平桥区	China|Henan|Xinyang|Pingqiao
中国|北京|北京延庆县|	China|Beijing|Yanqing|
中国|河南|信阳|罗山县	China|Henan|Xinyang|Luoshan
中国|河南|驻马店|上蔡县	China|Henan|Zhumadian|Shangcai
中国|河南|郑州|巩义市	China|Henan|Zhengzhou|Gongyi
中国|河南|商丘|睢阳区	China|Henan|Shangqiu|Suiyang
中国|河南|漯河|临颍县	China|Henan|Luohe|Linying
中国|河南|驻马店|遂平县	China|Henan|Zhumadian|Suiping
中国|河南|许昌|建安区	China|Henan|Xuchang|Jian'an
中国|河北|沧州|青县	China|Hebei|Cangzhou|Qingxian
中国|河南|洛阳|瀍河回族区	China|Henan|Luoyang|Chanhe Hui
中国|河南|驻马店|驿城区	China|Henan|Zhumadian|Yicheng
中国|河北|张家口|崇礼区	China|Hebei|Zhangjiakou|Chongli
中国|河南|漯河|舞阳县	China|Henan|Luohe|Wuyang
中国|河南|洛阳|伊川县	China|Henan|Luoyang|Yichuan
中国|河北|沧州|黄骅市	China|Hebei|Cangzhou|Huanghua
中国|河北|秦皇岛|海港区	China|Hebei|Qinhuangdao|Haigang
中国|河南|商丘|梁园区	China|Henan|Shangqiu|Liangyuan
中国|河北|张家口|桥西区	China|Hebei|Zhangjiakou|Qiaoxi
中国|河南|信阳师河区|	China|Henan|Shihe|
中国|重庆|重庆|梁平区	China|Chongqing|Chongqing|Liangping
中国|河南|洛阳|洛龙区	China|Henan|Luoyang|Luolong
中国|河南|信阳|浉河区	China|Henan|Xinyang|Shihe
中国|台湾|台北|内湖区	China|Taiwan|Taipei|Neihu
澳大利亚|昆士兰州|中部|罗克汉普顿	Australia|Queensland|Central|Rockhampton
中国|河南|信阳|新县	China|Henan|Xinyang|Xin County
中国|河北|沧州|河间市	China|Hebei|Cangzhou|Hejian
中国|河南|洛阳|宜阳县	China|Henan|Luoyang|Yiyang
中国|河南|三门峡|义马市	China|Henan|Sanmenxia|Yima
中国|重庆|重庆|武隆区	China|Chongqing|Chongqing|Wulong
中国|台湾台中县||	China|Taichung County||
中国|河南|洛阳|涧西区	China|Henan|Luoyang|Tao Yu Xi
中国|河北|沧州|肃宁县	China|Hebei|Cangzhou|Suning
中国|重庆|重庆|万州区王家坡	China|Chongqing|Chongqing|Wanzhou Wangjiapo
中国|河南|漯河丁湾|	China|Henan|Luohe Dingwan|
中国|浙江|杭州|上城区	China|Zhejiang|Hangzhou|Shangcheng
中国|重庆|重庆|荣昌区	China|Chongqing|Chongqing|Rongchang
中国|浙江|衢州|柯城区	China|Zhejiang|Quzhou|Kecheng
中国|江西|萍乡|安源区	China|Jiangxi|Pingxiang|Anyuan
中国|重庆|重庆|石柱土家族自治县	China|Chongqing|Chongqing|Shizhu Tujia Autonomous County
中国|江西|吉安|新干县	China|Jiangxi|Ji'an|Xingan
中国|山东|青岛|李沧区	China|Shandong|Qingdao|Licang
中国|浙江|衢州|江山市	China|Zhejiang|Quzhou|Jiangshan
中国|宁夏|银川|金凤区	China|Ningxia|Yinchuan|Jinfeng
中国|江苏|镇江|句容市	China|Jiangsu|Zhenjiang|Jurong
中国|浙江|衢州|衢江区	China|Zhejiang|Quzhou|Qujiang
中国|重庆|重庆|綦江区	China|Chongqing|Chongqing|Qijiang
中国|福建|三明|建宁县	China|Fujian|Sanming|Jianning
中国|重庆|重庆|大渡口区	China|Chongqing|Chongqing|Dadukou
中国|安徽|池州|贵池区	China|Anhui|Chizhou|Guichi
中国|宁夏|银川|贺兰县	China|Ningxia|Yinchuan|Helan
中国|河北|石家庄|平山县	China|Hebei|Shijiazhuang|Pingshan
韩国|京畿道|水原市|	South Korea|Gyeonggi|Suwon|
中国|宁夏|固原|西吉县	China|Ningxia|Guyuan|Xiji
中国|重庆|重庆|酉阳土家族苗族自治县	China|Chongqing|Chongqing|Youyang Tujia and Miao Autonomous County
中国|浙江|湖州|吴兴区	China|Zhejiang|Huzhou|Wuxing
中国|重庆|重庆|长寿区	China|Chongqing|Chongqing|Changshou
中国|江苏|徐州|贾汪区	China|Jiangsu|Xuzhou|Jiawang
中国|重庆|重庆|沙坪坝区陈家湾	China|Chongqing|Chongqing|Shapingba Chenjiawan
中国|山东|潍坊临朐|	China|Shandong|Linqu|
中国|陕西|咸阳|秦都区	China|Shaanxi|Xianyang|Qindu
中国|陕西|安康|紫阳县	China|Shaanxi|Ankang|Ziyang
中国|宁夏|银川|永宁县	China|Ningxia|Yinchuan|Yongning
中国|陕西|宝鸡|金台区	China|Shaanxi|Baoji|Jintai
中国|陕西|铜川|耀州区	China|Shaanxi|Tongchuan|Yaozhou
中国|陕西|安康|汉滨区	China|Shaanxi|Ankang|Hanbin
中国|江苏|镇江|扬中市	China|Jiangsu|Zhenjiang|Yangzhong
中国|甘肃|庆阳|合水县	China|Gansu|Qingyang|Heshui
中国|陕西|汉中|汉台区	China|Shaanxi|Hanzhong|Hantai
中国|宁夏|固原|泾源县	China|Ningxia|Guyuan|Jingyuan
中国|陕西|榆林|神木市	China|Shaanxi|Yulin|Shenmu
中国|河北|保定|曲阳县	China|Hebei|Baoding|Quyang
中国|青海|黄南|同仁市	China|Qinghai|Huangnan|Tongren
中国|湖北|黄冈|团风县	China|Hubei|Huanggang|Tuanfeng
中国|湖北|咸宁|通城县	China|Hubei|Xianning|Tongcheng
中国|黑龙江|齐齐哈尔|龙沙区	China|Heilongjiang|Qiqihar|Longsha
中国|黑龙江|齐齐哈尔|铁锋区	China|Heilongjiang|Qiqihar|Tiefeng
中国|河南|濮阳|台前县	China|Henan|Puyang|Taiqian
中国|湖北|黄冈|浠水县	China|Hubei|Huanggang|Xishui
中国|河南|濮阳|范县	China|Henan|Puyang|Fan
中国|湖北|孝感|云梦县	China|Hubei|Xiaogan|Yunmeng
中国|湖北|黄冈|蕲春县漕河镇	China|Hubei|Huanggang|Qichun
中国|陕西|铜川|王益区	China|Shaanxi|Tongchuan|Wangyi
中国|湖北|荆州|石首市	China|Hubei|Jingzhou|Shishou
中国|吉林|吉林|桦甸市	China|Jilin|Jilin|Huadian
中国|湖北|荆州|西门外	China|Hubei|Jingzhou|Ximenwai
中国|黑龙江|七台河|新兴区	China|Heilongjiang|Qitaihe|Xinxing
中国|湖北|宜昌|秭归县	China|Hubei|Yichang|Zigui
中国|广东|湛江|徐闻县	China|Guangdong|Zhanjiang|Xuwen
中国|陕西|榆林|定边县	China|Shaanxi|Yulin|Dingbian
中国|陕西|榆林|靖边县	China|Shaanxi|Yulin|Jingbian
中国|内蒙古|包头|青山区	China|Inner Mongolia|Baotou|Qingshan
中国|湖北|十堰|丹江口市	China|Hubei|Shiyan|Danjiangkou
中国|湖北|天门|文化市场	China|Hubei|Tianmen|Wenhua Market
中国|内蒙古|兴安|扎赉特旗	China|Inner Mongolia|Hinggan|Jalaid Banner
中国|陕西|榆林|绥德县	China|Shaanxi|Yulin|Suide
中国|四川|成都|锦江区	China|Sichuan|Chengdu|Jinjiang
中国|四川|凉山|西昌市	China|Sichuan|Liangshan|Xichang
中国|黑龙江|齐齐哈尔|富拉尔基区	China|Heilongjiang|Qiqihar|Fulaerji
中国|广东|梅州|梅江区	China|Guangdong|Meizhou|Meijiang
中国|四川|成都|青白江区	China|Sichuan|Chengdu|Qingbaijiang
中国|广东|汕头|金平区	China|Guangdong|Shantou|Jinping
中国|四川|内江|资中县	China|Sichuan|Neijiang|Zizhong
中国|广东|汕头|龙湖区	China|Guangdong|Shantou|Longhu
中国|吉林|长春|二道区	China|Jilin|Changchun|Erdao
中国|广东|惠州|惠阳区淡水镇	China|Guangdong|Huizhou|Danshui Town
中国|新疆|乌鲁木齐|天山区	China|Xinjiang|Urumqi|Tianshan
中国|广东|汕头|濠江区	China|Guangdong|Shantou|Haojiang
中国|四川|绵阳|涪城区	China|Sichuan|Mianyang|Fucheng
中国|广东|茂名|电白区	China|Guangdong|Maoming|Dianbai
中国|广西|玉林|北流市	China|Guangxi|Yulin|Beiliu
中国|广西|百色|德保县	China|Guangxi|Baise|Debao
中国|广东|清远|连州市	China|Guangdong|Qingyuan|Lianzhou
中国|吉林|吉林|昌邑区	China|Jilin|Jilin|Changyi
中国|北京|北京|顺义区	China|Beijing|Beijing|Shunyi
中国|吉林|吉林|永吉县	China|Jilin|Jilin|Yongji
中国|广东|河源|连平县	China|Guangdong|Heyuan|Lianping
中国|广东|揭阳|揭西县	China|Guangdong|Jieyang|Jiexi
中国|广东|梅州|五华县	China|Guangdong|Meizhou|Wuhua
中国|广东|揭阳|榕城区	China|Guangdong|Jieyang|Rongcheng
中国|陕西|渭南|富平县	China|Shaanxi|Weinan|Fuping
中国|陕西|渭南|大荔县	China|Shaanxi|Weinan|Dali
中国|吉林|白山|临江市	China|Jilin|Baishan|Linjiang
中国|陕西|渭南|澄城县	China|Shaanxi|Weinan|Chengcheng
中国|陕西|渭南|临渭区	China|Shaanxi|Weinan|Linwei
中国|陕西|渭南|潼关县	China|Shaanxi|Weinan|Pucheng
中国|广西|柳州|融水苗族自治县	China|Guangxi|Liuzhou|Rongshui Miao Autonomous County
中国|浙江|温州|平阳县水头镇	China|Zhejiang|Wenzhou|Shuitou
中国|陕西|汉中|南郑区	China|Shaanxi|Hanzhong|Nanzheng
中国|陕西|榆林|府谷县	China|Shaanxi|Yulin|Fugu
中国|福建|福州|晋安区	China|Fujian|Fuzhou|Jin'an
中国|陕西|安康|旬阳市	China|Shaanxi|Ankang|Xunyang
中国|广东|湛江|霞山区	China|Guangdong|Zhanjiang|Xiashan
中国|湖南|益阳|桃江县	China|Hunan|Yiyang|Taojiang
中国|陕西|宝鸡|岐山县	China|Shaanxi|Baoji|Qishan
中国|浙江|台州|三门县海游镇	China|Zhejiang|Taizhou|Haiyou
中国|江苏|苏州|姑苏区	China|Jiangsu|Suzhou|Gusu
中国|四川|成都|青羊区	China|Sichuan|Chengdu|Qingyang
中国|四川|绵阳|三台县	China|Sichuan|Mianyang|Santai
中国|四川|绵阳|梓潼县	China|Sichuan|Mianyang|Zitong
中国|四川|成都|都江堰市	China|Sichuan|Chengdu|Dujiangyan
中国|广东|东莞凤岗镇雁田村水贝村|	China|Guangdong|Yantian Village, Shuibei Village, Fenggang Town, Dongguan|
中国|四川|德阳|什邡市	China|Sichuan|Deyang|Shifang
中国|浙江|舟山|岱山县	China|Zhejiang|Zhoushan|Daishan
中国|四川|绵阳|江油市	China|Sichuan|Mianyang|Jiangyou
中国|四川|内江|隆昌市	China|Sichuan|Neijiang|Longchang
中国|山东|东营|广饶县	China|Shandong|Dongying|Guangrao
中国|四川|成都|金牛区	China|Sichuan|Chengdu|Jinniu
中国|福建|宁德|屏南县	China|Fujian|Ningde|Pingnan
中国|四川|绵阳|盐亭县	China|Sichuan|Mianyang|Yanting
中国|四川|绵阳|游仙区	China|Sichuan|Mianyang|Youxian
中国|四川|德阳|广汉市	China|Sichuan|Deyang|Guanghan
中国|江苏|南通|通州区	China|Jiangsu|Nantong|Tongzhou
中国|陕西|汉中|城固县	China|Shaanxi|Hanzhong|Chenggu
中国|上海|上海|崇明区	China|Shanghai|Shanghai|Chongming
中国|江苏|镇江|京口区	China|Jiangsu|Zhenjiang|Jingkou
中国|四川|南充|嘉陵区	China|Sichuan|Nanchong|Jialing
中国|四川|乐山|五通桥区	China|Sichuan|Leshan|Wutongqiao
中国|四川|乐山|井研县	China|Sichuan|Leshan|Jingyan
中国|四川|乐山|市中区	China|Sichuan|Leshan|Shizhong
中国|福建|福州|罗源县	China|Fujian|Fuzhou|Luoyuan
中国|四川|乐山|马边彝族自治县	China|Sichuan|Leshan|Mabian Yi Autonomous County
中国|四川|内江|威远县	China|Sichuan|Neijiang|Weiyuan
中国|四川|攀枝花|仁和区	China|Sichuan|Panzhihua|Renhe
中国|四川|雅安|荥经县	China|Sichuan|Ya'an|Yingjing
中国|四川|眉山彭山县|	China|Sichuan|Meishan Pengshan|
中国|北京|北京|西城区	China|Beijing|Beijing|Xicheng
中国|四川|南充|顺庆区	China|Sichuan|Nanchong|Shunqing
中国|四川|乐山|犍为县	China|Sichuan|Leshan|Qianwei
中国|四川|南充|南部县	China|Sichuan|Nanchong|Nanbu
中国|四川|内江|东兴区	China|Sichuan|Neijiang|Dongxing
中国|黑龙江|佳木斯|同江市	China|Heilongjiang|Jiamusi|Tongjiang
中国|河南|周口|项城市	China|Henan|Zhoukou|Xiangcheng
中国|四川|德阳|绵竹市	China|Sichuan|Deyang|Mianzhu
中国|四川|广安|华蓥市	China|Sichuan|Guang'an|Huaying
中国|四川|自贡|荣县	China|Sichuan|Zigong|Rongxian
中国|河南|周口|太康县	China|Henan|Zhoukou|Taikang
中国|四川|广安|武胜县	China|Sichuan|Guang'an|Wusheng
中国|江苏|无锡|梁溪区	China|Jiangsu|Wuxi|Liangxi
中国|云南|德宏|瑞丽市	China|Yunnan|Dehong|Ruili
中国|四川|广安|广安区	China|Sichuan|Guang'an|Guang'an
中国|重庆|重庆|云阳县	China|Chongqing|Chongqing|Yunyang
中国|河北|保定|唐县	China|Hebei|Baoding|Tang
中国|重庆|重庆|奉节县	China|Chongqing|Chongqing|Fengjie
中国|贵州|安顺|普定县	China|Guizhou|Anshun|Puding
中国|四川|甘孜|康定市	China|Sichuan|Ganzi|Kangding
中国|重庆|重庆|铜梁区	China|Chongqing|Chongqing|Tongliang
中国|四川|雅安|雨城区	China|Sichuan|Ya'an|Yucheng
中国|吉林|白山|抚松县	China|Jilin|Baishan|Fusong County
中国|四川|广元|利州区	China|Sichuan|Guangyuan|Lizhou
中国|吉林|白山|江源区	China|Jilin|Baishan|Jiangyuan
中国|四川|广安|邻水县	China|Sichuan|Guang'an|Linshui
中国|吉林|四平|双辽市	China|Jilin|Siping|Shuangliao
中国|黑龙江|哈尔滨|呼兰区	China|Heilongjiang|Harbin|Hulan
中国|河北|保定|蠡县	China|Hebei|Baoding|Lixian
中国|江苏|淮安|清江浦区	China|Jiangsu|Huai'an|Qingjiangpu
中国|黑龙江|佳木斯富锦|	China|Heilongjiang|Jiamusi|
中国|重庆|重庆|巫溪县	China|Chongqing|Chongqing|Wuxi
中国|四川|乐山|峨眉山市	China|Sichuan|Leshan|Emeishan
中国|云南|楚雄|楚雄市	China|Yunnan|Chuxiong|Chuxiong
中国|云南|昭通|巧家县	China|Yunnan|Zhaotong|Qiaojia
中国|云南|文山|富宁县	China|Yunnan|Wenshan|Funing
中国|重庆|重庆渝北工业园区|	China|Chongqing|Yubei Industrial Park|
中国|黑龙江|双鸭山|尖山区	China|Heilongjiang|Shuangyashan|Jianshan
中国|黑龙江|伊春|嘉荫县	China|Heilongjiang|Yichun|Jiayin
中国|黑龙江|伊春乌伊岭区|	China|Heilongjiang|Wuyiling|
中国|云南|迪庆|香格里拉市	China|Yunnan|Diqing|Shangri-La
中国|山东|烟台长岛县|	China|Shandong|Yantai Changdao|
中国|黑龙江|伊春|丰林县	China|Heilongjiang|Yichun|Fenglin
中国|河南|郑州|中牟县	China|Henan|Zhengzhou|Zhongmu
中国|云南|昭通|盐津县	China|Yunnan|Zhaotong|Yanjin
中国|甘肃|兰州|西固区	China|Gansu|Lanzhou|Xigu
中国|云南怒江市兰坪县||	China|Lanping||
中国|云南|文山|文山市	China|Yunnan|Wenshan|Wenshan
中国|河南|新乡|红旗区	China|Henan|Xinxiang|Hongqi
中国|云南|怒江|兰坪白族普米族自治县	China|Yunnan|Nujiang|Lanping
中国|甘肃|兰州|永登县	China|Gansu|Lanzhou|Yongdeng
中国|黑龙江|佳木斯|富锦市	China|Heilongjiang|Jiamusi|Fujin
中国|山东|日照|东港区	China|Shandong|Rizhao|Donggang
中国|云南|玉溪|华宁县	China|Yunnan|Yuxi|Huaning
中国|河南|新乡|封丘县	China|Henan|Xinxiang|Fengqiu
中国|黑龙江|七台河|桃山区	China|Heilongjiang|Qitaihe|Taoshan
中国|云南|昭通|鲁甸县	China|Yunnan|Zhaotong|Luquan
中国|河南|安阳|安阳县	China|Henan|Anyang|Anyang
中国|甘肃|兰州|红古区	China|Gansu|Lanzhou|Honggu
中国|江苏|徐州|丰县	China|Jiangsu|Xuzhou|Feng
中国|黑龙江|牡丹江|绥芬河市	China|Heilongjiang|Mudanjiang|Suifenhe
中国|甘肃|兰州|榆中县	China|Gansu|Lanzhou|Yuzhong
中国|甘肃|白银|白银区白银区	China|Gansu|Baiyin|Baiyin District
中国|甘肃|兰州西关区|	China|Gansu|Xiguan|
中国|甘肃|兰州|皋兰县	China|Gansu|Lanzhou|Gaolan
中国|甘肃|白银|景泰县	China|Gansu|Baiyin|Jingtai
中国|甘肃|天水|清水县	China|Gansu|Tianshui|Qingshui
中国|甘肃|天水|麦积区	China|Gansu|Tianshui|Maiji
中国|江西|上饶|广信区	China|Jiangxi|Shangrao|Guangxin
中国|浙江|温州|平阳县熬江镇	China|Zhejiang|Wenzhou|Aojiang
中国|江西|赣州|赣县区	China|Jiangxi|Ganzhou|Ganxian
中国|江西|上饶|婺源县	China|Jiangxi|Shangrao|Wuyuan
中国|浙江|绍兴|越城区	China|Zhejiang|Shaoxing|Yuecheng
中国|甘肃|白银|白银区	China|Gansu|Baiyin|Baiyin
中国|山东|烟台|莱山区	China|Shandong|Yantai|Laishan
中国|江西|吉安|吉安县	China|Jiangxi|Ji'an|Ji'an
中国|甘肃|甘南|舟曲县	China|Gansu|Gannan|Zhouqu
中国|江西|抚州|宜黄县	China|Jiangxi|Fuzhou|Yihuang
中国|黑龙江|双鸭山|集贤县	China|Heilongjiang|Shuangyashan|Jixian
中国|浙江|温州|平阳县龙港镇	China|Zhejiang|Wenzhou|Pingyang Longgang
中国|湖北|宜昌|枝江市	China|Hubei|Yichang|Zhijiang
中国|湖北|十堰|房县	China|Hubei|Shiyan|Fangxian
中国|黑龙江|鹤岗|宝泉岭垦区	China|Heilongjiang|Hegang|Baoquanling
中国|江西|萍乡|上栗县	China|Jiangxi|Pingxiang|Shangli
中国|黑龙江|伊春南岔区|	China|Heilongjiang|Yichun Nancha District|
中国|甘肃|临夏|康乐县	China|Gansu|Linxia|Kangle
中国|河北|张家口明德北|	China|Hebei|Zhangjiakou Mingde North|
中国|甘肃|张掖|高台县	China|Gansu|Zhangye|Gaotai
中国|黑龙江|齐齐哈尔|甘南县	China|Heilongjiang|Qiqihar|Gannan
中国|江西|赣州|瑞金市	China|Jiangxi|Ganzhou|Ruijin
中国|黑龙江|牡丹江|宁安市	China|Heilongjiang|Mudanjiang|Ning'an
中国|江西|赣州|于都县	China|Jiangxi|Ganzhou|Yudu
中国|黑龙江|哈尔滨|平房区	China|Heilongjiang|Harbin|Pingfang
中国|陕西|延安|洛川县	China|Shaanxi|Yan'an|Luochuan
中国|河北|沧州|泊头市	China|Hebei|Cangzhou|Botou
中国|湖北|恩施|巴东县	China|Hubei|Enshi|Badong
中国|湖北|荆门|东宝区	China|Hubei|Jingmen|Dongbao
中国|山东|日照石臼|	China|Shandong|Rizhao Shijiu|
中国|陕西|咸阳|三原县	China|Shaanxi|Xianyang|Sanyuan
中国|陕西|咸阳|礼泉县	China|Shaanxi|Xianyang|Liquan
中国|陕西|延安|富县	China|Shaanxi|Yan'an|Fuxian
中国|陕西|延安|志丹县	China|Shaanxi|Yan'an|Zhidan
中国|湖北|十堰|丹江口市郧阳师专	China|Hubei|Shiyan|Danjiangkou
中国|湖北|十堰|竹山县	China|Hubei|Shiyan|Zhushan
中国|湖北|宜昌|当阳市	China|Hubei|Yichang|Dangyang
中国|陕西|宝鸡|麟游县	China|Shaanxi|Baoji|Linyou
中国|湖北|宜昌|宜都市	China|Hubei|Yichang|Yidu
中国|湖北|恩施|来凤县	China|Hubei|Enshi|Laifeng
中国|湖北|黄冈|英山县	China|Hubei|Huanggang|Yingshan
中国|黑龙江|齐齐哈尔|碾子山区	China|Heilongjiang|Qiqihar|Ang'angxi
中国|陕西|汉中|镇巴县	China|Shaanxi|Hanzhong|Zhenba
中国|陕西|咸阳|渭城区	China|Shaanxi|Xianyang|Weicheng
中国|陕西|咸阳|武功县	China|Shaanxi|Xianyang|Wugong
中国|陕西|延安|宝塔区	China|Shaanxi|Yan'an|Baota
中国|陕西|宝鸡|扶风县	China|Shaanxi|Baoji|Fufeng
中国|陕西|安康|平利县	China|Shaanxi|Ankang|Pingli
中国|湖北|恩施|利川市	China|Hubei|Enshi|Lichuan
重庆工学院|||	Chongqing Institute of Technology|||
中国|陕西|汉中|略阳县	China|Shaanxi|Hanzhong|Lueyang
中国|陕西|铜川|宜君县	China|Shaanxi|Tongchuan|Yijun
中国|海南|东方/五指山市电信|	China|Hainan|Dongfang|
中国|湖南|长沙|开福区	China|Hunan|Changsha|Kaifu
中国|陕西|西安|碑林区	China|Shaanxi|Xi'an|Beilin
中国|湖南|郴州|宜章县	China|Hunan|Chenzhou|Yizhang
中国|湖南|怀化|麻阳苗族自治县	China|Hunan|Huaihua|Mayang Miao Autonomous
中国|湖南|益阳|南县	China|Hunan|Yiyang|Nanxian
中国|陕西|商洛|山阳县	China|Shaanxi|Shangluo|Shanyang
中国|湖南|岳阳|华容县	China|Hunan|Yueyang|Huamgrong
中国|陕西|西安|蓝田县	China|Shaanxi|Xi'an|Lantian
中国|四川|达州|万源市	China|Sichuan|Dazhou|Wanyuan
中国|重庆|重庆九龙破区|	China|Chongqing|Jiulongpo|
中国|陕西|宝鸡|太白县	China|Shaanxi|Baoji|Taibai
中国|陕西|咸阳|乾县	China|Shaanxi|Xianyang|Qianxian
中国|陕西|商洛|商州区	China|Shaanxi|Shangluo|Shangzhou
中国|四川|攀枝花|米易县	China|Sichuan|Panzhihua|Miyi
中国|陕西|渭南|蒲城县	China|Shaanxi|Weinan|Pucheng
中国|贵州|遵义|赤水市	China|Guizhou|Zunyi|Chishui
中国|四川|宜宾|江安县	China|Sichuan|Yibin|Jiang'an
中国|四川|宜宾|南溪区	China|Sichuan|Yibin|Nanxi
中国|四川|达州|大竹县	China|Sichuan|Dazhou|Dazhu
中国|贵州|铜仁|德江县	China|Guizhou|Tongren|Dejiang
中国|四川|南充|营山县	China|Sichuan|Nanchong|Yingshan
中国|湖南|怀化|鹤城区	China|Hunan|Huaihua|Hecheng
中国|湖南|郴州|资兴市	China|Hunan|Chenzhou|Zixing
中国|陕西|咸阳|杨陵区	China|Shaanxi|Xianyang|Yangling
中国|湖南|张家界|慈利县	China|Hunan|Zhangjiajie|Cili
中国|四川|南充|阆中市	China|Sichuan|Nanchong|Langzhong
中国|贵州|毕节|黔西市	China|Guizhou|Bijie|Qianxi
中国|四川|南充|蓬安县	China|Sichuan|Nanchong|Pengan
中国|湖南|郴州|苏仙区	China|Hunan|Chenzhou|Suxian
中国|四川|南充|西充县	China|Sichuan|Nanchong|Xichong
中国|贵州|安顺|平坝区	China|Guizhou|Anshun|Pingba
中国|四川|宜宾|高县	China|Sichuan|Yibin|Gao
中国|台湾|基隆|	China|Taiwan|Keelung|
中国|湖南|郴州|永兴县	China|Hunan|Chenzhou|Yongxing
中国|新疆|博尔塔拉|博乐市	China|Xinjiang|Bortala|Bole
中国|安徽|芜湖|镜湖区	China|Anhui|Wuhu|Jinghu
中国|贵州|黔西南|贞丰县	China|Guizhou|Qianxinan|Zhenfeng
中国|山东|枣庄|市中区	China|Shandong|Zaozhuang|Shizhong
中国|青海|海西|格尔木市	China|Qinghai|Haixi|Golmud
中国|湖南|岳阳|汨罗市	China|Hunan|Yueyang|Miluo
中国|贵州|毕节|金沙县	China|Guizhou|Bijie|Jinsha
中国|新疆|博尔塔拉|精河县	China|Xinjiang|Bortala|Jinghe
中国|四川|宜宾|屏山县	China|Sichuan|Yibin|Pingshan
中国|湖南|郴州|嘉禾县	China|Hunan|Chenzhou|Jiahe
中国|湖南|怀化|靖州苗族侗族自治县	China|Hunan|Huaihua|Jingzhou Miao and Dong Autonomous County
中国|贵州|黔南|独山县	China|Guizhou|Qiannan|Dushan
中国|四川|泸州|泸县	China|Sichuan|Luzhou|Lu
中国|四川|南充|高坪区	China|Sichuan|Nanchong|Gaoping
中国|湖南|永州|蓝山县	China|Hunan|Yongzhou|Lanshan
中国|吉林|长春|宽城区	China|Jilin|Changchun|Kuancheng
中国|湖南|怀化|中方县	China|Hunan|Huaihua|Zhongfang
中国|贵州|铜仁|印江土家族苗族自治县	China|Guizhou|Tongren|Yinjiang Tujia and Miao Autonomous County
中国|甘肃|庆阳|华池县	China|Gansu|Qingyang|Huachi
中国|江西|吉安|永丰县	China|Jiangxi|Ji'an|Yongfeng
中国|广西|桂林|荔浦市	China|Guangxi|Guilin|Lipu
中国|山西|吕梁|交城县	China|Shanxi|Lüliang|Jiaocheng
中国|山东|日照|莒县	China|Shandong|Rizhao|Juxian
中国|广西|防城港|	China|Guangxi|Fangchenggang|
中国|湖南|邵阳|洞口县	China|Hunan|Shaoyang|Dongkou
中国|河南|濮阳|濮阳县	China|Henan|Puyang|Puyang
中国|广西|桂林|兴安县	China|Guangxi|Guilin|Xing'an
中国|河南|开封开封县|	China|Henan|Kaifeng|
中国|黑龙江|齐齐哈尔铁东区|	China|Heilongjiang|Tiedong|
中国|山西|吕梁|文水县	China|Shanxi|Lvliang|Wenshui
中国|吉林|吉林市光华路|	China|Jilin|Guanghua Road|
中国|黑龙江|哈尔滨|阿城区	China|Heilongjiang|Harbin|Acheng
中国|湖北|天门|皂市镇	China|Hubei|Tianmen|Zaoshi Town
中国|吉林|四平|梨树县	China|Jilin|Siping|Lishu
中国|广西|桂林|阳朔县	China|Guangxi|Guilin|Yangshuo
中国|新疆乌鲁木齐||	China|Urumqi||
中国|吉林|白城|大安市	China|Jilin|Baicheng|Da'an
中国|吉林|吉林|舒兰市	China|Jilin|Jilin|Shulan
中国|湖南|湘西|吉首市峒河	China|Hunan|Xiangxi|Jishou
中国|吉林|长春|榆树市	China|Jilin|Changchun|Yushu
英国|威尔士||	United Kingdom|Wales||
中国|吉林|白山松江河地区|	China|Jilin|Baishan-Songjianghe|
中国|吉林|通化二道江|	China|Jilin|Tonghua Erdaojiang|
美国|北卡罗来纳州|布伦瑞克|纳瓦萨	United States|North Carolina|Brunswick|Navassa
中国|吉林|通化|柳河县	China|Jilin|Tonghua|Liuhe
英国|苏格兰|邓迪|	United Kingdom|Scotland|Dundee|
葡萄牙|圣塔伦区|康斯坦西亚|	Portugal|Setubal|Constancia|
爱沙尼亚|塔尔图县|塔尔图|	Estonia|Tartu County|Tartu|
美国|北卡罗来纳州|新汉诺威|卡罗来纳海滩	United States|North Carolina|New Hanover|Carolina Beach
约旦|亚喀巴省|亚喀巴|	Jordan|Akaba|Aqaba|
俄罗斯|斯维尔德洛夫斯克州|叶卡捷琳堡|	Russia|Sverdlovsk|Yekaterinburg|
英国|英格兰|牛津郡|白马谷	United Kingdom|England|Oxfordshire|White Horse Valley
意大利|伦巴第|布雷西亚|	Italy|Lombardy|Brescia|
英国|英格兰|达勒姆郡|彼得利	United Kingdom|England|Durham|Peterlee
荷兰|海尔德兰省|阿纳姆|	Netherlands|Flevoland|Almere|
美国|蒙大拿州|林肯|利比	United States|Montana|Lincoln|Libby
英国|英格兰|西密德兰郡|伍尔弗汉普顿	United Kingdom|England|West Midlands|Wolverhampton
安道尔|安道尔城|安道尔城|	Andalucia|Andalucia City|Andalucia City|
马恩岛|道格拉斯||	Mauen Island|Dauglas||
巴西|米纳斯吉拉斯州|圣卢西亚|	Brazil|Minas Gerais|Santos Lucianos|
巴哈马|新普罗维登斯岛|拿骚|	Bahamas|New Providence|Nassau|
意大利|托斯卡纳|普拉托|	Italy|Tuscany|Prato|
百慕大|||	Baimuda|||
英国|英格兰|诺丁汉|诺丁汉	United Kingdom|England|Nottingham|Nottingham
法国|大东部|默尔特－摩泽尔|南锡	France|Grand Est|Moselle|Nancy
蒙古|乌兰巴托市|乌兰巴托市|	Mongolia|Ulaanbaatar|Ulaanbaatar|
美国|马里兰州|安妮阿伦德尔|汉诺威	United States|Maryland|Annapolis|Hanover
爱沙尼亚|东维鲁县|纳尔瓦|	Esoniya|Jõgeva County|Narva|
伊朗|德黑兰省|德黑兰|	Iran|Tehran|Tehran|
阿尔及利亚|阿尔及尔省|西迪·穆罕默德县|阿尔及尔	Algeria|Algiers|Sidi M'Hamed|Algiers
列支敦士登|瓦杜兹||	Liechtenstein|Vaduz||
福克兰群岛|||	Falkland Islands|||
美国|加利福尼亚州|阿马多尔|松树林	United States|California|Amador|Pine Grove
美国|印第安纳州||	United States|Indiana||
美国|乔治亚州|哈里斯|西点	USA|Georgia|Harris|West Point
美国|宾夕法尼亚州|米夫林县|刘易斯敦	United States|Pennsylvania|Mifflin|Lewistown
特克斯和凯科斯群岛|||	Texas and Caycos Islands|||
美国|艾奥瓦州|杰佛逊县|费尔菲尔德	United States|Iowa|Jefferson County|Fairfield
美国|华盛顿州|金|肯莫尔	United States|Washington|King|Kenmore
美国|宾夕法尼亚州|切斯特县|特雷迪夫林	United States|Pennsylvania|Chester|Tredyffrin
文莱|摩拉县|斯里巴加湾市|	Moulay|Morra|Sribagawan|
美国|艾奥瓦州|琼斯县|蒙蒂塞洛	United States|Iowa|Johnson|Monticello
英国|英格兰|约克|约克	United Kingdom|England|York|York
美国|印第安纳州|迪尔伯恩|格林代尔	United States|Indiana|Dyer|Griffith
意大利|坎帕尼亚|那不勒斯|	Italy|Campania|Naples|
美国|密歇根州|韦恩|诺斯维尔	United States|Michigan|Wayne|Novi
美国|佛罗里达州|迈阿密－戴德县|米德丽	United States|Florida|Miami-Dade|Miami
美国|俄克拉荷马州|克里夫兰|诺曼	United States|Oklahoma|Cleveland|Norman
美国|犹他州|戴维斯|克利尔菲尔	United States|Utah|Davis|Clearfield
美国|宾夕法尼亚州|富兰克林县|谢迪格罗夫	United States|Pennsylvania|Franklin|Chambersburg
不丹|廷布宗||	Budan|Tingbo Dzong||
印度|拉贾斯坦邦|斋浦尔县|	India|Rajasthan|Jhunjhunu|
美国|马萨诸塞州|伍斯特县|威斯敏斯特	United States|Massachusetts|Worcester|Westminster
美国|新泽西州|蒙茅斯|丁顿福尔斯	United States|New Jersey|Montclair|Dingdong Falls
美国|华盛顿州|霍特科姆|贝灵厄姆	United States|Washington|Whatcom|Bellingham
美国|艾奥瓦州|马斯卡廷县|西利伯蒂	United States|Iowa|Muscatine|West Liberty
美国|伊利诺伊州|尚佩恩|厄巴纳	United States|Illinois|Champaign|Urbana
加拿大|新不伦瑞克省|威斯特摩兰|蒙克顿	Canada|New Brunswick|Westermlon|Moncton
美国|新泽西州|博根|里奇菲尔德帕克	United States|New Jersey|Bergen|Richfield Park
美国|新泽西州|伯灵顿|伯灵顿	United States|New Jersey|Burlington|Burlington
美国|伊利诺伊州|库克|	United States|Illinois|Cook|
美国|俄亥俄州|卢卡斯县|西尔瓦尼亚	United States|Ohio|Lucas|Sylvania
美国|南卡罗来纳州||	United States|South Carolina||
美国小离岛|||	United States Minor Outlying Islands|||
美国|加利福尼亚州|橙|拉哈布拉	United States|California|Orange|La Habra
美国|俄克拉荷马州||	United States|Oklahoma||
美国|田纳西州|华盛顿县|约翰逊城	United States|Tennessee|Washington|Johnson City
加拿大|不列颠哥伦比亚省||	Canada|British Columbia||
美国|犹他州||	United States|Utah||
美国|新泽西州|艾塞克斯|贝尔维尔	United States|New Jersey|Essex|Belleville
美国|弗吉尼亚州|罗亚诺克县|	United States|Virginia|Roanoke|
美国|威斯康星州||	United States|Wisconsin||
美国|宾夕法尼亚州|斯库尔基尔县|弗拉克维尔	United States|Pennsylvania|Schuylkill|Frackville
美国|俄亥俄州|富兰克林县|杰斐逊	United States|Ohio|Franklin|Jefferson
美国|夏威夷州||	United States|Hawaii||
美国|威斯康星州|奥康托县|奥康托	US|Wisconsin|Oconto County|Oconto
美国|俄亥俄州|洛根县|	United States|Ohio|Logan|
美国|加利福尼亚州|克恩|弗雷泽公园	United States|California|Kern|Frazier Park
美国|密西西比州|杰克逊县|海伦娜	United States|Mississippi|Jackson|Helena
美国|肯塔基州|奥尔德姆县|巴克纳	United States|Kentucky|Oldham|Buckner
美国|爱达荷州|库特奈县|拉特鲁姆	United States|Idaho|Kootenai|Rathdrum
美国|俄亥俄州|费尔菲尔德县|皮克灵顿	United States|Ohio|Fairfield County|Pickerington
美国|印第安纳州|斯科特|斯科茨堡	USA|Indiana|Scott|Scottsburg
美国|俄亥俄州|费尔菲尔德县|雷诺斯堡	United States|Ohio|Fairfield|Reynoldsburg
美国|纽约州|特拉华|西德尼	United States|New York|Troy|West End
美国|俄勒冈州|克拉克默斯县|西林	United States|Oregon|Clackamas|West Linn
美国|俄亥俄州|罗蓝县|阿默斯特	United States|Ohio|Lorain|Amherst
美国|爱达荷州|拉特县|肯德里克	United States|Idaho|Latah|Kendrick
美国|纽约州|奥兰治|门罗	United States|New York|Orleans|Monroe
美国|威斯康星州|拉克罗斯县|拉克罗斯	United States|Wisconsin|La Crosse|La Crosse
美国|加利福尼亚州|圣迭戈|欧申赛德	United States|California|San Diego|Oceanside
百慕大群岛|哈密尔顿区||	Bamu Islands|Hamilton||
美国|俄亥俄州|亚当斯县|西曼	United States|Ohio|Adams|West Union
美国|肯塔基州|麦克莱恩县|利佛摩	United States|Kentucky|McLean|Livermore
美国|佛罗里达州|马纳蒂县|莱克伍德牧场	United States|Florida|Manatee|Myakka City
美国|田纳西州|吉布森县|卢瑟福	United States|Tennessee|Gibson|Rutherford
美国|肯塔基州|亨德森县|	United States|Kentucky|Henderson|
美国|肯塔基州|川波县|贝德福德	United States|Kentucky|Campbell|Belleview
美国|印第安纳州|谢尔比|谢尔比维尔	USA|Indiana|Shelbyville|Shelbyville
美国|肯塔基州|亨德森县|科里登	United States|Kentucky|Henderson|Corydon
摩洛哥|东部大区|乌季达－安加得省|乌季达	Morocco|Eastern Region|Oujda-Angad|Oujda
美国|伊利诺伊州|莱克|林肯郡	United States|Illinois|Lake|Lincoln
美国|南达科他州|布鲁金斯县|布鲁金斯	United States|South Dakota|Brukins|Brukins
美国|纽约州|圣罗伦斯|尼科尔维尔	United States|New York|Saint Lawrence|Nicole
美国|佛罗里达州|帕斯科县|戴德市	United States|Florida|Pasco|Dade City
美国|堪萨斯州|约翰逊县|德索托	United States|Kansas|Johnson|De Soto
丹麦|首都大区|霍耶|措斯楚普	Denmark|Capital Region|Høje-Taastrup|Taastrup
美国|爱达荷州|拉特县|特洛伊	United States|Idaho|Latah|Troy
中国|香港|新界|葵青区	China|Hong Kong|New Territories|Kwai Tsing
美国|俄亥俄州|富兰克林县|莱克利克	United States|Ohio|Franklin|Licklik
美国|马萨诸塞州||	United States|Massachusetts||
美国|新泽西州|摩里斯|登维尔镇区	United States|New Jersey|Morris|Denville Township
美国|俄亥俄州|普特南县|渥太华	United States|Ohio|Putnam|Ottawa
美国|俄亥俄州|匹克威县|东方	United States|Ohio|Pike|Orient
美国|俄亥俄州|麦迪逊县|平原市	United States|Ohio|Medina|Plain City
美国|阿肯色州||	United States|Arkansas||
美国|佛罗里达州|帕斯科县|泽弗希尔斯	United States|Florida|๐Pasco|Zephyrhills
美国|爱达荷州|拉特县|朱丽叶塔	United States|Idaho|Latah|Julietta
美国|南卡罗来纳州|杰斯帕县|哈迪维尔	United States|South Carolina|Jasper|Hardeeville
美国|北卡罗来纳州|韦克|泽比伦	United States|North Carolina|Wake|Zebulon
美国|肯塔基州|俄亥俄县|比弗丹	United States|Kentucky|Ohio|Beaverdam
美国|华盛顿州|金|博瑟尔	United States|Washington|King|Bothell
美国|宾夕法尼亚州|特拉华县|宾夕法尼亚康科德	United States|Pennsylvania|Tioga|Benedict
美国|肯塔基州|哈丁县|拉德克里夫	United States|Kentucky|Harlan|Radcliff
美国|北卡罗来纳州|韦恩|派克维尔	United States|North Carolina|Wayne|Pikevill
美国|纽约州|斯科哈里|杰斐逊	United States|New York|Schenectady|Jefferson
美国|俄亥俄州|汉密尔顿县|德里	United States|Ohio|Hamilton|Delhi
美国|印第安纳州|吉布森|布兰奇堡	United States|Indiana|Gibson|Branchville
美国|俄亥俄州|谢尔比县|	United States|Ohio|Scioto|
美国|纽约州|伊利|	United States|New York|Erie|
美国|北卡罗来纳州|韦克|冬青泉	United States|North Carolina|Wake|Winter Springs
美国|纽约州|奥斯威戈|奥斯威戈	United States|New York|Oswayo|Oswayo
巴基斯坦|旁遮普省|巴哈瓦尔布尔|	Pakistan|Punjab|Bahawalpur|
美国|俄勒冈州|马里昂县|斯坦顿	United States|Oregon|Marion|Stannton
美国|纽约州|华盛顿|金斯伯里	United States|New York|Washington|Kingborough
美国|俄克拉荷马州|庞托托克|埃达	United States|Oklahoma|Poteau|Eda
美国|北卡罗来纳州|斯坦利|里奇菲尔德	United States|North Carolina|Stanly|Richfield
美国|康涅狄格州||	United States|Connecticut||
美国|肯塔基州||	United States|Kentucky||
美国|加利福尼亚州|卡拉韦拉斯|	United States|California|Carlsbad|
美国|北卡罗来纳州|哥伦布|博尔顿	United States|North Carolina|Columbus|Bolton
美国|密苏里州|克莱县|卡尼	United States|Missouri|Clay|Kearney
土耳其|伊斯坦布尔省|乌斯库达尔区|	Turkey|Istanbul|Üsküdar|
美国|科罗拉多州||	United States|Colorado||
美国|纽约州|肖托夸|埃利科特	United States|New York|Chautauqua|Ellicott
美国|威斯康星州|戴恩县|斯托顿	United States|Wisconsin|Dane|Stoughton
美国|北达科他州|斯塔克|迪金森	United States|North Dakota|Stark|Dickinson
美国|夏威夷州|夏威夷县|马纳拉尼	United States|Hawaii|Hawaii|Maui
美国|加利福尼亚州|沙斯塔|雷丁	United States|California|Sacramento|Reading
美国|新泽西州|博根|恩格尔伍德	United States|New Jersey|Bergen|Englewood
美国|加利福尼亚州|洛杉矶|杜阿尔特	United States|California|Los Angeles|Duarte
荷属圣马丁|||	Sint Maarten|||
美国|北卡罗来纳州|约翰斯顿|克莱顿	United States|North Carolina|Johnson|Clayton
美国|纽约州|怀俄明|谢尔顿	United States|New York|Wyoming|Sheridan
美国|德克萨斯州|威廉松|贾雷尔	United States|Texas|Williamson|Jarrell
美国|北卡罗来纳州|吉尔福德|惠特塞特	United States|North Carolina|Guildford|Whitaker
美国|纽约州|卡特罗格斯|代顿	United States|New York|Cattaraugus|Dayton
加拿大|曼尼托巴省||	Canada|Manitoba||
美国|纽约州|皇后|阿弗恩	United States|New York|Queens|Arverne
美国|威斯康星州|沙瓦诺县|格雷舍姆	United States|Wisconsin|Sawyer|Gresham
美国|纽约州|皇后|东埃尔豪斯	United States|New York|Queens|East Elmhurst
美国|纽约州|麦迪逊|斯托克布里奇	United States|New York|Medina|Stockbridge
美国|新泽西州|博根|费尔维尤	United States|New Jersey|Bogota|Fairview
美国|纽约州|埃塞克斯|威尔斯伯勒	United States|New York|Essex|Wilmington
美国|俄亥俄州|格林县|森特维尔	United States|Ohio|Greene|Xenia
美国|南卡罗来纳州|格林维尔县|喷泉客栈	United States|South Carolina|Greenville|Fountain Inn
美国|宾夕法尼亚州|波特县|考德斯波特	United States|Pennsylvania|Bucks|Quakertown
美国|纽约州|皇后|霍利斯	United States|New York|Queens|Hollis
美国|纽约州|奥斯威戈|阿尔比恩	United States|New York|Oswego|Albion
美国|纽约州|肖托夸|北和声	United States|New York|Shoto?wa?我无法确认肖托夸对应的英文，需要重新判断|North Harmon
美国|南卡罗来纳州|达令敦县|达林顿	United States|South Carolina|Darlington|Darlington
美国|威斯康星州|华盛顿县|杰克逊	United States|Wisconsin|Washington|Jackson
美国|纽约州|皇后|杰克逊高地	United States|New York|Queens|Jackson Heights
蒙塞拉特|||	Mongolia|||
美国|西弗吉尼亚州||	United States|Virginia||
美国|弗吉尼亚州|塔兹韦尔县|朱厄尔岭	United States|Virginia|Tazewell|Jewell Ridge
美国|加利福尼亚州|圣马特奥|帕西菲卡	United States|California|San Mateo|Pacifica
美国|纽约州|皇后|里奇伍德	United States|New York|Queens|Richmond
电信|||	Dianxin|||
美国|北卡罗来纳州|赫德福德|阿霍斯基	United States|North Carolina|Henderson County|Ardmore
美国|俄勒冈州|约瑟芬县|克比	United States|Oregon|Josephine|Cave Junction
美国|俄勒冈州|约瑟芬县|凯夫章克申	United States|Oregon|Josephine|Cave Junction
安圭拉|||	Anguilla|||
美国|纽约州|耶茨|斯塔基	United States|New York|Yates|Staten
美国|俄亥俄州|阿士塔布拉县|阿什塔比拉	United States|Ohio|Ashtabula|Ashtabula
美国|南卡罗来纳州|霍里县|北默特尔比奇	United States|South Carolina|Horry|North Myrtle Beach
美国|新泽西州|大西洋|阿布西肯	United States|New Jersey|Atlantic City|Absecon
美国|纽约州|赫基默|赫基默	United States|New York|Hempstead|Hempstead
加拿大|魁北克省|舍布鲁克|舍布鲁克	Canada|Quebec|Sherbrooke|Sherbrooke
美国|纽约州|伦塞勒|拿骚	United States|New York|Rensselaer|Nassau
加拿大|安大略省|弗隆特纳克|金斯顿	Canada|Ontario|Flintnac|Kingston
美国|马萨诸塞州|伍斯特县|新布伦特里	United States|Massachusetts|Worcester|New Braintree
美国|纽约州|利文斯顿|楠达	United States|New York|Livingston|Nunda
美国|加利福尼亚州|圣克鲁斯|圣塔克鲁兹	United States|California|Santa Cruz|Santa Cruz
美国|纽约州|麦迪逊|麦迪逊	United States|New York|Medina|Medina
美国|纽约州|奥齐戈|奥塞哥	United States|New York|Oswego|Oneida
美国|内布拉斯加州||	United States|Nebraska||
美国|宾夕法尼亚州|富兰克林县|钱伯斯堡	United States|Pennsylvania|Franklin|Chambersburg
美国|南卡罗来纳州|斯帕坦堡县|伍德拉夫	USA|South Carolina|Spartanburg County|Woodruff
美国|纽约州|斯凯勒|蒙图	United States|New York|Schenectady|Mont
美国|加利福尼亚州|因皮里尔|因皮里尔	United States|California|Irvine|Irvine
圣皮埃尔和密克隆|||	Saint Pierre and Miquelon|||
美国|北卡罗来纳州|班康|黑山	United States|North Carolina|Banner Elk|Cove Creek
美国|内布拉斯加州|道森|列克星敦	United States|Nebraska|Dawson|Lexington
美国|纽约州|希南戈|普利茅斯	United States|New York|Schenectady|Pleasant
美国|德克萨斯州|约翰逊|伯利森	USA|Texas|Johnson City|Blythe
美国|缅因州||	USA|Maine||
美国|威斯康星州|希博伊根县|希博伊根瀑布	United States|Wisconsin|Sheboygan|Sheboygan Falls
美国|俄亥俄州|迪法恩斯县|迪法恩斯	United States|Ohio|Defiance County|Defiance
美国|南卡罗来纳州|萨姆特县|萨姆特	United States|South Carolina|Sumter|Sumter
美国|田纳西州|吉布森县|洪堡	United States|Tennessee|Gibson|Humboldt
加拿大|安大略省|珀斯|斯特拉特福	Canada|Ontario|Perth|Stratford
美国|威斯康星州|戴恩县|麦克法兰	United States|Wisconsin|Dane|McFarland
美国|俄亥俄州|特拉华县|特拉华	United States|Ohio|Trumbull|Warren
美国|南卡罗来纳州|乔治敦县|乔治敦	United States|South Carolina|Georgetown|Georgetown
美国|新墨西哥州||	United States|New Mexico||
美国|佛罗里达州|马纳蒂县|帕尔梅托	United States|Florida|Manatee|Palmetto
美国|亚拉巴马州|巴伯|克里欧	United States|Alabama|Birmingham|Cleo
加拿大|新不伦瑞克省|卡尔顿|伍德斯托克	Canada|New Brunswick|Carlton|Woodstock
美国|加利福尼亚州|洛杉矶|阿蒂西亚	United States|California|Los Angeles|Athens
美国|北卡罗来纳州|韦克|罗尔斯维尔	United States|North Carolina|Wake|Raleigh
美国|加利福尼亚州|圣克鲁斯|卡皮托拉	United States|California|Santa Cruz|Capitola
美国|乔治亚州|麦迪逊|科尔伯特	United States|Georgia|Mcdonough|Colbert
美国|德克萨斯州|特拉维斯|斯派斯伍德	United States|Texas|Travis|Spicewood
美国|肯塔基州|坎贝尔县|亚历山德里亚	United States|Kentucky|Campbell|Alexandria
美国|纽约州|克林顿|黑溪	United States|New York|Clinton|Black Creek
美国|威斯康星州|沃基肖县|纳肖塔	United States|Wisconsin|Waukesha|Nashotah
美国|路易斯安那州|坦吉帕霍阿|庞沙图拉	United States|Louisiana|Tangipahoa|Ponchatoula
美国|纽约州|卡尤加|斯普林波特	United States|New York|Cayuga|Springport
加拿大|安大略省|威灵顿|圭尔夫	Canada|Ontario|Wellington|Guelph
美国|宾夕法尼亚州|克劳福德县|雅典	United States|Pennsylvania|Clarion|Athens
美国|纽约州|富尔顿|约翰斯敦	United States|New York|Fulton|Johnstown
美国|南卡罗来纳州|博福特县|奥卡蒂	United States|South Carolina|Beaufort|Okatie
美国|俄亥俄州|范沃特县|范沃特	United States|Ohio|Van Wert|Van Wert
美国|纽约州|卡尤加|斯特林	United States|New York|Cayuga|Sterling
美国|纽约州|沃伦|沃伦斯堡	United States|New York|Warren|Warrensburg
美国|纽约州|耶茨|巴灵顿	United States|New York|Yates|Barrington
美国|纽约州|肖托夸|哈莫尼	United States|New York|Shoto|Hamony
美国|缅因州|阿鲁斯图克县|辛克莱	United States|Maine|Aroostook|Sinclair
美国|路易斯安那州||	United States|Louisiana||
美国|肯塔基州|肯顿县|比利亚山	United States|Kentucky|Kenton|Independence
美国|纽约州|肖托夸|波兰	United States|New York|Shoto|Poland
美国|纽约州|达奇斯|克林顿	United States|New York|Dutchess|Clinton
美国|纽约州|萨拉托加|斯蒂尔沃特	United States|New York|Saratoga Springs|Stewart
美国|佛罗里达州|棕榈滩县|莱克沃思	United States|Florida|Palm Beach|Lake Worth
美国|德克萨斯州|卡斯|亚特兰大	United States|Texas|Kass|Atlanta
美国|纽约州|麦迪逊|伊顿	United States|New York|Medina|Eden
美国|宾夕法尼亚州|索美塞特县|格林维尔	United States|Pennsylvania|Somerset|Greenville
美国|纽约州|克林顿|奥塞布尔福克斯	United States|New York|Clinton|Ossabruck
美国|纽约州|麦迪逊|纳尔逊	United States|New York|Medina|Nelson
美国|加利福尼亚州|橙|尼古湖	United States|California|Orange|Newport Beach
美国|纽约州|斯科哈里|沙龙	United States|New York|Scotia|Saratoga Springs
美国|缅因州|汉考克县|东蓝山	USA|Maine|Hancock|East Blue Hill
美国|俄亥俄州|波蒂奇县|阿特沃特	United States|Ohio|Portage|Atwater
美国|俄亥俄州|卡洛尔县|	United States|Ohio|Cuyahoga County|
美国|纽约州|伦塞勒|胡西克	United States|New York|Rensselaer|Hoosick
美国|俄亥俄州|保尔丁县|保尔丁	United States|Ohio|Paulding|Paulding
菲律宾|西米沙鄢大区|西内格罗斯省|	Philippines|Western Visayas|Negros Occidental|
美国|堪萨斯州|布朗县|	United States|Kansas|Brown|
美国|科罗拉多州|甘尼森|甘尼森	United States|Colorado|Gunnison|Gunnison
美国|怀俄明州|帕克|科迪	United States|Wyoming|Park|Cody
加拿大|安大略省|萨德伯里|	Canada|Ontario|Sudbury|
美国|宾夕法尼亚州|莱巴嫩县|帕尔迈拉	United States|Pennsylvania|Lebanon|Palmyra
美国|弗吉尼亚州|布坎南县|万森特	United States|Virginia|Buckingham|Mount
美国|俄亥俄州|哈里森县|	United States|Ohio|Harrison|
美国|加利福尼亚州|河滨|博蒙特	United States|California|Riverside|Bermont
美国|俄亥俄州|门罗县|	United States|Ohio|Monroe|
美国|科罗拉多州|博尔德|路易斯维尔	United States|Colorado|Boulder|Louisville
美国|纽约州|门罗|惠特兰	United States|New York|Monroe|Wetland
美国|密歇根州|莱纳维|	United States|Michigan|Lenawee|
美国|印第安纳州|麦迪逊|	USA|Indiana|Middletown|
美国|北卡罗来纳州|富兰克林|扬斯维尔	United States|North Carolina|Franklin|Youngsville
美国|北卡罗来纳州|布伦瑞克|落日下的海滩	United States|North Carolina|Brunswick|Sunset Beach
英国|英格兰|肯特|梅德斯通	United Kingdom|England|Kent|Medway
美国|宾夕法尼亚州|莱科恩县|莱科明	United States|Pennsylvania|Lackawanna|Lackawanna
美国|加利福尼亚州|河滨|门尼菲	United States|California|Riverside|Menifee
美国|科罗拉多州|阿丘利塔|帕戈萨斯普林斯	United States|Colorado|Alamosa|Pagosa Springs
美国|俄亥俄州|凯霍加县|布雷克斯维尔	United States|Ohio|Cuyahoga County|Brecksville
美国|新泽西州|沃伦|	United States|New Jersey|Warren|
美国|纽约州|威斯特彻斯特|	United States|New York|Westchester|
英国|英格兰|格洛斯特郡|	United Kingdom|England|Gloucestershire|
美国|爱达荷州|贝尼瓦县|普兰默	United States|Idaho|Benewah|Plummer
英国|威尔士|斯旺西|	United Kingdom|Wales|Swansea|
德国|巴登－符腾堡州||	Germany|Baden-Wurttemberg||
德国|勃兰登堡州|哈弗尔兰|法尔肯塞	Germany|Brandenburg|Havelland|Falkensee
美国|新泽西州|摩里斯|林肯帕克	United States|New Jersey|Morris|Lincoln Park
比利时|弗拉芒大区|弗拉芒布拉班特省|鲁汶区	Belgium|Flanders|Flemish Brabant|Leuven
比利时|瓦隆大区|瓦隆布拉班特省|尼韦勒区	Belgium|Wallonia|Walloon Brabant|Nivelles
英国|英格兰|布莱顿－荷甫|	United Kingdom|England|Brighton and Hove|
西班牙|加利西亚自治区|卢戈省|钱塔达	Spain|Galicia|Lugo|Chantada
捷克|布拉格|布拉格1区|	Czech Republic|Prague|Prague 1|
西班牙|瓦伦西亚自治区|阿利坎特省|	Spain|Valencia|Alicante|
西班牙|瓦伦西亚自治区|巴伦西亚省|帕特尔纳	Spain|Valencian Community|Valencia|Paterson
瑞典|西诺尔兰省|海讷桑德市|	Sweden|Västra Götaland|Helsingborg|
意大利|撒丁||	Italy|Sardinia||
西班牙|加利西亚自治区|蓬特韦德拉省|维哥	Spain|Galicia|Pontevedra|Vigo
英国|英格兰|伯恩茅斯－克赖斯特彻奇－普尔|	United Kingdom|England|Poole|
英国|英格兰|南约克郡|唐卡斯特	United Kingdom|England|South Yorkshire|Doncaster
西班牙|安达卢西亚自治区|马拉加省|马拉加	Spain|Andalusia|Malaga|Malaga
美洲地区|||	Americas|||
美国|加利福尼亚州|索拉诺|哈特利	United States|California|Solano|Hartley
美国|亚利桑那州|希拉|格洛布	United States|Arizona|Sierra Vista|Sierra Vista
英国|苏格兰||	United Kingdom|Scotland||
芬兰|奥兰区|奥兰群岛|	Finland|Oulu|Oulu Archipelago|
比利时|瓦隆大区|列日省|列日区	Belgium|Walloon|Liege|Liege
法国|普罗旺斯－阿尔卑斯－蓝色海岸|滨海阿尔卑斯|格拉斯	France|Provence-Alpes-Côte d'Azur|Nice|Grasse
西班牙|加泰罗尼亚自治区|赫罗纳省|卡尔德斯德马拉韦利亚	Spain|Catalonia|Huesca|Cardedeu
法国|上法兰西|加来海峡|朗斯	France|Hauts-de-France|Calais|Lens
西班牙|安达卢西亚自治区|塞维利亚省|巴伦西纳德拉孔塞普西翁	Spain|Andalusia|Seville|Baloncesto Sevilla
爱尔兰|科克郡|科克|	Ireland|Cork|Cork|
希腊|中马其顿|卡拉马里亚|	Greece|Central Macedonia|Kalamaria|
西班牙|瓦伦西亚自治区||	Spain|Valencian Community||
英国|英格兰||	United Kingdom|England||
英国|英格兰|索美塞特|	United Kingdom|England|Somerset|
英国|北爱尔兰||	United Kingdom|Northern Ireland||
英国|英格兰|德比郡|切斯特菲尔德	UK|England|Derby|Chesterfield
法国|奥弗涅－罗讷－阿尔卑斯|上萨瓦|阿讷西	France|Auvergne-Rhône-Alpes|Haute-Savoie|Annecy
美国|弗吉尼亚州|查尔斯城县|查尔斯城	USA|Virginia|Charles City County|Charles City
德国|图林根州|耶拿|	Germany|Thuringia|Jena|
土耳其|迪亚巴克尔省|迪亚巴克尔区|	Turkey|Diyarbakir|Diyarbakir|
意大利|威尼托|威尼斯|	Italy|Veneto|Venice|
瑞典|斯德哥尔摩省|斯德哥尔摩市镇|诺马尔姆	Sweden|Stockholm County|Stockholm City|Norma
以色列|特拉维夫区|荷兹利亚·皮图阿|	Israel|Tel Aviv District|Hazelia Pitua|
法国|法兰西岛|上塞纳|布洛涅－比扬古	France|Franche-Comte|Haute-Saone|Brottey-les-Luxeuil
乌克兰|扎波罗热州|扎波罗热区|	Ukraine|Zaporizhzhia|Zaporizhzhia|
保加利亚|哈斯科沃州|斯维伦格勒|卡皮坦·安德烈沃	Bulgaria|Haskovo|Svilengrad|Kapitan Andreevo
比利时|弗拉芒大区|弗拉芒布拉班特省|	Belgium|Flanders|Flemish Brabant|
美国|俄克拉荷马州|卡多|西里尔	United States|Oklahoma|Catoosa|West Siloam
法国|勃艮第－弗朗什－孔泰||	France|Bourgogne-Franche-Comte||
罗马尼亚|布拉索夫县|布拉索夫|	Romania|Brașov|Brașov|
法国|新阿基坦|比利牛斯－大西洋|波城	France|Nouvelle-Aquitaine|Pyrénées-Atlantiques|Pau
法国|中央－卢瓦尔河谷|卢瓦雷|奥尔良	France|Centre-Val de Loire|Loiret|Orléans
瑞士|瓦莱州|布里格－格利斯|	Switzerland|Valais|Brig-Glis|
法国|布列塔尼|伊勒－维莱讷|雷恩	France|Brittany|Ille-et-Vilaine|Rennes
哥伦比亚|昆迪纳马卡省|科塔|	Colombia|Cundinamarca|Cota|
法国|卢瓦尔河地区|曼恩－卢瓦尔|昂热	France|Auvergne-Rhône-Alpes|Maine-et-Loire|Angers
德国|萨克森州|莱比锡|马克利伯格	Germany|Saxony|Leipzig|Markleeberg
英国|英格兰|普兹茅斯|	United Kingdom|England|Portsmouth|
英国|英格兰|伯克郡|温莎－梅登黑德	United Kingdom|England|Berkshire|Windsor and Maidenhead
法国|普罗旺斯|阿尔卑斯|蓝色海岸	France|Provence-Alpes-Côte d'Azur|Arles|Blue Coast
英国|英格兰|莱斯特郡|查恩伍德	United Kingdom|England|Leicestershire|Charnwood
意大利|威尼托|特雷维索|	Italy|Veneto|Treviso|
英国|英格兰|泰恩－威尔|桑德兰市	United Kingdom|England|Tyne and Wear|Sunderland
意大利|弗留利－威尼斯朱利亚|的里雅斯特|	Italy|Friuli-Venezia Giulia|Trieste|
俄罗斯|滨海边疆区|纳霍德卡|	Russia|Primorsky Krai|Nakhodka|
法国|大东部|上莱茵|牟罗兹	France|Grand Est|Haut-Rhin|Mulhouse
意大利|艾米利亚－罗马涅|弗利－切塞纳|	Italy|Emilia-Romagna|Forlì-Cesena|
俄罗斯|莫斯科州|高尔基列宁斯克|	Russia|Moscow|Gorki Leninskie|
法国|大东部|马恩|兰斯	France|Grand Est|Marne|Reims
法国|法兰西岛|上塞纳|	France|Franche-Comté|Haute-Saône|
英国|英格兰|西约克郡|布拉德福德市	UK|England|North Yorkshire|Bradford
哥伦比亚|桑坦德省|卡尔卡西|	Colombia|Santander|Carcasi|
北马其顿|中央区|斯科普里|	North Macedonia|Central|Skopje|
德国|北莱茵－威斯特法伦州|杜伊斯堡|	Germany|North Rhine-Westphalia|Duisburg|
法国|勃艮第|弗朗什|孔泰科多尔第戎	France|Bourgogne-Franche-Comté|Franche-Comté|Contecodorce
法国|奥弗涅－罗讷－阿尔卑斯|卢瓦尔|圣艾蒂安	France|Auvergne-Rhone-Alpes|Lyon|Saint-Etienne
乌克兰|波尔塔瓦州|波尔塔瓦区|	Ukraine|Poltava|Poltava|
意大利|马尔凯|马切拉塔|	Italy|Marche|Macerata|
德国|巴伐利亚州|慕尼黑|温特弗林	Germany|Bavaria|Munich|Wentlein
中国|香港|香港岛|	China|Hong Kong|Hong Kong Island|
马提尼克|勒马兰区|迪科|	Matanick|Lermand|Diko|
荷兰|乌得勒支省|乌得勒支赫弗尔吕赫|奥弗贝格	Netherlands|Utrecht Province|Utrecht|Overvecht
英国|英格兰|林肯郡|	UK|England|Lincolnshire|
墨西哥|瓜纳华托州|上阿帕塞奥|	Mexico|Guanajuato|Apaaseo|
西班牙|加泰罗尼亚自治区|巴塞罗纳省|圣科洛马－德格拉马内特	Spain|Catalonia|Barcelona|Sant Cugat del Vallès
印度尼西亚|中爪哇省|万由马士|普禾加多	Indonesia|Central Java|Surakarta|Jakarta
法国|勃艮第－弗朗什－孔泰|弗朗什|孔泰	France|Bourgogne-Franche-Comté|Franche-Comté|Comté
英国|苏格兰|爱丁堡|利斯	United Kingdom|Scotland|Edinburgh|Leith
墨西哥|克雷塔罗州|埃塞基耶尔－蒙特斯|	Mexico|Quintana Roo|Chetumal|
英国|英格兰|西萨塞克斯|中萨塞克斯	United Kingdom|England|West Sussex|Mid Sussex
西班牙|加那利群岛自治区||	Spain|Canary Islands||
法国|法兰西岛|塞纳|马恩	France|Franche-Comté|Saône|Mâcon
俄罗斯|下诺夫哥罗德州||	Russia|Nizhny Novgorod||
英国|英格兰|兰开夏郡|普雷斯顿	United Kingdom|England|Lancashire|Preston
罗马尼亚|胡内多阿拉县|奥勒什蒂耶|	Romania|Hunedoara|Orăștie|
美国|威斯康星州|格兰特县|博斯科贝尔	United States|Wisconsin|Grant|Boscobel
美国|威斯康星州|格林县|奥尔巴尼	United States|Wisconsin|Green|Albany
德国|北莱茵－威斯特法伦州|埃森|	Germany|North Rhine-Westphalia|Essen|
美国|阿肯色州|克拉克|阿卡德尔菲亚	United States|Arkansas|Clark|Acadia
美国|伊利诺伊州|洛根|圣荷西	United States|Illinois|Logan|San Jose
法国|诺曼底|滨海塞纳|鲁昂	France|Normandie|Seine-Maritime|Rouen
美国|新墨西哥州|索科罗县|阿拉莫	United States|New Mexico|Socorro|Alamo
荷兰|乌得勒支省|乌得勒支|	Netherlands|Utrecht|Utrecht|
德国|勃兰登堡州|科特布斯|	Germany|Brandenburg|Cottbus|
俄罗斯|萨哈共和国|雅库茨克|	Russia|Sakha|Yakutsk|
德国|石勒苏益格－荷尔斯泰因州|基尔|	Germany|Schleswig-Holstein|Kiel|
德国|黑森州|达姆施塔特|	Germany|Hesse|Darmstadt|
以色列|南部区|贝尔谢巴|	Israel|Southern District|Beersheba|
法国|新阿基坦|维埃纳|	France|Nouvelle-Aquitaine|Vienne|
罗马尼亚|雅洛米察县|斯洛博齐亚|	Romania|Ialomita|Slobozia|
美国|加利福尼亚州|洪堡|尤里卡	United States|California|Humboldt|Eureka
美国|新罕布什尔州|希尔斯伯勒县|新波士顿	United States|New Hampshire|Hillsborough|New Boston
美国|威斯康星州|华盛顿县|艾迪生	United States|Wisconsin|Washington|Addison
英国|英格兰|德比郡|安伯瓦利	United Kingdom|England|Derbyshire|Amber Valley
英国|英格兰|牛津郡|牛津	United Kingdom|England|Oxfordshire|Oxford
美国|康涅狄格州|哈特福德县|布里斯托尔	United States|Connecticut|Hartford|Bristol
英国|英格兰|大伦敦|米德尔塞克斯	United Kingdom|England|London|Middlesex
英国|英格兰|大伦敦|布伦特	UK|England|London|Brent
美国|南达科他州|休斯县|皮埃尔	United States|South Dakota|Hughes|Pierre
奥地利|萨尔茨堡州|萨尔茨堡|	Austria|Salzburg|Salzburg|
美国|华盛顿州|皮尔斯|邦尼湖	United States|Washington|Pierce|Bonney Lake
美国|亚利桑那州|亚瓦派|塞多纳	United States|Arizona|Yavapai|Sedona
罗马尼亚|克卢日县|克卢日－纳波卡|	Romania|Cluj|Cluj-Napoca|
美国|密西西比州|汉考克县|窑	United States|Mississippi|Hancock|Bay
美国|路易斯安那州|沃希托|门罗	United States|Louisiana|Ouachita|Monroe
法国|法兰西岛|上塞纳|热讷维耶	France|Franche-Comté|Haute-Saône|Jussey
英国|英格兰|大伦敦|里士滿	United Kingdom|England|London|Richmond
美国|德克萨斯州|布兰科|约翰逊城	United States|Texas|Blanco|Johnson City
美国|佛罗里达州|希尔斯伯勒县|芒果	United States|Florida|Hillsborough|Mango
阿联酋|富查伊拉酋长国||	United Arab Emirates|Emirate of Fujairah||
荷兰|南荷兰省|诺德韦克|	Netherlands|South Holland|Noordwijk|
西班牙|加利西亚自治区|拉科鲁尼亚省|拉科鲁尼亚	Spain|Galicia|A Coruña|A Coruña
美国|伊利诺伊州|兰道夫|斯巴达	United States|Illinois|Lansing|Sparta
立陶宛|希奥利艾县|希奥利艾市|	Litaud|Xi Oli Ai County|Xi Oli Ai City|
英国|英格兰|索美塞特|惠灵顿	United Kingdom|England|Somerset|Wellington
斯洛文尼亚|克拉尼城市区||	Slovenia|Kranj||
美国|佛蒙特州|拉特兰县|普尔特尼	United States|Vermont|Rutland|Poultney
西班牙|瓦伦西亚自治区|巴伦西亚省|卡斯特略内特德拉孔克斯塔	Spain|Valencian Community|Province of Valencia|Castellón de la Plana
美国|夏威夷州|夏威夷县|霍纳洛	United States|Hawaii|Hawaii|Honolulu
美国|明尼苏达州|诺曼县|艾达	United States|Minnesota|Norman|Ada
美国|佛罗里达州|奥兰治县|圣诞	United States|Florida|Orange|Christmas
美国|威斯康星州|圣克罗伊县|索克城	United States|Wisconsin|Saint Croix County|Sok City
英国|英格兰|林肯郡|林肯市	United Kingdom|England|Lincolnshire|Lincoln
美国|密歇根州|马科姆|沃伦	United States|Michigan|Mackinac Island|Wawon
美国|宾夕法尼亚州|阿利根尼县|布伦特伍德	United States|Pennsylvania|Allegheny|Brentwood
乌兹别克斯坦|塔什干州||	Uzbekistan|Tashkent||
美国|佛蒙特州|拉莫伊尔县|海德公园	United States|Vermont|Lamoyle County|Hyde Park
欧美地区|||	Europe and North America|||
韩国|世宗特别自治市||	South Korea|Sejong||
墨西哥|瓜纳华托州|圣米格尔德阿连德|	Mexico|Guanajuato|San Miguel de Allende|
美国|北卡罗来纳州|海伍德|坎顿	United States|North Carolina|Haywood|Camden
俄罗斯|西伯利亚联邦管区||	Russia|Siberia||
美国|德克萨斯州|布朗|邦斯	USA|Texas|Brownsville|Bons
法国|上法兰西|索姆|阿棉	France|Hauts-de-France|Somme|Amiens
哈萨克斯坦|阿拉木图|阿拉木图|	Kazakhstan|Almaty|Almaty|
美国|南卡罗来纳州|犹尼昂县|布法罗	United States|South Carolina|Union County|Buffalo
瑞士|伯尔尼州||	Switzerland|Bern||
美国|华盛顿州|艾兰|库珀维尔	United States|Washington|Island|Coupville
亚美尼亚|埃里温|埃里温|	Armenia|Yerevan|Yerevan|
阿尔巴尼亚|斯库台州|斯库台|	Albania|Skodër County|Skodër|
英国|英格兰|诺丁汉郡|布罗克斯托	UK|England|Nottinghamshire|Broxtowe
英国|英格兰|布莱顿－荷甫|布莱顿－荷甫	United Kingdom|England|Brighton and Hove|Brighton and Hove
俄罗斯|莫斯科州||	Russia|Moscow||
美国|新墨西哥州|里奥阿里巴县|查玛	United States|New Mexico|Rio Arriba|Chama
乌兹别克斯坦|塔什干州|塔什干区|	Uzbekistan|Tashkent|Tashkent|
西班牙|卡斯蒂利亚－莱昂自治区|萨拉曼卡省|萨拉曼卡位于西班牙西部	Spain|Castile-Leon|Salamanca|Salamanca is located in western Spain
塞浦路斯|利马索尔区|杰尔马索吉亚|	Nicosia|Limassol|Yermasoyia|
法国|法兰西岛||	France|Franche-Comté||
美国|威斯康星州|戴恩县|芒特霍雷布	United States|Wisconsin|Dane|Mount Horeb
乌克兰|第聂伯罗彼得罗夫斯克州|卡缅斯克区|皮亚蒂哈特基	Ukraine|Dnipropetrovsk|Kamianske|Piatykhatky
德国|石勒苏益格－荷尔斯泰因州|劳恩堡县|默尔恩	Germany|Schleswig-Holstein|Rendsburg-Eckernförde|Molfsee
英国|英格兰|大曼彻斯特|维冈	United Kingdom|England|Greater Manchester|Wigan
美国|内华达州|奈|托诺帕	United States|Nevada|Nye|Tonopah
美国|堪萨斯州|塞奇威克县|克奇	United States|Kansas|Sedgwick|Kechi
俄罗斯|伊尔库茨克州||	Russia|Irkutsk||
美国|德克萨斯州|罗伯茨|迈阿密	United States|Texas|Robstown|Miami
俄罗斯|沃罗涅日州||	Russia|Voronezh||
德国|勃兰登堡州|勃兰登堡|	Germany|Brandenburg|Potsdam|
美国|威斯康星州|普赖斯县|帕克福尔斯	United States|Wisconsin|Price|Park Falls
乌克兰|罗夫诺州|罗夫诺区|	Ukraine|Rivne|Rivne|
格陵兰岛|塞梅索克|努克|	Greenland|Sermersooq|Nuuk|
俄罗斯|图瓦共和国|克孜勒|	Russia|Tyva|Kyzyl|
美国|密歇根州|萨吉诺|布里奇波特	United States|Michigan|Saginaw|Bridgeport
美国|田纳西州|沙利文县|金斯波特	United States|Tennessee|Shelby|Kingsport
美国|纽约州|威斯特彻斯特|科特兰特	United States|New York|Westchester|Cortlandt
美国|南卡罗来纳州|切罗基县|布莱克斯堡	United States|South Carolina|Cherokee|Blacksburg
印度|北方邦|密鲁特县|大诺伊达	India|Uttar Pradesh|Mirzapur|Dhanau ka Danda
美国|亚拉巴马州|达拉斯|塞尔玛	United States|Alabama|Dallas|Selma
美国|德克萨斯州|卡梅伦|南帕德里岛	United States|Texas|Carmen|South Padre Island
美国|伊利诺伊州|门罗|滑铁卢	United States|Illinois|Monroe|Steelville
乌克兰|第聂伯罗彼得罗夫斯克州|第聂伯罗区|	Ukraine|Dnipropetrovsk Oblast|Dnipro|
美国|纽约州|麦迪逊|布克维尔	United States|New York|Madison|Brockville
荷兰|上艾瑟尔省|恩斯赫德|	Netherlands|Overijssel|Enschede|
美国|威斯康星州|杰克逊县|	United States|Wisconsin|Jackson|
美国|密苏里州|圣查尔斯县|	United States|Missouri|Saint Charles|
美国|威斯康星州|罗克县|伯洛伊特	United States|Wisconsin|Rock|Beloit
美国|北卡罗来纳州|新汉诺威|海恩堡	United States|North Carolina|New Hanover|Harnett
美国|纽约州|沃伦|霍里康	United States|New York|Warren|Horicon
美国|堪萨斯州|迈阿密县|比塞勒斯	United States|Kansas|Miami|Beitels
美国|威斯康星州|梅诺米尼县|凯什纳	United States|Wisconsin|Menominee|Keshena
美国|密苏里州|杰克逊县|格林伍德	United States|Missouri|Jackson|Greenwood
中国|河北|保定|徐水区	China|Hebei|Baoding|Xushui
泰国|程逸府|班科县|	Thailand|Chachoengsao|Ban Khok|
美国|密苏里州|普拉特县|普拉特城	United States|Missouri|Platte|Platte City
美国|密苏里州|普拉特县|帕克维尔	United States|Missouri|Platte|Parkville
美国|密苏里州|兰道夫县|莫伯利	United States|Missouri|Randolph|Moberly
中国|河北|邯郸|曲周县	China|Hebei|Handan|Quzhou
美国|加利福尼亚州|圣克鲁斯|	United States|California|Santa Cruz|
美国|北卡罗来纳州|罗伯逊|罗兰	United States|North Carolina|Robbins|Roland
美国|南卡罗来纳州|霍里县|朗斯	United States|South Carolina|Horry|Longs
中国|河北|保定|定兴县	China|Hebei|Baoding|Dingxing
中国|河北|邢台|广宗县	China|Hebei|Xingtai|Guangzong
中国|河北|廊坊|大厂回族自治县	China|Hebei|Langfang|Dachang Hui Autonomous County
中国|河北|衡水|故城县	China|Hebei|Hengshui|Gucheng
中国|河北|唐山|丰南区	China|Hebei|Tangshan|Fengnan
中国|河北|秦皇岛|青龙满族自治县	China|Hebei|Qinhuangdao|Qinglong Manchu Autonomous County
中国|河北|衡水|阜城县	China|Hebei|Hengshui|Fucheng
中国|西藏|拉萨|城关区	China|Tibet|Lhasa|Chengguan
加纳|大阿克拉大区||	Ghana|Greater Accra||
英国|英格兰|汉普郡|伊斯特利	United Kingdom|England|Hampshire|Eastleigh
美国|密苏里州|贝茨县|巴特勒	United States|Missouri|Bates|Butler
美国|纽约州|麦迪逊|芒斯维尔	United States|New York|Madison|Munsville
美国|俄亥俄州|巴特勒县|自由镇区	United States|Ohio|Butler|Liberty Township
中国|四川|巴中|巴州区	China|Sichuan|Bazhong|Bazhou
中国|河北|保定|涞源县	China|Hebei|Baoding|Laiyuan
中国|河北|廊坊|永清县	China|Hebei|Langfang|Yongqing
新西兰|北地大区|旺阿雷郡|旺阿雷	New Zealand|Northland Region|Whangarei District|Whangarei
新西兰|普伦蒂湾大区|旺卡塔尼郡|	New Zealand|Greater Wellington|Whanganui|
美国|北卡罗来纳州|韦克|奈特代尔	United States|North Carolina|Wake|Nattadale
中国|河北廊坊广阳区||	China|Langfang Guangyang||
新西兰|南地大区|因弗卡吉尔市|	New Zealand|Southland|Invercargill|
中国|河北|保定|涞水县	China|Hebei|Baoding|Laishui
新西兰|奥塔哥大区|达尼丁市|	New Zealand|Otago|Dunedin|
新西兰|怀卡托大区|汉密尔顿市|格伦维尤	New Zealand|Waikato|Hamilton|Glenview
新西兰|怀卡托大区|汉密尔顿市|	New Zealand|Waikato|Hamilton|
中国|河北|邯郸|武安市	China|Hebei|Handan|Wu'an
乌干达|瓦基索区||	Uqanda|Vakiso||
新西兰|马纳瓦图－旺加努伊大区|北帕默斯顿市|	New Zealand|Manawatu-Wanganui|Palmerston North|
新西兰|普伦蒂湾大区|陶朗加市|	New Zealand|Plenty Bay|Tauranga|
新西兰|惠灵顿大区|卡皮蒂海岸郡|帕拉帕拉乌姆	New Zealand|Wellington|Kapiti Coast|Paraparaumu
新西兰|霍克湾大区|黑斯廷斯郡|瓦卡图	New Zealand|Hawke's Bay|Hastings|Wakatu
新西兰|惠灵顿大区|上哈特市|	New Zealand|Waikato|Upper Hutt|
新西兰|奥克兰大区|怀毛库|	New Zealand|Otago|Queenstown|
肯尼亚|夸莱||	Kenya|Kwale||
新西兰|马纳瓦图－旺加努伊大区|旺阿努伊地郡|	New Zealand|Manawatu-Wanganui|Whangārei|
新西兰|怀卡托大区|豪拉基郡|怀赫科岛	New Zealand|Waikato|Hauraki|Waiheke Island
新西兰|怀卡托大区|玛塔玛塔－皮雅库郡|莫林斯维尔	New Zealand|Waikato|Matamata-Piako|Morrinsville
新西兰|坎特伯雷大区|时运郡|利斯顿	New Zealand|Canterbury|Selwyn District|Lincoln
新西兰|惠灵顿大区|哈特市|下哈特	New Zealand|Wellington Region|Hutt City|Lower Hutt
中国|上海|上海市浦东新区|	China|Shanghai|Pudong New District|
诺福克岛|||	Norfolk Island|||
瑞士|楚格州|许嫩伯格|	Switzerland|Chug|Schwyz|
新西兰|惠灵顿大区|南怀拉拉帕郡|格雷镇	New Zealand|Wellington Region|South Wairarapa|Greytown
新西兰|马纳瓦图－旺加努伊大区|塔拉鲁瓦郡|伍德维尔	New Zealand|Manawatu-Wanganui|Tararua District|Woodville
新西兰|惠灵顿大区|波里鲁阿市|惠特比	New Zealand|Wellington|Porirua|Whitby
新西兰|奥克兰大区|奥克兰|林肯	New Zealand|Otago|Dunedin|Lorneville
新西兰|坎特伯雷大区|怀玛卡哩哩|兰吉奥拉	New Zealand|Canterbury|Waikari|Rangiora
新西兰|惠灵顿大区|波里鲁阿市|	New Zealand|Wellington|Porirua|
印度|哈里亚纳邦||	India|Haryana||
中国|香港|新界|大埔区	China|Hong Kong|New Territories|Tai Po
中国|西藏|昌都|芒康县	China|Tibet|Chamdo|Markam
印度|喀拉拉邦||	India|Kerala||
新西兰|怀卡托大区|陶波郡|	New Zealand|Waikato|Taupo|
中国|西藏|拉萨|堆龙德庆区	China|Xizang|Lhasa|Doilungdeqen
日本|北海道|石狩市|	Japan|Hokkaido|Ishikari|
新西兰|马纳瓦图－旺加努伊大区|鲁阿佩胡郡|奥阿库尼	New Zealand|Manawatu-Wanganui|Ruapehu|Owhango
印度|北阿坎德邦||	India|Arunachal Pradesh||
新西兰|塔拉纳基大区|新普利茅斯|	New Zealand|Taranaki|New Plymouth|
孟加拉国|朗布尔专区|迪纳杰布尔县|	Bangladesh|Rangpur Division|Dinajpur District|
印度|北方邦|乔达摩菩提那加尔县|	India|Nagaland|Chümoukedima|
中国|北京|北京|大兴区	China|Beijing|Beijing|Daxing
新西兰|奥塔哥大区|中奥塔哥郡|克莱德	New Zealand|Otago|Central Otago|Clyde
中国|澳门|澳门半岛|大堂区	China|Macau|Macau Peninsula|Cathedral Parish
新西兰|奥克兰大区|奥克兰|马努考	New Zealand|Otago|Otautahi|Maungakiekie
新西兰|坎特伯雷大区|蒂马鲁郡|蒂马鲁	New Zealand|Canterbury|Timaru|Timaru
新西兰|奥克兰大区|华牌|	New Zealand|Otago|Wanaka|
新西兰|奥克兰大区|怀乌库|	New Zealand|Otago|Waiheke|
印度尼西亚|巴厘省||	Indonesia|Banten||
中国|北京|北京|密云区	China|Beijing|Beijing|Miyun
越南|广平省||	Vietnam|Quang Ninh||
新西兰|奥塔哥大区|达尼丁市|莫斯吉尔	New Zealand|Otago|Dunedin|Mosgiel
新西兰|惠灵顿大区|卡皮蒂海岸郡|帕拉帕拉乌姆海滩	New Zealand|Wellington Region|Kapiti Coast District|Paraparaumu Beach
新西兰|奥塔哥大区|达尼丁市|卡里塔内	New Zealand|Otago|Dunedin|Karitanui
新西兰|普伦蒂湾大区|罗托鲁瓦郡|罗托鲁瓦	New Zealand|Bay of Plenty|Rotorua Lakes|Rotorua
中国|香港葵湾||	China|Kwai Tsing||
新西兰|霍克湾大区|纳皮尔市|	New Zealand|Hawke's Bay|Napier|
新西兰|马纳瓦图－旺加努伊大区|马纳瓦图郡|龙戈特亚	New Zealand|Manawatu-Wanganui|Manawatu|Rongotea
新西兰|坎特伯雷大区|时运郡|普雷布尔顿	New Zealand|Canterbury|Selwyn|Prebbleton
新西兰|北地大区|远北郡|凯里凯里	New Zealand|Northland Region|Far North District|Kerikeri
新西兰|惠灵顿大区|卡特顿郡|	New Zealand|Wellington Region|Kaitangata|
新西兰|惠灵顿大区|卡皮蒂海岸郡|奥塔基	New Zealand|Wellington Region|Kapiti Coast|Otaki
新西兰|奥克兰大区|奥克兰|比其兰斯	New Zealand|Otago|Oamaru|Waitaki District
新西兰|惠灵顿大区|卡皮蒂海岸郡|怀卡内	New Zealand|Wellington Region|Kapiti Coast District|Waikanae
新西兰|坎特伯雷大区|时运郡|泰塔普	New Zealand|Canterbury|Timaru|Temuka
新西兰|坎特伯雷大区|怀玛卡哩哩|凯阿波伊	New Zealand|Canterbury|Chertsey|Culverden
新西兰|奥克兰大区|奥克兰|锡尔弗代尔	New Zealand|Otago|Auckland|Silverdale
新西兰|奥克兰大区|奥克兰|帕帕库拉	New Zealand|Otago|Oamaru|Papakura
菲律宾|中央吕宋大区|巴坦省|巴兰加	Philippines|Central Luzon|Bataan|Balanga
新西兰|马尔堡大区|马尔伯勒郡|布伦海姆	New Zealand|Marlborough|Marlborough|Blenheim
新西兰|霍克湾大区|中霍克湾郡|怀帕瓦	New Zealand|Hawke's Bay|Central Hawke's Bay|Waipawa
新西兰|奥克兰大区|奥克兰|德文波特	New Zealand|Otago Region|Otago|Dunedin
新西兰|怀卡托大区|怀帕郡|剑桥	New Zealand|Waikato|Waipa|Cambridge
新西兰|坎特伯雷大区|时运郡|达菲尔德	New Zealand|Canterbury|Timaru|Temuka
新西兰|坎特伯雷大区|基督城市|阿卡罗阿	New Zealand|Canterbury|Christchurch|Akaroa
新西兰|马纳瓦图－旺加努伊大区|侯罗法努郡|奥豪	New Zealand|Manawatū-Whanganui|Horowhenua|Ōhau
新西兰|怀卡托大区|汉密尔顿市|诺顿	New Zealand|Waikato|Hamilton|Norton
新西兰|奥克兰大区|奥克兰|红海滩	New Zealand|Auckland|Auckland|Red Beach
新西兰|马尔堡大区|马尔伯勒郡|皮克顿	New Zealand|Canterbury|Marlborough|Picton
新西兰|奥克兰大区|普基科希|	New Zealand|Otago|Pukekohe|
新西兰|北地大区|旺阿雷郡|	New Zealand|Northland|Whangarei|
新西兰|奥克兰大区|奥克兰|旺加波阿半岛	New Zealand|Auckland Region|Auckland|Waiheke Island
新西兰|奥克兰大区|奥马哈|	New Zealand|Otago|Oamaru|
新西兰|霍克湾大区|黑斯廷斯郡|	New Zealand|Hawke's Bay Region|Hastings|
新西兰|奥克兰大区|卡拉卡|	New Zealand|Auckland|Kāraka|
新西兰|南地大区|戈尔郡|	New Zealand|Southland|Gore|
新西兰|坎特伯雷大区|怀玛卡哩哩|伍德登	New Zealand|Canterbury|Timaru|Woodend
新西兰|坎特伯雷大区|基督城市|利特尔顿	New Zealand|Canterbury|Christchurch|Lyttelton
新西兰|惠灵顿大区|惠灵顿市|塔瓦	New Zealand|Wellington|Wellington|Tawa
新西兰|北地大区|远北郡|拉塞尔	New Zealand|Northland|Far North|Russell
新西兰|奥塔哥大区|皇后镇－湖郡|杰克角	New Zealand|Otago|Queenstown-Lakes|Jack's Point
新西兰|塔斯曼大区|塔斯曼郡|里士满	New Zealand|Tasman|Tasman|Richmond
新西兰|奥塔哥大区|皇后镇－湖郡|皇后镇	New Zealand|Otago|Queenstown-Lakes|Queenstown
新西兰|奥克兰大区|久梅|	New Zealand|Otago Region|Gore|
新西兰|塔斯曼大区|塔斯曼郡|塔卡卡	New Zealand|Tasman|Tasman|Takaka
新西兰|马尔堡大区|马尔伯勒郡|春溪	New Zealand|Canterbury|Marlborough|Spring Creek
新西兰|怀卡托大区|南怀卡托郡|托克罗阿	New Zealand|Waikato|South Waikato|Tokoroa
新西兰|霍克湾大区|中霍克湾郡|怀普库劳	New Zealand|Hawke's Bay|Central Hawke's Bay|Waipukurau
新西兰|惠灵顿大区|卡皮蒂海岸郡|南劳马蒂	New Zealand|Wellington|Kapiti Coast|South Taranaki
新西兰|惠灵顿大区|马斯特顿郡|马斯特顿	New Zealand|Wellington|Masterton|Masterton
新西兰|坎特伯雷大区|阿什伯顿郡|	New Zealand|Canterbury|Ashburton|
新西兰|坎特伯雷大区|怀塔基郡|奥特马塔塔	New Zealand|Canterbury|Waitaki|Oamaru
新西兰|怀卡托大区|怀帕郡|蒂阿瓦木图	New Zealand|Waikato|Waipa|Tiawamutu
新西兰|怀卡托大区|泰晤士－科罗曼德郡|怀蒂昂格	New Zealand|Waikato|Thames-Coromandel|Whitianga
新西兰|坎特伯雷大区|胡鲁努伊|怀帕拉	New Zealand|Canterbury|Hurunui|Waipara
新西兰|塔斯曼大区|莫图伊卡|	New Zealand|Tasman|Motueka|
新西兰|奥克兰大区|怀努伊|	New Zealand|Auckland|Waitomo|
新西兰|怀卡托大区|怀帕郡|蒂米罗	New Zealand|Waikato|Waipa|Te Miro
中国|陕西|西安|莲湖区	China|Shaanxi|Xi'an|Lianhu
新西兰|怀卡托大区|怀卡托郡|马塔伊	New Zealand|Waikato|Waikato|Matamata
新西兰|怀卡托大区|怀卡托郡|亨特利	New Zealand|Waikato|Waikato|Huntly
新西兰|怀卡托大区|怀卡托郡|波基诺	New Zealand|Waikato|Waikato|Pokino
新西兰|奥克兰大区|沃克沃斯|	New Zealand|Otago|Wollaston|
新西兰|普伦蒂湾大区|西普伦蒂湾郡|卡蒂卡蒂	New Zealand|Plenty Bay|Western Bay of Plenty|Tauranga
新西兰|塔拉纳基大区|南塔拉纳基郡|哈韦拉	New Zealand|Taranaki|South Taranaki|Hawera
新西兰|马纳瓦图－旺加努伊大区|侯罗法努郡|福克斯顿	New Zealand|Manawatu-Wanganui|Horowhenua|Foxton
中国|香港|香港岛|南区	China|Hong Kong|Hong Kong Island|Southern
新西兰|怀卡托大区|玛塔玛塔－皮雅库郡|蒂阿罗哈	New Zealand|Waikato|Matamata-Piako|Tiaroha
印度|旁遮普邦||	India|Punjab||
印度尼西亚|廖内群岛省||	Indonesia|Maluku Islands||
新西兰|奥塔哥大区|中奥塔哥郡|比萨山	New Zealand|Otago|Central Otago|Bishop's Mountain
新西兰|奥克兰大区|阿克尔斯湾|麦坚时大道	New Zealand|Auckland|Akaroa|Marine Street
新西兰|尼尔逊大区|电缆湾|	New Zealand|Nelson|Cable Bay|
新西兰|坎特伯雷大区|基督城市|钻石港	New Zealand|Canterbury|Christchurch|Lyttelton
印度|特伦甘纳邦||	India|Telangana||
新西兰|奥克兰大区|帕埃拉塔|	New Zealand|Otago|Paerata|
新西兰|奥塔哥大区|皇后镇－湖郡|瓦纳卡	New Zealand|Otago|Queenstown-Lakes|Wanaka
新西兰|奥克兰大区|格伦布鲁克|	New Zealand|Otago|Glenbrook|
美国|纽约州|希芒|希芒	United States|New York|Hempstead|Hempstead
中国|澳门|氹仔岛|嘉模堂区	China|Macao|Ilha Verde|Freguesia de Nossa Senhora de Fátima
土库曼斯坦|阿什哈巴德|阿什哈巴德|	Turkmenistan|Ashgabat|Ashgabat|
新西兰|马纳瓦图－旺加努伊大区|侯罗法努郡|香农	New Zealand|Manawatu-Wanganui|Horowhenua|Foxton
加拿大|艾伯塔省|第10普查区|卡姆罗斯	Canada|Alberta|Division No. 10|Camrose
新西兰|怀卡托大区|泰晤士－科罗曼德郡|科罗格伦	New Zealand|Waikato|Thames-Coromandel|Coroglen
安哥拉|罗安达省|罗安达|	Angola|Luanda|Luanda|
巴西|圣卡塔琳娜州|拉热斯|	Brazil|Santa Catarina|Lages|
美国|加利福尼亚州|洛杉矶|阿克顿	United States|California|Los Angeles|Acton
中国|北京|北京|平谷区	China|Beijing|Beijing|Pinggu
中国|河北|承德|平泉市	China|Hebei|Chengde|Pingquan
美国|德克萨斯州|伊达尔戈|阿拉莫	United States|Texas|Irving|Alamo
中国|江西|南昌|红谷滩区	China|Jiangxi|Nanchang|Honggutan
中国|江西景德镇||	China|Jingdezhen||
中国|河南|焦作|修武县	China|Henan|Jiaozuo|Xiuwu
墨西哥|瓜纳华托州|圣何塞·伊图尔比德|	Mexico|Guanajuato|San José Iturbide|
中国|江西|上饶|信州区	China|Jiangxi|Shangrao|Xinzhou
中国|内蒙古|乌海|海勃湾区	China|Inner Mongolia|Wuhai|Haibowan
中国|河北|邯郸|鸡泽县	China|Hebei|Handan|Jize
中国|河北青皇岛市||	China|Hebei Qinhuangdao||
美国|德克萨斯州|亨德森|枪管城	United States|Texas|Henderson|Gun Barrel City
中国|内蒙古|通辽|库伦旗	China|Inner Mongolia|Tongliao|Hure Qi
中国|云南|楚雄|姚安县	China|Yunnan|Chuxiong|Yao'an
中国|新疆|和田|策勒县	China|Xinjiang|Hotan|Cele
中国|云南|保山|隆阳区	China|Yunnan|Baoshan|Longyang
中国|河北|张家口|蔚县	China|Hebei|Zhangjiakou|Weixian
中国|广西|玉林|玉州区	China|Guangxi|Yulin|Yuzhou
中国|云南红河哈尼族彝族自治州蒙自市||	China|Mengzi||
中国|河北|石家庄|高邑县	China|Hebei|Shijiazhuang|Gaoyi
中国|广西|崇左|天等县	China|Guangxi|Chongzuo|Tiandeng
日本|爱知县|丰田市|	Japan|Aichi|Toyota|
中国|广西|百色|靖西市	China|Guangxi|Baise|Jingxi
中国|江西|上饶|广丰区	China|Jiangxi|Shangrao|Guangfeng
中国|新疆|和田|墨玉县	China|Xinjiang|Hotan|Moyu
中国|河北|沧州|海兴县	China|Hebei|Cangzhou|Haixing
中国|江西|吉安|安福县	China|Jiangxi|Ji'an|Anfu
美国|密苏里州路易斯||	United States|Louisiana||
中国|云南|普洱|景谷傣族彝族自治县	China|Yunnan|Pu'er|Jinggu
中国|云南|楚雄|南华县	China|Yunnan|Chuxiong|Nanhua
中国|河北|邯郸|魏县	China|Hebei|Handan|Wei
巴西|米纳斯吉拉斯州|蒙蒂斯克拉鲁斯|	Brazil|Minas Gerais|Montes Claros|
中国|广西|崇左|扶绥县	China|Guangxi|Chongzuo|Fusui
中国|河北|邯郸|邱县	China|Hebei|Handan|Qiu
中国|河南|焦作|武陟县	China|Henan|Jiaozuo|Wuzhi
中国|吉林|松原|前郭尔罗斯蒙古族自治县	China|Jilin|Songyuan|Qian Gorlos Mongol Autonomous County
中国|河北|石家庄|赵县	China|Hebei|Shijiazhuang|Zhao
美国|华盛顿州|金|怀特中心	United States|Washington|King|White Center
中国|云南大理白族自治州漾濞彝族自治县||	China|Dali Bai Autonomous Prefecture Yangbi Yi Autonomous County||
中国|广西|百色|那坡县	China|Guangxi|Baise|Napo
荷兰|南荷兰省|阿尔布拉瑟丹|	Netherlands|South Holland|Alblasserdam|
中国|香港|新界|沙田区	China|Hong Kong|New Territories|Sha Tin
美国|蒙大拿州||	United States|Montana||
新加坡|中区|马林百列|	Singapore|Central|Marine Parade|
中国|内蒙古|呼和浩特|和林格尔县	China|Inner Mongolia|Hohhot|Horinger
中国|内蒙古|巴彦淖尔|乌拉特前旗	China|Inner Mongolia|Bayannur|Urad Front Banner
中国|湖南|邵阳|新邵县	China|Hunan|Shaoyang|Xinshao
印度|马哈拉施特拉邦|赖加德县|潘维尔	India|Maharashtra|Raigad|Panvel
中国|河北|承德|兴隆县	China|Hebei|Chengde|Xinglong
中国|内蒙古|鄂尔多斯|伊金霍洛旗	China|Inner Mongolia|Ordos|Ejin Horo Banner
中国|河北|承德|承德县	China|Hebei|Chengde|Chengde
中国|湖南|邵阳|城步苗族自治县	China|Hunan|Shaoyang|Chengbu Miao Autonomous County
中国|云南迪庆市香格里拉市||	China|Shangri-La||
中国|广西|玉林|陆川县	China|Guangxi|Yulin|Luchuan
中国|广西|玉林|容县	China|Guangxi|Yulin|Rongxian
中国|内蒙古|乌兰察布察哈尔右前旗|	China|Inner Mongolia|Ulanqab|
中国|广西|百色|田阳区	China|Guangxi|Baise|Tianyang
美国|加利福尼亚州|洛杉矶|贝尔	United States|California|Los Angeles|Bell
中国|湖南|常德|武陵区	China|Hunan|Changde|Wuling
中国|吉林|吉林|蛟河市	China|Jilin|Jilin|Jiaohe
中国|湖南|长沙|天心区	China|Hunan|Changsha|Tianxin
中国|湖南|永州|祁阳市	China|Hunan|Yongzhou|Qiyang
中国|内蒙古|鄂尔多斯|达拉特旗	China|Inner Mongolia|Ordos|Dalad Banner
中国|新疆|伊犁|新源县	China|Xinjiang|Yili|Xinyuan
中国|广西|崇左|凭祥市	China|Guangxi|Chongzuo|Pingxiang
中国|辽宁|朝阳|双塔区	China|Liaoning|Chaoyang|Shuangta
中国|湖南|永州|冷水滩区	China|Hunan|Yongzhou|Lengshuitan
中国|湖南|永州|道县	China|Hunan|Yongzhou|Daoxian
中国|黑龙江|齐齐哈尔|富裕县	China|Heilongjiang|Qiqihar|Fuyu
中国|广西|来宾|兴宾区	China|Guangxi|Laibin|Xingbin
中国|河北|邢台|沙河市	China|Hebei|Xingtai|Shahe
中国|新疆|乌鲁木齐|新市区	China|Xinjiang|Urumqi|Xinshi
中国|新疆|伊犁|特克斯县	China|Xinjiang|Yili|Tekes
中国|新疆|伊犁|巩留县	China|Xinjiang|Yili|Gongliu
中国|新疆|阿克苏|拜城县	China|Xinjiang|Aksu|Baicheng
中国|广西|防城港|东兴市	China|Guangxi|Fangchenggang|Dongxing
中国|新疆|阿克苏|阿瓦提县	China|Xinjiang|Aksu|Awat
中国|新疆|阿勒泰|吉木乃县	China|Xinjiang|Aletai|Jeminay
中国|吉林|吉林|磐石市	China|Jilin|Jilin|Panshi
中国|新疆|伊犁|霍城县	China|Xinjiang|Yili|Huocheng
泰国|巴蜀府||	Thailand|Bangkok||
泰国|清迈府||	Thailand|Chiang Mai||
中国|四川|成都|金堂县	China|Sichuan|Chengdu|Jintang
中国|新疆|喀什|喀什市	China|Xinjiang|Kashgar|Kashgar
中国|山西|大同|浑源县	China|Shanxi|Datong|Hunyuan
中国|福建|三明永安县|	China|Fujian|Yongan|
中国|新疆|伊犁|昭苏县	China|Xinjiang|Yili|Zhaosu
中国|青海|西宁|城中区	China|Qinghai|Xining|Chengzhong
中国|青海|海西|德令哈市	China|Qinghai|Haixi|Delingha
中国|四川|成都|温江区	China|Sichuan|Chengdu|Wenjiang
中国|四川|达州|渠县	China|Sichuan|Dazhou|Qu
中国|四川|成都|郫都区	China|Sichuan|Chengdu|Pidu
中国|山西|忻州|偏关县	China|Shanxi|Xinzhou|Pianguan
中国|四川|成都|新都区	China|Sichuan|Chengdu|Xindu
中国|新疆|塔城|裕民县	China|Xinjiang|Tacheng|Yumin
中国|青海|海东|化隆回族自治县	China|Qinghai|Haidong|Hualong
泰国|那空叻差是玛府||	Thailand|Nakhon Ratchasima||
中国|新疆|喀什|泽普县	China|Xinjiang|Kashgar|Zepu
中国|山东|济南|商河县	China|Shandong|Jinan|Shanghe
中国|山东|临沂|临沭县	China|Shandong|Linyi|Linshu
中国|湖南|益阳|沅江市	China|Hunan|Yiyang|Yuanjiang
中国|广东|肇庆|高要区	China|Guangdong|Zhaoqing|Gaoyao
中国|新疆|伊犁|尼勒克县	China|Xinjiang|Yili|Nilka
中国|河南|南阳|南召县	China|Henan|Nanyang|Nanzhao
中国|四川|宜宾|珙县	China|Sichuan|Yibin|Gong
中国|新疆|喀什|麦盖提县	China|Xinjiang|Kashgar|Maigaiti
中国|新疆|塔城|乌苏市	China|Xinjiang|Tacheng|Usu
中国|新疆|昌吉|玛纳斯县	China|Xinjiang|Changji|Manas
中国|广西|梧州|苍梧县	China|Guangxi|Wuzhou|Cangwu
中国|四川|泸州|古蔺县	China|Sichuan|Luzhou|Gulin
中国|新疆|阿克苏|沙雅县	China|Xinjiang|Aksu|Shaya
中国|四川|成都|彭州市	China|Sichuan|Chengdu|Pengzhou
中国|广东|茂名茂港区|	China|Guangdong|Maoming|Maogang
中国|新疆|昌吉|呼图壁县	China|Xinjiang|Changji|Hutubi
中国|新疆|伊犁|察布查尔锡伯自治县	China|Xinjiang|Yili|Qapqal Xibe Autonomous County
中国|广西|梧州|岑溪市	China|Guangxi|Wuzhou|Cenxi
中国|山西|忻州|代县	China|Shanxi|Xinzhou|Daixian
中国|山西|忻州|神池县	China|Shanxi|Xinzhou|Shenchi
中国|湖南|怀化|会同县	China|Hunan|Huaihua|Huitong
中国|广东|清远|佛冈县	China|Guangdong|Qingyuan|Fogang
中国|河北|承德|滦平县	China|Hebei|Chengde|Luanping
中国|河北|承德|隆化县	China|Hebei|Chengde|Longhua
中国|河北|承德|围场满族蒙古族自治县	China|Hebei|Chengde|Weichang
中国|河北|承德|双桥区	China|Hebei|Chengde|Shuangqiao
中国|河北|沧州|东光县	China|Hebei|Cangzhou|Dongguang
中国|河北|承德|丰宁满族自治县	China|Hebei|Chengde|Fengning Manchu Autonomous County
中国|陕西|西安|鄠邑区	China|Shaanxi|Xi'an|Huyi
中国|河北|石家庄|深泽县	China|Hebei|Shijiazhuang|Shenze
中国|河北|沧州|献县	China|Hebei|Cangzhou|Xian
中国|江西|赣州|全南县	China|Jiangxi|Ganzhou|Quannan
中国|河北|沧州|盐山县	China|Hebei|Cangzhou|Yanshan
中国|广西|桂林|平乐县	China|Guangxi|Guilin|Pingle
中国|江西|上饶|铅山县	China|Jiangxi|Shangrao|Yanshan
中国|河北|石家庄栾城县|	China|Hebei|Luancheng|
中国|湖南|湘西|保靖县	China|Hunan|Xiangxi|Baojing
中国|河北|秦皇岛|卢龙县	China|Hebei|Qinhuangdao|Long
中国|江西|抚州|金溪县	China|Jiangxi|Fuzhou|Jinxi
中国|河北|沧州|南皮县	China|Hebei|Cangzhou|Nanpi
中国|河北|沧州|吴桥县	China|Hebei|Cangzhou|Wuqiao
中国|江西|九江|武宁县	China|Jiangxi|Jiujiang|Wuning
中国|宁夏|石嘴山|大武口区	China|Ningxia|Shizuishan|Dawukou
中国|广西|河池|巴马瑶族自治县	China|Guangxi|Hechi|Bama Yao
中国|四川|遂宁|安居区	China|Sichuan|Suining|Anju
中国|广西|贵港|桂平市	China|Guangxi|Guigang|Guiping
中国|广西|桂林|灵川县	China|Guangxi|Guilin|Lingchuan
中国|河北|廊坊|香河县	China|Hebei|Langfang|Xianghe
中国|河北|邢台|柏乡县	China|Hebei|Xingtai|Baixiang
中国|广西|桂林|临桂区	China|Guangxi|Guilin|Lingui
中国|江西|宜春|上高县	China|Jiangxi|Yichun|Shanggao
中国|宁夏|吴忠|红寺堡区	China|Ningxia|Wuzhong|Hongsibao
中国|江西|南昌|青云谱区	China|Jiangxi|Nanchang|Qingyunpu
中国|山东|菏泽|牡丹区	China|Shandong|Heze|Mudan
中国|浙江|杭州|淳安县	China|Zhejiang|Hangzhou|Chun'an
中国|广西|柳州|柳南区	China|Guangxi|Liuzhou|Liunan
中国|贵州|黔东南|榕江县	China|Guizhou|Qiandongnan|Rongjiang
中国|贵州|黔东南|锦屏县	China|Guizhou|Qiandongnan|Jinping
中国|江西|抚州|资溪县	China|Jiangxi|Fuzhou|Zixi
中国|河北|邢台|临西县	China|Hebei|Xingtai|Linxi
中国|江西|宜春|奉新县	China|Jiangxi|Yichun|Fengxin
中国|江西|赣州|兴国县	China|Jiangxi|Ganzhou|Xingguo
中国|贵州|黔东南|黎平县	China|Guizhou|Qiandongnan|Liping
中国|河北|承德|宽城满族自治县	China|Hebei|Chengde|Kuancheng Manchu Autonomous County
中国|贵州|黔南|荔波县	China|Guizhou|Qiannan|Libo
中国|广西|钦州|钦南区	China|Guangxi|Qinzhou|Qinnan
中国|江西|赣州|寻乌县	China|Jiangxi|Ganzhou|Xunwu
中国|广西|河池|都安瑶族自治县	China|Guangxi|Hechi|Du'an Yao Autonomous County
日本|长野县|长野市|	Japan|Nagano|Nagano|
中国|贵州|黔西南|晴隆县	China|Guizhou|Qianxinan|Qinglong
中国|广西|柳州|三江侗族自治县	China|Guangxi|Liuzhou|Sanjiang
中国|江西|九江|湖口县	China|Jiangxi|Jiujiang|Hukou
中国|贵州|黔东南|施秉县	China|Guizhou|Qiandongnan|Shibing
中国|贵州|黔南|三都水族自治县	China|Guizhou|Qiannan|Sandu Shui
中国|贵州|安顺|关岭布依族苗族自治县	China|Guizhou|Anshun|Guanling Buyei and Miao Autonomous County
中国|江西|抚州东乡县|	China|Jiangxi|Dongxiang|
中国|贵州|安顺|紫云苗族布依族自治县	China|Guizhou|Anshun|Ziyun Miao Buyei Autonomous County
中国|贵州|黔东南|三穗县	China|Guizhou|Qiandongnan|Sansui
中国|陕西|西安|新城区	China|Shaanxi|Xi'an|Xincheng
中国|内蒙古|呼和浩特|土默特左旗	China|Inner Mongolia|Hohhot|Tumed Left
中国|贵州|黔西南|普安县	China|Guizhou|Qianxinan|Pu'an
中国|贵州|遵义|凤冈县	China|Guizhou|Zunyi|Fenggang
中国|湖北|孝感|孝南区	China|Hubei|Xiaogan|Xiaonan
中国|湖北|黄石|西塞山区	China|Hubei|Huangshi|Xisaishan
中国|湖北|恩施|鹤峰县	China|Hubei|Enshi|Hefeng
中国|河北|邯郸|丛台区	China|Hebei|Handan|Congtai
中国|福建|宁德|蕉城区	China|Fujian|Ningde|Jiaocheng
中国|四川|成都|成华区	China|Sichuan|Chengdu|Chenghua
中国|内蒙古|乌兰察布|卓资县	China|Inner Mongolia|Ulanqab|Zhuozi
中国|云南|昆明安宁县|	China|Yunnan|Anning|
中国|贵州|遵义|汇川区	China|Guizhou|Zunyi|Huichuan
中国|湖北|襄阳|老河口市	China|Hubei|Xiangyang|Laohekou
中国|内蒙古|乌兰察布察哈尔右中旗|	China|Inner Mongolia|Ulanqab|
中国|江苏|宿迁|宿城区	China|Jiangsu|Suqian|Sucheng
中国|云南|保山|龙陵县	China|Yunnan|Baoshan|Longling
中国|云南|保山|昌宁县	China|Yunnan|Baoshan|Changning
中国|四川|遂宁|船山区	China|Sichuan|Suining|Chuanshan
中国|四川|凉山|宁南县	China|Sichuan|Liangshan|Ningnan
中国|福建|龙岩|漳平市	China|Fujian|Longyan|Zhangping
中国|四川|凉山|盐源县	China|Sichuan|Liangshan|Yanyuan
中国|云南|楚雄|牟定县	China|Yunnan|Chuxiong|Mouding
中国|云南|文山|丘北县	China|Yunnan|Wenshan|Qiubei
中国|四川|眉山|仁寿县	China|Sichuan|Meishan|Renshou
中国|湖北|恩施|建始县	China|Hubei|Enshi|Jianshi
韩国|全罗北道|全州市|	South Korea|Jeollabuk-do|Jeonju|
中国|安徽|马鞍山|雨山区	China|Anhui|Ma'anshan|Yushan
中国|云南|红河|河口瑶族自治县	China|Yunnan|Honghe|Hekou Yao
中国|四川|自贡|富顺县	China|Sichuan|Zigong|Fushun
中国|四川|广元|旺苍县	China|Sichuan|Guangyuan|Wangcang
中国|四川|绵阳安县|	China|Sichuan|An County|
中国|黑龙江|哈尔滨|木兰县	China|Heilongjiang|Harbin|Mulan
中国|云南|昭通|镇雄县	China|Yunnan|Zhaotong|Zhenxiong
中国|河北|沧州|孟村回族自治县	China|Hebei|Cangzhou|Mengcun Hui Autonomous County
中国|山东|德州|陵城区	China|Shandong|Dezhou|Lingcheng
中国|山东|德州|武城县	China|Shandong|Dezhou|Wucheng
中国|四川|资阳|安岳县	China|Sichuan|Ziyang|Anyue
中国|福建|龙岩|连城县	China|Fujian|Longyan|Liancheng
中国|四川|泸州|合江县	China|Sichuan|Luzhou|Hejiang
中国|四川|宜宾|翠屏区	China|Sichuan|Yibin|Cuiping
中国|山东|济宁|梁山县	China|Shandong|Jining|Liangshan
中国|四川|德阳|中江县	China|Sichuan|Deyang|Zhongjiang
中国|云南|昆明呈员县|	China|Yunnan|Kunming Chenggong|
中国|山东|枣庄|薛城区	China|Shandong|Zaozhuang|Xuecheng
中国|山东|滨州|阳信县	China|Shandong|Binzhou|Yangxin
中国|山东|滨州|惠民县	China|Shandong|Binzhou|Huimin
中国|广西|柳州|鱼峰区	China|Guangxi|Liuzhou|Yufeng
中国|黑龙江|鹤岗|兴安区	China|Heilongjiang|Hegang|Xing'an
中国|山东|枣庄|台儿庄区	China|Shandong|Zaozhuang|Taierzhuang
中国|广西|钦州|灵山县	China|Guangxi|Qinzhou|Lingshan
中国|广西|柳州|柳江区	China|Guangxi|Liuzhou|Liujiang
中国|山东|聊城|茌平区	China|Shandong|Liaocheng|Chiping
中国|广西|来宾|合山市	China|Guangxi|Laibin|Heshan
中国|四川|阿坝藏族羌族自治州马尔康县|	China|Sichuan|Barkam|
中国|广西|百色|平果市	China|Guangxi|Baise|Pingguo
中国|广西|柳州|柳城县	China|Guangxi|Liuzhou|Liucheng
中国|云南|德宏傣族景颇族自治州潞西市|	China|Yunnan|Mangshi|
中国|广西|柳州|柳北区	China|Guangxi|Liuzhou|Liubei
中国|广西|崇左|龙州县	China|Guangxi|Chongzuo|Longzhou
中国|广西|百色|右江区	China|Guangxi|Baise|Youjiang
中国|广西|百色|西林县	China|Guangxi|Baise|Xilin
中国|广西|百色|田东县	China|Guangxi|Baise|Tiandong
中国|广西|河池|大化瑶族自治县	China|Guangxi|Hechi|Dahua Yao Autonomous County
中国|广西|柳州|鹿寨县	China|Guangxi|Liuzhou|Luzhai
中国|四川|雅安|天全县	China|Sichuan|Yaan|Tianquan
中国|广西|百色|田林县	China|Guangxi|Baise|Tianlin
中国|黑龙江|黑河|孙吴县	China|Heilongjiang|Heihe|Sunwu
中国|山东|菏泽|成武县	China|Shandong|Heze|Chengwu
中国|广西|百色|隆林各族自治县	China|Guangxi|Baise|Longlin
中国|广西|玉林|兴业县	China|Guangxi|Yulin|Xingye
中国|广西|南宁|横州市	China|Guangxi|Nanning|Hengzhou
中国|广西|河池|宜州区	China|Guangxi|Hechi|Yizhou
中国|广西|来宾|武宣县	China|Guangxi|Laibin|Wuxuan
中国|广西|桂林|永福县	China|Guangxi|Guilin|Yongfu
中国|山西|长治|平顺县	China|Shanxi|Changzhi|Pingshun
中国|广西|玉林|博白县	China|Guangxi|Yulin|Bobai
中国|广西|百色|凌云县	China|Guangxi|Baise|Lingyun
中国|广东|湛江|坡头区	China|Guangdong|Zhanjiang|Potou
中国|西藏|林芝|波密县	China|Xizang|Nyingchi|Bomi
中国|广西|来宾|象州县	China|Guangxi|Laibin|Xiangzhou
中国|广东|韶关|乳源瑶族自治县	China|Guangdong|Shaoguan|Ruyuan Yao Autonomous County
中国|海南|海口|美兰区	China|Hainan|Haikou|Meilan
中国|山西|吕梁|方山县	China|Shanxi|Lüliang|Fangshan
中国|海南|三亚|吉阳区	China|Hainan|Sanya|Jiyang
中国|湖北|宜昌|兴山县	China|Hubei|Yichang|Xingshan
中国|广东|佛山顺德市|	China|Guangdong|Foshan Shunde|
中国|广东|湛江吴川县|	China|Guangdong|Wuchuan|
中国|陕西|铜川耀县|	China|Shaanxi|Yaoxian|
中国|西藏|林芝|巴宜区	China|Tibet|Nyingchi|Bayi District
中国|广东|韶关|翁源县	China|Guangdong|Shaoguan|Wengyuan
中国|广西|百色|乐业县	China|Guangxi|Baise|Leye
中国|广东|河源|源城区	China|Guangdong|Heyuan|Yuancheng
中国|山西|晋城|高平市	China|Shanxi|Jincheng|Gaoping
中国|广东|惠州|龙门县	China|Guangdong|Huizhou|Longmen
中国|山西|大同|阳高县	China|Shanxi|Datong|Yanggao
中国|陕西|商洛|洛南县	China|Shaanxi|Shangluo|Luonan
中国|上海||	China|Shanghai||
中国|陕西|商洛|镇安县	China|Shaanxi|Shangluo|Zhen'an
中国|江西|上饶|余干县	China|Jiangxi|Shangrao|Yugan
中国|辽宁|铁岭|西丰县	China|Liaoning|Tieling|Xifeng
中国|江西|新余|渝水区	China|Jiangxi|Xinyu|Yushui
中国|山西|晋城|阳城县	China|Shanxi|Jincheng|Yangcheng
美国|密西西比州|斯科特县|莫顿	United States|Mississippi|Scott|Morton
中国|陕西|宝鸡|凤翔区	China|Shaanxi|Baoji|Fengxiang
中国|山西|长治|黎城县	China|Shanxi|Changzhi|Licheng
中国|湖南|株洲|茶陵县	China|Hunan|Zhuzhou|Chaling
中国|山西|吕梁|兴县	China|Shanxi|Lüliang|Xingxian
中国|安徽|阜阳|颍泉区	China|Anhui|Fuyang|Yingquan
中国|湖南|岳阳|湘阴县	China|Hunan|Yueyang|Xiangyin
中国|广东|云浮云安县|	China|Guangdong|Yun'an|
中国|山西|吕梁|柳林县	China|Shanxi|Lvliang|Liulin
中国|江苏|徐州|云龙区	China|Jiangsu|Xuzhou|Yunlong
中国|广东|梅州|大埔县	China|Guangdong|Meizhou|Dabu
中国|陕西|安康|岚皋县	China|Shaanxi|Ankang|Langao
中国|湖南|娄底|双峰县	China|Hunan|Loudi|Shuangfeng
中国|湖南|湘西|花垣县	China|Hunan|Xiangxi|Huayuan
中国|安徽|黄山|黄山区	China|Anhui|Huangshan|Huangshan
中国|陕西|咸阳|永寿县	China|Shaanxi|Xianyang|Yongshou
中国|贵州|黔南|惠水县	China|Guizhou|Qiannan|Huishui
中国|辽宁|沈阳|新民市	China|Liaoning|Shenyang|Xinmin
中国|陕西|商洛|丹凤县	China|Shaanxi|Shangluo|Danfeng
中国|贵州|黔南|福泉市	China|Guizhou|Qiannan|Fuquan
中国|陕西|咸阳|彬州市	China|Shaanxi|Xianyang|Binzhou
中国|广西|桂林|叠彩区	China|Guangxi|Guilin|Diecai
中国|安徽|淮南|潘集区	China|Anhui|Huainan|Panji
中国|河南|南阳|淅川县	China|Henan|Nanyang|Xichuan
中国|河南|濮阳|南乐县	China|Henan|Puyang|Nanle
中国|陕西|商洛|柞水县	China|Shaanxi|Shangluo|Zhishui
中国|陕西|咸阳|泾阳县	China|Shaanxi|Xianyang|Sanyuan
中国|上海|上海黄埔区|	China|Shanghai|Huangpu|
中国|陕西|宝鸡|眉县	China|Shaanxi|Baoji|Mei
中国|湖南|永州|江永县	China|Hunan|Yongzhou|Jiangyong
中国|河南|三门峡|陕州区	China|Henan|Sanmenxia|Shaanzhou
中国|河南|南阳|社旗县	China|Henan|Nanyang|Sheqi
中国|河南|周口|西华县	China|Henan|Zhoukou|Xihua
中国|河南|郑州|新密市	China|Henan|Zhengzhou|Xinmi
中国|河南|驻马店|平舆县	China|Henan|Zhumadian|Pingyu
朝鲜|江原道||	North Korea|Jagang||
中国|江苏|连云港|灌南县	China|Jiangsu|Lianyungang|Guannan
中国|河南|新乡|卫辉市	China|Henan|Xinxiang|Weihui
中国|吉林|吉林|船营区	China|Jilin|Jilin|Chuanying
中国|河南|南阳|桐柏县	China|Henan|Nanyang|Tongbai
中国|江西|赣州|石城县	China|Jiangxi|Ganzhou|Shicheng
中国|江西|抚州|黎川县	China|Jiangxi|Fuzhou|Lichuan
中国|河南|南阳|宛城区	China|Henan|Nanyang|Wancheng
中国|江西|赣州|上犹县	China|Jiangxi|Ganzhou|Shangyou
中国|河南|平顶山|石龙区	China|Henan|Pingdingshan|Shilong
中国|广西|桂林|象山区	China|Guangxi|Guilin|Xiangshan
中国|江西|南昌|安义县	China|Jiangxi|Nanchang|Anyi
中国|广西|桂林|秀峰区	China|Guangxi|Guilin|Xiufeng
老挝|乌多姆塞省||	Luang Prabang|Oudomxay||
中国|河南|许昌|襄城县	China|Henan|Xuchang|Xiangcheng
中国|浙江|杭州|建德市	China|Zhejiang|Hangzhou|Jiande
中国|广西|桂林|灌阳县	China|Guangxi|Guilin|Guanyang
中国|广西|桂林|恭城瑶族自治县	China|Guangxi|Guilin|Gongcheng Yao
中国|广西|贺州|昭平县	China|Guangxi|Hezhou|Zhaoping
中国|广西|钦州|浦北县	China|Guangxi|Qinzhou|Pubei
中国|浙江宁波鄞州区||	China|Yinzhou||
中国|广西|河池|南丹县	China|Guangxi|Hechi|Nandan
中国|河南|许昌|长葛市	China|Henan|Xuchang|Changge
中国|广西|梧州|蒙山县	China|Guangxi|Wuzhou|Mengshan
中国|浙江|丽水|遂昌县	China|Zhejiang|Lishui|Suichang
中国|河南|郑州|管城回族区	China|Henan|Zhengzhou|Guancheng Hui
中国|广西|钦州|钦北区	China|Guangxi|Qinzhou|Qinbei
中国|广东|深圳|龙华区	China|Guangdong|Shenzhen|Longhua
中国|广西|桂林|资源县	China|Guangxi|Guilin|Ziyuan
中国|广西|北海|合浦县	China|Guangxi|Beihai|Hepu
中国|广西|桂林|雁山区	China|Guangxi|Guilin|Yanshan
中国|广西|北海|海城区	China|Guangxi|Beihai|Haicheng
中国|新疆省伊犁州||	China|Yili||
中国|云南|西双版纳|勐腊县	China|Yunnan|Xishuangbanna|Menghai
中国|广西|桂林|七星区	China|Guangxi|Guilin|Qixing
中国|内蒙古|兴安|科尔沁右翼前旗	China|Inner Mongolia|Hinggan|Horqin Right Wing Front Banner
中国|云南|昆明官度区|	China|Yunnan|Kunming Guandu|
中国|广西|桂林|全州县	China|Guangxi|Guilin|Quanzhou
中国|广东|韶关|仁化县	China|Guangdong|Shaoguan|Renhua
中国|广西|北海|银海区	China|Guangxi|Beihai|Yinhai
中国|云南|昆明白云区|	China|Yunnan|Kunming Baiyun|
中国|内蒙古|呼伦贝尔鄂伦春旗|	China|Inner Mongolia|Hulunbuir|
中国|广西|防城港|上思县	China|Guangxi|Fangchenggang|Shangsi
中国|内蒙古|鄂尔多斯|杭锦旗	China|Inner Mongolia|Ordos|Hanggin Banner
中国|广西|河池|天峨县	China|Guangxi|Hechi|Tiane
中国|云南|昆明富民县|	China|Yunnan|Kunming Funming|
中国|内蒙古|通辽|科尔沁左翼中旗	China|Inner Mongolia|Tongliao|Horqin Left Wing Middle Banner
中国|云南|玉溪红搭区|	China|Yunnan|Hongta|
中国|云南|迪庆|维西傈僳族自治县	China|Yunnan|Diqing|Weixi Lisu
中国|云南|普洱|澜沧拉祜族自治县	China|Yunnan|Pu'er|Lancang
中国|湖北|随州|曾都区	China|Hubei|Suizhou|Zengdu
中国|福建|漳州长泰县|	China|Fujian|Changtai|
中国|内蒙古|阿拉善盟市|	China|Inner Mongolia|Alxa|
中国|福建|漳州|龙海区	China|Fujian|Zhangzhou|Longhai
中国|天津|天津汉沽区|	China|Tianjin|Hangu District|
中国|云南|丽江|永胜县	China|Yunnan|Lijiang|Yongsheng
中国|广西|柳州|融安县	China|Guangxi|Liuzhou|Rong'an
中国|内蒙古|呼伦贝尔|额尔古纳市	China|Inner Mongolia|Hulunbuir|Erguna
中国|内蒙古|锡林郭勒|太仆寺旗	China|Inner Mongolia|Xilin Gol|Taibus Banner
中国|云南|文山壮族苗族自治州文山县|	China|Yunnan|Wenshan|
中国|江西|赣州|定南县	China|Jiangxi|Ganzhou|Dingnan
中国|江西|抚州金系县|	China|Jiangxi|Jinxi|
中国|江西|九江|浔阳区	China|Jiangxi|Jiujiang|Xunyang
中国|四川|成都|简阳市	China|Sichuan|Chengdu|Jianyang
中国|江西|上饶|万年县	China|Jiangxi|Shangrao|Wannian
中国|江西|赣州|崇义县	China|Jiangxi|Ganzhou|Chongyi
中国|广西|柳州|城中区	China|Guangxi|Liuzhou|Chengzhong
中国|广西|来宾|忻城县	China|Guangxi|Laibin|Xincheng
中国|江西|九江|濂溪区	China|Jiangxi|Jiujiang|Lianxi
中国|广西|南宁|邕宁区	China|Guangxi|Nanning|Yongning
中国|四川|自贡|大安区	China|Sichuan|Zigong|Da'an
中国|湖北|鄂州|鄂城区	China|Hubei|Ezhou|Echeng
中国|陕西|汉中|佛坪县	China|Shaanxi|Hanzhong|Foping
中国|四川|达州|通川区	China|Sichuan|Dazhou|Tongchuan
中国|江西|萍乡|莲花县	China|Jiangxi|Pingxiang|Lianhua
中国|陕西|西安|灞桥区	China|Shaanxi|Xi'an|Baqiao
中国|广西|崇左|宁明县	China|Guangxi|Chongzuo|Ningming
中国|广西|南宁|上林县	China|Guangxi|Nanning|Shanglin
中国|江西|萍乡|湘东区	China|Jiangxi|Pingxiang|Xiangdong
中国|云南|玉溪|元江哈尼族彝族傣族自治县	China|Yunnan|Yuxi|Yuanjiang Hani, Yi and Dai Autonomous County
中国|广西|防城港|港口区	China|Guangxi|Fangchenggang|Gangkou
中国|四川|成都|新津区	China|Sichuan|Chengdu|Xinjin
中国|湖北|襄阳|保康县	China|Hubei|Xiangyang|Baokang
中国|广西|贺州|八步区	China|Guangxi|Hezhou|Babu
中国|广西|贵港|平南县	China|Guangxi|Guigang|Pingnan
中国|广西|南宁|良庆区	China|Guangxi|Nanning|Liangqing
中国|新疆喀什市||	China|Kashgar||
中国|江西|新余|分宜县	China|Jiangxi|Xinyu|Fenyi
中国|四川|绵阳|安州区	China|Sichuan|Mianyang|Anzhou
中国|广西|梧州|长洲区	China|Guangxi|Wuzhou|Changzhou
中国|广西|贺州|富川瑶族自治县	China|Guangxi|Hezhou|Fuchuan Yao
中国|四川|资阳|乐至县	China|Sichuan|Ziyang|Lezhi
中国|江西|南昌|西湖区	China|Jiangxi|Nanchang|Xihu
中国|广西|河池|金城江区	China|Guangxi|Hechi|Jinchengjiang
中国|广西|柳州高新区|	China|Guangxi|Liuzhou|
中国|广西|河池|罗城仫佬族自治县	China|Guangxi|Hechi|Luocheng Mulao Autonomous County
中国|内蒙古|锡林郭勒|西乌珠穆沁旗	China|Inner Mongolia|Xilin Gol|West Ujimqin Banner
中国|贵州|黔西南|望谟县	China|Guizhou|Qianxinan|Wangmo
新西兰|奥克兰大区|海伦斯维尔|	New Zealand|Otago|Hokianga|
新西兰|坎特伯雷大区|时运郡|斯普林斯顿	New Zealand|Canterbury|Selwyn|Springston
新西兰|马纳瓦图－旺加努伊大区|朗吉蒂基郡|马顿	New Zealand|Manawatu-Wanganui|Rangitikei|Marton
新西兰|北地大区|远北郡|芒果努伊	New Zealand|Northland Region|Far North District|Mangonui
中国|内蒙古|呼伦贝尔|新巴尔虎右旗	China|Inner Mongolia|Hulunbuir|Xin Barag Right Banner
新西兰|怀卡托大区|泰晤士－科罗曼德郡|帕瓦努伊	New Zealand|Waikato Region|Thames-Coromandel District|Paeroa
新西兰|奥克兰大区|奥克兰|曼努考	New Zealand|Auckland Region|Auckland|Manukau
新西兰|怀卡托大区|怀卡托郡|图阿考	New Zealand|Waikato|Waikato District|Tuakau
新西兰|怀卡托大区|怀卡托郡|纳鲁瓦希亚	New Zealand|Waikato|Waikato|Ngaruawahia
新西兰|马纳瓦图－旺加努伊大区|马纳瓦图郡|菲尔丁	New Zealand|Manawatu-Wanganui|Manawatu|Feilding
新西兰|坎特伯雷大区|基督城市|小河	New Zealand|Canterbury|Christchurch|Linwood
新西兰|奥克兰大区|马赖泰|	New Zealand|Otago|Mossburn|
新西兰|奥克兰大区|巴克兰|	New Zealand|Otago|Bacland|
新西兰|坎特伯雷大区|罗宾逊湾|	New Zealand|Canterbury|Robbins Bay|
中国|山西|大同|天镇县	China|Shanxi|Datong|Tianzhen
新西兰|塔拉纳基大区|斯特拉福德郡|	New Zealand|Taranaki Region|Stratford District|
新西兰|霍克湾大区|陶波郡|陶波	New Zealand|Hawke's Bay|Taupo|Taupo
中国|山西|晋城|陵川县	China|Shanxi|Jincheng|Lingchuan
新西兰|怀卡托大区|怀卡托郡|陶皮里	New Zealand|Waikato|Waikato District|Taupiri
新西兰|奥克兰大区|奥克兰|格伦多维	New Zealand|Otago|Oamaru|Glen Dowie
新西兰|怀卡托大区|南怀卡托郡|普塔鲁鲁	New Zealand|Waikato Region|South Waikato|Putaruru
新西兰|惠灵顿大区|哈特市|纳伊纳伊	New Zealand|Wellington|Hutt|Naenae
新西兰|坎特伯雷大区|胡鲁努伊|安伯利	New Zealand|Canterbury|Hurunui|Amberley
新西兰|坎特伯雷大区|怀玛卡哩哩|奥霍卡	New Zealand|Canterbury|Waikari|Ohoka
新西兰|奥克兰大区|奥克兰|半月湾	New Zealand|Otago|Dunedin|Wanaka
新西兰|普伦蒂湾大区|陶朗加市|芒格努伊山	New Zealand|Plenty Bay|Tauranga City|Mount Maunganui
新西兰|奥塔哥大区|皇后镇－湖郡|箭镇	New Zealand|Otago|Queenstown-Lakes|Arrowtown
新西兰|马纳瓦图－旺加努伊大区|塔拉鲁瓦郡|丹尼维克	New Zealand|Manawatu-Wanganui|Tararua|Dannevirke
新西兰|北地大区|凯帕拉|芒格怀	New Zealand|Northland|Kaitaia|Mangawhai
新西兰|马尔堡大区|马尔伯勒郡|布伦海姆中心	New Zealand|Marlborough|Marlborough|Blenheim Central
新西兰|坎特伯雷大区|怀玛特郡|	New Zealand|Canterbury|Waimate|
新西兰|坎特伯雷大区|时运郡|基尔威	New Zealand|Canterbury|Selwyn|Kirwee
中国|山西|长治|长子县	China|Shanxi|Changzhi|Zhangzi
中国|山西|运城|夏县	China|Shanxi|Yuncheng|Xia
中国|山西|吕梁|交口县	China|Shanxi|Lvliang|Jiaokou
中国|山西|大同|广灵县	China|Shanxi|Datong|Guangling
中国|山西|忻州|繁峙县	China|Shanxi|Xinzhou|Fanshi
新西兰|北地大区|旺阿雷郡|马塔普里	New Zealand|Northland|Whangarei|Matapouri
新西兰|奥克兰大区|奥克兰|塔卡尼尼	New Zealand|Otago|Oamaru|Takanni
新西兰|奥克兰大区|奥克兰|奥尔巴尼	New Zealand|Otago|Oamaru|Oamaru
中国|四川|雅安|汉源县	China|Sichuan|Yaan|Hanyuan
中国|山西|长治|武乡县	China|Shanxi|Changzhi|Wuxiang
新西兰|奥克兰大区|奥克兰|帕库兰加	New Zealand|Otago|Oamaru|Pukuranui
中国|山西|长治|屯留区	China|Shanxi|Changzhi|Tunliu
中国|山西|吕梁|汾阳市	China|Shanxi|Lvliang|Fenyang
中国|山西|运城|河津市	China|Shanxi|Yuncheng|Hejin
中国|山西|大同|灵丘县	China|Shanxi|Datong|Lingqiu
中国|四川|达州达县|	China|Sichuan|Dazhou|
中国|山西|忻州|五寨县	China|Shanxi|Xinzhou|Wuzhai
中国|四川|宜宾|长宁县	China|Sichuan|Yibin|Changning
中国|山西|运城|芮城县	China|Shanxi|Yuncheng|Ruicheng
中国|四川|甘孜|德格县	China|Sichuan|Ganzi|Dege
中国|山西|运城|平陆县	China|Shanxi|Yuncheng|Pinglu
中国|四川|甘孜|泸定县	China|Sichuan|Ganzi|Luding
中国|四川|甘孜|乡城县	China|Sichuan|Ganzi|Xiangcheng
中国|四川|广元|苍溪县	China|Sichuan|Guangyuan|Cangxi
中国|四川|凉山|冕宁县	China|Sichuan|Liangshan|Mianning
中国|四川|成都|大邑县	China|Sichuan|Chengdu|Dayu
中国|四川|凉山彝族自治州金阳县|	China|Sichuan|Jinyang|
中国|山西|忻州|定襄县	China|Shanxi|Xinzhou|Dingxiang
中国|四川|凉山|昭觉县	China|Sichuan|Liangshan|Zhaojue
中国|四川|凉山|雷波县	China|Sichuan|Liangshan|Leibo
中国|山西|忻州|五台县	China|Shanxi|Xinzhou|Wutai
中国|四川|成都陴县|	China|Sichuan|Pixian|
中国|四川|乐山|沐川县	China|Sichuan|Leshan|Muchuan
中国|四川|凉山|德昌县	China|Sichuan|Liangshan|Dechang
中国|四川|雅安名山县|	China|Sichuan|Mingshan|
中国|青海|西宁|城西区	China|Qinghai|Xining|Chengxi
中国|四川|达州|开江县	China|Sichuan|Dazhou|Kaijiang
中国|青海|西宁湟中县|	China|Qinghai|Huangzhong County|
中国|四川|乐山|峨边彝族自治县	China|Sichuan|Leshan|Ebian
中国|四川|甘孜|稻城县	China|Sichuan|Ganzi|Daocheng
中国|四川|泸州|江阳区	China|Sichuan|Luzhou|Jiangyang
中国|青海|西宁|湟源县	China|Qinghai|Xining|Huangyuan
中国|青海|海南|贵德县	China|Qinghai|Hainan|Guide
中国|四川|巴中|通江县	China|Sichuan|Bazhong|Tongjiang
中国|四川|阿坝|若尔盖县	China|Sichuan|Aba|Zoige
中国|湖南|常德|临澧县	China|Hunan|Changde|Linli
中国|吉林|长春|朝阳区	China|Jilin|Changchun|Chaoyang
中国|四川|凉山|美姑县	China|Sichuan|Liangshan|Meigu
中国|四川|眉山|东坡区	China|Sichuan|Meishan|Dongpo
中国|贵州|黔西南|安龙县	China|Guizhou|Qianxinan|Anlong
中国|四川|巴中|平昌县	China|Sichuan|Bazhong|Pingchang
中国|贵州|黔西南|册亨县	China|Guizhou|Qianxinan|Ceheng
中国|四川|广元|剑阁县	China|Sichuan|Guangyuan|Jiange
中国|贵州|黔南|龙里县	China|Guizhou|Qiannan|Longli
中国|辽宁|铁岭|银州区	China|Liaoning|Tieling|Yinzhou
中国|宁夏|吴忠|利通区	China|Ningxia|Wuzhong|Litong
中国|吉林|通化|辉南县	China|Jilin|Tonghua|Huinan
中国|湖南|怀化|通道侗族自治县	China|Hunan|Huaihua|Tongdao
中国|四川|成都|崇州市	China|Sichuan|Chengdu|Chongzhou
中国|湖北|孝感|大悟县	China|Hubei|Xiaogan|Dawu
中国|吉林|白城|洮南市	China|Jilin|Baicheng|Huainan
中国|云南|大理|漾濞彝族自治县	China|Yunnan|Dali|Yangbi
中国|广东|江门开平区|	China|Guangdong|Kaiping|
中国|四川|眉山|洪雅县	China|Sichuan|Meishan|Hongya
中国|甘肃|平凉|灵台县	China|Gansu|Pingliang|Lingtai
中国|河北|沧州|沧县	China|Hebei|Cangzhou|Cangxian
中国|福建|泉州|丰泽区	China|Fujian|Quanzhou|Fengze
中国|宁夏|吴忠|青铜峡市	China|Ningxia|Wuzhong|Qingtongxia
中国|辽宁|沈阳|康平县	China|Liaoning|Shenyang|Kangping
中国|吉林|延边|汪清县	China|Jilin|Yanbian|Wangqing
中国|湖北|鄂州|梁子湖区	China|Hubei|Ezhou|Liangzihu
中国|广东|汕头朝阳区|	China|Guangdong|Chaoyang|
中国|广东|肇庆|封开县	China|Guangdong|Zhaoqing|Fengkai
中国|广东|梅州|兴宁市	China|Guangdong|Meizhou|Xingning
中国|新疆|阿勒泰|富蕴县	China|Xinjiang|Altay|Fuyun
中国|吉林|松原|乾安县	China|Jilin|Songyuan|Qian'an
中国|河北|唐山|遵化市	China|Hebei|Tangshan|Zunhua
中国|河北|保定|满城区	China|Hebei|Baoding|Mancheng
中国|新疆|巴音郭楞|焉耆回族自治县	China|Xinjiang|Bayingolin|Yanqi Hui Autonomous County
中国|吉林|白山|长白朝鲜族自治县	China|Jilin|Baishan|Changbai Korean Autonomous County
中国|贵州|黔东南|从江县	China|Guizhou|Qiandongnan|Congjiang
中国|吉林|白城|通榆县	China|Jilin|Baicheng|Tongyu
中国|新疆|巴音郭楞|博湖县	China|Xinjiang|Bayingolin|Bohu
中国|陕西|延安|宜川县	China|Shaanxi|Yan'an|Yichuan
中国|新疆|阿勒泰|福海县	China|Xinjiang|Altay|Fuhai
澳大利亚|维多利亚州|墨尔本大都会区|梅尔顿	Australia|Victoria|Melbourne|Melton
中国|新疆|阿勒泰|阿勒泰市	China|Xinjiang|Altay|Altay
中国|河南|平顶山|宝丰县	China|Henan|Pingdingshan|Baofeng
中国|河北|张家口|涿鹿县	China|Hebei|Zhangjiakou|Zhuolu
中国|新疆|阿克苏|库车市	China|Xinjiang|Aksu|Kuqa
中国|陕西|宝鸡|陇县	China|Shaanxi|Baoji|Longxian
中国|新疆|阿勒泰|青河县	China|Xinjiang|Altay|Qinghe
中国|新疆|阿勒泰|哈巴河县	China|Xinjiang|Altay|Kaba
中国|广东|东莞|莞城区	China|Guangdong|Dongguan|Dongcheng
中国|新疆|巴音郭楞|和静县	China|Xinjiang|Bayingolin|Hejing
中国|广东|清远|连山壮族瑶族自治县	China|Guangdong|Qingyuan|Lianshan Yao Autonomous County
中国|新疆|昌吉|木垒哈萨克自治县	China|Xinjiang|Changji|Muzi Hasake
中国|新疆|喀什|叶城县	China|Xinjiang|Kashgar|Yecheng
中国|河北|廊坊|安次区	China|Hebei|Langfang|Anci
中国|山西|朔州|怀仁市	China|Shanxi|Shuozhou|Huairen
中国|广东|深圳松岗区|	China|Guangdong|Shenzhen Songgang|
中国|广东|东莞寮步镇|	China|Guangdong|Humenzhen|
中国|山东|东营|利津县	China|Shandong|Dongying|Lijin
中国|河北|石家庄|新华区	China|Hebei|Shijiazhuang|Xinhua
日本|栃木县|宇都宫市|	Japan|Tochigi|Utsunomiya|
日本|埼玉县||	Japan|Saitama||
新西兰|奥塔哥大区||	New Zealand|Otago||
日本|京都府|京都市|	Japan|Kyoto|Kyoto|
日本|岩手县|盛冈市|	Japan|Iwate|Morioka|
中国|云南|德宏|芒市	China|Yunnan|Dehong|Mangshi
印度尼西亚|南苏拉威西省|望加锡|	Indonesia|South Sulawesi|Makassar|
中国|福建|南平|光泽县	China|Fujian|Nanping|Guangze
日本|神奈川县|小田原市|	Japan|Kanagawa|Odawara|
中国|新疆|图木舒克|	China|Xinjiang|Tumxuk|
中国|吉林|延边|和龙市	China|Jilin|Yanbian|Helong
中国|吉林|辽源|东辽县	China|Jilin|Liaoyuan|Dongliao
中国|吉林|四平|伊通满族自治县	China|Jilin|Siping|Yitong
中国|吉林|通化|集安市	China|Jilin|Tonghua|Ji'an
日本|岩手县|宫古市|	Japan|Iwate|Miyako|
中国|吉林|通化|通化县	China|Jilin|Tonghua|Tonghua
中国|河北|沧州|运河区	China|Hebei|Cangzhou|Yunhe
中国|浙江|嘉兴|秀洲区	China|Zhejiang|Jiaxing|Xiuzhou
中国|江苏|连云港|灌云县	China|Jiangsu|Lianyungang|Guanyun
中国|吉林|长春|农安县	China|Jilin|Changchun|Nong'an
中国|吉林|白山|八道江区	China|Jilin|Baishan|Badaojiang
中国|湖北|宜昌|五峰土家族自治县	China|Hubei|Yichang|Wufeng Tujia Autonomous County
中国|河南|郑州新郑县|	China|Henan|Zhengzhou|
中国|吉林|白山|靖宇县	China|Jilin|Baishan|Jingyu
中国|浙江|丽水|庆元县	China|Zhejiang|Lishui|Qingyuan
中国|河南|平顶山|湛河区	China|Henan|Pingdingshan|Zhanhe
日本|岩手县|奥州市|	Japan|Iwate|Ōshū|
中国|河南|新乡|牧野区	China|Henan|Xinxiang|Muye
日本|青森县|十和田市|	Japan|Aomori|Towada|
日本|新潟县|新潟市|	Japan|Niigata|Niigata|
中国|四川|遂宁|蓬溪县	China|Sichuan|Suining|Pengxi
日本|栃木县|那须盐原市|	Japan|Tochigi|Nasushiobara|
中国|浙江嘉兴桐乡市||	China|Tongxiang||
日本|千叶县|千叶市|	Japan|Chiba|Chiba|
中国|辽宁|辽阳灯塔县|	China|Liaoning|Dengta|
中国|陕西|榆林|横山区	China|Shaanxi|Yulin|Hengshan
中国|河南|开封金明区|	China|Henan|Kaifeng Jinming|
中国|山西|朔州|右玉县	China|Shanxi|Shuozhou|Youyu
日本|岩手县|釜石市|	Japan|Iwate|Kamaishi|
中国|河北|承德|鹰手营子矿区	China|Hebei|Chengde|Yingshouyingzi
中国|山东|济宁|泗水县	China|Shandong|Jining|Sishui
日本|岩手县|一关市|	Japan|Iwate|Ichinoseki|
中国|山东|青岛|黄岛区	China|Shandong|Qingdao|Huangdao
中国|山东|东营|东营区	China|Shandong|Dongying|Dongying
中国|河南|平顶山|鲁山县	China|Henan|Pingdingshan|Lushan
中国|河北|石家庄|元氏县	China|Hebei|Shijiazhuang|Yuanshi
中国|新疆|乌鲁木齐|沙依巴克区	China|Xinjiang|Urumqi|Saybagh
中国|河南|郑州|惠济区	China|Henan|Zhengzhou|Huiji
中国|山西|朔州|应县	China|Shanxi|Shuozhou|Yingxian
中国|山东|潍坊|坊子区	China|Shandong|Weifang|Fangzi
中国|河南|安阳|文峰区	China|Henan|Anyang|Wenfeng
中国|新疆|乌鲁木齐|水磨沟区	China|Xinjiang|Urumqi|Shuimogou
中国|新疆|克拉玛依|独山子区	China|Xinjiang|Karamay|Dushanzi
中国|湖北|宜昌|伍家岗区	China|Hubei|Yichang|Wujiagang
中国|山西|朔州|山阴县	China|Shanxi|Shuozhou|Shanyin
中国|新疆|巴音郭楞|和硕县	China|Xinjiang|Bayingolin|Hoxud
中国|新疆|喀什|疏勒县	China|Xinjiang|Kashgar|Shule
中国|安徽|马鞍山|含山县	China|Anhui|Ma'anshan|Hanshan
泰国|大城府||	Thailand|Phra Nakhon Si Ayutthaya||
中国|内蒙古|鄂尔多斯|鄂托克旗	China|Inner Mongolia|Ordos|Otog Banner
中国|新疆|和田|洛浦县	China|Xinjiang|Hotan|Lop
中国|新疆|阿克苏|温宿县	China|Xinjiang|Aksu|Wensu
泰国|沙没沙空府||	Thailand|Samut Sakhon||
中国|山东|青岛胶南区|	China|Shandong|Qingdao Jiaonan|
中国|辽宁|沈阳|法库县	China|Liaoning|Shenyang|Faku
中国|山东|泰安|岱岳区	China|Shandong|Tai'an|Daiyue
泰国|清莱府||	Thailand|Chiang Rai||
中国|山西|忻州|保德县	China|Shanxi|Xinzhou|Baode
中国|新疆|塔城|沙湾市	China|Xinjiang|Tacheng|Shawan
泰国|沙没巴干府||	Thailand|Saraburi||
中国|甘肃|定西|通渭县	China|Gansu|Dingxi|Tongwei
中国|重庆|重庆逾中区|	China|Chongqing|Yuzhong|
中国|四川|达州|宣汉县	China|Sichuan|Dazhou|Xuanhan
中国|甘肃|酒泉|阿克塞哈萨克族自治县	China|Gansu|Jiuquan|Aksay Kazakh
中国|山西|忻州|宁武县	China|Shanxi|Xinzhou|Ningwu
中国|海南|三亚|天涯区三亚湾	China|Hainan|Sanya|Tianya District Sanya Bay
泰国|普吉府||	Thailand|Phuket||
泰国|巴吞他尼府||	Thailand|Pattani||
中国|新疆|和田地区于田县|	China|Xinjiang|Yutian|
中国|新疆|喀什|伽师县	China|Xinjiang|Kashgar|Jiashi
中国|山西|阳泉|盂县	China|Shanxi|Yangquan|Yuxian
中国|新疆|克孜勒苏|阿克陶县	China|Xinjiang|Kizilsu|Akto
中国|湖南|永州|零陵区	China|Hunan|Yongzhou|Lingling
澳大利亚|新南威尔士州|猎人地区|马斯韦尔布鲁克	Australia|New South Wales|Hunter Region|Muswellbrook
泰国|佛统府||	Thailand|Phra Nakhon Si Ayutthaya||
中国|四川|宜宾|叙州区	China|Sichuan|Yibin|Xuzhou
中国|山西|朔州|平鲁区	China|Shanxi|Shuozhou|Pinglu
中国|湖南|永州|双牌县	China|Hunan|Yongzhou|Shuangpai
中国|湖南|永州|江华瑶族自治县	China|Hunan|Yongzhou|Jianghua Yao
中国|四川|阿坝|阿坝县	China|Sichuan|Aba|Aba County
中国|四川|德阳|旌阳区	China|Sichuan|Deyang|Jingyang
中国|山西|吕梁|石楼县	China|Shanxi|Lvliang|Shilou
中国|湖南|岳阳屈原区|	China|Hunan|Yueyang Quyuan|
中国|山西|吕梁|临县	China|Shanxi|Lvliang|Linxian
中国|四川|自贡|贡井区	China|Sichuan|Zigong|Gongjing
中国|四川|德阳罗江县|	China|Sichuan|Luojiang|
中国|湖南|邵阳|新宁县	China|Hunan|Shaoyang|Xinning
中国|湖南|邵阳|绥宁县	China|Hunan|Shaoyang|Suining
日本|广岛县|广岛市|	Japan|Hiroshima|Hiroshima|
中国|四川|泸州|叙永县	China|Sichuan|Luzhou|Xuyong
中国|四川|宜宾|兴文县	China|Sichuan|Yibin|Xingwen
中国|四川|自贡|自流井区	China|Sichuan|Zigong|Ziliujing
中国|四川|成都|邛崃市	China|Sichuan|Chengdu|Dujiangyan
中国|四川|眉山|丹棱县	China|Sichuan|Meishan|Danleng
中国|四川|阿坝|茂县	China|Sichuan|Aba|Mao
中国|湖南|衡阳|南岳区	China|Hunan|Hengyang|Nanyue
中国|青海|西宁|城北区	China|Qinghai|Xining|Chengbei
中国|山西|晋城|泽州县	China|Shanxi|Jincheng|Zezhou
中国|青海|海南藏族自治州同德县|	China|Qinghai|Tongde|
中国|河北|张家口|下花园区	China|Hebei|Zhangjiakou|Xiahuayuan
中国|四川|甘孜|石渠县	China|Sichuan|Ganzi|Shiqu
中国|青海|海西|都兰县	China|Qinghai|Haixi|Dulan
中国|青海|海西|天峻县	China|Qinghai|Haixi|Tianjun
中国|青海|海南|贵南县	China|Qinghai|Hainan|Guinan
中国|青海|果洛|玛沁县	China|Qinghai|Golog|Maqin
中国|青海|西宁|大通回族土族自治县	China|Qinghai|Xining|Dongguan Hui and Tu Autonomous County
中国|重庆|重庆汉中区|	China|Chongqing|Hanzhong|
中国|湖南|邵阳|双清区	China|Hunan|Shaoyang|Shuangqing
中国|四川|成都|蒲江县	China|Sichuan|Chengdu|Pujiang
中国|福建|漳州|华安县	China|Fujian|Zhangzhou|Hua'an
中国|青海|黄南|河南蒙古族自治县	China|Qinghai|Huangnan|Henan Mongolian Autonomous County
中国|青海|果洛|久治县	China|Qinghai|Golog|Jiuzhi
中国|广东|广州开发区|	China|Guangdong|Guangzhou Development Zone|
中国|青海|黄南|尖扎县	China|Qinghai|Huangnan|Jianzha
中国|青海|海北|海晏县	China|Qinghai|Haibei|Haiyan
美国|纽约州|奥兰治|	United States|New York|Orange|
日本|埼玉县|埼玉市|	Japan|Saitama|Saitama|
中国|广东|东莞黄江镇|	China|Guangdong|Dongguan Huangjiang|
中国|重庆|重庆南平区|	China|Chongqing|Nanping|
法国|布列塔尼||	France|Brittany||
中国|青海|西宁|城东区	China|Qinghai|Xining|Chengdong
中国|广西|百色田阳县|	China|Guangxi|Bai Setianyang|
日本|千叶县|馆山市|	Japan|Chiba|Funabashi|
日本|三重县|四日市市|	Japan|Mie|Yokkaichi|
英国|英格兰|哈尔顿|哈尔顿	United Kingdom|England|Halton|Halton
日本|石川县|七尾市|	Japan|Ishikawa|Nanao|
斯洛伐克|布拉迪斯拉发州||	Slovakia|Bratislava Region||
日本|鹿儿岛县|鹿儿岛市|	Japan|Kagoshima|Kagoshima|
中国|重庆|重庆|彭水苗族土家族自治县	China|Chongqing|Chongqing|Pengshui Miao and Tujia Autonomous County
德国|巴伐利亚州|慕尼黑|格拉斯布伦	Germany|Bavaria|Munich|Grasbrunn
英国|英格兰|汉普郡|哈文特	United Kingdom|England|Hampshire|Havant
美国|乔治亚州|道格拉斯|道格拉斯维尔	United States|Georgia|Douglas|Douglasville
荷兰|北荷兰省|罗曾堡|	Netherlands|North Holland|Rotterdam|
丹麦|首都大区|霍耶－措斯楚普|	Denmark|Capital Region|Høje-Taastrup|
中国|广东|湛江|遂溪县乌塘镇	China|Guangdong|Zhanjiang|Wutang
荷兰|北荷兰省|哈莱默梅尔|欧德米尔	Netherlands|North Holland|Haarlem|Oudermeer
德国|莱茵兰－普法尔茨州|特里尔|	Germany|Rhineland-Palatinate|Trier|
荷兰|南荷兰省|祖特梅尔|	Netherlands|South Holland|Zoetermeer|
爱尔兰|都柏林郡|樱桃园|	Ireland|Dublin|Cherry Orchard|
荷兰|北荷兰省|哈莱默梅尔|罗曾堡	Netherlands|North Holland|Haarlem|Rothampton
法国|法兰西岛|塞纳－圣但尼|	France|Franche-Comté|Côte-d'Or|
西班牙|马德里自治区|马德里|阿尔科文达斯	Spain|Madrid|Madrid|Alcobendas
法国|上法兰西|瓦兹|桑利	France|Hauts-de-France|Valenciennes|Sainz
荷兰|北荷兰省|哈莱默梅尔|史基浦瑞克	Netherlands|North Holland|Haarlem|Schiphol-Rijk
德国|黑森州|达姆施塔特|德赖耶希	Germany|Hesse|Darmstadt|Dieburg
日本|爱知县|日进市|	Japan|Aichi|Hinode|
瑞典|斯德哥尔摩省|斯德哥尔摩市镇|布罗玛	Sweden|Stockholm|Stockholm|Bromma
法国|上法兰西|加来海峡|滨海布洛涅	France|Hauts-de-France|Pas-de-Calais|Boulogne-sur-Mer
法国|法兰西岛|埃松|帕莱索	France|Franche-Comte|Essonne|Palaiseau
冈比亚|班珠尔市|班珠尔市|	Gambia|Banjul|Banjul|
法国|法兰西岛|马恩河谷|拉伊莱罗斯	France|Franche-Comte|Val-de-Marne|L'Haÿ-les-Roses
日本|栃木县||	Japan|Tochigi||
德国|萨克森州|迈森|蒂恩多夫	Germany|Saxony|Meissen|Tiergarten
法国|法兰西岛|伊夫林|朗布依埃	France|French Island|Ivrin|Lumboulier
瑞典|斯德哥尔摩省|斯德哥尔摩市镇|布罗马	Sweden|Stockholm|Stockholm|Bromma
希腊|阿提卡|蒙特莫罗斯西|	Chiapas|Atitlán|Monte Morrosi|
日本|冲绳县|石垣市|	Japan|Okinawa|Ishigaki|
西班牙|马德里自治区|马德里|圣塞瓦斯蒂安德洛斯雷埃斯	Spain|Community of Madrid|Madrid|San Sebastián de los Reyes
英国|英格兰|大伦敦|恩菲尔德	United Kingdom|England|London|Enfield
美国|威斯康星州|奥塔加米县|新伦敦	United States|Wisconsin|Otaga County|New London
德国|巴登－符腾堡州|卡尔斯鲁厄|沃尔多夫	Germany|Baden-Württemberg|Karlsruhe|Waldorf
瑞典|斯德哥尔摩省|斯德哥尔摩市镇|孔绍尔门	Sweden|Stockholm|Stockholm|Kungsholmen
日本|宫城县|仙台市|	Japan|Miyagi|Sendai|
瑞典|斯德哥尔摩省|斯德哥尔摩市镇|斯潘加	Sweden|Stockholm|Stockholm|Spånga
德国|北莱茵－威斯特法伦州|苏斯特|	Germany|North Rhine-Westphalia|Sust|
瑞士|苏黎世州|迪肯孔区|上恩斯特林根	Switzerland|Solothurn|Dielsdorf|Oensingen
圣赫勒拿|||	Saint Helena|||
西班牙|加泰罗尼亚自治区|莱里达省|	Spain|Catalonia|Lleida|
荷兰|北荷兰省|哈莱默梅尔|史基浦－瑞克	Netherlands|North Holland|Haarlem|Spaarndam
瑞典|斯德哥尔摩省|斯德哥尔摩市镇|玛丽海尔	Sweden|Stockholm|Stockholm|Marieberg
巴西|托坎廷斯州|帕尔马斯|	Brazil|Tocantins|Palmas|
奥兰|||	Orleans|||
博奈尔|||	Bonn|||
日本|福岛县||	Japan|Fukushima||
斯瓦巴和扬马延|||	Svalbard and Jan Mayen|||
南乔治亚和南桑威奇群岛|||	South Georgia and the South Sandwich Islands|||
圣马丁|||	San Martin|||
圣诞岛|||	Christmas Island|||
科科斯群岛|||	Kokos Islands|||
日本|冲绳县||	Japan|Okinawa||
库克群岛|||	Kukuan Islands|||
布韦岛|||	Bouvet Island|||
西撒哈拉|||	Western Sahara|||
卢森堡|卢森堡县|森宁格贝格|	Luxembourg|Luxembourg|Seningbëgë|
日本|长野县|松本市|	Japan|Nagano|Matsumoto|
日本|茨城县|北茨城市|	Japan|Ibaraki|Kitaibaraki|
意大利|艾米利亚－罗马涅|摩德纳|坎波加利亚诺	Italy|Emilia-Romagna|Modena|Campogalliano
美国|康涅狄格州|纽黑文县|沃特伯里	United States|Connecticut|New Haven|Waterbury
加拿大|新斯科舍省|哈利法克斯|下萨克维尔	Canada|Nova Scotia|Halifax|Lower Sackville
美国|马萨诸塞州|埃塞克斯县|林恩	United States|Massachusetts|Essex|Lynn
皮特凯恩群岛|||	Pitcairn Islands|||
南极洲|||	Antarctica|||
法属南部领地|||	French Southern Territories|||
百慕大群岛|||	Baimudaqun Island|||
美国|马里兰州|弗雷德里克|弗雷德里克	United States|Maryland|Frederick|Frederick
美国|马里兰州|蒙哥马利|惠顿－格伦蒙特	United States|Maryland|Montgomery|Wheaton-Glenmont
美国|康涅狄格州|哈特福德县|曼彻斯特	United States|Connecticut|Hartford|Manchester
美国|康涅狄格州|新伦敦县|诺威奇	United States|Connecticut|New London|Norwich
美国|马萨诸塞州|诺福克县|富兰克林	United States|Massachusetts|Norfolk|Franklin
菲律宾|马尼拉都会区|文珍俞巴市|	Philippines|Metro Manila|Mandaluyong|
美国|马里兰州|哈福德|贝莱尔南部	United States|Maryland|Havre de Grace|Bel Air South
美国|新泽西州|联合|	United States|New Jersey|Union|
加拿大|纽芬兰与拉布拉多省|第1普查区|圣约翰斯	Canada|Newfoundland and Labrador|Division No. 1|St. John's
赫德岛和麦克唐纳岛|||	Hedmark og Oppland|||
美国|新泽西州|巴赛克|帕特森	United States|New Jersey|Passaic|Paterson
美国|缅因州|约克县|肯纳邦克波特	United States|Maine|York|Kennebunkport
美国|康涅狄格州|哈特福德县|布卢姆菲尔德	United States|Connecticut|Hartford|Bloomfield
美国|新泽西州|艾塞克斯|西奥兰治	United States|New Jersey|Essex|West Orange
美国|新泽西州|亨特敦|拉里坦镇区	United States|New Jersey|Hunterdon|Raritan Township
美国|马里兰州|查尔斯|圣查尔斯	United States|Maryland|Charles|Saint Charles
美国|纽约州|苏福克|巴比伦	United States|New York|Suffolk|Babylon
美国|宾夕法尼亚州|特拉华县|上达比	United States|Pennsylvania|Lackawanna County|Carbondale
美国|新泽西州|康登|格洛斯特镇区	United States|New Jersey|Camden|Gloucester Township
美国|纽约州|门罗|布赖顿	United States|New York|Monroe|Brenton
美国|纽约州|奥奈达|由提卡	United States|New York|Oneida|Utica
美国|宾夕法尼亚州|多芬县|下帕克斯顿	United States|Pennsylvania|Dauphin|Lower Paxton
美国|宾夕法尼亚州|伯克县|雷丁	United States|Pennsylvania|Bucks County|Reading
美国|新泽西州|联合|普兰菲尔德	United States|New Jersey|Union|Plainfield
日本|青森县|青森市|	Japan|Aomori|Aomori|
日本|神奈川县|川崎市|	Japan|Kanagawa|Kawasaki|
美国|宾夕法尼亚州|森特县|州立学院	United States|Pennsylvania|Centre|State College
日本|东京都|练马区|	Japan|Tokyo|Nerima|
美国|马萨诸塞州|普利茅斯县|普利茅斯	USA|Middlesex|Plymouth|Plymouth
美国|新罕布什尔州|格拉夫顿县|莱巴嫩	United States|New Hampshire|Grafton|Lebanon
日本|冈山县|冈山市|	Japan|Okayama|Okayama|
日本|兵库县|神户市|	Japan|Hyogo|Kobe|
日本|东京都|目黑区|	Japan|Tokyo|Meguro|
美国|宾夕法尼亚州|蒙哥马利县|兰斯代尔	United States|Pennsylvania|Monongahela|Lansdowne
美国|宾夕法尼亚州|阿利根尼县|门罗维尔	United States|Pennsylvania|Allegheny|Monroeville
美国|宾夕法尼亚州|阿利根尼县|罗斯	United States|Pennsylvania|Allegheny|Ross
日本|栃木县|小山市|	Japan|Tochigi|Oyama|
美国|西弗吉尼亚州|莫农加利亚县|摩根敦	United States|West Virginia|Monongalia|Morgantown
日本|茨城县|水户市|	Japan|Ibaraki|Mito|
美国|新泽西州|默瑟|西温莎镇区	United States|New Jersey|Mercer|West Windsor
美国|弗吉尼亚州|纽波特纽斯|	United States|Virginia|Newport News|
日本|北海道|札幌市|	Japan|Hokkaido|Sapporo|
日本|爱知县|西尾市|	Japan|Aichi|Nishio|
美国|罗得岛州|肯特县|沃里克	United States|Rhode Island|Kent|Warwick
日本|爱媛县|松山市|	Japan|Ehime|Matsuyama|
日本|神奈川县|平冢市|	Japan|Kanagawa|Hiratsuka|
日本|福岛县|郡山市|	Japan|Fukushima|Kōriyama|
日本|大阪府|吹田市|	Japan|Osaka|Hirano|
日本|秋田县|秋田市|	Japan|Akita|Akita|
日本|东京都|世田谷区|	Japan|Tokyo|Setagaya|
日本|埼玉县|富士见市|	Japan|Saitama|Fujimino|
日本|群马县|前桥市|	Japan|Gunma|Maebashi|
日本|静冈县|滨松市|	Japan|Shizuoka|Hamamatsu|
日本|千叶县|旭市|	Japan|Chiba|Asahi|
日本|群马县|太田市|	Japan|Gunma|Ota|
美国|宾夕法尼亚州|切斯特县|西戈申	United States|Pennsylvania|Chester|West Goshen
日本|兵库县|姬路市|	Japan|Hyogo|Himeji|
日本|千叶县|船桥市|	Japan|Chiba|Funabashi|
日本|山形县|山形市|	Japan|Yamagata|Yamagata|
日本|埼玉县|越谷市|	Japan|Saitama|Koshigaya|
日本|埼玉县|春日部市|	Japan|Saitama|Kasukabe|
日本|埼玉县|川越市|	Japan|Saitama|Kawagoe|
日本|千叶县|市原市|	Japan|Chiba|Ichihara|
日本|埼玉县|新座市|	Japan|Saitama|Niiza|
日本|神奈川县|藤泽市|	Japan|Kanagawa|Fujisawa|
日本|埼玉县|川口市|	Japan|Saitama|Kawaguchi|
日本|茨城县|筑波市|	Japan|Ibaraki|Tsukuba|
日本|千叶县|印西市|	Japan|Chiba|Inzai|
日本|大阪府|堺市|	Japan|Osaka|Sakai|
日本|东京都|北区|	Japan|Tokyo|Kita|
日本|埼玉县|上尾市|	Japan|Saitama|Kami|
日本|东京都|八王子市|	Japan|Tokyo|Hachioji|
日本|东京都|调布市|	Japan|Tokyo|Chofu|
日本|东京都|江户川区|	Japan|Tokyo|Edogawa|
日本|东京都|大田区|	Japan|Tokyo|Ota|
日本|千叶县|松户市|	Japan|Chiba|Matsudo|
日本|埼玉县|所泽市|	Japan|Saitama|Tokorozawa|
日本|东京都|国分寺市|	Japan|Tokyo|Kokubunji|
日本|东京都|板桥区|	Japan|Tokyo|Itabashi|
日本|埼玉县|草加市|	Japan|Saitama|Soka|
日本|千叶县|柏市|	Japan|Chiba|Kashiwa|
日本|东京都|杉并区|	Japan|Tokyo|Suginami|
日本|东京都|府中市|	Japan|Tokyo|Fuchu|
日本|东京都|西东京市|	Japan|Tokyo|Nishi-Tokyo|
日本|富山县|富山市|	Japan|Toyama|Toyama|
日本|东京都|青梅市|	Japan|Tokyo|Ome|
日本|东京都|足立区|	Japan|Tokyo|Adachi|
日本|新潟县|长冈市|	Japan|Niigata|Nagaoka|
日本|千叶县|市川市|	Japan|Chiba|Ichikawa|
日本|东京都|武藏野市|	Japan|Tokyo|Musashino|
日本|岐阜县|大垣市|	Japan|Gifu|Ogaki|
日本|神奈川县|厚木市|	Japan|Kanagawa|Odawara|
日本|三重县|津市|	Japan|Mie|Tsu|
日本|兵库县|加古川市|	Japan|Hyogo|Kakogawa|
日本|东京都|立川市|	Japan|Tokyo|Tachikawa|
日本|爱知县|丰桥市|	Japan|Aichi|Toyohashi|
日本|爱知县|一宫市|	Japan|Aichi|Ichinomiya|
日本|爱知县|春日井市|	Japan|Aichi|Kasugai|
日本|神奈川县|海老名市|	Japan|Kanagawa|Kaorō|
日本|神奈川县|大和市|	Japan|Kanagawa|Yamato|
日本|山梨县|甲府市|	Japan|Yamanashi|Kofu|
日本|爱知县|稻泽市|	Japan|Aichi|Inazawa|
日本|长野县|上田市|	Japan|Nagano|Ueda|
日本|静冈县|藤枝市|	Japan|Shizuoka|Fujieda|
日本|东京都|墨田区|	Japan|Tokyo|Kita|
日本|德岛县|德岛市|	Japan|Tokushima|Tokushima|
日本|神奈川县|相模原市|	Japan|Kanagawa|Sagamihara|
日本|大阪府|东大阪市|	Japan|Osaka|Higashiosaka|
日本|大阪府|岸和田市|	Japan|Osaka|Kishiwada|
日本|岐阜县|各务原市|	Japan|Gifu|Kakamigahara|
日本|和歌山县|和歌山市|	Japan|Wakayama|Wakayama|
日本|山口县|山口市|	Japan|Yamaguchi|Yamaguchi|
日本|香川县|高松市|	Japan|Kagawa|Takamatsu|
日本|广岛县|福山市|	Japan|Hiroshima|Fukuyama|
日本|奈良县|橿原市|	Japan|Nara|Yoshino|
日本|兵库县|宝冢市|	Japan|Hyogo|Takarazuka|
日本|京都府|龟冈市|	Japan|Kyoto|Kameoka|
日本|熊本县|熊本市|	Japan|Kumamoto|Kumamoto|
日本|福冈县|久留米市|	Japan|Fukuoka|Kurume|
日本|佐贺县|佐贺市|	Japan|Saga|Saga|
日本|静冈县|富士市|	Japan|Shizuoka|Fuji|
日本|东京都|文京区|	Japan|Tokyo|Bunkyo|
日本|奈良县|奈良市|	Japan|Nara|Nara|
日本|滋贺县|草津市|	Japan|Shiga|Kusatsu|
日本|埼玉县|久喜市|	Japan|Saitama|Kuki|
日本|兵库县|川西市|	Japan|Hyogo|Kawanishi|
日本|福冈县|北九州市|	Japan|Fukuoka|Kitakyushu|
日本|京都府|宇治市|	Japan|Kyoto|Uji|
日本|兵库县|西宫市|	Japan|Hyogo|Nishinomiya|
日本|岐阜县|多治见市|	Japan|Gifu|Tajimi|
日本|奈良县|生驹市|	Japan|Nara|Ikoma|
日本|福冈县|筑紫野市|	Japan|Fukuoka|Chikushino|
日本|大分县|大分市|	Japan|Oita|Oita|
日本|大阪府|茨木市|	Japan|Osaka|Sakai|
日本|冲绳县|冲绳市|	Japan|Okinawa|Okinawa|
日本|东京都|利岛村|	Japan|Tokyo|Toshima Village|
日本|埼玉县|熊谷市|	Japan|Saitama|Kumagaya|
日本|静冈县|御殿场市|	Japan|Shizuoka|Gotemba|
日本|石川县|金泽市|	Japan|Ishikawa|Kanazawa|
加拿大|不列颠哥伦比亚省|中奥肯拿根|基隆纳	Canada|British Columbia|Okanagan|Kelowna
日本|福岛县|福岛市|	Japan|Fukushima|Fukushima|
美国|亚拉巴马州|杰斐逊|特鲁斯维尔	United States|Alabama|Jefferson|Trussville
加拿大|魁北克省|北河|圣热罗姆	Canada|Northern Quebec|North River|Saint Jerome
日本|大阪府|枚方市|	Japan|Osaka|Matsubara|
日本|冲绳县|那霸市|	Japan|Okinawa|Naha|
加拿大|魁北克省|勒维|莱维	Canada|Quebec|Levis|Levy
加拿大|魁北克省|三河|三河城	Canada|Quebec|Trois-Rivières|Trois-Rivières
日本|东京都|台东区|	Japan|Tokyo|Taito|
美国|佛罗里达州|奥兰治县|四角	United States|Florida|Orange|Four Corners
日本|福井县|福井市|	Japan|Fukui|Fukui|
美国|佛罗里达州|圣约翰斯县|	USA|Florida|St. Johns|
美国|华盛顿州|金|布里恩	United States|Washington|King|Bryn
美国|弗吉尼亚州|罗亚诺克|	United States|Virginia|Roanoke|
美国|密歇根州|韦恩|坎顿	United States|Michigan|Warren|Canton
瑞典|乌普萨拉省|乌普萨拉市镇|	Sweden|Uppsala|Uppsala|
挪威|维肯郡|贝鲁姆|	Norway|Viken|Bærum|
美国|佛罗里达州|布里瓦德县|罗克雷治	United States|Florida|Brevard|Rockledge
美国|明尼苏达州|华盛顿县|伍德伯里	United States|Minnesota|Washington|Woodbury
德国|石勒苏益格－荷尔斯泰因州|弗伦斯堡|	Germany|Schleswig-Holstein|Flensburg|
美国|佛罗里达州|奥兰治县|猎人溪	United States|Florida|Orange|Hunter's Creek
美国|华盛顿州|金|岸线市	United States|Washington|King|Coast
瑞典|东约特兰省|林雪平市|	Sweden|East Gotland|Lindesberg|
挪威|维肯郡|腓特烈斯塔|	Norway|Vestland|Bergen|
美国|佛罗里达州|萨拉索塔县|北港	USA|Florida|Sarasota|North Port
挪威|特伦德拉格郡|特隆赫姆|	Norway|Trøndelag|Trondheim|
美国|华盛顿州|斯诺霍米什|北溪	United States|Washington|Snohomish|North Creek
美国|爱达荷州|坎宁县|楠帕	United States|Idaho|Canyon|Nampa
美国|华盛顿州|皮尔斯|南山	United States|Washington|Pierce|South Hill
美国|南卡罗来纳州|约克县|石山	United States|South Carolina|York|Rock Hill
美国|弗吉尼亚州|亨利科县|塔卡霍	United States|Virginia|Henrico|Tuckahoe
瑞典|北博滕省|吕勒奥市|	Sweden|Norrbotten|Luleå|
美国|密歇根州|杰纳西|弗林特	United States|Michigan|Genesee|Flint
芬兰|皮尔卡区|坦佩雷次区|坦佩雷	Finland|Pirkanmaa|Tampere Region|Tampere
美国|北卡罗来纳州|坎伯兰|自由堡	United States|North Carolina|Cumberland|Liberty Point
瑞典|西约塔兰省|布罗斯市|	Sweden|Västra Götaland|Borås|
美国|俄亥俄州|凯霍加县|帕尔马	United States|Ohio|Cuyahoga|Parma
美国|华盛顿州|考利茨|长景市	United States|Washington|Colitz|Longview
瑞典|斯德哥尔摩省|胡丁厄市镇|	Sweden|Stockholm|Huddinge|
西班牙|加那利群岛自治区|拉斯帕尔马斯省|大加那利岛拉斯帕尔马斯	Spain|Canary Islands|Las Palmas|Las Palmas de Gran Canaria
英国|英格兰|布莱克浦|布莱克浦	United Kingdom|England|Blackpool|Blackpool
英国|英格兰|大伦敦|克罗伊登	United Kingdom|England|London|Croydon
瑞典|克鲁努贝里省|韦克舍市|	Sweden|Kronoberg|Vaxjo|
挪威|韦斯特兰郡|卑尔根|	Norway|Vestland|Bergen|
英国|英格兰|白金汉郡|白金汉郡	United Kingdom|England|Buckinghamshire|Buckinghamshire
美国|北卡罗来纳州|梅肯|富兰克林	United States|North Carolina|Macon|Franklin
英国|英格兰|彼得伯勒|彼得伯勒	United Kingdom|England|Peterborough|Peterborough
美国|印第安纳州|巴塞洛穋|哥伦布	United States|Indiana|Bartholomew|Columbus
西班牙|安达卢西亚自治区|塞维利亚省|塞维利亚	Spain|Andalusia|Seville|Seville
英国|威尔士|纽波特|	United Kingdom|Wales|Newport|
英国|英格兰|大曼彻斯特|	United Kingdom|England|Manchester|
英国|英格兰|普兹茅斯|朴茨茅斯	United Kingdom|England|Penzance|Penzance
英国|英格兰|赫尔河畔金斯顿|赫尔河畔金斯顿	United Kingdom|England|Kingston upon Hull|Kingston upon Hull
英国|英格兰|布莱克本－达文|布莱克本－达文	United Kingdom|England|Blackburn with Darwen|Blackburn with Darwen
比利时|弗拉芒大区|安特卫普省|安特卫普区	Belgium|Flanders|Antwerp|Antwerp
英国|英格兰|北安普敦郡西|北安普敦郡	United Kingdom|England|Northamptonshire|Northampton
英国|英格兰|多塞特|伯恩茅斯	United Kingdom|England|Dorchester|Bournemouth
英国|英格兰|诺丁汉郡|曼斯菲尔德	United Kingdom|England|Nottinghamshire|Mansfield
英国|英格兰|肯特|阿什福德	United Kingdom|England|Kent|Ashford
德国|黑森州|美因－金齐希县|哈瑙	Germany|Hesse|Main-Kinzig-Kreis|Hanau
美国|明尼苏达州|安诺卡县|布莱恩	United States|Minnesota|Anoka|Blaine
英国|英格兰|萨福克|伊普斯维奇	United Kingdom|England|Suffolk|Ipswich
英国|英格兰|南格洛斯特郡|斯托克吉福德	United Kingdom|England|South Gloucestershire|Stoke Gifford
英国|英格兰|大伦敦|雷德布里奇	England|Greater London|London|Redbridge
英国|英格兰|萨里|吉尔福德	United Kingdom|England|Sowerby|Guilford
英国|英格兰|蒂斯河畔斯多克东|蒂斯河畔斯多克东	United Kingdom|England|Stockton-on-Tees|Stockton-on-Tees
英国|苏格兰|伦弗鲁郡|佩斯利	United Kingdom|Scotland|Lothian|Peasley
英国|英格兰|赫特福德郡|斯蒂文尼奇	United Kingdom|England|Hertfordshire|Stevenage
西班牙|巴斯克自治区|比斯开省|毕尔巴鄂位于西班牙北部沿海	Spain|Basque Country|Biscay|Bilbao
英国|英格兰|东萨塞克斯|伊斯特本	United Kingdom|England|East Sussex|Eastbourne
西班牙|加泰罗尼亚自治区|巴塞罗纳省|马塔罗	Spain|Catalonia|Barcelona|Mataró
英国|英格兰|默西赛德|塞夫顿都会自治市	United Kingdom|England|Merseyside|Sefton Metropolitan Borough
西班牙|加泰罗尼亚自治区|赫罗纳省|赫罗纳	Spain|Catalonia|Huesca|Huesca
英国|英格兰|沃灵顿|沃灵顿	United Kingdom|England|Warrington|Warrington
英国|英格兰|大曼彻斯特|奥尔德姆	United Kingdom|England|Greater Manchester|Oldham
英国|英格兰|西萨塞克斯|沃辛	United Kingdom|England|West Sussex|Worthing
德国|黑森州|达姆施塔特－迪堡县|大乌姆施塔特	Germany|Hesse|Darmstadt-Dieburg|Groß-Umstadt
英国|英格兰|卢顿|卢顿	United Kingdom|England|London|London
英国|英格兰|大伦敦|巴尼特	United Kingdom|England|London|Barnet
英国|英格兰|大曼彻斯特|斯托克波特	United Kingdom|England|Manchester|Stockport
英国|威尔士|布里真德|	UK|Wales|Bridgend|
英国|威尔士|卡马森郡|拉内利	United Kingdom|Wales|Carmarthenshire|Llanelli
英国|英格兰|西约克郡|韦克菲尔德市	United Kingdom|England|North Yorkshire|Wetherby
英国|英格兰|伯克郡|布拉克内尔森林	United Kingdom|England|Berkshire|Bracknell Forest
西班牙|巴利阿里群岛自治区|巴利阿里群岛|帕尔马	Spain|Balearic Islands|Balearic Islands|Palma
英国|英格兰|西密德兰郡|达德利	United Kingdom|England|West Midlands|Dudley
西班牙|加泰罗尼亚自治区|巴塞罗纳省|塔拉萨	Spain|Catalonia|Barcelona|Tarasa
英国|苏格兰|南拉纳克郡|东基尔布赖德	United Kingdom|Scotland|South Lanarkshire|East Kilbride
英国|英格兰|埃塞克斯|切尔姆斯福德区	UK|England|Essex|Chelmsford
英国|英格兰|北安普敦郡北|北安普敦郡北	United Kingdom|England|Northampton|Northampton
西班牙|加泰罗尼亚自治区|塔拉戈纳省|塔拉戈纳	Spain|Catalonia|Tarragona|Tarragona
英国|英格兰|大伦敦|萨顿	United Kingdom|England|London|Sutton
英国|苏格兰|西洛锡安郡|利文斯顿	UK|Scotland|West Lothian|Linlithgow
英国|英格兰|西约克郡|柯克利斯	United Kingdom|England|West Yorkshire|Kirklees
英国|英格兰|大伦敦|哈罗	United Kingdom|England|London|Harrow
英国|英格兰|萨里|斯佩尔索恩	United Kingdom|England|Salisbury|Swindon
英国|英格兰|默西赛德|圣海伦斯	United Kingdom|England|Merseyside|Saint Helens
英国|英格兰|斯塔福德郡|斯塔福德	United Kingdom|England|Staffordshire|Stafford
英国|英格兰|滨海绍森德|滨海绍森德	United Kingdom|England|West Sussex|West Sussex
英国|英格兰|萨里|埃尔姆布里奇	United Kingdom|England|Salford|Elmbridge
英国|英格兰|南约克郡|罗瑟勒姆	United Kingdom|England|South Yorkshire|Rotherham
英国|英格兰|埃塞克斯|哈罗	United Kingdom|England|Essex|Harlow
英国|英格兰|索美塞特|西萨默塞特与汤顿	United Kingdom|England|Somerset|West Somerset and Taunton
英国|英格兰|特伦特河畔斯多克|特伦特河畔斯多克	United Kingdom|England|Stockton-on-Tees|Stockton-on-Tees
英国|北爱尔兰|德里市和斯特拉班|	United Kingdom|Northern Ireland|Derry City and Strabane|
英国|英格兰|大曼彻斯特|泰姆赛德	United Kingdom|England|Manchester|Tameside
英国|英格兰|东柴郡|克鲁	England|England|East Sussex|Crowborough
英国|英格兰|萨里|埃普瑟姆－尤厄尔	United Kingdom|England|Surrey|Epsom and Ewell
英国|英格兰|伍斯特郡|伍斯特	UK|England|Worcestershire|Worcester
英国|英格兰|瓦立克郡|沃里克	United Kingdom|England|Warwickshire|Warwick
英国|英格兰|西萨塞克斯|克劳利	United Kingdom|England|West Sussex|Crawley
英国|英格兰|大曼彻斯特|博尔顿	United Kingdom|England|Manchester|Bolton
法国|法兰西岛|伊夫林|圣日耳曼昂莱	France|Île-de-France|Yvelines|Saint-Germain-en-Laye
西班牙|安达卢西亚自治区|加的斯省|赫雷斯－德拉弗龙特拉	Spain|Andalusia|Cadiz|Jerez de la Frontera
英国|英格兰|大曼彻斯特|索尔福德	United Kingdom|England|Manchester|Salford
英国|英格兰|斯塔福德郡|塔姆沃思	United Kingdom|England|Staffordshire|Tamworth
西班牙|加那利群岛自治区|圣克鲁斯－德特内里费省|圣克鲁斯－德特内里费位于西班牙加那利群岛特内里费岛上	Spain|Canary Islands|Santa Cruz de Tenerife|Santa Cruz de Tenerife
西班牙|巴斯克自治区|阿拉瓦省|维多利亚	Spain|Basque Country|Alava|Victoria
英国|英格兰|西密德兰郡|沃尔索尔	United Kingdom|England|West Midlands|Wolverhampton
英国|苏格兰|北拉纳克郡|坎伯诺尔德	United Kingdom|Scotland|North Lanarkshire|Cumbernauld
美国|伊利诺伊州|库克|帕勒泰恩	United States|Illinois|Cook|Palatine
美国|密苏里州|布恩县|哥伦比亚	United States|Missouri|Boone|Columbia
美国|伊利诺伊州|莱克|朗德湖海滩	United States|Illinois|Lake|Long Beach
美国|密歇根州|肯特|怀俄明	United States|Michigan|Kent|Wyoming
美国|艾奥瓦州|斯托里县|埃姆斯	United States|Iowa|Story|Ames
德国|巴登－符腾堡州|莱茵－内卡尔县|魏因海姆	Germany|Baden-Wuerttemberg|Rhein-Neckar-Kreis|Weinheim
美国|印第安纳州|汉密尔顿|诺布尔斯维尔	United States|Indiana|Hamilton|Noblesville
西班牙|安达卢西亚自治区|格拉纳达省|	Spain|Andalusia|Granada|
美国|密苏里州|杰斯帕县|乔普林	United States|Missouri|Jasper|Joplin
西班牙|瓦伦西亚自治区|阿利坎特省|阿利坎特	Spain|Valencian Community|Alicante|Alicante
美国|密苏里州|克里斯蒂安县|尼克萨	United States|Missouri|Christian County|Nixa
美国|田纳西州|沙利文县|布里斯托尔	United States|Tennessee|Sullivan|Bristol
巴西|里约热内卢州|伊塔巴波阿纳河畔邦热苏斯|	Brazil|Rio de Janeiro|Itaboraí|
澳大利亚|塔斯马尼亚州||	Australia|Tasmania||
美国|南卡罗来纳州|约克县|	United States|South Carolina|York|
美国|堪萨斯州|威奇托县|	United States|Kansas|Wichita|
美国|密苏里州|杰佛逊县|阿诺德	United States|Missouri|Jefferson|Arnold
韩国|江原道|春川市|	South Korea|Gangwon|Chuncheon|
西班牙|穆尔西亚自治区|穆尔西亚|穆尔西亚	Spain|Murcia|Murcia|Murcia
美国|威斯康星州|罗克县|简斯维尔	United States|Wisconsin|Rock|Janesville
美国|艾奥瓦州|约翰逊县|艾奥瓦城	USA|Iowa|Johnson County|Iowa City
美国|佛罗里达州|沃尔顿县|自由港	United States|Florida|Walton|Freeport
美国|田纳西州|拉瑟福县|默弗里斯伯勒	United States|Tennessee|Rutherford|Murfreesboro
智利|瓦尔帕莱索大区||	Chile|Valparaíso Region||
荷兰|林堡省|海尔伦|	Netherlands|Limburg|Heerlen|
美国|伊利诺伊州|库克|埃尔姆赫斯特	United States|Illinois|Cook|Elmhurst
澳大利亚|塔斯马尼亚州|霍巴特地区|霍巴特	Australia|Tasmania|Hobart|Hobart
意大利|西西里|卡尔塔尼塞塔|列西	Italy|Sicily|Catania|Lisi
美国|伊利诺伊州|圣克莱尔|贝尔维尔	United States|Illinois|St. Clair|Belleville
美国|马萨诸塞州|埃塞克斯县|塞勒姆	United States|Massachusetts|Essex|Salem
美国|宾夕法尼亚州|尤宁县|联合县白鹿乡	United States|Pennsylvania|Union|White Deer Township
加拿大|不列颠哥伦比亚省|中库特奈|克雷斯顿	Canada|British Columbia|Central Kootenay|Creston
黎巴嫩|北黎巴嫩省|的黎波里|	Lebanon|North Lebanon|Tripoli|
美国|夏威夷州|考艾县|阿纳霍拉	United States|Hawaii|Kauai|Anahola
美国|南达科他州||	United States|South Dakota||
美国|马里兰州|安妮阿伦德尔|奥登顿	United States|Maryland|Annapolis|Odenton
美国|北卡罗来纳州|梅克伦堡|薄荷山	United States|North Carolina|Mechen|Baohe
美国|密歇根州|利文斯顿|福勒维尔	United States|Michigan|Livonia|Farmington
中国|海南|三亚|吉阳区榆亚路	China|Hainan|Sanya|Jiyang
美国|马萨诸塞州|伍斯特县|北桥	United States|Massachusetts|Worcester|Northbridge
美国|纽约州|伊利|克拉伦斯	United States|New York|Erie|Clarence
美国|宾夕法尼亚州|拉克万纳县|克拉克斯萨米特	United States|Pennsylvania|Lackawanna|Clarks Summit
美国|威斯康星州|门罗县|	United States|Wisconsin|Monroe|
美国|乔治亚州|迪卡尔布|石山	United States|Georgia|Decatur|Stone Mountain
美国|犹他州|盐湖|米德瓦尔	United States|Utah|Salt Lake|Midvale
美国|西弗吉尼亚州|伯克利县|马丁斯堡	United States|Virginia|Buckingham County|Martinsville
美国|伊利诺伊州|杜佩奇|艾迪生	United States|Illinois|Dupage|Addison
美国|印第安纳州|兰道夫|莫多克	United States|Indiana|Lafayette|Muncie
中国|香港九龙油尖旺区佐敦道||	China|Jordan Road, Yau Tsim Mong District, Kowloon, Hong Kong||
瓜德罗普岛|巴斯特尔岛区|布扬特|	Guadeloupe|Basse-Terre|Bouillante|
美国|宾夕法尼亚州|北安普敦县|彭阿吉尔	United States|Pennsylvania|Northampton|Pen Argyl
美国|马里兰州|巴尔的摩|科基斯维尔	United States|Maryland|Baltimore|Cockeysville
美国|亚拉巴马州|休斯敦|阿什福德	United States|Alabama|Houston|Ashford
美国|加利福尼亚州|橙|洛斯阿拉米托斯	United States|California|Orange|Los Alamitos
美国|新罕布什尔州|罗金厄姆县|汉普顿	United States|New Hampshire|Rockingham|Hampton
美国|新泽西州|密德萨克斯|门罗镇区	United States|New Jersey|Middlesex|Monroe
美国|南达科他州|比德尔县|休伦	United States|South Dakota|Beadle|Huron
美国|乔治亚州|道森|道森维尔	United States|Georgia|Dawson|Dawsonville
美国|马萨诸塞州|布里斯托尔县|顿顿	United States|Massachusetts|Bristol|Dighton
美国|怀俄明州|甘霖|岩泉	United States|Wyoming|Ganglin|Yellowstone National Park
加拿大|魁北克省|米拉贝尔|米拉贝尔	Canada|Quebec|Montreal|Montreal
美国|康涅狄格州|米德尔塞克斯县|艾塞克斯	United States|Connecticut|Middlesex County|Essex
巴西|帕拉州|蓬塔格罗萨|	Brazil|Para|Ponta Grossa|
美国|阿肯色州|内华达|埃米特	United States|Arkansas|Nevada|Emmett
加拿大|安大略省|荷顿|荷顿山	Canada|Ontario|Hamilton|Hamilton Mountain
墨西哥|索诺拉州||	Mexico|Sonora||
美国|亚拉巴马州|塔斯卡卢萨|邓肯维尔	United States|Alabama|Tuscaloosa|Duncanville
美国|乔治亚州|考维塔|帕尔梅托	United States|Georgia|Calvert|Palmetto
加拿大|不列颠哥伦比亚省|大温哥华|西温哥华	Canada|British Columbia|Vancouver|West Vancouver
美国|加利福尼亚州|阿拉梅达|圣利安卓	United States|California|Alameda|San Leandro
美国|威斯康星州|奥佐基县|马奎恩	United States|Wisconsin|Ozaukee|Mequon
美国|明尼苏达州|赖特县|阿尔伯特维尔	United States|Minnesota|Le Sueur|Albertville
美国|亚拉巴马州|莱姆斯通|坦纳	United States|Alabama|Limestone|Tanner
美国|宾夕法尼亚州|格林县|弗里波特	United States|Pennsylvania|Greene|Freeport
加拿大|安大略省|牛津|伍德斯托克	Canada|Ontario|Niagara|Woodstock
加拿大|艾伯塔省|第6普查区|罗基维尤县	Canada|Alberta|Division No. 6|Rocky View County
美国|弗吉尼亚州|切斯特菲尔德县|切斯特菲尔德	United States|Virginia|Chesterfield|Chesterfield
加拿大|安大略省|艾塞克斯|利明顿	Canada|Ontario|Essex|Leamington
美国|阿肯色州|迪沙|杜马斯	United States|Arkansas|Dysart|Dumas
美国|田纳西州|索姆奈县|波特兰	United States|Tennessee|Sumner|Portland
美国|佛罗里达州|马里恩县|邓内伦	United States|Florida|Marion|Dunnellon
墨西哥|普埃布拉州|提瓦坎|	Mexico|Puebla|Tehuacan|
美国|密苏里州|玛丽县|百丽	USA|Missouri|Maries|Belle
美国|佛罗里达州|布劳沃德县|北劳德代尔	United States|Florida|Broward|North Lauderdale
墨西哥|墨西哥州|特波特佐特兰|	Mexico|Mexico State|Tezontitlan|
美国|马里兰州|圣玛丽斯|加利福尼亚	United States|Maryland|Saint Marys|California
美国|伊利诺伊州|威廉森|马里恩	United States|Illinois|Wilhelmsen|Marine
美国|俄亥俄州|斯塔克县|尤宁敦	United States|Ohio|Stark|Uniontown
美国|亚利桑那州|圣克鲁斯|里奥里科	United States|Arizona|Santa Cruz|Rio Rico
美国|田纳西州|布朗特县|阿尔科阿	United States|Tennessee|Blount|Alcoa
美国|亚拉巴马州|克拉克|格罗夫希尔	United States|Alabama|Clark|Grove Hill
巴西|圣保罗州|南圣卡埃塔诺|	Brazil|Sao Paulo|Sao Caetano do Sul|
美国|艾奥瓦州|沃伦县|卡莱尔	United States|Iowa|Warren|Carlisle
美国|亚拉巴马州|卡尔曼|汉斯维尔	United States|Alabama|Cullman|Hanceville
美国|康涅狄格州|纽黑文县|北黑文	United States|Connecticut|New Haven|North Haven
美国|艾奥瓦州|伍德伯里县|苏城	United States|Iowa|Woodbury County|Sioux City
美国|路易斯安那州|伊贝维尔|普拉奎迈恩	United States|Louisiana|Iberville|Plaquemine
美国|俄亥俄州|奥格莱塞县|新不来梅	United States|Ohio|Auglaize|New Bremen
智利|圣地亚哥首都大区|圣地亚哥|普达韦尔	Chile|Santiago Metropolitan|Santiago|Pudahuel
美国|宾夕法尼亚州|萨斯奎汉纳县|米德尔敦	United States|Pennsylvania|Susquehanna|Middletown
美国|内布拉斯加州|萨皮|格雷特纳	United States|Nebraska|Omaha|Gretna
美国|马萨诸塞州|诺福克县|布鲁克林	United States|Massachusetts|Norfolk|Brookline
美国|华盛顿州|斯波坎|斯波坎谷	United States|Washington|Spokane|Spokane Valley
美国|路易斯安那州|利文斯顿|德纳姆斯普林斯	United States|Louisiana|Livinston|Denham Springs
美国|路易斯安那州|西巴吞鲁日|艾伦港	United States|Louisiana|West Baton Rouge|Port Allen
美国|宾夕法尼亚州|亚当斯县|约克斯普林斯	United States|Pennsylvania|Adams|York Springs
美国|新罕布什尔州|罗金厄姆县|温德姆	USA|New Hampshire|Strafford|Wakefield
美国|堪萨斯州|渥太华县|	United States|Kansas|Sedgwick|
美国|马里兰州|蒙哥马利|克拉克斯堡	United States|Maryland|Baltimore|Clarksburg
美国|内布拉斯加州|道格拉斯|男孩镇	United States|Nebraska|Douglas|Boys Town
美国|加利福尼亚州|橙|威斯敏斯特	United States|California|Orange|Westminster
美国|华盛顿州|斯卡吉特|弗农山	United States|Washington|Skagit|Franklin Mountain
英国|英格兰|梅德韦|吉林汉姆	United Kingdom|England|Medway|Gillingham
美国|华盛顿州|斯波坎|航路高地	United States|Washington|Spokane|Airway Heights
美国|亚拉巴马州|圣克莱尔|穆迪	United States|Alabama|Saint Clair|Moody
美国|新罕布什尔州|罗金厄姆县|普莱斯托	United States|New Hampshire|Rockingham|Plaistow
美国|德克萨斯州|维多利亚|维多利亚	United States|Texas|Victoria|Victoria
美国|俄克拉荷马州|佩恩|斯蒂尔沃特	United States|Oklahoma|Payne|Stillwater
美国|肯塔基州|富兰克林县|法兰克福	United States|Kentucky|Franklin County|Frankfort
美国|康涅狄格州|费尔菲尔德县|布鲁克菲尔德	United States|Connecticut|Fairfield|Brookfield
美国|田纳西州|罗伯森县|格林布里耶	United States|Tennessee|Robertson|Greenbrier
美国|堪萨斯州|约翰逊县|米申	United States|Kansas|Johnson|Mission
美国|路易斯安那州|圣查尔斯|圣罗斯	USA|Louisiana|Saint Charles|Saint Rose
美国|纽约州|皇后|斯普林菲尔德花园	United States|New York|Queens|Springfield Gardens
美国|马里兰州|哈福德|贝莱尔	United States|Maryland|Havre de Grace|Bel Air
美国|亚拉巴马州|圣克莱尔|阿什维尔	United States|Alabama|Saint Clair|Ashville
美国|宾夕法尼亚州|利哈伊县|阿尔伯蒂斯	United States|Pennsylvania|Lehigh|Allentown
美国|宾夕法尼亚州|韦恩县|帕尔迈拉	United States|Pennsylvania|Wayne|Palmyra
美国|佛蒙特州|温莎县|伍德斯托克	United States|Vermont|Windsor|Woodstock
美国|亚拉巴马州|门罗|门罗维尔	United States|Alabama|Monroe|Monroeville
美国|马里兰州|巴尔的摩|邓多克	United States|Maryland|Baltimore|Dundalk
美国|佛蒙特州|奇滕登县|南伯灵顿	United States|Vermont|Chittenden|South Burlington
美国|亚拉巴马州|克利本|赫夫林	United States|Alabama|Clinton|Heflin
美国|亚拉巴马州|皮肯斯|艾丽斯维尔	United States|Alabama|Phenix City|Ariel Village
美国|德克萨斯州|摩里斯|奥马哈	United States|Texas|Morris|Omaha
墨西哥|奇瓦瓦州|帕拉尔|	Mexico|Chihuahua|Parral|
美国|艾奥瓦州|弗洛伊德县|查尔斯城	United States|Iowa|Floyd|Charles City
美国|乔治亚州|卡罗尔|怀特斯堡	United States|Georgia|Carroll|Whitesburg
美国|蒙大拿州|拉瓦利|史蒂芬斯维尔	United States|Montana|Ravalli|Stevensville
美国|伊利诺伊州|库克|巴灵顿	United States|Illinois|Cook|Barrington
美国|路易斯安那州|拉萨尔|布鲁萨尔	United States|Louisiana|Lafayette|Broussard
马来西亚|柔佛州||	Malaysia|Johor||
英国|英格兰|威特岛|莱德	United Kingdom|England|Isle of Wight|Ryde
中国|香港|新界|葵青区葵涌	China|Hong Kong|New Territories|Kwai Tsing
英国|英格兰|汉普郡|新福里斯特	United Kingdom|England|Hampshire|New Forest
比利时|布鲁塞尔|首都大区|伊克塞尔	Belgium|Brussels|Capital Region|Ixelles
芬兰|新地区|赫尔辛基次区|埃斯波	Finland|Uusimaa|Helsinki|Espoo
英国|英格兰|伯克郡|	United Kingdom|England|Berkshire|
美国|纽约州|拿骚|米尼奥拉	United States|New York|Nassau|Mineola
美国|加利福尼亚州|橙|芳泉谷	United States|California|Orange|Fountain Valley
波兰|大波兰省|波兹南|	Poland|Greater Poland|Poznan|
英国|英格兰|伯克郡|沃金厄姆	United Kingdom|England|Berkshire|Wokingham
美国|马里兰州|卡洛尔|汉普斯特德	United States|Maryland|Calvert|Hampstead
美国|密西西比州|兰金县|布兰登	United States|Mississippi|Rankin|Brandon
巴西|伯南布哥州|阿马拉日|	Brazil|Pernambuco|Amaraji|
英国|英格兰|索美塞特|布里奇沃特	United Kingdom|England|Somerset|Bridgwater
比利时|布鲁塞尔－首都大区|布鲁塞尔首都大区|圣吉尔	Belgium|Brussels-Capital Region|Brussels-Capital Region|Saint-Gilles
斯洛文尼亚|卢布尔雅那城市区||	Slovenia|Ljubljana||
英国|英格兰|大曼彻斯特|特拉福德	United Kingdom|England|Manchester|Trafford
法国|普罗旺斯－阿尔卑斯－蓝色海岸|罗讷河口|阿尔勒	France|Provence-Alpes-Cote d'Azur|Bouches-du-Rhone|Arles
瑞典|斯科讷省|马尔默市|利姆港	Sweden|Skåne|Malmö|Limhamn
波兰|下西里西亚省|弗罗茨瓦夫|比斯库皮斯·波德古尔内	Poland|Lower Silesia|Wroclaw|Biskupin Podgorny
法国|普罗旺斯－阿尔卑斯－蓝色海岸|索菲亚安提波利斯|	France|Provence-Alpes-Cote d'Azur|Sophia Antipolis|
英国|英格兰|埃塞克斯|科尔切斯特区	United Kingdom|England|Essex|Colchester
英国|英格兰|汉普郡|拉什穆尔	United Kingdom|England|Hampshire|Rushmoor
英国|英格兰|大伦敦|陶尔哈姆莱茨	United Kingdom|England|London|Tower Hamlets
瑞士|日内瓦州|利尼翁|	Switzerland|Geneva|Nyon|
英国|英格兰|北约克郡|	United Kingdom|England|North Yorkshire|
德国|黑森州|威斯巴登|	Germany|Hesse|Wiesbaden|
英国|苏格兰|格拉斯哥|芬尼斯顿	United Kingdom|Scotland|Glasgow|Finnieston
英国|英格兰|剑桥郡|南剑桥郡	United Kingdom|England|Cambridgeshire|South Cambridgeshire
英国|英格兰|东柴郡|	United Kingdom|England|East Sussex|
意大利|拉齐奥|罗马|廊桥	Italy|Lazio|Rome|Eur
爱沙尼亚|哈尔尤县|绍埃|旭儒	Epsom|||
英国|英格兰|诺福克|南诺福克	United Kingdom|England|Norfolk|South Norfolk
爱尔兰|都柏林郡|西城|	Ireland|Dublin|West|
意大利|托斯卡纳|阿雷佐|	Italy|Tuscany|Arezzo|
爱沙尼亚|哈尔尤县|塔林|波亚-塔林	Essaouira|Haj Ou|Talint|Bouya-Talint
爱尔兰|都柏林郡|芬格尔|布兰查兹敦	Ireland|Dublin|Fingal|Blanchardstown
罗马尼亚|锡比乌县|锡比乌|	Romania|Sibiu County|Sibiu|
葡萄牙|塞图巴尔区|塞辛布拉|	Portugal|Setubal|Setubal|
英国|苏格兰|北拉纳克郡|威肖	United Kingdom|Scotland|West Lothian|Bathgate
加拿大|安大略省|黑斯廷斯|利默里克	Canada|Ontario|Histon|Limourick
爱沙尼亚|哈尔尤县|塔林|北塔林	Eritrea|Halay (Hailyu County)|Talin|North Talin
法国|普罗旺斯－阿尔卑斯－蓝色海岸|滨海阿尔卑斯|	France|Provence-Alpes-Côte d'Azur|Arles|
瑞士|巴塞尔乡村半州|阿勒斯海姆|慕尼黑施泰因	Switzerland|Basel-Landschaft|Arlesheim|Münchenstein
克罗地亚|萨格勒布|新萨格勒布－伊斯托克|	Croatia|Dubrovnik-Neretva|Dubrovnik|
英国|威尔士|雷克瑟姆|	United Kingdom|Wales|Wrexham|
斯洛伐克|布拉迪斯拉发州|布拉迪斯拉发1区|	Slovakia|Bratislava|Bratislava District 1|
英国|英格兰|德比|	United Kingdom|England|Derby|
瑞士|巴塞尔乡村半州|阿勒斯海姆|慕尼黑斯坦	Switzerland|Basel-Landschaft|Aarau|Münchenstein
意大利|拉齐奥|拉蒂纳|	Italy|Lazio|Latina|
西班牙|马德里自治区|马德里|埃纳雷斯河畔圣费尔南多	Spain|Madrid|Madrid|San Fernando de Henares
克罗地亚|萨格勒布|新萨格勒布－伊斯托克|布津	Croatia|Sisacko-Moslavacka|Sisak|Brzin
德国|黑森州|美因河畔奥芬巴赫|	Germany|Hessen|Offenbach am Main|
芬兰|新地区|赫尔辛基次区|万塔	Finland|Uusimaa|Helsinki|Vantaa
荷兰|乌得勒支省|尼沃海恩|	Netherlands|Utrecht|Nijmegen|
乌克兰|哈尔科夫州||	Ukraine|Kharkiv||
芬兰|新地区|赫尔辛基次区|	Finland|New Region|Helsinki sub-region|
西班牙|马德里自治区|马德里|拉斯欧萨斯－德马德里	Spain|Community of Madrid|Madrid|Los Santos de la Humosa
芬兰|北卡累利阿区|约恩苏次区|孔蒂奥拉赫蒂	Finland|Pohjois-Karjala|Joensuu|Kontiolahti
荷兰|南荷兰省|海牙|	Netherlands|South Holland|The Hague|
瑞典|斯科讷省|马尔默市|林港	Sweden|Skåne|Malmö|Limhamn
克罗地亚|滨海和山区县|里耶卡|	Croatia|Primorje-Gorski Kotar|Rijeka|
西班牙|马德里自治区|马德里|埃纳雷斯堡	Spain|Community of Madrid|Madrid|Enares
西班牙|阿斯图里亚斯自治区|阿斯图里亚斯|圣克鲁斯	Spain|Asturias|Asturias|San Clus
卢森堡|梅尔施县|比森|鲁斯特	Luxembourg|Mersch|Bissen|Roost
波兰|小波兰省|克拉科夫|	Poland|Lesser Poland|Krakow|
法国|布列塔尼|伊勒|维莱讷	France|Brittany|Ille|Vilaine
瑞士|巴塞尔乡村半州|利斯塔尔|普拉特恩	Switzerland|Basel-Landschaft|Liestal|Pratteln
瑞士|日内瓦州|梅林|	Switzerland|Geneva|Meyrin|
罗马尼亚|蒂米什县|蒂米什瓦拉|	Romania|Timis County|Timisoara|
卢森堡|梅尔施县||	Luxembourg|Mersch||
意大利|普利亚|巴里|特里贾诺	Italy|Puglia|Bari|Tricase
德国|巴伐利亚州|阿沙芬堡|美因河畔卡尔施泰因	Germany|Bavaria|Aschaffenburg|Karlstein am Main
法国|法兰西岛|伊夫林|	France|Île-de-France|Yvelines|
波兰|马佐夫舍省|华沙|萨洛米亚	Poland|Mazowieckie|Warsaw|Służewiec
瑞典|西曼兰省|法格什塔市|	Sweden|Västmanland|Fagersta|
德国|黑森州|霍赫陶努斯县|	Germany|Hesse|Hochtaunuskreis|
保加利亚|哈斯科沃州|斯维伦格勒|卡皮坦·安德烈耶沃	Bulgaria|Haskovo|Svilengrad|Kapitan Andreevo
卢森堡|阿尔泽特河畔埃施县|凯尔|	Rus|Alzey-Worms|Kaiserslautern|
德国|巴登－符腾堡州|弗罗伊登施塔特|多恩施泰滕	Germany|Baden-Wuerttemberg|Freiburg im Breisgau|Donaueschingen
意大利|威尼托|特雷维索|蒙蒂卡诺峡谷	Italy|Veneto|Treviso|Valdobbiadene
法国|奥弗涅－罗讷－阿尔卑斯|里昂大都会|利莫内斯特	France|Auvergne-Rhône-Alpes|Lyon Metropolis|Limones
卢森堡|阿尔泽特河畔埃施县||	Luxembourg|Esch-sur-Alzette||
英国|英格兰|大伦敦|威斯敏斯特市	United Kingdom|England|London|Westminster
英国|英格兰|肯特|七橡树	UK|England|Kent|Sevenoaks
波兰|马佐夫舍省|沃沃明|齐隆卡	Poland|Mazowieckie|Warsaw|Zielonka
荷兰|南荷兰省|西福尔讷|	Netherlands|South Holland|Westvoorne|
英国|英格兰|大伦敦|哈克尼	United Kingdom|England|Greater London|Hackney
法国|法兰西岛|上塞纳|布洛涅	France|Franche-Comte|Haute-Saone|Brotney
比利时|布鲁塞尔－首都大区|沃卢韦－圣皮埃尔|	Belgium|Brussels-Capital Region|Woluwe-Saint-Pierre|
西班牙|加泰罗尼亚自治区|巴塞罗纳省|马尔托雷利亚斯	Spain|Catalonia|Barcelona|Martorell
西班牙|加泰罗尼亚自治区|巴塞罗纳省|帕雷特斯	Spain|Catalonia|Barcelona|Palau-solità i Plegamans
法国|奥弗涅－罗讷－阿尔卑斯|里昂大都会|韦尼西厄	France|Auvergne-Rhône-Alpes|Lyon Metropolis|Vénissieux
意大利|伦巴第|帕维亚|西齐亚诺	Italy|Lombardy|Pavia|Siziano
比利时|弗拉芒大区|弗拉芒布拉班特省|哈勒	Belgium|Flanders|Flemish Brabant|Halle
比利时|弗拉芒大区|弗拉芒布拉班特省|马赫伦	Belgium|Flanders|Flemish Brabant|Mechelen
比利时|布鲁塞尔－首都大区|埃弗雷|	Belgium|Brussels-Capital Region|Evere|
比利时|布鲁塞尔|首都大区|埃弗尔	Belgium|Brussels|Brussels-Capital|Ixelles
法国|卢瓦尔河地区|卢瓦尔－大西洋|圣纳泽尔	France|Loire Valley|Loire-Atlantique|Saint-Nazaire
西班牙|加泰罗尼亚自治区|巴塞罗纳省|	Spain|Catalonia|Barcelona|
法国|奥弗涅|罗讷|阿尔卑斯	France|Auvergne|Lyon|Arbigny
丹麦|中日德兰大区|霍森斯|	Denmark|Capital Region|Horsens|
荷兰|南荷兰省|斯希丹|	Netherlands|South Holland|Schiedam|
葡萄牙|里斯本区|洛里什|普赖尔韦略	Portugal|Lisbon|Lisbon|Parede
德国|巴伐利亚州|维尔茨堡|	Germany|Bavaria|Würzburg|
英国|英格兰|兰开夏郡|里布尔河谷	UK|England|Lancashire|Ribble Valley
德国|北莱茵|威斯特法伦州|杜塞尔多夫	Germany|North Rhine-Westphalia|Westerwaldkreis|Düsseldorf
德国|巴登－符腾堡州|斯图加特|尼尔廷根	Germany|Baden-Württemberg|Stuttgart|Nürtingen
英国|英格兰|东北林肯郡|弗雷什尼广场	England|England|Lincolnshire|Freston Square
意大利|伦巴第|米兰|塞蒂莫米兰塞	Italy|Lombardy|Milan|Metropolitan City of Milan
丹麦|中日德兰大区|斯楚厄|	Denmark|Central Denmark Region|Skive|
瑞士|阿尔高州|布鲁格|卢普菲格	Switzerland|Aargau|Brugg|Lupfig
瑞典|斯德哥尔摩省|斯德哥尔摩市镇|阿卡拉	Sweden|Stockholm|Stockholm|Akalla
丹麦|首都大区|灵比－托拜克|维鲁姆	Denmark|Capital Region|Lyngby-Taarbæk|Virum
意大利|西西里|卡塔尼亚|	Italy|Sicily|Catania|
比利时|布鲁塞尔－首都大区|布鲁塞尔首都大区|沃吕韦圣兰伯特	Belgium|Brussels-Capital Region|Brussels-Capital Region|Woluwe-Saint-Lambert
丹麦|首都大区|灵比|托拜克	Denmark|Capital Region|Gilleleje|Tørbæk
瑞典|斯德哥尔摩省|斯德哥尔摩市镇|基斯塔	Sweden|Stockholm|Stockholm|Kista
瑞士|苏黎世州|比拉赫区|	Switzerland|Solothurn|Bürach|
瑞士|苏黎世州|迪尔斯多夫区|吕姆朗	Switzerland|Solothurn|Dielsdorf|Lumino
瑞典|斯德哥尔摩省|斯德哥尔摩市镇|约翰内绍夫	Sweden|Stockholm|Stockholm|Johanneshoev
法国|法兰西岛|塞纳－圣但尼|博比尼	France|Franche-Comté|Côte-d'Or|Bourgogne
意大利|伦巴第|蒙扎和布里安扎|	Italy|Lombardy|Monza and Brianza|
英国|英格兰|诺丁汉郡|阿什菲尔德	UK|England|Nottinghamshire|Ashfield
意大利|伦巴第|贝加莫|圣彼得罗桥	Italy|Lombardy|Bergamo|San Pietro
瑞士|沙夫豪森州|沙夫豪森|	Switzerland|Schaffhausen|Schaffhausen|
英国|英格兰|萨福克|西萨福克	UK|England|Suffolk|West Suffolk
西班牙|安达卢西亚自治区|塞维利亚省|瓦伦西纳德拉康塞普西翁	Spain|Andalusia|Seville|Valencina de la Concepcion
意大利|伦巴第|米兰|科尔纳雷多	Italy|Lombardy|Milan|Corsico
英国|英格兰|北约克郡|哈罗盖特	United Kingdom|England|North Yorkshire|Harrogate
意大利|托斯卡纳|皮斯托亚|夸拉塔	Italy|Tuscany|Pistoia|Quarrata
西班牙|加泰罗尼亚自治区|巴塞罗纳省|比克	Spain|Catalonia|Barcelona|Vic
意大利|特伦蒂诺－上阿迪杰|博尔扎诺－上阿迪杰|蓬蒂斯艺术区	Italy|Trentino-Alto Adige|Bolzano|Pontechiesa
美国|康涅狄格州|新伦敦县|沃特福德	United States|Connecticut|New London|Waterford
德国|巴登－符腾堡州|曼海姆|	Germany|Baden-Württemberg|Mannheim|
法国|布列塔尼|菲尼斯泰尔|坎佩尔	France|Bretagne|Finistère|Camper
瑞士|瓦莱州|蒙泰|	Switzerland|Valais|Monthey|
德国|巴登|符腾堡州|曼海姆	Germany|Baden|Stuttgart|Mannheim
德国|巴伐利亚州|慕尼黑|普拉内格	Germany|Bavaria|Munich|Pasing
喀麦隆|中部区|姆丰迪|雅温得	Kampala|Central Region|Mukono|Yavende
西班牙|安达卢西亚自治区|塞维利亚省|特尔文特	Spain|Andalusia|Seville|Trevant
巴基斯坦|旁遮普省|木尔坦|	Pakistan|Punjab|Multan|
法国|法兰西岛|马恩河谷|克雷泰伊	France|Franche-Comté|Montagnes du Jura|Créteil
英国|英格兰|牛津郡|查尔维	United Kingdom|England|Oxfordshire|Chalvey
爱尔兰|利默里克郡||	Ireland|Limerick||
以色列|特拉维夫区|霍隆|	Israel|Tel Aviv|Holon|
瑞士|苏黎世州|迪肯孔区|奥伯伦斯特林根	Switzerland|Solothurn|Distretto di Dorneck|Oberer Leimbach
瑞士|苏黎世州|迪肯孔区|施利伦	Switzerland|Soleure|Dorneck|Thierstein
西班牙|阿拉贡自治区|特鲁埃尔省|安多拉	Spain|Aragon|Teruel|Andorra
西班牙|安达卢西亚自治区|塞维利亚省|两姊妹镇	Spain|Andalusia|Seville|Dos Hermanas
法国|普罗旺斯－阿尔卑斯－蓝色海岸|沃克吕兹|阿维尼翁	France|Provence-Alpes-Côte d'Azur|Vaucluse|Avignon
爱尔兰|科克郡|小岛|	Ireland|Cork|Little Island|
荷兰|南荷兰省|兰辛厄兰|	Netherlands|North Holland|Zuid-Holland|
英国|英格兰|大伦敦|豪恩斯洛	United Kingdom|England|London|Hounslow
爱尔兰|都柏林郡|克劳道金|	Ireland|Dublin|Clondalkin|
英国|北爱尔兰|中阿尔斯特|莱特肯尼	United Kingdom|Northern Ireland|Mid Ulster|Larne
意大利|弗留利－威尼斯朱利亚|乌迪内|	Italy|Friuli-Venezia Giulia|Udine|
荷兰|北荷兰省|阿尔斯梅尔|	Netherlands|North Holland|Alkmaar|
荷兰|海尔德兰省|韦亨|	Netherlands|Zuid-Holland|Leiden|
法国|法兰西岛|瓦兹河谷|蓬图瓦兹	France|Franche-Comte|Val d'Oise|Pontault-Combault
瑞典|斯德哥尔摩省|斯德哥尔摩市镇|斯肯达尔	Sweden|Stockholm|Stockholm|Skandalen
英国|英格兰|大伦敦|伊灵	England|England|London|Ealing
荷兰|海尔德兰省|哈尔德韦克|	Netherlands|South Holland|Harderwijk|
瑞典|斯德哥尔摩省|斯德哥尔摩市镇-斯卡霍尔门|	Sweden|Stockholm County|Stockholm-Skärholmen|
加拿大|萨斯喀彻温省|第15普查区|米斯帕克	Canada|Saskatchewan|Division No. 15|Mist Park
荷兰|林堡省|马斯河畔霍斯特|塞文纳姆	Netherlands|Limburg|Maastricht|Sittard
瑞典|斯德哥尔摩省|乌普兰斯韦斯比市镇|	Sweden|Vastra Gotaland|Uppsala|
荷兰|上艾瑟尔省|亨厄洛|	Netherlands|Overijssel|Hengelo|
英国|英格兰|约克|	England|Yorkshire|York|
英国|苏格兰|莫里|	United Kingdom|Scotland|Moray|
英国|英格兰|萨里|兰尼米德	United Kingdom|England|Salford|Lanymydeh
希腊|阿提卡|佩里斯特里|	Chile|Atacama|Peristaltic|
荷兰|北荷兰省|希尔弗瑟姆|	Netherlands|North Holland|Hilversum|
荷兰|南荷兰省|派恩阿克－诺特多普|	Netherlands|South Holland|Pijnacker-Nootdorp|
法国|上法兰西|诺尔|杜埃	France|Hauts-de-France|Nord|Douai
德国|北莱茵－威斯特法伦州|明斯特|	Germany|North Rhine-Westphalia|Münster|
英国|苏格兰|阿伯丁郡|弗雷泽堡	United Kingdom|Scotland|Aberdeenshire|Fraserburgh
荷兰|弗莱福兰省|阿尔梅勒|	Netherlands|Flevoland|Almere|
英国|英格兰|埃塞克斯|巴西尔登	United Kingdom|England|Essex|Basildon
英国|英格兰|南安普敦|	United Kingdom|England|Southampton|
英国|英格兰|北安普敦郡北|	United Kingdom|England|Northamptonshire|
西班牙|安达卢西亚自治区|格拉纳达省|格拉纳达	Spain|Andalusia|Granada|Granada
乌克兰|基辅州|布罗瓦里区|	Ukraine|Kyiv|Brovary|
英国|英格兰|萨里|雷德希尔	United Kingdom|England|Salisbury|Redditch
英国|英格兰|米尔顿凯恩斯|	United Kingdom|England|Milton Keynes|
法国|法兰西岛|巴黎|格勒内尔港	France|Île-de-France|Paris|Port de Grenelle
法国|诺曼底|厄尔|贝尔奈	France|Normandy|Eure|Bernay
德国|下萨克森州|哥廷根|	Germany|Lower Saxony|Gottingen|
捷克|南摩拉维亚州|布尔诺|	Czech Republic|South Moravia|Brno|
英国|英格兰|泰恩|威尔	United Kingdom|England|Tyne|Wear
德国|勃兰登堡州|达梅－施普利瓦尔德县|舍讷费尔德	Germany|Brandenburg|Dahme-Spreewald|Schenefeld
英国|英格兰|威尔特郡|威尔特郡	United Kingdom|England|Wiltshire|Wiltshire
法国|勃艮第弗朗什孔泰|贝尔福地区|贝尔福	France|Bourgogne-Franche-Comté|Territoire de Belfort|Belfort
西班牙|安达卢西亚自治区|马拉加省|	Spain|Andalusia|Malaga|
德国|巴伐利亚州|弗赖辛|	Germany|Bavaria|Freiburg|
法国|勃艮第－弗朗什－孔泰|约讷|桑斯	France|Bourgogne-Franche-Comté|Yonne|Sens
德国|黑森州|霍赫陶努斯县|乌辛根	Germany|Hesse|Hochtaunuskreis|Usingen
德国|北莱茵|威斯特法伦州|科隆	Germany|North Rhine-Westphalia|North Rhine-Westphalia|Cologne
美国|德克萨斯州|伊拉斯|斯蒂芬维尔	United States|Texas|Euless|Stephenville
意大利|拉齐奥|罗马|蓬泰加莱里亚	Italy|Lazio|Rome|Ponte Galeria
英国|英格兰|泰恩－威尔|北泰恩赛德	United Kingdom|England|Tyne and Wear|North Tyneside
英国|英格兰|白金汉郡|	UK|England|Buckinghamshire|
法国|卢瓦尔河地区|卢瓦尔|大西洋	France|Nouvelle-Aquitaine|Loire|Océan Atlantique
英国|英格兰|米尔顿凯恩斯|窑场	United Kingdom|England|Milton Keynes|Wolverton
德国|黑森州|大盖劳|美因河畔吕塞尔斯海姆	Germany|Hesse|Darmstadt|Luisenthal am Rhein
英国|英格兰|约克夏东瑞丁|卡纳比	United Kingdom|England|Yorkshire and the Humber|Carnaby
德国|下萨克森州|不伦瑞克|	Germany|Lower Saxony|Bremen|
德国|巴伐利亚州|慕尼黑|阿施海姆	Germany|Bavaria|Munich|Aschheim
美国|西弗吉尼亚州|麦克道尔县|黑豹	United States|Virginia|Mecklenburg|Black Panther
法国|法兰西岛|瓦兹河谷|圣旺拉莫讷	France|Franche-Comté|Vallée de la Vézère|Saint-Maurice
巴西|圣保罗州|巴鲁埃里|坦波雷	Brazil|Sao Paulo|Barueri|Tambore
意大利|伦巴第|米兰|塞蒂莫·米兰内塞	Italy|Lombardy|Milan|Settimo Milanese
意大利|威尼托|维琴察|索维佐	Italy|Veneto|Vicenza|Sovizzo
德国|萨克森－安哈尔特州|萨勒县|梅泽堡	Germany|Saxony-Anhalt|Saalekreis|Merseburg
波兰|库亚维－波美拉尼亚省|比得哥什|	Poland|Kuyavia-Pomerania|Bydgoszcz|
英国|英格兰|萨福克|东萨福克	United Kingdom|England|Suffolk|East Suffolk
德国|北莱茵－威斯特法伦州|杜塞尔多夫|施瓦尔姆塔尔	Germany|North Rhine-Westphalia|Düsseldorf|Schwalmtal
德国|巴登－符腾堡州|弗赖堡|奥芬堡	Germany|Baden-Württemberg|Freiburg|Offenburg
英国|英格兰|贝德福德|贝德福德	United Kingdom|England|Bedford|Bedford
美国|新泽西州|默瑟|海茨敦	United States|New Jersey|Methuen|Harzaden
英国|苏格兰|东邓巴顿郡|	United Kingdom|Scotland|East Dunbartonshire|
英国|英格兰|大伦敦|默顿	United Kingdom|England|London|Merton
德国|莱茵兰|普法尔茨州|美因茨	Germany|Rhineland-Palatinate|Pfalz|Mainz
西班牙|瓦伦西亚自治区|阿利坎特省|伊维	Spain|Valencian Community|Alicante|Ibi
瑞士|沃州|西洛桑区|	Switzerland|Vaud|District de Nyon|
德国|北莱茵－威斯特法伦州|波恩|	Germany|North Rhine-Westphalia|Bonn|
英国|英格兰|牛津郡|	UK|England|Oxfordshire|
波兰|西里西亚省|卡托维兹|	Poland|Silesia|Katowice|
卢森堡|阿尔泽特河畔埃施县|莱德伦|	Luxembourg|Esch-sur-Alzette|Luxembourg|
巴西|塞尔希培州|布金|	Brazil|Sergipe|Bocaina|
英国|英格兰|特尔福德－里金|	United Kingdom|England|Telford and Wrekin|
德国|北莱茵|威斯特法伦州|多特蒙德	Germany|North Rhine-Westphalia|Münster|Dortmund
德国|巴伐利亚州|慕尼黑|阿什海姆	Germany|Bavaria|Munich|Aschheim
德国|巴伐利亚州|克罗纳赫|普雷斯西	Germany|Bavaria|Kronach|Pressig
马耳他|塔比克斯||	Malta|Tabexxt||
英国|英格兰|约克夏东瑞丁|赫斯勒	United Kingdom|England|East Riding of Yorkshire|Hessle
丹麦|南丹麦大区|科灵|	Denmark|Region of Southern Denmark|Kolding|
葡萄牙|里斯本区||	Portugal|Lisbon||
西班牙|马德里自治区|马德里|拉斯欧萨斯	Spain|Community of Madrid|Madrid|Las Rozas
德国|巴登|符腾堡州|奥斯塔尔伯县	Germany|Baden|Stuttgart|Ostalbkreis
西班牙|瓦伦西亚自治区|巴伦西亚省|克萨蒂瓦	Spain|Valencian Community|Valencia|Castellón
意大利|弗留利－威尼斯朱利亚|戈里齐亚|蒙法尔科内	Italy|Friuli-Venezia Giulia|Gorizia|Monfalcone
西班牙|瓦伦西亚自治区|阿利坎特省|托雷维耶哈	Spain|Valencian Community|Alicante|Torrevieja
英国|英格兰|萨里|	United Kingdom|England|Salisbury|
英国|英格兰|大伦敦|柏京	United Kingdom|England|London|Perth
英国|英格兰|沃灵顿|	United Kingdom|England|Worthing|
意大利|托斯卡纳|比萨|	Italy|Tuscany|Pisa|
瑞士|日内瓦州|科洛尼|	Switzerland|Geneva|Collonge-Bellerive|
意大利|伦巴第|贝加莫|	Italy|Lombardy|Bergamo|
澳大利亚|新南威尔士州|北中海岸|克拉伦斯谷	Australia|New South Wales|Central Coast|Karuah Valley
德国|巴伐利亚州|慕尼黑|下施莱斯海姆	Germany|Bavaria|Munich|Unterschleissheim
奥地利|上奥地利州|韦尔斯乡村县|韦尔斯	Austria|Upper Austria|Wels-Land|Wels
爱尔兰|利默里克郡|国家科技园区|	Ireland|Limerick|National Technological Park|
英国|英格兰|拉特兰|厄平汉姆	United Kingdom|England|Rutland|Oakham
德国|巴伐利亚州|雷根|	Germany|Bavaria|Regen|
英国|英格兰|德文郡|	United Kingdom|England|Derbyshire|
瑞士|楚格州|楚格|巴尔	Switzerland|Zug|Zug|Baar
德国|巴伐利亚州|慕尼黑|慕尼黑附近的加兴	Germany|Bavaria|Munich|Garching bei Munchen
法国|法兰西岛|埃松|	France|Franche-Comte|Essonne|
波兰|下西里西亚省|弗罗茨瓦夫|	Poland|Lower Silesian|Wrocław|
德国|萨克森州|北萨克森县|耶塞维茨	Germany|Saxony|Nordsachsen|Jesewitz
荷兰|南荷兰省|乌赫斯特海斯特|	Netherlands|South Holland|Utrecht|
英国|英格兰|威尔特郡|特罗布里奇	United Kingdom|England|Wiltshire|Trowbridge
意大利|托斯卡纳|皮斯托亚|	Italy|Tuscany|Pistoia|
比利时|弗拉芒大区|西佛兰德省|布鲁日区	Belgium|Flemish Region|West Flanders|Bruges
保加利亚|瓦尔纳州|瓦尔纳|	Bulgaria|Varna|Varna|
西班牙|巴斯克自治区|比斯开省|德里奥	Spain|Basque Country|Biscay|Durango
意大利|西西里|阿格里真托|夏卡	Italy|Sicily|Agrigento|Sciacca
南非|豪登省|茨瓦内市大都会自治市|	South Africa|KwaZulu-Natal|eThekwini Metropolitan Municipality|
德国|下萨克森州|希尔德斯海姆|	Germany|Lower Saxony|Hildesheim|
德国|巴伐利亚州|慕尼黑|霍亨基兴－齐格茨布伦	Germany|Bavaria|Munich|Haar-Grünzing-Brunn
英国|英格兰|威尔特郡|斯温顿	United Kingdom|England|Wiltshire|Swindon
德国|石勒苏益格|荷尔斯泰因州|劳恩堡县	Germany|Schleswig-Holstein|Holstein|Lauenburg
菲律宾|卡拉巴松大区|内湖省|	Philippines|Calabarzon|Laguna|
意大利|伦巴第|贝加莫|蓬特圣彼得罗	Italy|Lombardy|Begamo|Ponte San Pietro
西班牙|加泰罗尼亚自治区|巴塞罗纳省|特亚	Spain|Catalonia|Barcelona|Teya
德国|北莱茵－威斯特法伦州|波鸿|	Germany|North Rhine-Westphalia|Bonn|
巴西|圣保罗州|伊塔拉雷|	Brazil|São Paulo|Itararé|
巴西|塞阿拉州|福塔莱萨|维森特·平松	Brazil|Ceará|Fortaleza|Vicente Pinzón
波兰|波美拉尼亚省|特切夫|罗基基	Poland|Pomerania|Tczew|Rokitki
美国|艾奥瓦州|卡洛尔县|布雷达	USA|Iowa|Carroll|Breda
意大利|马尔凯|费尔莫|	Italy|Marche|Fermo|
意大利|伦巴第|帕维亚|锡齐亚诺	Italy|Lombardy|Pavia|Siziano
英国|英格兰|萨里|韦弗利	United Kingdom|England|Surrey|Waverley
美国|伊利诺伊州|库克|希尔赛德	United States|Illinois|Cook|Hillside
英国|英格兰|赫尔河畔金斯顿|	United Kingdom|England|Kingston upon Hull|
澳大利亚|新南威尔士州|伊拉瓦拉|卧龙岗市	Australia|New South Wales|Illawarra|Wollongong
意大利|威尼托|维琴察|桑德里戈	Italy|Veneto|Verona|San Zeno
美国|德克萨斯州|约翰逊|约书亚	United States|Texas|Johnson|Joshua
澳大利亚|新南威尔士州|大悉尼|北悉尼	Australia|New South Wales|Sydney|North Sydney
澳大利亚|首都领地|堪培拉|巴顿	Australia|Australian Capital Territory|Canberra|Barton
中国|香港|九龙半岛|旺角	China|Hong Kong|Kowloon|Mong Kok
巴西|帕拉州|雅瓜里亚伊瓦|	Brazil|Para|Yaguariaiva|
巴西|帕拉州|锡凯拉坎普斯|	Brazil|Para|Sierra Campos|
澳大利亚|新南威尔士州|大悉尼|湾边区	Australia|New South Wales|Sydney|Bayside
关岛|皮蒂||	Guandao|Piti||
德国|北莱茵|威斯特法伦州|居特斯洛	Germany|North Rhine-Westphalia|Wiesbaden|Gütersloh
印度|奥里萨邦|甘贾姆|伯罕普尔	India|Odisha|Ganjam|Berhampur
巴西|巴拉那州|卡斯塔尼亚尔|	Brazil|Parana|Castanhal|
中国|香港|香港岛|东区	China|Hong Kong|Hong Kong Island|Eastern
美国|弗吉尼亚州|夏洛特县|	United States|Virginia|Charlotte County|
阿根廷|布宜诺斯艾利斯省|海岸县|马德尔图尤	Argentina|Buenos Aires|Costa|Miramar
多米尼加共和国|杜阿尔特省|卡斯蒂略|	Dominican Republic|Duarte|Castillo|
萨尔瓦多|拉利伯塔德省|圣特克拉|	El Salvador|La Libertad|Santa Tecla|
荷兰|北布拉班特省|罗森达尔|	Netherlands|North Brabant|Roosendaal|
委内瑞拉|莫纳加斯州|圣巴巴拉市|	Venezuela|Monagas|Santa Barbara|
菲律宾|马尼拉都会区|奎松市|	Philippines|Metropolitan Manila|Quezon|
澳大利亚|西澳大利亚州|珀斯都会区|	Australia|Western Australia|Perth|
洪都拉斯|奥兰乔省|卡塔卡马斯|	Honduras|Olancho|Catacamas|
美国|阿肯色州|迪沙|麦吉	United States|Arkansas|DeSoto|McGee
美国|俄亥俄州|富兰克林县|加汉纳	United States|Ohio|Franklin County|Gahanna
多米尼加共和国|圣克里斯托瓦尔省|阿尔塔格拉西亚镇|	Dominican Republic|San Cristobal|Altagracia|
印度|马哈拉施特拉邦|塔纳县|比万迪	India|Maharashtra|Thane|Bhiwandi
委内瑞拉|拉腊州|希梅內斯市|奎博尔	Weißwasser|Lausitz|Hoyerswerda|Kleinwelka
英国|英格兰|坎布里亚|卡莱尔市	United Kingdom|England|Cambridgeshire|Cambridge
美国|俄亥俄州|富兰克林县|格罗夫波特	United States|Ohio|Franklin|Groveport
巴拉圭|康塞普西翁省|奥尔克塔|	Paraguay|Concepción|Orekalta|
希腊|中马其顿|科德利奥|埃沃斯莫斯	Greece|Central Macedonia|Kozani|Eordaea
印度尼西亚|亚齐特区|班达亚齐|	Indonesia|Aceh|Banda Aceh|
西班牙|巴斯克自治区|阿拉瓦省|阿尼亚纳	Spain|Basque Country|Araba|Añana
加拿大|安大略省|弗隆特纳克|中弗隆特纳克	Canada|Ontario|Flintnac|Central Flintnac
荷兰|海尔德兰省|旧艾瑟尔斯特雷克|法瑟费尔德	Netherlands|Holland|Oldenzaal|Vasseveld
荷兰|南荷兰省|西福尔讷|布里埃尔	Netherlands|South Holland|Voorne aan Zee|Brielle
印度尼西亚|中爪哇省|梭罗市|	Indonesia|Central Java|Surakarta|
印度|北方邦|勒克瑙县|	India|Uttar Pradesh|Lucknow|
法国|奥克西塔尼|洛特|菲雅克	France|Occitanie|Lot|Figeac
印度尼西亚|南苏门答腊省|东奥甘科默林乌鲁|	Indonesia|South Sulawesi|Makassar|
荷兰|海尔德兰省|东海尔勒|	Netherlands|South Holland|Dordrecht|
德国|北莱茵－威斯特法伦州|诺伊斯莱茵县|	Germany|North Rhine-Westphalia|Rhein-Kreis Neuss|
荷兰|海尔德兰省|屈伦博赫|	Netherlands|Zeeland|Goes|
德国|巴伐利亚州|维尔茨堡|莱顿大街	Germany|Bavaria|Würzburg|Leighton Street
美国|新泽西州|博根|萨德尔布鲁克	United States|New Jersey|Bergen|Saddle Brook
西班牙|埃斯特雷马杜拉自治区|卡塞雷斯省|	Spain|Extremadura|Cáceres|
美国|特拉华州|纽卡斯尔郡|克莱蒙特	United States|Delaware|New Castle|Claymont
西班牙|瓦伦西亚自治区|阿利坎特省|阿尔法法拉	Spain|Valencian Community|Alicante|Alfafara
意大利|伦巴第|瓦雷泽|	Italy|Lombardy|Varese|
多米尼加共和国|圣地亚哥省|利塞阿尔梅迪奥|拉斯帕洛马斯	Dominican Republic|Santiago|Río San Juan|Las Palomas
美国|北卡罗来纳州|杜普林|华莱士	United States|North Carolina|Durham|Wallace
美国|乔治亚州|米勒|科尔奎特	United States|Georgia|Milledgeville|Cochran
多米尼加共和国|杜阿尔特省||	Dominican Republic|Duarte||
西班牙|瓦伦西亚自治区|阿利坎特省|贝尼多姆	Spain|Valencia|Alicante|Benidorm
印度|中央邦|德瓦斯县|	India|Madhya Pradesh|Dewas|
比利时|弗拉芒大区|弗拉芒布拉班特省|比尔贝克	Belgium|Flanders|Flemish Brabant|Bierbeek
印度|马哈拉施特拉邦|塔纳县|	India|Maharashtra|Thane|
印度尼西亚|中爪哇省||	Indonesia|Central Java||
意大利|威尼托|威尼斯|波尔托格鲁阿	Italy|Veneto|Venice|Portogruaro
印度|西孟加拉邦|豪拉县|	India|West Bengal|Hooghly|
英国|英格兰|兰开夏郡|罗森代尔	United Kingdom|England|Lancashire|Rossendale
英国|英格兰|肯特|斯韦尔	UK|England|Kent|Swale
委内瑞拉|首都区||	Venezuela|Capital District||
委内瑞拉|塔奇拉州|豪雷吉市|拉格里塔	Venezuela|Tachira|San Cristobal|Lagunita
印度|泰米尔纳德邦|卡鲁尔县|	India|Tamil Nadu|Kallakurichi|
西班牙|巴斯克自治区|比斯开省|松迪卡	Spain|Basque Country|Biscay|Sonika
菲律宾|中米沙鄢大区|东内格罗斯省|杜马格特	Philippines|Central Visayas|Negros Oriental|Dumaguete
塔吉克斯坦|杜尚别|杜尚别|	Tajikistan|Dushanbe|Dushanbe|
巴拉圭|上巴拉那省||	Paraguay|Alto Paraná||
巴拉圭|中央省|伊塔|	Paraguay|Central|Ita|
多米尼加共和国|阿苏阿省|阿苏阿|	Dominican Republic|Azua|Azua|
瑞士|沃州|西洛桑区|克里西尔	Switzerland|Vaud|West Lausanne|Crissier
巴西|皮奥伊州|特雷西纳|	Brazil|Piaui|Teresina|
缅甸|掸邦|大其力县|	Myanmar|Shan|Tachileik|
印度尼西亚|中爪哇省|万由马士|基顿班登	Indonesia|Central Java|Surakarta|Kartasura
美国|乔治亚州|克林奇|荷马维尔	United States|Georgia|Clinch|Homerville
印度尼西亚|中爪哇省|克拉登|	Indonesia|Central Java|Kradenan|
委内瑞拉|法尔孔州|米兰达市|科罗	Venezuela|Falcón|Miranda|Coro
印度|恰蒂斯加尔邦|赖浦尔县|	India|Chhattisgarh|Raipur|
西班牙|加利西亚自治区|卢戈省|萨里亚	Spain|Galicia|Lugo|Saria
巴布亚新几内亚|国家首都区|莫尔兹比港|	Papua New Guinea|National Capital District|Port Moresby|
菲律宾|卡拉巴松大区|黎刹省|安蒂波洛	Philippines|Calabarzon|Laguna|Antipolo
越南|岘港市||	Vietnam|Ninh Binh||
委内瑞拉|苏克雷州|圣达菲|	Venezuela|Sucré|Santa Fe|
印度尼西亚|西苏拉威西省||	Indonesia|West Sulawesi||
尼日利亚|埃努古州||	Nigeria|Enugu||
阿富汗|喀布尔省||	Afghanistan|Kabul||
荷兰|南荷兰省|韦斯特兰|	Netherlands|South Holland|Westland|
美国|明尼苏达州|奥特泰尔县|纽约米尔斯	United States|Minnesota|Otter Tail|New York Mills
印度|马哈拉施特拉邦|戈尔哈布尔县|	India|Maharashtra|Kolhapur|
巴西|巴拉那州|贝尔特拉|	Brazil|Paraná|Beltrao|
印度|泰米尔纳德邦|金奈县|麦拉波尔	India|Tamil Nadu|Kanniyakumari|Melapalayam
罗马尼亚|伊尔福夫县|基蒂拉|	Romania|Iasi|Iasi|
美国|马萨诸塞州|米德尔塞克斯县|列克星敦	United States|Massachusetts|Middlesex|Lexington
菲律宾|西米沙鄢大区||	Philippines|Western Visayas||
巴拉圭|圣佩德罗省|卡皮伊瓦里|	Paraguay|San Pedro|Capiiivari|
巴基斯坦|旁遮普省|拉合尔|	Pakistan|Punjab|Lahore|
美国|新泽西州|开普梅|阿瓦隆	United States|New Jersey|Cape May|Avalon
美国|亚拉巴马州|达拉斯|	United States|Alabama|Dallas|
巴基斯坦|旁遮普省||	Pakistan|Punjab||
埃及|开罗省|老开罗区|	Egypt|Qalyubia|Old Cairo|
美国|亚拉巴马州|休斯敦|哥伦比亚	United States|Alabama|Houston|Columbia
印度|马哈拉施特拉邦|赖加德县|	India|Maharashtra|Raigad|
菲律宾|中米沙鄢大区|宿务省|	Philippines|Central Visayas|Cebu|
赞比亚|卢萨卡省|卢萨卡|	Zambia|Lusaka|Lusaka|
印度尼西亚|廖内省|北干巴鲁|	Indonesia|Riau|Pekanbaru|
老挝|博胶省||	Laos|Bokeo||
坦桑尼亚|多多马区||	Tanzania|Dodoma Region||
美国|犹他州|犹他|阿尔派	United States|Utah|Utah|Alpine
菲律宾|达沃大区||	Philippines|Davao Region||
多哥|滨海区|海湾省|洛美	Bogotá|Binhai District|Haiwan Province|Luomei
委内瑞拉|波图格萨州||	Venezuela|Porto||
美国|夏威夷州|考艾县|凯卡哈	United States|Hawaii|Kauai|Kekaha
美国|俄亥俄州|默瑟县|塞丽娜	United States|Ohio|Mercer|Celina
美国|威斯康星州|奥塔加米县|小舒特	United States|Wisconsin|Ozaukee|Port Washington
美国|宾夕法尼亚州|威斯特摩兰县|新斯坦顿	United States|Pennsylvania|Westmoreland County|New Stanton
美国|印第安纳州|莱克|梅里尔维尔	United States|Indiana|Lake|Merrillville
美国|宾夕法尼亚州|巴克斯县|布里斯托尔	United States|Pennsylvania|Bucks|Bristol
美国|堪萨斯州|赖利县|曼哈顿	United States|Kansas|Riley|Manhattan
美国|加利福尼亚州|圣贝纳迪诺|布卢明顿	United States|California|San Bernardino|Bloomington
美国|乔治亚州|迪卡尔布|塔克	United States|Georgia|Decatur|Tucker
美国|加利福尼亚州|河滨|圣哈辛托	United States|California|Riverside|San Jacinto
阿鲁巴|奥拉涅斯塔德||	Aruba|Oranjestad||
美国|马里兰州|蒙哥马利|肯辛顿	United States|Maryland|Montgomery|Kensington
美国|俄亥俄州|凯霍加县|高地高地	United States|Ohio|Kehao|Gaodi
美国|佛罗里达州|迈阿密－戴德县|海厄利亚	United States|Florida|Miami-Dade|Hialeah
美国|亚拉巴马州|威尔科克斯|卡姆登	United States|Alabama|Wilcox|Camden
美国|科罗拉多州|杰斐逊|艾弗格林	United States|Colorado|Jefferson|Evergreen
美国|科罗拉多州|杰斐逊|阿瓦达	United States|Colorado|Jefferson|Arvada
美国|佛罗里达州|迈阿密－戴德县|霍姆斯特德	United States|Florida|Miami-Dade|Homestead
美国|阿肯色州|洛诺克|卡博特	United States|Arkansas|Lonoke|Cabot
美国|佛罗里达州|华盛顿县|奇普利	United States|Florida|Washington|Chippley
美国|亚拉巴马州|埃斯坎比亚|阿特莫尔	United States|Alabama|Escambia|Atmore
津巴布韦|哈拉雷|哈拉雷|	Zimbabwe|Harare|Harare|
美国|科罗拉多州|杰斐逊|肯卡里尔	United States|Colorado|Jefferson|Ken Caryl
美国|乔治亚州|霍尔|花枝	United States|Georgia|Hall|Flowery Branch
乌干达|坎帕拉区||	Uganda|Kampala||
突尼斯|突尼斯省||	Tunisia|Tunis||
美国|南卡罗来纳州|格林维尔县|莫尔丁	USA|South Carolina|Greenville|Mauldin
美国|佛罗里达州|奥卡卢萨县|克雷斯特韦	United States|Florida|Okaloosa|Crestview
美国|佛罗里达州|迈阿密－戴德县|北迈阿密	United States|Florida|Miami-Dade|North Miami
也门|萨那直辖市||	Yemen|Sanaa||
美国|明尼苏达州|哈伯德县|急流公园	United States|Minnesota|Hubbard|Rapid River Park
美国|宾夕法尼亚州|泰奥加县|诺克斯维尔	United States|Pennsylvania|Tioga|Knoxville
美国|德克萨斯州|巴斯特罗普|斯威夫特营	United States|Texas|Bastrop|Swift Camp
美国|乔治亚州|富尔顿|约翰斯溪	United States|Georgia|Fulton|Johns Creek
美国|马里兰州|哈福德|埃奇伍德	United States|Maryland|Havre de Grace|Edgewood
美国|佛罗里达州|科利尔县|北那不勒斯	United States|Florida|Collier|Naples
美国|乔治亚州|布洛克|斯泰茨伯勒	United States|Georgia|Brooks|Stewart Butler
美国|华盛顿州|金|得梅因	United States|Washington|King|Des Moines
美国|佛罗里达州|希尔斯伯勒县|城镇乡村	United States|Florida|Hillsborough|Rural Township
美国|乔治亚州|切罗基|伍德斯托克	United States|Georgia|Cherokee|Woodstock
美国|伊利诺伊州|库克|奥克朗	United States|Illinois|Cook|Oak Lawn
美国|密苏里州|圣路易斯县|柯克伍德	United States|Missouri|Saint Louis|Kirkwood
美国|密苏里州|科尔县|杰斐逊城	United States|Missouri|Cole|Jefferson City
美国|伊利诺伊州|杜佩奇|达里恩	United States|Illinois|Dupage|Darien
美国|密歇根州|奥克兰|沃特福德	United States|Michigan|Oakland|Waterford
美国|亚拉巴马州|塔斯卡卢萨|塔斯卡卢萨	United States|Alabama|Tuscaloosa|Tuscaloosa
美国|伊利诺伊州|库克|桥景城	United States|Illinois|Cook|Bridgeview
美国|新泽西州|博根|	United States|New Jersey|Hackensack|
美国|亚拉巴马州|谢尔比|阿拉巴斯特	United States|Alabama|Sherby|Arabast
美国|密苏里州|圣路易斯县|奥克维尔	United States|Missouri|St. Louis|Oakville
美国|印第安纳州|莱克|加里	United States|Indiana|Lac|Gary
美国|密西西比州|李县|图珀洛	United States|Mississippi|Lee|Tupelo
美国|密西西比州|福雷斯特县|哈蒂斯堡	United States|Mississippi|Forrest|Hattiesburg
美国|堪萨斯州|蒙哥马利县|迪灵	United States|Kansas|Montgomery|Dearing
美国|印第安纳州|派克|彼得斯堡	United States|Indiana|Parke|Petersburg
美国|犹他州|卡什|洛根	United States|Utah|Cache|Logan
美国|密歇根州|贝林|奈尔斯	United States|Michigan|Berlin|Niles
美国|印第安纳州|普瓦斯基|威纳马克	United States|Indiana|Pulaski|Winamac
美国|明尼苏达州|拉姆西县|枫木	United States|Minnesota|Ramsey|Maplewood
美国|德克萨斯州|布拉佐里亚|皮尔兰	United States|Texas|Brazoria|Pearland
美国|印第安纳州|斯塔克|诺克斯	United States|Indiana|Starke|Knox
美国|俄克拉荷马州|俄克拉荷马|米德韦斯特城	United States|Oklahoma|Oklahoma City|Midwest City
美国|路易斯安那州|东巴吞鲁日|中央	United States|Louisiana|Baton Rouge|Central
美国|密西西比州|哈里森县|比洛克西	United States|Mississippi|Harrison|Biloxi
美国|德克萨斯州|格雷格|朗维尤	United States|Texas|Garland|Longview
美国|俄克拉荷马州|塔尔萨|布罗肯阿罗	United States|Oklahoma|Tulsa|Broken Arrow
美国|密苏里州|圣路易斯县|怀尔德伍德	United States|Missouri|Saint Louis|Wildwood
美国|西弗吉尼亚州|罗利县|贝克利	United States|Virginia|Raleigh|Beckley
墨西哥|莫雷洛斯州|特米斯科|	Mexico|Morelos|Temixco|
美国|德克萨斯州|鲍伊|特克萨卡纳	United States|Texas|Boise|Texarkana
墨西哥|新莱昂州|圣尼古拉斯市|	Mexico|Nuevo León|San Nicolás de los Garza|
墨西哥|墨西哥州|托卢卡|	Mexico|Mexico State|Toluca|
墨西哥|哈利斯科州|特拉霍穆尔科|圣达菲庄园	Mexico|Hidalgo|Tlahuelilpan|Santa Fe Garden
墨西哥|墨西哥州|特斯科科|	Mexico|Mexico|Tescoco|
墨西哥|莫雷洛斯州|库奥特拉|	Mexico|Morelos|Cuautla|
墨西哥|科阿韦拉州|托雷翁|	Mexico|Coahuila|Torreon|
墨西哥|伊达戈州|蒂萨尤卡|	Mexico|Idaho|Tijuca|
墨西哥|伊达戈州|帕丘卡|	Mexico|Idago|Pachuca|
墨西哥|哈利斯科州|圣奥古斯丁|	Mexico|Hidalgo|San Agustin|
墨西哥|米却肯州|莫雷利亚|	Mexico|Michoacan|Morelia|
墨西哥|米却肯州|锡塔夸罗|	Mexico|Michoacan|Sitacuaro|
墨西哥|墨西哥州|圣特雷莎|	Mexico|Mexico State|San Teresa|
墨西哥|伊达戈州|图兰辛戈|	Mexico|Guanajuato|Tlaxcalongo|
墨西哥|墨西哥州|科阿卡尔科德贝里奥萨瓦尔|	Mexico|Mexico State|Coacalco de Berriozábal|
墨西哥|哈利斯科州|特拉克帕克|	Mexico|Hidalgo|Tlaxcoapan|
墨西哥|韦拉克鲁斯州|波萨里卡|	Mexico|Veracruz|Posa Rica|
美国|新泽西州|博根|加菲尔德	United States|New Jersey|Bergen|Garfield
墨西哥|墨西哥州|拉巴斯|洛斯雷耶斯阿卡基尔潘	Mexico|Mexico State|Rabas|Los Reyes Acaquilpan
墨西哥|普埃布拉州|阿特利斯科|	Mexico|Puebla|Atlixco|
美国|乔治亚州|多尔蒂|奥尔巴尼	United States|Georgia|Tifton|Alapaha
墨西哥|金塔纳罗奥州|索利达丽达特|	Mexico|Quintana Roo|Solidaridad|
墨西哥|墨西哥州|特卡马卡|	Mexico|Mexico State|Tecámac|
墨西哥|韦拉克鲁斯州|马丁内斯德拉托雷|	Mexico|Veracruz|Martínez de la Torre|
墨西哥|墨西哥州|阿科尔曼|特佩潘	Mexico|Mexico State|Texcoco|CdA·I¿
美国|印第安纳州|克劳福德|英语	United States|Indiana|Cloverdale|English
墨西哥|普埃布拉州|圣马丁特斯梅卢坎|	Mexico|Puebla|San Martin Texmelucan|
墨西哥|锡那罗亚州|阿奥梅|洛斯莫奇斯	Mexico|Sinaloa|Ahome|Los Mochis
墨西哥|特拉斯卡拉州|恰腾邦|	Mexico|Tlaxcala|Ixtenco|
墨西哥|塔毛利帕斯州|坦皮科|	Mexico|Tamaulipas|Tampico|
墨西哥|恰帕斯州|塔帕丘拉|	Mexico|Chiapas|Tapachula|
墨西哥|墨西哥州|塔兰潘特拉|洛佩斯马特奥斯城	Mexico|Mexico|Tlalpan|López Mateos
美国|伊利诺伊州|库克|梅尔罗斯帕克	United States|Illinois|Cook|Melrose Park
墨西哥|莫雷洛斯州|休特佩克|	Mexico|Morelos|Huetpec|
墨西哥|普埃布拉州|阿莫佐克|	Mexico|Puebla|Amoxtoc|
美国|新泽西州|伯灵顿|威林伯勒镇区	United States|New Jersey|Burlington|Willingboro Township
美国|新泽西州|摩里斯|蒙特维尔	United States|New Jersey|Morris|Montville
美国|新泽西州|密德萨克斯|新不伦瑞克	United States|New Jersey|Middlesex|New Brunswick
美国|新泽西州|艾塞克斯|欧文顿	United States|New Jersey|Essex|Irvington
美国|新罕布什尔州|贝尔纳普县|拉科尼亚	United States|New Hampshire|Belknap|Laconia
墨西哥|塔巴斯科州|比亚埃尔莫萨|	Mexico|Tabasco|Villahermosa|
美国|宾夕法尼亚州|威斯特摩兰县|格林斯堡	United States|Pennsylvania|Westmoreland|Greensburg
墨西哥|哈利斯科州|巴亚尔塔港|	Mexico|Hidalgo|Pachuca|
墨西哥|瓦哈卡州|瓦哈卡|	Mexico|Chihuahua|Chihuahua|
墨西哥|格雷罗州|阿卡普尔科|	Mexico|Guerrero|Acapulco|
墨西哥|南下加利福尼亚州|拉巴斯|	Mexico|Baja California Sur|La Paz|
美国|马萨诸塞州|普利茅斯县|布罗克顿	United States|Massachusetts|Plymouth|Brockton
墨西哥|墨西哥州|查尔科山谷|	Mexico|Mexico State|Chalco Valley|
美国|纽约州|阿尔斯特|金斯顿	United States|New York|Alost|Kingston
美国|纽约州|拿骚|格伦科夫	USA|New York|Nassau|Glen Cove
墨西哥|新莱昂州|瓜达卢佩|	Mexico|Nuevo Leon|Guadalupe|
墨西哥|萨卡特卡斯州|瓜达卢佩|	Mexico|Sinaloa|Culiacan|
墨西哥|普埃布拉州|圣佩德罗乔卢拉|圣胡安库奥特兰辛戈	Mexico|Puebla|San Pedro Cholula|San Juan Cuautlancingo
墨西哥|韦拉克鲁斯州|夸察夸尔科斯|	Mexico|Veracruz|Coatzacoalcos|
墨西哥|墨西哥州|埃卡提佩|	Mexico|Mexico State|Ecatepec|
加拿大|安大略省|雷尼河|阿提科坎	Canada|Ontario|Rainy River|Atikokan
墨西哥|哈利斯科州|托纳拉|	Mexico|Hidalgo|Tonala|
美国|马里兰州|乔治王子|大学公园市	United States|Maryland|Prince George's|University Park
美国|乔治亚州|富尔顿|南富尔顿	United States|Georgia|Fulton|South Fulton
墨西哥|锡那罗亚州|马萨特兰|	Mexico|Sinaloa|Mazatlán|
美国|弗吉尼亚州|威廉王子县|戴尔市	United States|Virginia|Prince William|Dale City
美国|乔治亚州|科布|阿克沃思	United States|Georgia|Cobb|Acworth
墨西哥|墨西哥州|内萨瓦尔科约特尔城|	Mexico|Mexico State|Nezahualcóyotl City|
美国|乔治亚州|克莱顿|里弗代尔	United States|Georgia|Clayton|Riverdale
美国|亚拉巴马州|埃托瓦|加兹登	United States|Alabama|Etowah|Gadsden
墨西哥|锡那罗亚州|库利亚坎|	Mexico|Sinaloa|Culiacan|
墨西哥|新莱昂州|胡亚雷斯|	Mexico|Nuevo León|Huajuárez|
美国|乔治亚州|格威内特|达库拉	United States|Georgia|Gwinnett|Dacula
美国|马里兰州|乔治王子|大兰德沃	United States|Maryland|Upper Marlboro|Greater Landover
美国|阿肯色州|克雷格黑德|琼斯伯勒	United States|Arkansas|Craighead|Jonesboro
墨西哥|墨西哥州|库奥蒂特兰伊斯卡伊|	Mexico|Mexico State|Cuautitlan Izcalli|
美国|印第安纳州|瑞士|韦韦	United States|Indiana|Switzerland|Vevay
美国|北卡罗来纳州|亨德森|亨德森维尔	United States|North Carolina|Henderson|Hendersonville
美国|田纳西州|贝德福县|谢尔比维尔	United States|Tennessee|Bedford|Shelbyville
美国|北卡罗来纳州|拉瑟福|森林城市	United States|North Carolina|Las Vegas|Forest City
墨西哥|墨西哥州|梅特佩克|	Mexico|Mexico|Ecatepec|
墨西哥|墨西哥州|圣马特奥阿滕科|	Mexico|Mexico State|San Mateo Atenco|
美国|西弗吉尼亚州|汉考克县|切斯特	United States|Virginia|Hanover|Chester
墨西哥|墨西哥州|库奥蒂特兰|	Mexico|Mexico State|Cuautitlán|
美国|西弗吉尼亚州|卡诺瓦县|切萨皮克	United States|Virginia|Carroll County|Chesapeake Beach
美国|马里兰州|乔治王子|休特兰－银山	United States|Maryland|Prince George's|Holland–Silver Spring
墨西哥|瓦哈卡州|萨利纳克鲁斯|	Mexico|Chiapas|Salina Cruz|
墨西哥|普埃布拉州|乔卢拉|	Mexico|Puebla|Cholula|
墨西哥|墨西哥州|托卢卡|圣何塞瓜达卢佩	Mexico|Mexico State|Toluca|San José Guadalupe
墨西哥|瓜纳华托州|萨拉曼卡|	Mexico|Guanajuato|Salamanca|
墨西哥|墨西哥州|特卡马卡|奥霍德阿瓜	Mexico|Mexico| Tecámac|Ojo de Agua
墨西哥|伊达戈州|图拉|	Mexico|Idaho|Tula|
美国|乔治亚州|牛顿|社交圈	United States|Georgia|Newton|Social Circle
墨西哥|圣路易斯波托西州|索莱达德格拉西亚诺桑切斯|	Mexico|San Luis Potosi|Soledad de Graciano Sanchez|
墨西哥|墨西哥州|阿梅卡梅卡|查尔科·德·迪亚斯·科瓦卢比亚斯	Mexico|Mexico State|Amecameca|Chalco de Díaz Covarrubias
美国|弗吉尼亚州|费尔法克斯县|弗农山庄	United States|Virginia|Fairfax|Mount Vernon
墨西哥|墨西哥州|阿特拉科穆尔科|	Mexico|Mexico State|Atlacomulco|
墨西哥|墨西哥城|特拉尔潘区|圣米格尔阿胡斯科	Mexico|Mexico City|Tlalpan|San Miguel Ajusco
墨西哥|墨西哥州|奇马尔瓦坎|	Mexico|Mexico|Chimalhuacan|
德国|勃兰登堡州|上哈维尔县|奥拉宁堡	Germany|Brandenburg|Oberhavel|Oranienburg
墨西哥|瓜纳华托州|塞拉亚|	Mexico|Guanajuato|Celaya|
德国|巴登－符腾堡州|海尔布隆|	Germany|Baden-Württemberg|Heilbronn|
德国|巴登－符腾堡州|普福尔茨海姆|	Germany|Baden-Württemberg|Pforzheim|
德国|巴登－符腾堡州|勒拉赫|	Germany|Baden-Wuerttemberg|Leer|
德国|图林根州|翁斯特鲁特－海尼希县|沃格泰	Germany|Thuringia|Unstrut-Hainich-Kreis|Vogtei
德国|勃兰登堡州|乌克马克|施韦特	Germany|Brandenburg|Uckermark|Schwedt
德国|巴登－符腾堡州|卡尔斯鲁厄|	Germany|Baden-Württemberg|Karlsruhe|
墨西哥|韦拉克鲁斯州|科尔多瓦|	Mexico|Veracruz|Cordoba|
墨西哥|韦拉克鲁斯州|哈拉帕|	Mexico|Veracruz|Jalapa|
德国|巴登－符腾堡州|奥斯塔尔伯县|艾伦	Germany|Baden-Württemberg|Ostalbkreis|Aalen
德国|巴登－符腾堡州|伯布林根|黑伦贝格	Germany|Baden-Wuerttemberg|Böblingen|Herrenberg
德国|勃兰登堡州|巴尔尼姆县|柏林附近贝尔瑙	Germany|Brandenburg|Barnim|Bernau bei Berlin
墨西哥|墨西哥州|伊斯塔帕卢卡|	Mexico|Mexico|Ecatepec|
德国|巴登－符腾堡州|路德维希堡|比蒂格海姆－比辛根	Germany|Baden-Württemberg|Ludwigsburg|Bietigheim-Bissingen
德国|巴登－符腾堡州|卡尔斯鲁厄|布鲁赫萨尔	Germany|Baden-Württemberg|Karlsruhe|Bruchsal
德国|勃兰登堡州|波茨坦|	Germany|Brandenburg|Potsdam|
德国|巴登－符腾堡州|比伯拉赫|	Germany|Baden-Württemberg|Biberach|
德国|巴登－符腾堡州|内卡尔－奥登瓦尔德县|布肯	Germany|Baden-Württemberg|Odenwald|Buchen
德国|巴登－符腾堡州|巴登－巴登|	Germany|Baden-Württemberg|Baden-Baden|
德国|巴登－符腾堡州|斯图加特|施韦比施哈尔	Germany|Baden-Wurttemberg|Stuttgart|Schwieberdingen
德国|勃兰登堡州|波茨坦－米特尔马克县|韦尔德	Germany|Brandenburg|Potsdam-Mittelmark|Werder
德国|巴登－符腾堡州|博登湖县|腓特烈港	Germany|Baden-Wurttemberg|Bodensee|Konstanz
德国|勃兰登堡州|达梅－施普利瓦尔德县|柯尼希斯武斯特豪森	Germany|Brandenburg|Dahme-Spreewald|Königs Wusterhausen
德国|巴登－符腾堡州|佐勒纳尔布县|阿尔布施塔特	Germany|Baden-Wurttemberg|Zollernalb|Albstadt
德国|巴登－符腾堡州|斯图加特|魏布林根	Germany|Baden-Wurttemberg|Stuttgart|Weilheim
德国|巴登－符腾堡州|荷亨洛赫县|舍恩塔尔	Germany|Baden-Württemberg|Rhein-Neckar-Kreis|Sinsheim
德国|巴登－符腾堡州|埃门丁根|	Germany|Baden-Württemberg|Emmendingen|
德国|巴伐利亚州|阿沙芬堡|	Germany|Bavaria|Aschaffenburg|
德国|巴伐利亚州|慕尼黑|翁达赫治	Germany|Bavaria|Munich|Sendling
德国|巴伐利亚州|霍夫|	Germany|Bavaria|Hof|
德国|巴伐利亚州|安斯巴赫|	Germany|Bavaria|Ansbach|
德国|巴登－符腾堡州|奥斯塔尔伯县|施瓦本格明德	Germany|Baden-Württemberg|Ostalbkreis|Schwäbisch Gmünd
德国|巴伐利亚州|金茨堡|	Germany|Bavaria|Kempten|
德国|巴伐利亚州|埃尔兰根|	Germany|Bavaria|Erlangen|
德国|巴登－符腾堡州|卡尔斯鲁厄|辛斯海姆	Germany|Baden-Württemberg|Karlsruhe|Sinsheim
德国|巴登－符腾堡州|罗伊特林根|	Germany|Baden-Wurttemberg|Reutlingen|
德国|巴伐利亚州|代根多夫|	Germany|Bavaria|Deggendorf|
德国|巴登－符腾堡州|乌尔姆|	Germany|Baden-Württemberg|Ulm|
德国|巴伐利亚州|班贝格|	Germany|Bavaria|Bamberg|
德国|巴伐利亚州|达豪|	Germany|Bavaria|Dachau|
德国|巴登－符腾堡州|莱茵－内卡尔县|瓦尔多夫	Germany|Baden-Wurttemberg|Rhein-Neckar|Walldorf
德国|巴伐利亚州|施韦因富特|	Germany|Bavaria|Schweinfurt|
德国|巴伐利亚州|埃朗根－赫希施塔特县|黑措根奥拉赫	Germany|Bavaria|Erlangen-Höchstadt|Herzogenaurach
德国|巴登－符腾堡州|施瓦尔茨瓦尔德－巴尔县－菲林根-施文宁根|	Germany|Baden-Württemberg|Schwarzwald-Baar-Kreis|
德国|黑森州|卡塞尔|巴特赫斯费尔德	Germany|Hesse|Kassel|Bad Hersfeld
德国|巴伐利亚州|施特劳宾|	Germany|Bavaria|Straubing|
德国|巴伐利亚州|伊尔姆河畔普法芬霍芬|曼钦	Germany|Bavaria|Pfaffenhofen an der Ilm|Manching
德国|黑森州|吉森|	Germany|Hesse|Giessen|
德国|巴伐利亚州|罗森海姆|	Germany|Bavaria|Rosenheim|
德国|巴伐利亚州|英戈尔施塔特|	Germany|Bavaria|Ingolstadt|
德国|巴伐利亚州|梅明根|	Germany|Bavaria|Memmingen|
德国|巴伐利亚州|特劳恩施泰因|特劳恩罗伊特	Germany|Bavaria|Traunstein|Traunreut
德国|黑森州|霍赫陶努斯县|巴特洪堡前霍赫	Germany|Hesse|Hochtaunuskreis|Bad Homburg vor der Höhe
德国|黑森州|奥芬巴赫|兰根	Germany|Hesse|Offenbach|Langen
德国|黑森州|赫斯费尔德－罗滕堡县|巴特赫斯费尔德	Germany|Hesse|Landkreis Hersfeld-Rotenburg|Bad Hersfeld
德国|下萨克森州|埃姆登|	Germany|Lower Saxony|Emden|
德国|巴伐利亚州|兰茨胡特|	Germany|Bavaria|Landshut|
德国|巴伐利亚州|考夫博伊伦|	Germany|Bavaria|Kaufbeuren|
德国|巴伐利亚州|米尔多夫|	Germany|Bavaria|Mirldorf|
德国|巴伐利亚州|伊尔姆河畔普法芬霍芬|	Germany|Bavaria|Pfaffenhofen an der Ilm|
德国|巴伐利亚州|新乌尔姆|森登	Germany|Bavaria|Neu-Ulm|Senden
德国|巴伐利亚州|雷根斯堡|	Germany|Bavaria|Regensburg|
德国|下萨克森州|策勒|	Germany|Lower Saxony|Celle|
德国|下萨克森州|代尔门霍斯特|	Germany|Lower Saxony|Dormagen|
德国|下萨克森州|克洛彭堡|	Germany|Lower Saxony|Cloppenburg|
德国|北莱茵－威斯特法伦州|比勒费尔德|	Germany|North Rhine-Westphalia|Bielefeld|
德国|黑森州|奥芬巴赫|	Germany|Hesse|Offenbach|
德国|下萨克森州|费尔登|阿希姆	Germany|Lower Saxony|Fuerstenfeldbruck|Aichach
德国|北莱茵－威斯特法伦州|博特罗普|	Germany|North Rhine-Westphalia|Bottrop|
德国|黑森州|美因－陶努斯县|霍夫海姆	Germany|Hesse|Main-Taunus-Kreis|Hofheim am Taunus
德国|黑森州|美因－陶努斯县|伊德施泰因	Germany|Hesse|Main-Taunus-Kreis|Idstein
德国|黑森州|马尔堡－比登科普夫县|	Germany|Hesse|Marburg-Biedenkopf|
德国|北莱茵－威斯特法伦州|盖尔森基兴|	Germany|North Rhine-Westphalia|Gelsenkirchen|
德国|梅克伦堡－前波美拉尼亚州|格赖夫斯瓦尔德|格赖夫斯瓦尔德	Germany|Mecklenburg-Vorpommern|Greifswald|Greifswald
德国|黑森州|卡塞尔|	Germany|Hesse|Kassel|
德国|黑森州|富尔达|	Germany|Hessen|Fulda|
德国|北莱茵－威斯特法伦州|哈姆|	Germany|North Rhine-Westphalia|Hamm|
德国|北莱茵－威斯特法伦州|海因斯贝格|	Germany|North Rhine-Westphalia|Heinsberg|
德国|北莱茵－威斯特法伦州|哈根|	Germany|North Rhine-Westphalia|Hagen|
德国|梅克伦堡－前波美拉尼亚州|什未林|	Germany|Mecklenburg-Vorpommern|Schwerin|
德国|北莱茵－威斯特法伦州|奥伊斯基兴|	Germany|North Rhine-Westphalia|Oer-Erkenschwick|
德国|北莱茵－威斯特法伦州|黑尔福德|	Germany|North Rhine-Westphalia|Herford|
德国|北莱茵－威斯特法伦州|勒沃库森|	Germany|North Rhine-Westphalia|Leverkusen|
德国|北莱茵－威斯特法伦州|博尔肯|博霍尔特	Germany|North Rhine-Westphalia|Borken|Bocholt
德国|下萨克森州|施塔德|	Germany|Lower Saxony|Stade|
德国|下萨克森州|诺特海姆|艾因贝克	Germany|Lower Saxony|Northeim|Einbeck
德国|北莱茵－威斯特法伦州|上贝吉施县|古默斯巴赫	Germany|North Rhine-Westphalia|Oberbergischer Kreis|Gummersbach
德国|北莱茵－威斯特法伦州|梅基施县|吕登沙伊德	Germany|North Rhine-Westphalia|Märkischer Kreis|Lüdenscheid
德国|下萨克森州|奥斯纳布吕克|	Germany|Lower Saxony|Osnabrück|
德国|北莱茵－威斯特法伦州|韦瑟尔|坎普－林特福特	Germany|North Rhine-Westphalia|Wesel|Kamp-Lintfort
德国|北莱茵－威斯特法伦州|莱茵－锡格县|亨内夫	Germany|North Rhine-Westphalia|Rhein-Sieg|Hennef
德国|下萨克森州|戈斯拉尔|	Germany|Lower Saxony|Goslar|
德国|下萨克森州|奥尔登堡|	Germany|Lower Saxony|Oldenburg|
德国|下萨克森州|吕讷堡|	Germany|Saxony|Lüneburg|
德国|北莱茵－威斯特法伦州|施泰因富特|莱茵	Germany|North Rhine-Westphalia|Steinfurt|Rheine
德国|下萨克森州|黑尔姆施泰特|	Germany|Lower Saxony|Helmstedt|
德国|北莱茵－威斯特法伦州|佐林根|	Germany|North Rhine-Westphalia|Solingen|
德国|北莱茵－威斯特法伦州|莱茵－埃尔夫特县|克尔彭	Germany|North Rhine-Westphalia|Rhein-Erft-Kreis|Kerpen
德国|北莱茵－威斯特法伦州|伍珀塔尔|	Germany|North Rhine-Westphalia|Wuppertal|
德国|北莱茵－威斯特法伦州|居特斯洛|	Germany|North Rhine-Westphalia|Gütersloh|
德国|下萨克森州|汉诺威|鲁本山麓诺伊施塔特	Germany|Lower Saxony|Hanover|Rotenburg an der Wümme
德国|莱茵兰－普法尔茨州|科布伦茨|	Germany|Rhineland-Palatinate|Koblenz|
德国|下萨克森州|索尔陶－法林博斯特尔县|瓦尔斯罗德	Germany|Lower Saxony|Soltau-Fallingbostel|Walsrode
德国|莱茵兰－普法尔茨州|巴特克罗伊茨纳赫|	Germany|Rheinland-Pfalz|Bad Kreuznach|
德国|北莱茵－威斯特法伦州|莱茵－埃尔夫特县|许尔特	Germany|North Rhine-Westphalia|Rhein-Erft-Kreis|Hürth
德国|莱茵兰－普法尔茨州|凯撒斯劳滕|	Germany|Rhineland-Palatinate|Kaiserslautern|
德国|北莱茵－威斯特法伦州|霍赫绍尔县|阿恩斯贝格	Germany|North Rhine-Westphalia|Heinsdorf|Unsberg
德国|北莱茵－威斯特法伦州|莱茵－锡格县|特罗斯多夫	Germany|North Rhine-Westphalia|Rhein-Sieg|Troisdorf
德国|莱茵兰－普法尔茨州|阿尔蔡－沃尔姆斯县|阿尔蔡	Germany|Rhineland-Palatinate|Alzey-Worms|Alzey
德国|莱茵兰－普法尔茨州|新维德|	Germany|Rhineland-Palatinate|Neuwied|
德国|莱茵兰－普法尔茨州|诺伊施塔特|	Germany|Rhineland-Palatinate|Neustadt an der Weinstraße|
德国|莱茵兰－普法尔茨州|美因茨|	Germany|Rhineland-Palatinate|Mainz|
德国|北莱茵－威斯特法伦州|锡根－维特根施泰因县|锡根	Germany|North Rhine-Westphalia|Siegen-Wittgenstein|Siegen
德国|北莱茵－威斯特法伦州|雷克林豪森|马尔	Germany|North Rhine-Westphalia|Rheinisch-Bergischer Kreis|Marienhagen
德国|萨尔兰州|萨尔路易斯|	Germany|Saarland|Saarlouis|
德国|萨尔兰州|诺因基兴|	Germany|Saarland|Neunkirchen|
德国|石勒苏益格－荷尔斯泰因州|施托尔曼县|巴特奥尔德斯洛	Germany|Schleswig-Holstein|Stormarn|Bad Oldesloe
德国|莱茵兰－普法尔茨州|斯派尔|	Germany|Rhineland-Palatinate|Speyer|
德国|北莱茵－威斯特法伦州|帕德博恩|	Germany|North Rhine-Westphalia|Paderborn|
德国|萨尔兰州|萨尔布吕肯|	Germany|Saarland|Saarbrücken|
德国|莱茵兰－普法尔茨州|韦斯特瓦尔德县|蒙塔鲍尔	Germany|Rhineland-Palatinate|Westerwaldkreis|Montabaur
德国|北莱茵－威斯特法伦州|门兴格拉德巴赫|	Germany|North Rhine-Westphalia|Mönchengladbach|
德国|萨克森州|茨维考|	Germany|Saxony|Zwickau|
德国|萨克森州|矿山县|奥巴德施莱马	Germany|Saxony|Erzgebirgskreis|Oberwiesenthal
德国|北莱茵－威斯特法伦州|翁纳|吕嫩	Germany|North Rhine-Westphalia|Wuppertal|Lünen
德国|石勒苏益格－荷尔斯泰因州|塞格贝格县|诺德施泰特	Germany|Schleswig-Holstein|Segeberg|Norderstedt
德国|图林根州|北豪森|	Germany|Thuringia|Nordhausen|
德国|石勒苏益格－荷尔斯泰因州|施托尔曼县|阿伦斯堡	Germany|Schleswig-Holstein|Stormarn|Ahrensburg
德国|图林根州|伊尔姆县|伊尔梅瑙	Germany|Thuringia|Ilm|Ilmenau
德国|萨克森－安哈尔特州|德绍|	Germany|Saxony-Anhalt|Dessau|
德国|萨克森州|开姆尼茨|	Germany|Saxony|Chemnitz|
德国|石勒苏益格－荷尔斯泰因州|新明斯特|	Germany|Schleswig-Holstein|Neumünster|
德国|图林根州|格拉|	Germany|Thuringia|Gera|
德国|萨克森州|格尔利茨|	Germany|Saxony|Görlitz|
德国|萨克森－安哈尔特州|施滕达尔|	Germany|Saxony-Anhalt|Stendal|
奥地利|下奥地利州|图尔恩县|克洛斯特新堡	Austria|Lower Austria|Tulln|Klosterneuburg
比利时|弗拉芒大区|林堡省|哈瑟尔特区	Belgium|Flanders|Limburg|Hasselt
奥地利|福拉尔贝格州|多恩比恩县|	Austria|Vorarlberg|Dornbirn|
德国|萨克森州|包岑|拉德贝格	Germany|Saxony|Bautzen|Radibor
德国|图林根州|萨勒－霍尔茨兰县|赫姆斯多夫	Germany|Thuringia|Saale-Holzland|Hermsdorf
比利时|布鲁塞尔－首都大区|安德莱赫特|	Belgium|Brussels|Anderlecht|
德国|石勒苏益格－荷尔斯泰因州|劳恩堡县|吉斯塔赫特	Germany|Schleswig-Holstein|Rendsburg-Eckernförde|Kiel
奥地利|下奥地利州|圣珀尔滕乡村县|	Austria|Lower Austria|Sankt Pölten|
比利时|布鲁塞尔－首都大区|莫伦贝克-圣让|	Belgium|Brussels-Capital Region|Molenbeek-Saint-Jean|
德国|图林根州|埃尔福特|	Germany|Thuringia|Erfurt|
德国|萨克森－安哈尔特州|哈雷|	Germany|Saxony-Anhalt|Halle|
德国|萨克森州|福格特兰县|普劳恩	Germany|Saxony|Vogtlandkreis|Plauen
奥地利|蒂罗尔州|库夫施泰因县|	Austria|Tyrol|Kufstein|
奥地利|施蒂里亚州|格拉茨|	Austria|Styria|Graz|
奥地利|下奥地利州|维也纳新城|	Austria|Lower Austria|Wiener Neustadt|
比利时|弗拉芒大区|安特卫普省|蒂伦豪特区	Belgium|Flanders|Antwerp|Tielen-Hout
德国|萨克森－安哈尔特州|安哈特－比特费尔德县|科滕	Germany|Saxony-Anhalt|Anhalt-Bitterfeld|Köthen
奥地利|上奥地利州|施泰尔|	Austria|Upper Austria|Steyr|
奥地利|克恩顿州|克拉根福|	Austria|Carinthia|Klagenfurt|
比利时|弗拉芒大区|安特卫普省|梅赫伦区	Belgium|Flemish Region|Antwerp|Mechelen
奥地利|蒂罗尔州|因斯布鲁克|	Austria|Tyrol|Innsbruck|
比利时|瓦隆大区|埃诺省|沙勒罗瓦区	Belgium|Wallonia|Hainaut|Charleroi
比利时|弗拉芒大区|东佛兰德省|圣尼克拉斯区	Belgium|Flanders|East Flanders|Sint-Niklaas
奥地利|施蒂里亚州|利岑县|施拉德明	Austria|Styria|Leibnitz|Straßgang
瑞士|圣加伦州|圣加仑|	Switzerland|St. Gallen|St. Gallen|
比利时|瓦隆大区|列日省|韦尔维耶区	Belgium|Wallonia|Liege|Verviers
比利时|弗拉芒大区|东佛兰德省|阿尔斯特区	Belgium|Flemish Region|East Flanders|Aalst
瑞士|提契诺州|贝林佐纳|朱比亚斯科	Switzerland|Ticino|Bellinzona|Giubiasco
瑞士|圣加伦州|维尔|	Switzerland|Valais|Veyras|
奥地利|上奥地利州|弗克拉布鲁克县|	Austria|Upper Austria|Vocklabruck|
比利时|瓦隆大区|埃诺省|拉卢维耶尔区	Belgium|Wallonia|Hainaut|La Louviere
比利时|瓦隆大区|卢森堡省|马尔什昂法梅讷区	Belgium|Wallonia|Luxembourg|Marche-en-Famenne
奥地利|下奥地利州|莱塔河畔布鲁克县|施韦夏特	Austria|Lower Austria|Bruck an der Leitha|Schwechat
比利时|弗拉芒大区|西佛兰德省|科特赖克区	Belgium|Flanders|West Flanders|Kortrijk
比利时|瓦隆大区|那慕尔省|那慕尔区	Belgium|Wallonia|Namur|Namur
瑞士|弗里堡州||	Switzerland|Fribourg||
瑞士|圣加伦州|希加斯特|拉珀斯维尔－乔纳	Switzerland|Saint Gallen|Haggens|Rapperswil-Jona
瑞士|卢塞恩州|霍赫多夫|埃门	Switzerland|Lucerne|Horw|Emmen
美国|亚利桑那州|亚瓦派|普雷斯科特	United States|Arizona|Yavapai|Prescott
瑞士|伯尔尼州|博洛丁根区|朗根塔尔	Switzerland|Bern|Burgdorf|Langenthal
美国|阿拉斯加州|阿留申西|乌纳拉斯卡	United States|Alaska|Anchorage|Unalaska
丹麦|首都大区|灵比－托拜克|灵比	Denmark|Capital Region|Lyngby-Taarbæk|Lyngby
比利时|弗拉芒大区|西佛兰德省|鲁瑟拉勒区	Belgium|Flemish Region|West Flanders|Ruiselede
丹麦|中日德兰大区|奥胡斯|	Denmark|Central Jutland Region|Aarhus|
美国|加利福尼亚州|蒙特雷|萨利纳斯	United States|California|Monterey|Salinas
美国|亚利桑那州|皮纳尔|桑坦谷	United States|Arizona|Pinal|Santancito
丹麦|北日德兰大区|奥尔堡|	Denmark|North Jutland|Aalborg|
瑞士|瓦莱州|锡永|	Switzerland|Valais|Sion|
瑞士|提契诺州|卢加诺|	Switzerland|Ticino|Lugano|
瑞士|阿尔高州|阿劳|	Switzerland|Aargau|Aarau|
丹麦|南丹麦大区|欧登塞|	Denmark|Region of Southern Denmark|Odense|
美国|加利福尼亚州|洛杉矶|东洛杉矶	United States|California|Los Angeles|East Los Angeles
美国|犹他州|华盛顿|圣乔治	United States|Utah|Washington|St. George
丹麦|南丹麦大区|埃斯比约|	Denmark|Southern Denmark|Esbjerg|
加拿大|育空地区|育空|白马市	Canada|Yukon Territory|Yukon|Whitehorse
美国|加利福尼亚州|洛杉矶|南门	United States|California|Los Angeles|South Gate
瑞士|沃州|沃州|伊韦尔东莱班	Switzerland|Vaud|Vaud|Yverdon-les-Bains
丹麦|中日德兰大区|锡尔克堡|	Denmark|Region Syddanmark|Silkeborg|
美国|加利福尼亚州|洛杉矶|唐尼	United States|California|Los Angeles|Toni
瑞士|苏黎世州|迪尔斯多夫区|下韦宁根	Switzerland|Solothurn|Delsberg District|Unterwergen
丹麦|中日德兰大区|奥胡斯|维比	Denmark|Central Jutland|Aarhus|Viby
美国|加利福尼亚州|圣马特奥|戴利城	United States|California|San Mateo|Daly City
美国|加利福尼亚州|萨克拉门托|佛森	United States|California|Sacramento|Folsom
瑞士|苏黎世州|比拉赫区|瓦利塞伦	Switzerland|Solothurn|Biel/Bienne|Valaisan
美国|加利福尼亚州|圣贝纳迪诺|奇诺	United States|California|San Bernardino|Chino
德国|巴伐利亚州|帕绍|	Germany|Bavaria|Passau|
德国|巴伐利亚州|艾希施泰特|	Germany|Bavaria|Eichstätt|
德国|巴伐利亚州|加米施－帕滕基兴|	Germany|Bavaria|Garmisch-Partenkirchen|
美国|加利福尼亚州|圣巴巴拉|圣玛丽亚	United States|California|Santa Barbara|Santa Maria
德国|巴伐利亚州|施瓦巴赫|	Germany|Bavaria|Swabia|
墨西哥|新莱昂州|圣卡塔琳娜|	Mexico|Nuevo León|Santa Catarina|
墨西哥|特拉斯卡拉州|阿皮萨科|	Mexico|Tlaxcala|Apizaco|
美国|加利福尼亚州|图莱里|维塞利亚	United States|California|Tulare|Visalia
德国|巴登－符腾堡州|内卡河畔埃斯林根|	Germany|Baden-Württemberg|Esslingen am Neckar|
德国|巴伐利亚州|诺伊马克特|	Germany|Bavaria|Nordheim|
德国|勃兰登堡州|特尔托－弗莱明县|布兰肯费尔德－马洛	Germany|Brandenburg|Teltow-Fläming|Blankenfelde-Mahlow
美国|加利福尼亚州|圣贝纳迪诺|维克多维尔	United States|California|San Bernardino|Victorville
德国|巴伐利亚州|埃伯斯贝格|瓦特斯特滕	Germany|Bavaria|Erlangen|Wassertrüdingen
德国|巴伐利亚州|罗森海姆|坏艾布林	Germany|Bavaria|Rosenheim|Bad Aibling
德国|巴登－符腾堡州|弗赖堡|	Germany|Baden-Württemberg|Freiburg|
德国|巴伐利亚州|拜罗伊特|	Germany|Bavaria|Bayreuth|
美国|华盛顿州|皮尔斯|法夫	United States|Washington|Pierce|Puyallup
墨西哥|恰帕斯州|图斯特拉古铁雷斯|	Mexico|Chiapas|Tuxtla Gutierrez|
墨西哥|索诺拉州|诺加莱斯|	Mexico|Sonora|Nogales|
德国|巴登－符腾堡州|路德维希堡|	Germany|Baden-Württemberg|Ludwigsburg|
德国|不来梅州|不来梅哈芬|	Germany|Bremen|Bremerhaven|
德国|北莱茵－威斯特法伦州|克雷费尔德|	Germany|North Rhine-Westphalia|Krefeld|
德国|巴伐利亚州|肯普滕|	Germany|Bavaria|Kempten|
德国|黑森州|瓦尔德克－弗兰肯贝格县|科尔巴赫	Germany|Baden-Württemberg|Waldshut|Küssaberg
德国|下萨克森州|本特海姆县|诺德霍恩	Germany|Lower Saxony|Bentheim|Nordhorn
德国|梅克伦堡－前波美拉尼亚州|梅克倫堡－前波美拉尼亞|新勃兰登堡	Germany|Mecklenburg-Vorpommern|Mecklenburg-Vorpommern|Neubrandenburg
德国|北莱茵－威斯特法伦州|黑尔福德|邦德	Germany|North Rhine-Westphalia|Herford|Bünde
德国|北莱茵－威斯特法伦州|翁纳|	Germany|North Rhine-Westphalia|Wuppertal|
德国|巴伐利亚州|菲斯滕费尔德布鲁克|盖默林	Germany|Bavaria|Fuerstenfeldbruck|Gaimering
德国|梅克伦堡－前波美拉尼亚州|罗斯托克|	Germany|Mecklenburg-Vorpommern|Rostock|
德国|北莱茵－威斯特法伦州|明登－吕贝克县|明登	Germany|North Rhine-Westphalia|Minden-Lübbecke|Minden
德国|下萨克森州|哈默尔恩－皮尔蒙特县|哈梅林	Germany|Lower Saxony|Hameln-Pyrmont|Hameln
德国|下萨克森州|哈尔堡|耶斯特堡	Germany|Lower Saxony|Halle|Jesterburg
德国|莱茵兰－普法尔茨州|迈恩－科布伦茨县|迈恩	Germany|Rhineland-Palatinate|Mayen-Koblenz|Mayen
德国|图林根州|哥达|	Germany|Thuringia|Gotha|
德国|莱茵兰－普法尔茨州|沃尔姆斯|	Germany|Rhineland-Palatinate|Worms|
德国|萨克森州|迈森|里萨	Germany|Saxony|Meissen|Riesa
奥地利|下奥地利州|巴登县|维也纳附近巴登	Austria|Lower Austria|Baden|Baden bei Wien
德国|巴伐利亚州|魏登|	Germany|Bavaria|Weiden|
西班牙|纳瓦拉自治区|纳瓦拉|潘普洛纳	Spain|Navarre|Navarre|Pamplona
西班牙|马德里自治区|马德里|托雷洪－德阿尔多斯	Spain|Community of Madrid|Madrid|Torrejón de Ardoz
西班牙|马德里自治区|马德里|帕尔拉	Spain|Madrid|Madrid|Parla
法国|新阿基坦|滨海夏朗德|桑特	France|Nouvelle-Aquitaine|Charente-Maritime|Sainte
西班牙|加泰罗尼亚自治区|巴塞罗纳省|巴达洛纳	Spain|Catalonia|Barcelona|Badalona
西班牙|安达卢西亚自治区|韦尔瓦省|韦尔瓦	Spain|Andalusia|Huelva|Huelva
日本|宫城县|名取市|	Japan|Miyagi|Natori|
瑞士|日内瓦州|兰西|	Switzerland|Geneva|Lancy|
德国|石勒苏益格－荷尔斯泰因州|吕贝克|	Germany|Schleswig-Holstein|Lübeck|
丹麦|西兰大区|罗斯基勒|	Denmark|Zealand|Roskilde|
法国|新阿基坦|多尔多涅|佩里格	France|Nouvelle-Aquitaine|Dordogne|Périgueux
法国|新阿基坦|滨海夏朗德|罗什福尔	France|Nouvelle-Aquitaine|Charente-Maritime|Rochefort
奥地利|下奥地利州|默德灵县|	Austria|Lower Austria|Mödling|
日本|岐阜县|岐阜市|	Japan|Gifu|Gifu|
芬兰|屈米河谷区|科沃拉次区|科沃拉	Finland|Kymenlaakso|Kouvola|Kouvola
芬兰|北博滕区|奥卢次区|奥卢	Finland|Pohjois-Pohjanmaa|Oulu|Oulu
比利时|瓦隆大区|卢森堡省|阿尔隆区	Belgium|Wallonia|Luxembourg|Arlon
西班牙|坎塔布里亚自治区|坎塔布里亚|桑坦德	Spain|Cantabria|Cantabria|Santander
法国|勃艮第－弗朗什－孔泰|科多尔|博讷	France|Bourgogne-Franche-Comte|Cote-d'Or|Beaune
西班牙|卡斯蒂利亚－拉曼恰自治区|阿尔瓦塞特省|阿尔瓦塞特	Spain|Castile-La Mancha|Albacete|Albacete
德国|石勒苏益格－荷尔斯泰因州|平讷贝格|埃尔姆斯霍恩	Germany|Schleswig-Holstein|Pinneberg|Elmshorn
法国|新阿基坦|科雷兹|布里夫拉盖亚尔德	France|Nouvelle-Aquitaine|Creuse|Bourganeuf
德国|石勒苏益格－荷尔斯泰因州|迪特马申|海德	Germany|Schleswig-Holstein|Dithmarschen|Heide
西班牙|卡斯蒂利亚－拉曼恰自治区|托莱多省|托莱多	Spain|Castile-La Mancha|Toledo|Toledo
法国|奥弗涅－罗讷－阿尔卑斯|阿尔代什|罗讷河畔图尔农	France|Auvergne-Rhône-Alpes|Ardèche|Tournon-sur-Rhône
法国|新阿基坦|克勒兹|盖雷	France|Nouvelle-Aquitaine|Creuse|Guéret
澳大利亚|新南威尔士州|伊拉瓦拉|肖尔黑文市	Australia|New South Wales|Illawarra|Shellharbour
澳大利亚|昆士兰州|北部|汤斯维尔	Australia|Queensland|Northern|Townsville
日本|东京都|葛饰区|	Japan|Tokyo|Katsushika|
日本|群马县|高崎市|	Japan|Gunma|Takasaki|
澳大利亚|昆士兰州|东南部|阳光海岸	Australia|Queensland|Southeastern|Sunshine Coast
澳大利亚|新南威尔士州|北中海岸|科夫斯港	Australia|New South Wales|Central Coast|Kingscliff
韩国|京畿道|安养市|	South Korea|Gyeonggi|Anseong|
澳大利亚|塔斯马尼亚州|朗塞斯顿地区|朗塞斯顿	Australia|Tasmania|Launceston Region|Launceston
澳大利亚|北领地|达尔文地区|达尔文	Australia|Northern Territory|Darwin Region|Darwin
澳大利亚|新南威尔士州|里士满堤维德|堤维德	Australia|New South Wales|Richmond-Tweed|Tweed
日本|爱知县|濑户市|	Japan|Aichi|Seto|
日本|静冈县|挂川市|	Japan|Shizuoka|Kakegawa|
日本|北海道|旭川市|	Japan|Hokkaido|Asahikawa|
澳大利亚|昆士兰州|北部|麦凯	Australia|Queensland|Northern District|Mackay
日本|熊本县|合志市|	Japan|Kumamoto|Koshi|
澳大利亚|维多利亚州|墨尔本大都会区|卡迪尼亚	Australia|Victoria|Melbourne|Cardinia
韩国|蔚山广域市||	South Korea|Ulsan Metropolitan City||
澳大利亚|西澳大利亚州|西南区|班伯利	Australia|Western Australia|South West|Bunbury
韩国|京畿道|光明市|	South Korea|Gyeonggi|Gwangmyeong|
日本|滋贺县|彦根市|	Japan|Shiga|Hikone|
澳大利亚|维多利亚州|墨尔本大都会区|休姆市	Australia|Victoria|Melbourne Metropolitan Area|Shepparton
韩国|京畿道|南杨州市|	South Korea|Gyeonggi|Namyangju|
韩国|京畿道|华城市|	South Korea|Gyeonggi|Hwaseong|
韩国|京畿道|广州|	South Korea|Gyeonggi|Gwangju|
韩国|京畿道|军浦市|	South Korea|Gyeonggi|Paju|
澳大利亚|昆士兰州|宽湾－伯内特|福瑞沙海岸区	Australia|Queensland|Wide Bay-Burnett|Fraser Coast
韩国|京畿道|九里市|	South Korea|Gyeonggi|Guri|
澳大利亚|维多利亚州|洛登－马利地区|大本第哥市	Australia|Victoria|Loddon-Mallee|Greater Bendigo
澳大利亚|维多利亚州|格兰屏山区|巴拉瑞特	Australia|Victoria|Greater Geelong|Barwon Heads
韩国|京畿道|乌山市|	South Korea|Gyeonggi|Ulsan|
韩国|京畿道|安城市|	South Korea|Gyeonggi Province|Anseong|
韩国|京畿道|安山市|	South Korea|Gyeonggi|Ansan|
韩国|大田广域市||	South Korea|Daejeon||
澳大利亚|西澳大利亚州|皮尔区|曼杜拉	Australia|Western Australia|Peel|Mandurah
澳大利亚|西澳大利亚州|金矿－斯佩兰斯区|卡尔古利	Australia|Western Australia|Kalgoorlie-Boulder|
韩国|江原道|原州市|	South Korea|Gangwon|Wonju|
韩国|忠清北道|堤川市|	South Korea|Chungcheongbuk-do|Jecheon|
韩国|京畿道|金浦市|	South Korea|Gyeonggi|Gimpo|
韩国|忠清南道|瑞山市|	South Korea|South Chungcheong|Seosan|
韩国|忠清南道|牙山市|	South Korea|South Chungcheong|Asan|
中国|台湾|彰化|田中镇	China|Taiwan|Changhua|Tianzhong
中国|台湾|彰化|彰化市	China|Taiwan|Changhua|Changhua
韩国|全罗南道|木浦市|	South Korea|South Jeolla|Mokpo|
韩国|忠清南道|天安市|	South Korea|Chungcheongnam-do|Cheonan|
韩国|全罗南道|顺天市|	South Korea|Jeollanam-do|Suncheon|
韩国|忠清北道|清州市|	South Korea|North Chungcheong|Cheongju|
韩国|京畿道|利川市|	South Korea|Gyeonggi|Icheon|
韩国|庆尚南道|密阳市|	South Korea|Gyeongsangnam-do|Milyang|
韩国|京畿道|杨州市|	Korea|Gyeonggi|Yangju|
韩国|京畿道|义王市|	South Korea|Gyeonggi|Uiwang|
韩国|庆尚北道|浦项市|	South Korea|North Chungcheong|Pyeongtaek|
韩国|庆尚南道|金海市|	South Korea|South Chungcheong|Gimhae|
中国|台湾|新竹|竹北市	China|Taiwan|Hsinchu|Zhubei
韩国|全罗北道|茂朱郡|	South Korea|Jeollabuk-do|Muju-gun|
韩国|全罗北道|井邑市|	South Korea|North Jeolla|Iksan|
韩国|京畿道|平泽市|	South Korea|Gyeonggi|Pyeongtaek|
韩国|庆尚南道|咸安郡|	South Korea|Chungcheongnam-do|Asan|
韩国|济州特别自治道|济州市|	South Korea|Jeju|Jeju|
韩国|京畿道|高阳市|	South Korea|Gyeonggi|Goyang|
韩国|京畿道|城南市|	South Korea|Gyeonggi|Seongnam|
中国|台湾|彰化|员林市	China|Taiwan|Changhua|Yuanlin
韩国|庆尚北道|金泉市|	South Korea|Gyeongsangbuk-do|Gimcheon|
中国|台湾|嘉义|民雄乡	China|Taiwan|Chiayi|Minxiong Township
韩国|庆尚北道|安东市|	South Korea|Gyeongsangbuk-do|Andong|
韩国|庆尚北道|庆山市|	South Korea|North Chungcheong|Chungju|
中国|台湾|宜兰|宜兰市	China|Taiwan|Yilan|Yilan
中国|台湾|基隆|安乐区	China|Taiwan|Keelung|Anle
中国|台湾|澎湖|马公市	China|Taiwan|Penghu|Magong
中国|台湾|高雄|左营区	China|Taiwan|Kaohsiung|Zuoying
中国|台湾|嘉义|太保市	China|Taiwan|Chiayi|Taibao
中国|台湾|嘉义|西区	China|Taiwan|Chiayi|West District
中国|台湾|苗栗|竹南镇	China|Taiwan|Miaoli|Zhunan
中国|台湾|彰化|溪湖镇	China|Taiwan|Changhua|Xihu
中国|台湾|新竹|湖口乡	China|Taiwan|Hsinchu|Hukou
中国|台湾|苗栗|苗栗市	China|Taiwan|Miaoli|Miaoli
中国|台湾|桃园|八德区	China|Taiwan|Taoyuan|Bade District
中国|台湾|南投|草屯镇	China|Taiwan|Nantou|Caotun
中国|台湾|桃园|桃园区	China|Taiwan|Taoyuan|Taoyuan
中国|台湾|高雄|凤山区	China|Taiwan|Kaohsiung|Fengshan
中国|台湾|桃园|芦竹区	China|Taiwan|Taoyuan|Luzhu
中国|台湾|高雄|仁武区	China|Taiwan|Kaohsiung|Renwu District
中国|台湾|高雄|燕巢区	China|Taiwan|Kaohsiung|Yanchao
中国|台湾|新竹|东区	China|Taiwan|Hsinchu|East
中国|台湾|高雄|楠梓区	China|Taiwan|Kaohsiung|Nanzih District
中国|台湾|高雄|大寮区	China|Taiwan|Kaohsiung|Daliao District
中国|台湾|台南|新营区	China|Taiwan|Tainan|Xinying
中国|台湾|桃园|龟山区	China|Taiwan|Taoyuan|Guishan
中国|台湾|台南|安南区	China|Taiwan|Tainan|Annan
中国|台湾|花莲|花莲市	China|Taiwan|Hualien|Hualien
中国|台湾|台北|中正区	China|Taiwan|Taipei|Zhongzheng
中国|台湾|南投|南投市	China|Taiwan|Nantou|Nantou
中国|台湾|高雄|三民区	China|Taiwan|Kaohsiung|Sanmin
中国|台湾|桃园|中坜区	China|Taiwan|Taoyuan|Zhongli
西班牙|加泰罗尼亚自治区|巴塞罗纳省|卡斯特尔德费尔斯	Spain|Catalonia|Barcelona|Castelldefels
芬兰|中芬兰区|于韦斯屈莱次区|于韦斯屈莱	Finland|Central Finland|Jyväskylä|Jyväskylä
中国|台湾|新北|三峡区	China|Taiwan|New Taipei|Sanxia
法国|大东部|阿登|沙勒维尔－梅济耶尔	France|Grand Est|Aden|Charleville-Mézières
西班牙|马德里自治区|马德里|赫塔费	Spain|Madrid|Madrid|Getafe
中国|台湾|台北|北投区	China|Taiwan|Taipei|Beitou
中国|台湾|台北|大安区	China|Taiwan|Taipei|Da'an
中国|台湾|台北|士林区	China|Taiwan|Taipei|Shilin
中国|台湾|台北|大同区	China|Taiwan|Taipei|Datong
法国|奥弗涅－罗讷－阿尔卑斯|德龙|尼永	France|Auvergne-Rhône-Alpes|Drôme|Nyons
中国|台湾|台北|松山区	China|Taiwan|Taipei|Songshan District
法国|大东部|马恩|埃佩尔奈	France|Grand Est|Marne|Épernay
法国|中央－卢瓦尔河谷|安德尔|沙托鲁	France|Centre-Val de Loire|Indre|Chateauroux
西班牙|马德里自治区|马德里|莫斯托莱斯	Spain|Madrid|Madrid|Mostoles
法国|奥弗涅－罗讷－阿尔卑斯|多姆山|克莱蒙费朗	France|Auvergne-Rhône-Alpes|Domarin|Clermont-Ferrand
丹麦|西兰大区|斯劳厄尔瑟|	Denmark|Zealand|Slagelse|
法国|诺曼底|滨海塞纳|勒阿弗尔	France|Normandy|Seine-Maritime|Le Havre
法国|奥弗涅－罗讷－阿尔卑斯|多姆山|伊苏瓦尔	France|Auvergne-Rhône-Alpes|Dôme|Yssingeaux
芬兰|西南芬兰区|图尔库次区|图尔库	Finland|Southwest Finland|Turku sub-region|Turku
法国|新阿基坦|比利牛斯－大西洋|巴约讷	France|Nouvelle-Aquitaine|Nouvelle-Aquitaine|Bayonne
法国|中央－卢瓦尔河谷|卢瓦－谢尔|布卢瓦	France|Centre-Val de Loire|Loir-et-Cher|Blois
法国|大东部|摩泽尔|泰昂维	France|Grand Est|Moselle|Thionville
法国|勃艮第－弗朗什－孔泰|索恩－卢瓦尔|奥坦	France|Bourgogne-Franche-Comté|Saône-et-Loire|Autun
法国|诺曼底|芒什|瑟堡	France|Normandy|Manche|Cherbourg
日本|福冈县|饭冢市|	Japan|Fukuoka|Iizuka|
法国|奥弗涅－罗讷－阿尔卑斯|萨瓦|尚贝里	France|Auvergne-Rhône-Alpes|Savoie|Chambéry
法国|诺曼底|奥恩|阿让唐	France|Normandy|Eure|Alençon
法国|奥弗涅－罗讷－阿尔卑斯|卢瓦尔|罗阿讷	France|Auvergne-Rhône-Alpes|Lyon|Roanne
法国|卢瓦尔河地区|曼恩－卢瓦尔|索米尔	France|Loire Valley|Maine-et-Loire|Saumur
西班牙|马德里自治区|马德里|科利亚多－比利亚尔瓦	Spain|Community of Madrid|Madrid|Collado Villalba
法国|新阿基坦|洛特－加龙|马尔芒德	France|Nouvelle-Aquitaine|Lot-et-Garonne|Marmande
法国|奥弗涅－罗讷－阿尔卑斯|伊泽尔|维埃纳	France|Auvergne-Rhône-Alpes|Isère|Vienne
法国|大东部|孚日|埃皮纳勒	France|Grand Est|Épernay|Épinal
澳大利亚|新南威尔士州|大悉尼|卡姆登	Australia|New South Wales|Sydney|Camden
澳大利亚|新南威尔士州|大悉尼|中央海岸	Australia|New South Wales|Sydney|Central Coast
澳大利亚|南澳大利亚州|阿德莱德都会区|高勒镇	Australia|South Australia|Adelaide|Gawler
澳大利亚|新南威尔士州|西北地区|达博	Australia|New South Wales|North West Region|Dubbo
澳大利亚|新南威尔士州|猎人地区|塞斯诺克	Australia|New South Wales|Hunter Region|Cessnock
法国|奥弗涅－罗讷－阿尔卑斯|阿列|维希	France|Auvergne-Rhône-Alpes|Alier|Vichy
法国|奥弗涅－罗讷－阿尔卑斯|罗讷|索恩河畔自由城	France|Auvergne-Rhone-Alpes|Lyon|Villeurbanne
澳大利亚|新南威尔士州|北中海岸|麦格理港－哈斯丁	Australia|New South Wales|Northern Beaches|Maggies Island-Hastings
法国|卢瓦尔河地区|旺代|永河畔拉罗什	France|Loire Valley|Cholet|Puy Saint-Bonnet
法国|勃艮第－弗朗什－孔泰|贝尔福地区|贝尔福	France|Bourgogne-Franche-Comté|Belfort Area|Belfort
韩国|京畿道|坡州市|	South Korea|Gyeonggi|Paju|
法国|法兰西岛|上塞纳|安东尼	France|Franche-Comte|Haute-Saone|Antony
法国|诺曼底|滨海塞纳|迪耶普	France|Normandie|Seine-Maritime|Dieppe
日本|北海道|苫小牧市|	Japan|Hokkaido|Otaru|
日本|宫崎县|宫崎市|	Japan|Miyazaki|Miyazaki|
日本|千叶县|流山市|	Japan|Chiba|Nagareyama|
澳大利亚|维多利亚州|休姆地区|沃东加	Australia|Victoria|Hume|Wodonga
澳大利亚|昆士兰州|东南部|洛根	Australia|Queensland|Darling Downs|Logan
韩国|京畿道|议政府市|	South Korea|Gyeonggi|Uijeongbu|
法国|法兰西岛|瓦兹河谷|萨塞勒	France|Franche-Comté|Val d'Oise|Sarcelles
韩国|全罗北道|益山市|	South Korea|Jeollabuk-do|Iksan|
法国|法兰西岛|塞纳－马恩|莫	France|Franche-Comte|Saint-Yan|Maubeuge
中国|台湾|桃园|平镇区	China|Taiwan|Taoyuan|Pingzhen District
韩国|大邱广域市||	South Korea|Daegu||
韩国|忠清北道|忠州市|	Korea|Chungcheongbuk|Chungju|
中国|台湾|苗栗|三义乡	China|Taiwan|Miaoli|Sanyi Township
中国|台湾|新北|土城区	China|Taiwan|New Taipei|Tucheng
中国|台湾|台南|仁德区	China|Taiwan|Tainan|Rende
韩国|忠清南道|公州市|	Korea|Chungcheongnam-do|Gongju|
中国|台湾|桃园|龙潭区	China|Taiwan|Taoyuan|Longtan
中国|台湾|新北|新庄区	China|Taiwan|New Taipei|Xinzhuang
法国|奥弗涅－罗讷－阿尔卑斯|上萨瓦|圣朱利安昂日内瓦	France|Auvergne-Rhône-Alpes|Haute-Savoie|Saint-Julien-en-Genevois
中国|台湾|台北|中山区	China|Taiwan|Taipei|Zhongshan
韩国|京畿道|始兴市|	South Korea|Gyeonggi|Siheung|
中国|台湾|台南|善化区	China|Taiwan|Tainan|Shanhua
中国|台湾|新北|新店区	China|Taiwan|New Taipei|Xindian
中国|台湾|台南|永康区	China|Taiwan|Tainan|Yongkang
中国|台湾|嘉义|中埔乡	China|Taiwan|Chiayi|Zhongpu Township
韩国|仁川广域市||	South Korea|Incheon||
中国|台湾|台中|西屯区	China|Taiwan|Taichung|Xitun
美国|犹他州|犹他|老鹰山	United States|Utah|Utah|Eagle Mountain
法国|布列塔尼|菲尼斯泰尔|布雷斯特	France|Brittany|Finistère|Brest
澳大利亚|昆士兰州|达令唐斯|图文巴	Australia|Queensland|Darling|Toowoomba
中国|台湾|台中|太平区	China|Taiwan|Taichung|Taiping
中国|台湾|台中|南屯区	China|Taiwan|Taichung|Nantun District
法国|布列塔尼|伊勒－维莱讷|勒东	France|Brittany|Ille-et-Vilaine|Le Rheu
中国|台湾|台中|大甲区	China|Taiwan|Taichung|Dajia
中国|台湾|台东|台东市	China|Taiwan|Taitung|Taitung City
中国|台湾|新北|永和区	China|Taiwan|New Taipei|Yonghe
中国|台湾|台中|丰原区	China|Taiwan|Taichung|Fengyuan
中国|台湾|台中|大雅区	China|Taiwan|Taichung|Daya
中国|台湾|台中|沙鹿区	China|Taiwan|Taichung|Shalu
中国|台湾|新北|汐止区	China|Taiwan|New Taipei|Xizhi
中国|台湾|台中|西区	China|Taiwan|Taichung|West District
中国|台湾|台中|北屯区	China|Taiwan|Taichung|Beitun
法国|新阿基坦|洛特－加龙|阿让	France|Nouvelle-Aquitaine|Lot-et-Garonne|Agen
法国|布列塔尼|伊勒－维莱讷|圣马洛	France|Brittany|Ille-et-Vilaine|Saint-Malo
法国|大东部|默尔特－摩泽尔|图勒	France|Grand Est|Metz-Moselle|Toul
中国|台湾|云林|斗六市	China|Taiwan|Yunlin|Douliu
法国|布列塔尼|莫尔比昂|洛里昂	France|Bretagne|Morbiant|Lorient
法国|卢瓦尔河地区|曼恩－卢瓦尔|瑟格雷区	France|Loire Valley|Maine-et-Loire|Saumur
法国|奥弗涅－罗讷－阿尔卑斯|卢瓦尔|蒙布里松	France|Auvergne-Rhône-Alpes|Lyon|Montgolfier
法国|诺曼底|奥恩|阿朗松	France|Normandy|Eure|Alençon
法国|勃艮第－弗朗什－孔泰|上索恩|沃苏勒	France|Bourgogne-Franche-Comté|Haute-Saône|Vesoul
法国|中央－卢瓦尔河谷|卢瓦雷|皮蒂维耶	France|Centre-Val de Loire|Loiret|Pithiviers
法国|中央－卢瓦尔河谷|安德尔－卢瓦尔|洛什	France|Centre-Val de Loire|Indre-et-Loire|Loches
美国|犹他州|戴维斯|雷顿	United States|Utah|Davis|Layton
法国|布列塔尼|伊勒－维莱讷|富热尔	France|Brittany|Ille-et-Vilaine|Fougeres
中国|台湾|云林|虎尾镇	China|Taiwan|Yunlin|Huwei Township
中国|台湾|新北|三重区	China|Taiwan|New Taipei|Sanchong
法国|勃艮第－弗朗什－孔泰|杜|贝桑松	France|Bourgogne-Franche-Comté|Doubs|Besançon
法国|大东部|摩泽尔|福尔巴克	France|Grand Est|Moselle|Forbach
法国|中央－卢瓦尔河谷|卢瓦雷|蒙塔日	France|Centre-Val de Loire|Loiret|Montargis
法国|诺曼底|厄尔|埃夫勒	France|Normandie|Eure|Évreux
法国|勃艮第－弗朗什－孔泰|索恩－卢瓦尔|马孔	France|Bourgogne-Franche-Comté|Saône-et-Loire|Mâcon
法国|大东部|马恩|香槟沙隆	France|Grand Est|Marne|Châlons-sur-Marne
法国|奥弗涅－罗讷－阿尔卑斯|安|贝莱	France|Auvergne-Rhône-Alpes|Ain|Belley
法国|勃艮第－弗朗什－孔泰|涅夫勒|讷韦尔	France|Bourgogne-Franche-Comté|Nièvre|Nevers
法国|大东部|摩泽尔|梅茨	France|Grand Est|Mulhouse|Metz
法国|奥弗涅－罗讷－阿尔卑斯|上萨瓦|博讷维尔	France|Auvergne-Rhône-Alpes|Haute-Savoie|Bonneville
法国|勃艮第－弗朗什－孔泰|索恩－卢瓦尔|索恩河畔沙隆	France|Bourgogne-Franche-Comté|Saône-et-Loire|Chalon-sur-Saône
法国|上法兰西|加来海峡|蒙特勒伊	France|Hauts-de-France|Pas-de-Calais|Montreuil
法国|新阿基坦|德塞夫勒|尼奥尔	France|Nouvelle-Aquitaine|Deux-Sèvres|Niort
法国|勃艮第－弗朗什－孔泰|约讷|欧塞尔	France|Bourgogne-Franche-Comte|Yonne|Auxerre
法国|奥弗涅－罗讷－阿尔卑斯|安|布雷斯地区布尔格	France|Auvergne-Rhône-Alpes|Ain|Bourg-en-Bresse
法国|奥弗涅－罗讷－阿尔卑斯|阿列|蒙吕松	France|Auvergne-Rhône-Alpes|Alès|Montclus
法国|新阿基坦|上维埃纳|里摩日	France|Nouvelle-Aquitaine|Vienne|Limaige
法国|法兰西岛|埃松|埃夫里	France|Franche-Comte|Essonne|Evry
法国|法兰西岛|埃松|埃唐普	France|Franche-Comte|Auxonne|Etampes
法国|法兰西岛|瓦兹河谷|阿让特伊	France|Franche-Comte|Val d'Oise|Agenais
法国|卢瓦尔河地区|曼恩－卢瓦尔|绍莱	France|Loire Valley|Maine-et-Loire|Saumur
法国|法兰西岛|塞纳－马恩|枫丹白露	France|Franche-Comté|Côte-d'Or|Fontainebleau
法国|奥弗涅－罗讷－阿尔卑斯|安|南蒂阿	France|Auvergne-Rhône-Alpes|Ain|Nantua
法国|法兰西岛|塞纳－马恩|普罗万	France|Franche-Comté|Haute-Saône|Polaincourt-et-Clairefontaine
中国|台湾|高雄|冈山区	China|Taiwan|Kaohsiung|Gangshan
法国|中央－卢瓦尔河谷|谢尔|博格斯	France|Centre-Val de Loire|Cher|Bourges
法国|卢瓦尔河地区|马耶讷|拉瓦勒	France|Pays de la Loire|Mayenne|Laval
法国|大东部|上马恩|肖蒙	France|Grand Est|Haute-Marne|Chaumont
法国|勃艮第－弗朗什－孔泰|约讷|阿瓦隆	France|Bourgogne-Franche-Comte|Yonne|Avallon
法国|勃艮第－弗朗什－孔泰|汝拉|多勒	France|Bourgogne-Franche-Comté|Nièvre|Dole
法国|法兰西岛|伊夫林|芒特拉若利	France|Franche-Comte|Evran|Montreajoul
法国|中央－卢瓦尔河谷|谢尔|维耶尔宗	France|Centre-Val de Loire|Cher|Vierzon
中国|台湾|屏东|屏东市	China|Taiwan|Pingtung|Pingtung
法国|勃艮第－弗朗什－孔泰|汝拉|隆勒索涅	France|Bourgogne-Franche-Comté|Nevers|Nevers
法国|布列塔尼|阿摩尔滨海|圣布里厄	France|Brittany|Saint-Malo|Saint-Briac
法国|布列塔尼|阿摩尔滨海|拉尼永	France|Bretagne|Saint-Malo|La Richardais
法国|奥弗涅－罗讷－阿尔卑斯|伊泽尔|拉图迪潘	France|Auvergne-Rhône-Alpes|Isère|Latour-du-Pin
法国|大东部|上马恩|圣迪济耶	France|Grand Est|Haute-Marne|Saint-Dizier
法国|中央－卢瓦尔河谷|厄尔－卢瓦|沙特尔	France|Centre-Val de Loire|Eure-et-Loir|Chartres
法国|中央－卢瓦尔河谷|厄尔－卢瓦|德勒	France|Centre-Val de Loire|Eure-et-Loir|Dreux
法国|上法兰西|瓦兹|博韦	France|Haute-France|Waziers|Boé
法国|大东部|下莱茵|阿格诺	France|Grand Est|Bas-Rhin|Agnos
法国|上法兰西|加来海峡|加来	France|Upper France|Pas-de-Calais|Calais
法国|新阿基坦|吉伦特|布莱	France|Nouvelle-Aquitaine|Gironde|Blaye
法国|大东部|上莱茵|科尔马	France|Grand Est|Haut-Rhin|Colmar
法国|新阿基坦|吉伦特|朗贡	France|Nouvelle-Aquitaine|Gironde|Langon
法国|新阿基坦|夏朗德|科尼亚克	France|Nouvelle-Aquitaine|Charente|Cognac
法国|上法兰西|索姆|佩罗讷	France|Hauts-de-Seine|Sceaux|Pérouse
法国|新阿基坦||	France|Nouvelle-Aquitaine||
法国|上法兰西|瓦兹|贡比涅	France|Haute-France|Vaux|Gombit
法国|上法兰西|诺尔|瓦朗谢纳	France|Haute-Franche-Comté|Nor|Valenciennes
法国|诺曼底|卡尔瓦多斯|卡昂	France|Normandy|Calvados|Caen
法国|新阿基坦|夏朗德|昂古莱姆	France|Nouvelle-Aquitaine|Charente|Angoulême
法国|大东部|奥布|特鲁瓦	France|Grand Est|Aube|Troyes
法国|新阿基坦|吉伦特|利布尔讷	France|Nouvelle-Aquitaine|Gironde|Libourne
法国|上法兰西|诺尔|康布雷	France|Hauts-de-France|Noord|Kortrijk
法国|中央－卢瓦尔河谷|厄尔－卢瓦|沙托丹	France|Centre-Val de Loire|Eure-et-Loir|Shatodon
意大利|皮埃蒙特|库内奥|	Italy|Piedmont|Cuneo|
法国|奥克西塔尼||	France|Occitanie||
法国|奥克西塔尼|埃罗|贝济耶	France|Occitanie|Eauze|Beziye
法国|上法兰西|加来海峡|阿拉斯	France|Hauts-de-France|Calais|Arras
法国|奥克西塔尼|上加龙|米雷	France|Occitanie|Haute-Garonne|Muret
法国|普罗旺斯－阿尔卑斯－蓝色海岸|沃克吕兹|卡庞特拉	France|Provence-Alpes-Côte d'Azur|Vaucluse|Carpentras
法国|奥克西塔尼|加尔|阿莱	France|Occitanie|Gard|Alès
法国|奥克西塔尼|上比利牛斯|塔布	France|Occitanie|Haute-Garonne|Tarbes
法国|奥克西塔尼|奥德|纳巴达	France|Occitanie|Aude|Narbonne
法国|奥克西塔尼|奥德|卡尔卡松	France|Occitanie|Aude|Carcassonne
意大利|皮埃蒙特|亚历山德里亚|	Italy|Piedmont|Alessandria|
法国|新阿基坦|朗德|蒙德马桑	France|Nouvelle-Aquitaine|Landes|Mont-de-Marsan
法国|上法兰西|埃纳|苏瓦松	France|Haute-Saône|Héricourt|Suarce
法国|奥克西塔尼|塔恩|阿尔比	France|Occitanie|Tarn|Albi
法国|普罗旺斯－阿尔卑斯－蓝色海岸|瓦尔|德拉吉尼昂	France|Provence-Alpes-Cote d'Azur|Var|Draguignan
法国|上法兰西|索姆|蒙迪迪耶	France|Haute-Franche|Somme|Montdidier
意大利|皮埃蒙特|诺瓦拉|	Italy|Piedmont|Novara|
法国|卢瓦尔河地区|萨尔特|勒芒	France|Loire Valley|Le Mans|Le Mans
法国|新阿基坦|吉伦特|阿卡雄	France|Nouvelle-Aquitaine|Gironde|Arcachon
法国|奥克西塔尼|东比利牛斯|佩皮尼昂	France|Occitanie|Toulouse|Pépieux
法国|诺曼底|卡尔瓦多斯|利雪	France|Normandy|Calvados|Lisieux
意大利|伦巴第|米兰|纳维利奥河畔切尔努斯科	Italy|Lombardy|Milan|Municipio 8
法国|普罗旺斯－阿尔卑斯－蓝色海岸|上普罗旺斯阿尔卑斯|福卡尔基耶	France|Provence-Alpes-Côte d'Azur|Vaucluse|Faucon-de-Barcelonnette
法国|上法兰西|诺尔|埃尔普河畔阿韦纳	France|Hauts-de-France|Nord|Avesnes-sur-Helpe
意大利|伦巴第|蒙扎和布里安扎|切萨诺·马德尔诺	Italy|Lombardy|Monza e Brianza|Cesano Maderno
意大利|伦巴第|洛迪|	Italy|Lombardy|Lodi|
意大利|伦巴第|曼图亚|	Italy|Lombardy|Mantua|
法国|奥克西塔尼|阿韦龙|罗德兹	France|Occitanie|Avignon|Rodez
法国|奥克西塔尼|上加龙|圣戈当斯区	France|Occitanie|Haute-Garonne|Saint-Gaudens
法国|普罗旺斯－阿尔卑斯－蓝色海岸|瓦尔|布里尼奥勒	France|Provence-Alpes-Cote d'Azur|Valras|Brignolles
意大利|伦巴第|瓦雷泽|布斯托·阿西齐奥	Italy|Lombardy|Varese|Busto Arsizio
意大利|艾米利亚－罗马涅|费拉拉|	Italy|Emilia-Romagna|Ferrara|
意大利|伦巴第|米兰|塞斯托·圣乔瓦尼	Italy|Lombardy|Milan|Sesto San Giovanni
意大利|特伦蒂诺－上阿迪杰|特伦托|	Italy|Trentino-Alto Adige|Trento|
意大利|坎帕尼亚|卡塞塔|	Italy|Campania|Caserta|
意大利|撒丁|卡利亚里|	Italy|Sardinia|Cagliari|
意大利|艾米利亚－罗马涅|摩德纳|卡尔皮	Italy|Emilia-Romagna|Modena|Carpi
中国|台湾|新北|中和区	China|Taiwan|New Taipei|Zhonghe
意大利|普利亚|莱切|	Italy|Puglia|Lecce|
意大利|伦巴第|帕维亚|	Italy|Lombardy|Pavia|
法国|普罗旺斯－阿尔卑斯－蓝色海岸|瓦尔|土伦	France|Provence-Alpes-Côte d'Azur|Valréas|Toulon
爱尔兰|基尔代尔郡|纳斯|	Ireland|Kildare|Naas|
意大利|伦巴第|米兰|西尼塞洛·巴尔萨莫	Italy|Lombardy|Milan|Cinisello Balsamo
意大利|马尔凯|阿斯科利皮切诺|	Italy|Marche|Ascoli Piceno|
意大利|伦巴第|米兰|罗	Italy|Lombardy|Milan|Rho
意大利|伦巴第|瓦雷泽|萨龙诺	Italy|Lombardy|Varese|Salonno
意大利|特伦蒂诺－上阿迪杰|博尔扎诺－上阿迪杰|	Italy|Trentino-Alto Adige|Bolzano-Alto Adige|
意大利|翁布里亚|特尔尼|	Italy|Umbria|Terni|
意大利|坎帕尼亚|贝内文托|	Italy|Campania|Benevento|
意大利|艾米利亚－罗马涅|拉韦纳|	Italy|Emilia-Romagna|Ravenna|
意大利|普利亚|福贾|	Italy|Puglia|Foggia|
意大利|伦巴第|米兰|帕德诺·杜尼亚诺	Italy|Lombardy|Milan|Paterno Dugnano
意大利|普利亚|巴列塔－安德里亚－特拉尼|巴列塔	Italy|Puglia|Barletta-Andria-Trani|Barletta
意大利|翁布里亚|佩鲁贾|	Italy|Umbria|Perugia|
意大利|坎帕尼亚|那不勒斯|阿塞拉	Italy|Campania|Naples|Acerra
意大利|西西里|墨西拿|	Italy|Sicily|Messina|
意大利|伦巴第|蒙扎和布里安扎|塞雷尼奥	Italy|Lombardy|Monza e Brianza|Sereno
意大利|阿布鲁佐|基耶蒂|	Italy|Abruzzo|Chieti|
意大利|西西里|锡拉库萨|	Italy|Sicily|Siracusa|
意大利|艾米利亚－罗马涅|皮亚琴察|	Italy|Emilia-Romagna|Piacenza|
意大利|艾米利亚－罗马涅|摩德纳|	Italy|Emilia-Romagna|Modena|
意大利|弗留利－威尼斯朱利亚|波代诺内|	Italy|Friuli-Venezia Giulia|Pordenone|
意大利|拉齐奥|罗马|奥斯蒂亚	Italy|Lazio|Rome|Ostia
意大利|艾米利亚－罗马涅|摩德纳|萨索洛	Italy|Emilia-Romagna|Modena|Sassuolo
意大利|威尼托|维琴察|	Italy|Veneto|Vicenza|
意大利|马尔凯|马切拉塔|奇维塔诺瓦·马尔凯	Italy|Marche|Macerata|Civitanova Marche
意大利|艾米利亚－罗马涅|雷焦艾米利亚|	Italy|Emilia-Romagna|Reggio Emilia|
意大利|马尔凯|佩萨罗和乌尔比诺|佩萨罗	Italy|Marche|Pesaro and Urbino|Pesaro
意大利|坎帕尼亚|那不勒斯|阿弗拉戈拉	Italy|Campania|Naples|Afragola
意大利|西西里|卡塔尼亚|马斯卡卢西亚	Italy|Sicily|Catania|Mascalucia
意大利|坎帕尼亚|那不勒斯|斯塔比亚海堡	Italy|Campania|Naples|Stabia Castle
意大利|坎帕尼亚|那不勒斯|坎帕尼亚的朱利亚诺	Italy|Campania|Naples|Giugliano in Campania
意大利|威尼托|特雷维索|威尼托自由堡	Italy|Veneto|Treviso|Venezia Mestre
意大利|撒丁|萨萨里|	Italy|Sardinia|Sassari|
意大利|威尼托|威尼斯|奇里尼亚戈－泽拉里诺	Italy|Veneto|Venice|Chirignago-Zelarino
意大利|托斯卡纳|卢卡|	Italy|Tuscany|Lucca|
意大利|利古里亚|热那亚|	Italy|Liguria|Genoa|
意大利|皮埃蒙特|都灵|科莱尼奥	Italy|Piedmont|Turin|Cuneo
荷兰|德伦特省|埃门|	Netherlands|Drenthe|Emmen|
荷兰|海尔德兰省|巴讷费尔德|	Netherlands|South Holland|Barendrecht|
意大利|坎帕尼亚|萨莱诺|	Italy|Campania|Salerno|
荷兰|海尔德兰省|阿珀尔多伦|	Netherlands|South Holland|Alphen aan den Rijn|
意大利|拉齐奥|罗马|韦莱特里	Italy|Lazio|Rome|Villa Verucchio
荷兰|格罗宁根省|中格罗宁根|霍格赞德	Netherlands|Groningen|Central Groningen|Hoogezand
荷兰|北布拉班特省|蒂尔堡|	Netherlands|North Brabant|Tilburg|
荷兰|北布拉班特省||	Netherlands|North Brabant||
荷兰|林堡省|鲁尔蒙德|	Netherlands|Limburg|Roermond|
意大利|利古里亚|拉斯佩齐亚|	Italy|Liguria|La Spezia|
荷兰|德伦特省|阿森|	Netherlands|Drenthe|Assen|
意大利|威尼托|维罗纳|	Italy|Veneto|Verona|
意大利|艾米利亚－罗马涅|帕尔马|	Italy|Emilia-Romagna|Parma|
荷兰|北荷兰省|哈莱默梅尔|巴德霍维多普	Netherlands|North Holland|Haarlem|Badhoevedorp
荷兰|海尔德兰省|蒂尔|	Netherlands|South Holland|Tilburg|
荷兰|北布拉班特省|奥斯|	Netherlands|North Brabant|Oss|
荷兰|海尔德兰省|埃德|	Netherlands|Gelderland|Ede|
荷兰|北荷兰省|贝弗韦克|	Netherlands|North Holland|Beverwijk|
荷兰|北布拉班特省|奥斯特豪特|	Netherlands|North Brabant|Oss|
意大利|威尼托|维罗纳|圣马蒂诺布翁阿尔伯格	Italy|Veneto|Verona|San Martino Buon Albergo
荷兰|北布拉班特省|费尔德霍芬|	Netherlands|North Brabant|Veldhoven|
荷兰|乌得勒支省|武尔登|	Netherlands|Utrecht|Woerden|
荷兰|乌得勒支省|宰斯特|	Netherlands|Utrecht|Zeist|
荷兰|林堡省|芬洛|	Netherlands|Limburg|Venlo|
荷兰|北布拉班特省|海尔蒙德|	Netherlands|North Brabant|Helmond|
荷兰|北布拉班特省|布雷达|	Netherlands|North Brabant|Breda|
荷兰|海尔德兰省|杜廷赫姆|	Netherlands|Gelderland|Culemborg|
荷兰|北荷兰省|霍伦|	Netherlands|North Holland|Hoorn|
荷兰|北布拉班特省|克伊克|	Netherlands|North Brabant|Kuyk|
荷兰|南荷兰省|霍尔克姆|	Netherlands|South Holland|Hoek van Holland|
荷兰|乌得勒支省|苏斯特|	Netherlands|Utrecht|Soest|
荷兰|乌得勒支省|阿默斯福特|	Netherlands|Utrecht|Amersfoort|
荷兰|南荷兰省|多德雷赫特|	Netherlands|South Holland|Dordrecht|
荷兰|上艾瑟尔省|阿尔默洛|	Netherlands|Overijssel|Almelo|
荷兰|林堡省|锡塔德－赫伦|锡塔德	Netherlands|Limburg|Sittard-Geleen|Sittard
荷兰|南荷兰省|尼瑟瓦尔德|斯派克尼斯	Netherlands|South Holland|Nijswaard|Spakenisse
荷兰|南荷兰省|代尔夫特|	Netherlands|South Holland|Delft|
荷兰|泽兰省|米德尔堡|	Netherlands|Zeeland|Middelburg|
荷兰|北荷兰省|迪门|	Netherlands|North Holland|Diemen|
荷兰|南荷兰省|帕彭德雷赫特|	Netherlands|South Holland|Pijnacker-Nootdorp|
荷兰|上艾瑟尔省|代芬特尔|	Netherlands|Overijssel|Deventer|
法国|上法兰西||	France|Upper France||
法国|奥克西塔尼|塔恩－加龙|蒙托邦	France|Occitanie|Tarn-et-Garonne|Montauban
意大利|托斯卡纳|锡耶纳|	Italy|Tuscany|Siena|
荷兰|上艾瑟尔省|兹沃勒|	Netherlands|Gelderland|Zwolle|
荷兰|北荷兰省|赞斯塔德|赞丹	Netherlands|North Holland|Zaanstad|Zaandam
荷兰|南荷兰省|豪达|	Netherlands|South Holland|The Hague|
意大利|伦巴第|蒙扎和布里安扎|蒙扎	Italy|Lombardy|Monza and Brianza|Monza
波兰|卢布林省|卢布林|	Poland|Lublin|Lublin|
法国|新阿基坦|朗德|达克斯	France|Nouvelle-Aquitaine|Landes|Dax
荷兰|北荷兰省|哈莱默梅尔|新芬内普	Netherlands|North Holland|Haarlem|Nieuw-Vennep
荷兰|弗莱福兰省|莱利斯塔德|	Netherlands|Flevoland|Lelystad|
法国|上法兰西|埃纳|圣康坦	France|Haute-Saône|Eina|Saint-Quentin
波兰|波德拉谢省|比亚韦斯托克|	Poland|Podlaskie|Białystok|
意大利|马尔凯|安科纳|	Italy|Marche|Ancona|
意大利|伦巴第|科莫|	Italy|Lombardy|Como|
意大利|伦巴第|布雷西亚|代森扎诺·德尔·加尔达	Italy|Lombardy|Brescia|Desenzano del Garda
荷兰|林堡省|芬赖|	Netherlands|Limburg|Venray|
荷兰|南荷兰省|莱顿|	Netherlands|South Holland|Leiden|
荷兰|南荷兰省|弗拉尔丁恩|	Netherlands|South Holland|Vlaardingen|
法国|奥克西塔尼|阿列日|帕米耶	France|Occitanie|Ales|Pamiers
意大利|艾米利亚－罗马涅|弗利－切塞纳|弗利	Italy|Emilia-Romagna|Forlì-Cesena|Forlì
法国|大东部|默兹|凡尔登	France|Grand Est|Metz|Verdun
荷兰|弗里斯兰省|吕伐登|	Netherlands|Friesland|Leeuwarden|
法国|上法兰西|加来海峡|圣奥梅尔	France|Upper France|Calais|Saint-Omer
捷克|利贝雷茨州|利贝雷茨|	Czechia|Liberec|Liberec|
意大利|阿布鲁佐|佩斯卡拉|	Italy|Abruzzo|Pescara|
意大利|普利亚|巴里|阿尔塔穆拉	Italy|Puglia|Bari|Altamura
法国|上法兰西|加来海峡|贝蒂讷	France|Hauts-de-France|Pas-de-Calais|Bethune
捷克|乌斯季州|莫斯特|	Czechia|Ustí nad Labem Region|Most|
荷兰|乌得勒支省|勒斯登|	Netherlands|Utrecht|Leusden|
捷克|中波希米亚州|克拉德诺|	Czech Republic|Středočeský kraj|Kladno|
法国|大东部|下莱茵|塞莱斯塔	France|Grand Est|Bas-Rhin|Sélestat
荷兰|北布拉班特省|海尔德罗普－米尔洛|海尔德罗普	Netherlands|North Brabant|Heerlen|Heerlen
意大利|马尔凯|佩萨罗和乌尔比诺|法诺	Italy|Marche|Pesaro and Urbino|Fano
捷克|比尔森州|比尔森|	Czech Republic|Bilson|Bilson|
捷克|赫拉德茨－克拉洛韦州|赫拉德茨－克拉洛韦|	Czech Republic|Hradec Kralove Region|Hradec Kralove|
捷克|中波希米亚州|东布拉格县|拉贝河畔布兰迪斯－斯塔拉博莱斯拉夫	Czech Republic|Central Bohemia|Kladno|Labe's Banks Brandys-Boleslav
波兰|马佐夫舍省|奥斯特罗文卡|	Poland|Mazowieckie|Ostrołęka|
捷克|中波希米亚州|东布拉格县|日恰尼	Czech Republic|Central Bohemian|East Prague|Jesenice
波兰|西波美拉尼亚省|什切青|	Poland|West Pomerania|Szczecin|
捷克|中波希米亚州|普日布拉姆|	Czech Republic|Stredocesky|Pribram|
捷克|卡罗维发利州|卡罗维发利|	Czech|Karlovy Vary|Karlovy Vary|
捷克|南摩拉维亚州|维什科夫|	Czech Republic|South Moravia|Vishkov|
波兰|喀尔巴阡山省|斯塔洛瓦沃拉|	Poland|Karkonosze|Stalowa Wola|
捷克|奥洛穆克州|普热罗夫|	Czech|Olomoucký|Přerov|
捷克|乌斯季州|利托梅日采|	Czech Republic|Usti nad Labem Region|Litomerice|
捷克|南摩拉维亚州|布热茨拉夫|	Czech Republic|Jihomoravský|Břeclav|
波兰|库亚维－波美拉尼亚省|托伦|	Poland|Kuyavia-Pomerania|Torun|
捷克|中波希米亚州|姆拉达－博莱斯拉夫|	Czech Republic|Central Bohemia|Mladá Boleslav|
捷克|兹林州|弗塞廷|	Czech Republic|Zlin Region|Vsetin|
波兰|波美拉尼亚省|格丁尼亚|	Poland|Pomerania|Gdynia|
波兰|马佐夫舍省|莱吉奥诺沃|	Poland|Masovian|Legionowo|
波兰|卢布斯卡省|绿山城|	Poland|Lubuskie|Zielona Góra|
捷克|维索基纳州|伊赫拉瓦|	Czech Republic|Vysocina|Jihlava|
波兰|小波兰省|克拉科夫|斯卡维纳	Poland|Lesser Poland|Kraków|Skawina
捷克|维索基纳州|哈夫利奇库夫布罗德|戈尔察夫·杰尼科夫	Czech|Vysocina|Havlickuv Brod|Golcuv Jenikov
罗马尼亚|康斯坦察县|康斯坦察|	Romania|Constanta|Constanta|
波兰|小波兰省|博赫尼亚|	Poland|Lesser Poland|Bochnia|
波兰|罗兹省|兹敦斯卡沃拉|	Poland|Łódź|Zgierz|
捷克|赫拉德茨－克拉洛韦州|科内日诺河畔里赫诺夫|	Czechia|Hradec-Kralove Region|Rychnov u Neratovic|
波兰|罗兹省|罗兹|	Poland|Łódź|Łódź|
罗马尼亚|苏恰瓦县|苏恰瓦|	Romania|Suceava|Suceava|
波兰|马佐夫舍省|拉多姆|	Poland|Mazowieckie|Radom|
罗马尼亚|雅西县|雅西|	Romania|Iasi County|Iasi|
波兰|大波兰省|波兹南|卢邦	Poland|Greater Poland|Poznań|Luboń
波兰|瓦尔米亚－马祖里省|埃尔布隆格|	Poland|Warmia-Masuria|Elblag|
波兰|马佐夫舍省|普鲁斯科夫|	Poland|Masovian|Pruszkow|
捷克|南摩拉维亚州|布尔诺郊县|罗西斯	Czech Republic|South Moravia|Brno-Country|Rosice
立陶宛|考纳斯县|考纳斯市|	Litaoyuan|Konas County|Konas|
捷克|乌斯季州|拉贝河畔乌斯季|	Czech|Ustí nad Labem Region|Ústí nad Labem|
罗马尼亚|卡拉什－塞维林县|雷希察|	Romania|Caras-Severin|Resita|
波兰|大波兰省|莱什诺|	Poland|Greater Poland|Leszno|
捷克|兹林州|兹林|	Czech Republic|Zlin|Zlin|
斯洛伐克|尼特拉州|尼特拉区|	Slovakia|Nitra|Nitra|
罗马尼亚|多尔日县|克拉约瓦|	Romania|Dolj|Craiova|
罗马尼亚|普拉霍瓦县|普洛耶什蒂|	Romania|Prahova|Ploiesti|
罗马尼亚|马拉穆列什县|巴亚马雷|	Romania|Maramures|Baia Mare|
波兰|西波美拉尼亚省|科沙林|	Poland|West Pomerania|Koszalin|
波兰|波美拉尼亚省|克维曾|	Poland|Pomerania|Kwidzyn|
波兰|瓦尔米亚－马祖里省|奥尔什丁|	Poland|Warmia-Masuria|Olsztyn|
罗马尼亚|伊尔福夫县|波佩什蒂－莱奥尔代尼|	Romania|Iasi|Piatra Neamt|
罗马尼亚|久尔久县|久尔久|	Romania|Jiu County|Jiujiu|
罗马尼亚|阿尔杰什县|皮特什蒂|	Romania|Alba|Alba Iulia|
斯洛伐克|日利纳州|日利纳区|	Slovakia|Nitriansky|Nitra|
斯洛伐克|特尔纳瓦州|特尔纳瓦区|	Slovakia|Trnava|Trnava|
斯洛伐克|班斯卡－比斯特里察州|兹沃伦区|	Slovakia|Banska Bystrica|Zvolen|
罗马尼亚|伊尔福夫县|奥托佩尼|	Romania|Iasi|Otopeni|
斯洛伐克|特伦钦州|特伦钦区|	Slovakia|Trencin|Trencin|
匈牙利|包尔绍德－奥包乌伊－曾普伦州|米什科尔茨区|	Hungary|Borsod-Abauj-Zemplen|Miskolc|
匈牙利|杰尔－莫松－肖普朗州|杰尔区|	Hungary|Győr-Moson-Sopron|Győr|
匈牙利|佩斯州|韦切什区|	Hungary|Pest|Vác District|
斯洛伐克|科希策州|科希策1区|	Slovakia|Košice Region|Košice 1|
罗马尼亚|科瓦斯纳县|圣格奥尔基|	Romania|Covasna|Sfantu Gheorghe|
斯洛伐克|布拉迪斯拉发州|佩诺克区|	Slovakia|Bratislavsky|Pezinok|
匈牙利|佩斯州|埃尔德区|	Hungary|Pest|Érd|
斯洛伐克|普列索夫州|普雷绍夫区|	Slovak|Presov Region|Presov District|
斯洛伐克|普列索夫州|波普拉德区|	Slovakia|Presov|Poprad|
捷克|南波希米亚州|捷克布杰约维采|	Czech Republic|South Bohemian Region|České Budějovice|
斯洛伐克|日利纳州|利普托夫斯基米库拉什区|	Slovakia|Zilina|Liptovsky Mikulas|
匈牙利|巴兰尼亚州|佩奇区|	Hungary|Baranya|Pecs|
斯洛伐克|班斯卡－比斯特里察州|班斯卡比斯特里察区|	Slovakia|Banská Bystrica Region|Banská Bystrica District|
匈牙利|维斯普雷姆州|维斯普雷姆区|	Hungary|Veszprém|Veszprém|
斯洛文尼亚|采列城市区||	Slovenia|Zalec||
斯洛文尼亚|布雷日采区||	Slovenia|Brezice||
匈牙利|托尔瑙州|塞克萨德区|	Hungary|Tolna|Szekszárd|
匈牙利|赫维什州|埃格尔区|	Hungary|Heves|Eger|
斯洛文尼亚|科佩尔城市区||	Slovenia|Koper||
匈牙利|豪伊杜－比豪尔州|德布勒森区|	Hungary|Hajdu-Bihar|Debrecen|
斯洛文尼亚|普图伊城市区||	Slovenia|Piran||
匈牙利|沃什州|松博特海伊区|	Hungary|Vas|Szombathely|
匈牙利|诺格拉德州|绍尔戈陶尔扬区|	Hungary|Nograd|Salgotarjani|
匈牙利|杰尔－莫松－肖普朗州|莫雄马扎尔古堡区|	Hungary|Jasz-Nagykun-Szolnok|Miskolc|
斯洛文尼亚|马里博尔城市区||	Slovenia|Maribor City||
匈牙利|佩斯州|锡盖特圣米克洛什区|	Hungary|Pest|Szigetszentmiklós|
匈牙利|佩斯州|多瑙凯西区|	Hungary|Pest|Dunakeszi|
匈牙利|佐洛州|佐洛埃格塞格区|	Hungary|Zala|Zalaegerszeg|
匈牙利|科马罗姆－埃斯泰尔戈姆州|陶陶巴尼奥区|	Hungary|Komárom-Esztergom|Tatabánya|
匈牙利|索博尔奇－索特马尔－贝拉格州|尼赖吉哈佐区|	Hungary|Szabolcs-Szatmár-Bereg|Nyíregyháza|
波兰|马佐夫舍省|普沃茨克|	Poland|Mazowieckie|Płock|
匈牙利|琼格拉德－乔纳德州|塞格德区|	Hungary|Jasz-Nagykun-Szolnok|Szeged|
匈牙利|巴奇－基什孔州|凯奇凯梅特区|	Hungary|Bacs-Kiskun|Kecskemét|
匈牙利|佩斯州|布达凯西区|比托尔巴吉	Hungary|Pest|Budakeszi|Piliscsaba
波兰|喀尔巴阡山省|普热梅希尔|	Poland|Karkonosze|Przemysl|
捷克|奥洛穆克州|奥洛穆茨|	Czech|Olomoucký|Olomouc|
爱沙尼亚|派尔努县|派尔努|	Ethiopia|Parunu County|Parunu|
捷克|摩拉维亚－西里西亚州|俄斯特拉发城县|	Czech Republic|Moravian-Silesian|Ostrava-City|
波兰|小波兰省|塔尔努夫|	Poland|Lesser Poland|Tarnów|
波兰|罗兹省|彼得库夫－特雷布纳尔斯基|	Poland|Łódź|Piotrków Trybunalski|
波兰|小波兰省|新松奇|	Poland|Lesser Poland|Nowy Sącz|
爱沙尼亚|哈尔尤县|凯伊拉|	Ethiopia|Harari|Kebri Dehar|
捷克|南波希米亚州|塔博尔|	Czech Republic|South Bohemia|Tábor|
捷克|南波希米亚州|因德日赫赫拉德茨|	Czech Republic|South Bohemian Region|Indrehradetz|
波兰|下西里西亚省|瓦乌布日赫|	Poland|Lower Silesian|Wałbrzych|
波兰|喀尔巴阡山省|登比察|	Poland|Karkonosze|Dębica|
波兰|奥波莱省|奥波莱|	Poland|Opolskie|Opole|
捷克|赫拉德茨－克拉洛韦州|特鲁特诺夫|	Czechia|Kralovehradecky|Trutnov|
捷克|摩拉维亚－西里西亚州|卡尔维纳|哈维若夫	Czechia|Moravia-Silesia|Karviná|Havířov
波兰|下西里西亚省|莱格尼察|	Poland|Lower Silesia|Jelenia Gora|
波兰|小波兰省|新塔尔格|	Poland|Lesser Poland|Nowy Targ|
波兰|西里西亚省|格利维采|	Poland|Silesia|Gliwice|
波兰|小波兰省|塔特拉|扎科帕内	Poland|Lesser Poland|Tatra|Zakopane
波兰|西里西亚省|琴斯托霍瓦|	Poland|West Pomeranian|Kostrzyn nad Odrą|
波兰|小波兰省|瓦多维采|	Poland|Greater Poland|Wadowice|
波兰|奥波莱省|肯杰任科兹莱|	Poland|Opolskie|Kędzierzyn-Koźle|
美国|华盛顿州|圣胡安|	United States|Washington|San Juan|
波兰|喀尔巴阡山省|热舒夫|	Poland|Silesian|Rzeszow|
波兰|喀尔巴阡山省|亚斯沃|	Poland|Karkonosze|Jasło|
意大利|坎帕尼亚|那不勒斯|巴科利	Italy|Campania|Naples|Bacoli
波兰|西里西亚省|霍茹夫|	Poland|Silesia|Zabrze|
波兰|西里西亚省|别尔斯科|捷克维采－杰季采	Poland|Silesia|Bielsko|Czechowice-Dziedzice
波兰|西里西亚省|比托姆|	Poland|West Pomeranian|Bytom|
马提尼克|法兰西堡区|法兰西堡|	Martinique|Fort-de-France|Fort-de-France|
波兰|西里西亚省|雷布尼克|	Poland|Silesia|Rzeszów|
波兰|西里西亚省|蒂黑|	Poland|Silesia|Tychy|
玻利维亚|丘基萨卡省|扬帕拉埃斯省|	Bolivia|Chuquisaca|Sucre|
斯洛伐克|科希策州|科希策2区|	Slovakia|Kosice Region|Kosice District 2|
美国|马里兰州|巴尔的摩|兰斯当	United States|Maryland|Baltimore|Lansdowne
波兰|马佐夫舍省|谢德尔采|	Poland|Mazowieckie|Siedlce|
波兰|大波兰省|大波兰地区奥斯特鲁夫|	Poland|Greater Poland|Ostrow Wielkopolski|
波兰|西里西亚省|栋布罗瓦古尔尼恰|	Poland|Silesia|Wrocław|
几内亚|科纳克里大区|科纳克里|	Guinea|Conakry Region|Conakry|
波兰|西里西亚省|索斯诺维茨|	Poland|Silesia|Sosnowiec|
波兰|西里西亚省|鲁达希隆斯卡|	Poland|Silesia|Ruda Śląska|
意大利|皮埃蒙特|都灵|都灵里瓦尔塔	Italy|Piedmont|Turin|Torri Val
波兰|西里西亚省|亚沃日诺|	Poland|Silesia|Rybnik|
巴拉圭|亚松森自治市|亚松森|	Paraguay|Amazonas|Leticia|
美属萨摩亚|东区|帕果帕果|	American Samoa|Eastern District|Pago Pago|
科特迪瓦|亚穆苏克罗自治区|亚穆苏克罗|	Cote d'Ivoire|Yamoussoukro Autonomous District|Yamoussoukro|
加蓬|河口省|利伯维尔|	Chile|Atacama|Libertador General Bernardo O'Higgins|
荷兰|海尔德兰省|上贝蒂沃|安德尔斯特	Netherlands|North Holland|Beneden-Betuwe|Andelst
斯洛伐克|布拉迪斯拉发州|布拉迪斯拉发|	Slovakia|Bratislava Region|Bratislava|
刚果民主共和国|金沙萨|金沙萨|	Democratic Republic of the Congo|Kinshasa|Kinshasa|
泽西岛|圣赫利尔||	Zealand|Sealand||
摩纳哥|摩纳哥城||	Morocco|Marrakesh||
法属圭亚那|卡宴区||	French Guiana|Cayenne||
吉布提|吉布提市||	Djibouti|Djibouti City||
荷属圣马丁|菲利普斯堡||	Sint Maarten|Philipsburg||
埃塞俄比亚|亚的斯亚贝巴|亚的斯亚贝巴|	Ethiopia|Addis Ababa|Addis Ababa|
保加利亚|索非亚州||	Bulgaria|Sofia||
白俄罗斯|明斯克州|明斯克区|	Belarus|Minsk|Minsk|
德国|黑森州|达姆施塔特|巴特洪堡	Germany|Hesse|Darmstadt|Bad Homburg
布基纳法索|中央大区|卡焦戈|瓦加杜古	Burkina Faso|Centre|Kaya|Wagdogo
科威特|科威特省||	Kuwait|Kuwait||
贝宁|韦梅省|新港|	Benin|Oueme|Porto-Novo|
瓜德罗普岛|巴斯特尔岛区||	Guadeloupe|Basse-Terre||
英属维尔京群岛|托尔托拉岛|罗德城|	British Virgin Islands|Tortola|Road Town|
赤道几内亚|北比奥科省|马拉博|	Guinea|North Bieoko|Malabo|
莫桑比克|马普托市|马普托|	Mozambique|Maputo|Maputo|
毛里塔尼亚|首都努瓦克肖特||	Mauritania|Nouakchott||
布隆迪|布琼布拉城市省||	Brondy|Buonbra City Province||
利比亚|的黎波里省||	Libya|Tripoli||
阿尔及利亚|阿尔及尔省|阿尔及尔|	Algeria|Algiers|Algiers|
尼日尔|尼亚美市|尼亚美|	Niger|Niamey|Niamey|
北马其顿|斯科普里||	North Macedonia|Skopje||
马里|巴马科首都区|巴马科|	Mali|Bamako|Bamako|
留尼汪|圣但尼区|圣但尼|	Léognan|Saint-Denis|Saint-Denis|
纳米比亚|霍马斯区|温得和克东部|	Namibia|Khomas|Windhoek East|
塞内加尔|达喀尔区|达喀尔|	Senegal|Dakar|Dakar|
巴西|圣保罗州|利梅拉|	Brazil|Sao Paulo|Limeira|
马拉维|中央区|利隆圭县|	Malawi|Central|Lilongwe|
关岛|阿加尼亚||	Guandao|Aranjuez||
新喀里多尼亚|南部省|努美阿|	Nicaragua|Southern|Nueva Guinea|
印度|孟买||	India|Mumbai||
美国|科罗拉多州|埃尔帕索|莫纽门特	United States|Colorado|El Paso|Monument
马达加斯加|阿纳拉曼加大区|南塔那那利佛区|	Madagascar|Analamanga|Antananarivo|
利比里亚|蒙特塞拉多县|大蒙罗维亚区|	Liberia|Montserrado|Greater Monrovia|
马尔代夫|马累||	Maldives|Male||
法国|奥弗涅－罗讷－阿尔卑斯||	France|Auvergne-Rhône-Alpes||
中国|河南|鹤壁|淇滨区	China|Henan|Hebi|Qibin
中国|山西|临汾|浮山县	China|Shanxi|Linfen|Fushan
中国|广西|崇左|大新县	China|Guangxi|Chongzuo|Daxin
萨摩亚|图阿马萨加|阿皮亚|	Samoa|Tuamasaga|Apia|
卢旺达|基加利市||	Rwanda|Kigali||
中国|四川|凉山彝族自治州越西县|	China|Sichuan|Yuexi|
斯里兰卡|西方省|科伦坡|斯里贾亚瓦德纳普拉科特	Sri Lanka|Western|Colombo|Sri Jayawardenepura Kotte
法属波利尼西亚|向风群岛|帕皮埃特|	French Polynesia|Îles Sous-le-Vent|Papiete|
苏里南|帕拉马里博区||	Suriname|Paramaribo District||
苏丹|喀土穆州|喀土穆县|	Sudan|Khartoum|Khartoum|
南苏丹|中赤道州|朱巴|	Nanzu Dan|Chiredzi|Chiredzi|
斐济|中央大区|雷瓦省|苏瓦	Fiji|Central Division|Rewa|Suva
中国|广西|河池|环江毛南族自治县	China|Guangxi|Hechi|Huanjiang Maonan Autonomous County
中国|河南|焦作|温县	China|Henan|Jiaozuo|Wenxian
中国|河南|开封|龙亭区	China|Henan|Kaifeng|Longting
毛里求斯|路易港||	Mauritius|Port Louis||
中国|山西|太原|清徐县	China|Shanxi|Taiyuan|Qingxu
美国|新泽西州|哈德逊|哈里森	United States|New Jersey|Hudson|Harrison
美国|内华达州||	United States|Nevada||
中国|湖南|岳阳|岳阳楼区	China|Hunan|Yueyang|Yueyanglou
美国|田纳西州|劳登县|费城	United States|Tennessee|Loudon|Philadelphia
美国|亚拉巴马州||	United States|Alabama||
索马里|巴纳迪尔州|摩加迪沙|	Somalia|Banaadir|Mogadishu|
亚美尼亚|埃里温||	Armenia|Yerevan||
塞拉利昂|西部区|西部区市区|弗里敦	Serra Leoa|Ocidental|Western Area Urban|Freetown
美国|弗吉尼亚州|劳登县|杜勒斯	United States|Virginia|Loudoun|Dulles
中国|四川|眉山|青神县	China|Sichuan|Meishan|Qingshen
中国|江苏昆山市||	China|Kunshan||
美国|科罗拉多州|埃尔伯特|莫纽门特	United States|Colorado|Elbert|Monomont
波斯尼亚和黑塞哥维那|波斯尼亚和黑塞哥维那联邦|中波斯尼亚州|新特拉夫尼克	Bosnia and Herzegovina|Federation of Bosnia and Herzegovina|Central Bosnia Canton|Novi Travnik
美国|纽约州|伊利|奇克托瓦加	United States|New York|Erie|Chicktawaga
哥伦比亚|卡克塔省|里科港|	Colombia|Cauca|Buenaventura|
中国|广西|梧州|藤县	China|Guangxi|Wuzhou|Teng
美国|佛蒙特州||	United States|Vermont||
加拿大|安大略省|尼亚加拉|	Canada|Ontario|Niagara Falls|
中国|河南|濮阳|华龙区	China|Henan|Puyang|Hualong
中国|江西|赣州|会昌县	China|Jiangxi|Ganzhou|Huichang
中国|四川|广元|青川县	China|Sichuan|Guangyuan|Qingchuan
中国|山西|长治|壶关县	China|Shanxi|Changzhi|Huguan
朝鲜|平壤市||	North Korea|Pyongyang||
美国|罗得岛州||	United States|Rhode Island||
中国|福建|三明|泰宁县	China|Fujian|Sanming|Taining
巴西|南里奥格兰德州|本图贡萨尔维斯|	Brazil|Rio Grande do Norte|Natal|
美国|西弗吉尼亚州|马里昂县|费尔蒙特	United States|Virginia|Marion|Fairmont
中国|广西|防城港|防城区	China|Guangxi|Fangchenggang|Fangcheng
中国|四川|德阳什邡县|	China|Sichuan|Shifang|
中国|江西|吉安|吉州区	China|Jiangxi|Ji'an|Jizhou
中国|上海|上海|浦东新区环科路	China|Shanghai|Shanghai|Pudong New Area
中国|江西|吉安|吉水县	China|Jiangxi|Ji'an|Jishui
中国|四川|泸州|纳溪区	China|Sichuan|Luzhou|Naxi
中国|云南|普洱|墨江哈尼族自治县	China|Yunnan|Pu'er|Mojiang Hani Autonomous County
中国|上海|上海|虹口区四平路	China|Shanghai|Shanghai|Siping Road, Hongkou District
中国|江西|宜春|靖安县	China|Jiangxi|Yichun|Jing'an
中国|江西|吉安|峡江县	China|Jiangxi|Ji'an|Xiajiang
巴拉圭|中央省|伊帕卡莱|	Paraguay|Central|Ypacarai|
中国|河南|开封|祥符区	China|Henan|Kaifeng|Xiangfu
中国|江西|九江|彭泽县	China|Jiangxi|Jiujiang|Pengze
中国|江西|宜春|万载县	China|Jiangxi|Yichun|Wanzai
中国|四川|绵阳|北川羌族自治县	China|Sichuan|Mianyang|Beichuan
中国|山东|枣庄|峄城区	China|Shandong|Zaozhuang|Yicheng
中国|辽宁|葫芦岛|建昌县	China|Liaoning|Huludao|Jianchang
中国|江西|吉安|遂川县	China|Jiangxi|Ji'an|Suichuan
中国|四川|成都县|	China|Sichuan|Chengdu|
中国|四川|乐山|夹江县	China|Sichuan|Leshan|Jiajiang
中国|云南|保山|施甸县	China|Yunnan|Baoshan|Shidian
中国|河北|保定|莲池区	China|Hebei|Baoding|Lianchi
中国|广东|汕尾|陆河县	China|Guangdong|Shanwei|Luhe
中国|山西|大同|左云县	China|Shanxi|Datong|Zuoyun
中国|云南|玉溪江川县|	China|Yunnan|Jiangchuan|
中国|辽宁|抚顺|东洲区	China|Liaoning|Fushun|Dongzhou
中国|四川|阿坝|九寨沟县	China|Sichuan|Aba|Jiuzhaigou
中国|四川|泸州|龙马潭区	China|Sichuan|Luzhou|Longmatan
中国|河北|石家庄|栾城区	China|Hebei|Shijiazhuang|Luancheng
中国|云南|昭通|威信县	China|Yunnan|Zhaotong|Weixin
中国|四川|德阳广汉县|	China|Sichuan|Guanghan|
中国|云南|德宏|芒市市	China|Yunnan|Dehong|Mangshi
荷兰|泽兰省|卡佩勒|	Netherlands|Zeeland|Kapelle|
中国|云南|丽江|玉龙纳西族自治县	China|Yunnan|Lijiang|Yulong Naxi
荷兰|北布拉班特省|斯滕贝亨|	Netherlands|North Brabant|Steenbergen|
加拿大|魁北克省|德拉蒙德|德拉蒙德维尔	Canada|Saskatchewan|Regina|Regina
英国|英格兰|赫特福德郡|赫特福德郡北	United Kingdom|England|Hertfordshire|North Hertfordshire
俄罗斯|莫斯科州|波多利斯克|	Russia|Moscow|Podolsk|
中国|云南|文山|砚山县	China|Yunnan|Wenshan|Yanshan
中国|云南|怒江|福贡县	China|Yunnan|Nujiang|Fugong
哈萨克斯坦|卡拉干达州|卡拉干达|	Kazakhstan|Karaganda Region|Karaganda|
美国|路易斯安那州|阿森松|冈萨雷斯	United States|Louisiana|Ascension|Gonzales
印度|特伦甘纳邦海得拉巴||	India|Telangana||
中国|云南|玉溪|峨山彝族自治县	China|Yunnan|Yuxi|Eshan Yi
中国|安徽|黄山|祁门县	China|Anhui|Huangshan|Qimen
美国|德克萨斯州|利柏提|埃姆斯	United States|Texas|Liberty|Ames
丹麦|中日德兰大区|斯基沃|	Denmark|Central Jutland|Skive|
英国|英格兰|格洛斯特郡|蒂克斯伯里区	United Kingdom|England|Gloucestershire|Tewkesbury
美国|新墨西哥州|林肯县|卡里佐佐	United States|New Mexico|Lincoln|Carrizozo
美国|南达科他州|琼斯县|默多	United States|South Dakota|Jones|Murdo
荷兰|北布拉班特省|马肖斯特|比特斯韦克	Netherlands|North Brabant|Maastricht|Bitesweik
中国|四川|达州|达川区	China|Sichuan|Dazhou|Dachuan
挪威|西福尔－泰勒马克郡|桑讷菲尤尔|	Norway|Vestfold og Telemark|Sandefjord|
美国|内华达州|奈|比蒂	United States|Nevada|Reno|Sparks
巴西|马托格罗索州|西诺普|	Brazil|Mato Grosso do Sul|Sinop|
中国|广东|梅州|蕉岭县	China|Guangdong|Meizhou|Jiaoling
巴西|帕拉州|普里梅鲁－迪马尤|	Brazil|Para|Primerio de Maio|
中国|广东|清远|佛冈县汤塘镇	China|Guangdong|Qingyuan|Fogang Tangtang
荷兰|上艾瑟尔省||	Netherlands|Overijssel||
中国|云南|昭通|彝良县	China|Yunnan|Zhaotong|Yiliang
德国|勃兰登堡州|乌克马克|安格明德	Germany|Brandenburg|Uckermark|Angermünde
荷兰|格罗宁根省|埃姆斯代尔塔|瓦根博根	Netherlands|Groningen|Emmen|Wagenborgen
伯利兹|伯利兹区||	Belize|Belize||
乌拉圭|罗恰||	Ulaanbaatar|Ulaanbaatar||
哥伦比亚|塞萨尔省|圣地亚哥|	Colombia|Cesar|Valledupar|
中国|广东|清远|清城区	China|Guangdong|Qingyuan|Qingcheng
巴勒斯坦|杰宁省||	Palestine|Jenin||
德国|萨克森州|中萨克森县|德贝尔恩	Germany|Saxony|Central Saxony|Döbeln
哥伦比亚|卡尔达斯省|马尼萨莱斯|	Colombia|Caldas|Manizales|
巴西|圣保罗州|皮尼亚尔济纽|	Brazil|Sao Paulo|Pindamonhangaba|
美国|加利福尼亚州|圣贝纳迪诺|欧文堡	United States|California|San Bernardino|Owen
美国|北卡罗来纳州|考德威尔|	United States|North Carolina|Caldwell|
巴西|巴拉那州|埃尔多拉多卡拉雅斯|	Brazil|Parana|Foz do Iguacu|
墨西哥|瓜纳华托州|科塔萨尔|	Mexico|Guanajuato|Comonfort|
伊拉克|巴士拉省|祖拜尔县|	Iraq|Basra|Zubayr|
美国|阿拉斯加州|北坡|巴罗	United States|Alaska|Nome|Barrow
美国|加利福尼亚州|洛杉矶|克莱蒙特	United States|California|Los Angeles|Clements
加拿大|安大略省|兰布顿|萨尼亚	Canada|Ontario|London|Sarnia
乌克兰|利沃夫州|利沃夫区|	Ukraine|Lviv|Lviv|
韩国|首尔特别市|麻浦区|	South Korea|Seoul|Mapo|
美国|亚拉巴马州|马伦戈|普罗维登斯	United States|Alabama|Marion|Providence
罗马尼亚|布加勒斯特||	Romania|Bucharest||
美国|宾夕法尼亚州|威斯特摩兰县|北亨廷顿	United States|Pennsylvania|Westmoreland|North Huntingdon
意大利|西西里|拉古萨|莫迪卡	Italy|Sicily|Palermo|Modica
美国|俄勒冈州|华盛顿县|阿洛哈	United States|Oregon|Washington|Aloha
印度尼西亚|楠榜省|班达楠榜|	Indonesia|Aceh|Banda Aceh|
乌克兰|外喀尔巴阡州|乌日霍罗德区|	Ukraine|Zakarpattia Oblast|Uzhhorod Raion|
美国|密苏里州|巴特勒县|	United States|Missouri|Butler|
智利|麦哲伦－智利南极大区|麦哲伦|蓬塔阿雷纳斯	Chile|Magallanes y Antártica Chilena|Magallanes|Punta Arenas
玻利维亚|科恰班巴省||	Bolivia|Cochabamba||
加拿大|安大略省|科克伦|蒂明斯	Canada|Ontario|Cochrane|Timmins
美国|南卡罗来纳州|约克县|卡托巴	United States|South Carolina|York|Catawba
俄罗斯|伊尔库茨克州|伊尔库茨克区|	Russia|Irkutsk|Irkutsk|
美国|佛罗里达州|科利尔县|马可岛	United States|Florida|Collier|Marco Island
巴西|巴伊亚州|圣安东尼奥－迪热苏斯|	Brazil|Bahia|Santo Antonio de Jesus|
阿尔巴尼亚|费里州|罗斯科韦茨|	Albania|Fier|Fier|
美国|马里兰州|霍华德|富尔顿	United States|Maryland|Howard|Fulton
以色列|南部区|阿什凯隆|	Israel|Southern District|Ashkelon|
巴西|里约热内卢州|马热|毛里马尔西亚	Brazil|Rio de Janeiro|Mage|Maurilândia
约旦|伊尔比德省|伊尔比德|	Jordan|Irbid|Irbid|
美国|德克萨斯州|塔兰特|赫斯特	United States|Texas|Dallas|Hurst
秘鲁|阿普里马克大区|安达韦拉斯|	Peru|Apurimac|Andahuaylas|
意大利|坎帕尼亚|萨莱诺|安格里	Italy|Campania|Salerno|Angri
巴西|圣保罗州|圣保罗|吉列尔梅村	Brazil|Sao Paulo|Sao Paulo|Junqueiropolis
罗马尼亚|比霍尔县|奥拉迪亚|	Romania|Bihor|Oradea|
乌克兰|顿涅茨克州|顿涅茨克区|	Ukraine|Donetsk|Donetsk|
巴西|米纳斯吉拉斯州|帕图斯迪米纳斯|维拉加西亚	Brazil|Minas Gerais|Patos de Minas|Vila Gáscia
加勒比地区|||	Caribbean Region|||
智利|麦哲伦－智利南极大区|南极智利|蓬塔阿雷纳斯	Chile|Magallanes y la Antártica Chilena|Antártica Chilena|Puerto Williams
以色列|耶路撒冷区|贝特谢梅什|	Israel|Jerusalem|Beit Shemesh|
哥伦比亚|昆迪纳马卡省|莫斯克拉|	Colombia|Cundinamarca|Bogota|
巴西|里约热内卢州|里约热内卢|德尔卡斯蒂略	Brazil|Rio de Janeiro|Rio de Janeiro|Del Castilho
加拿大|不列颠哥伦比亚省|大温哥华|兰里	Canada|British Columbia|Vancouver|Richmond
巴西|塞阿拉州|马拉卡纳乌|	Brazil|Ceará|Maracanaú|
智利|圣地亚哥首都大区|圣地亚哥|韦丘拉巴	Chile|Santiago Metropolitan Region|Santiago|Vitacura
阿根廷|布宜诺斯艾利斯省|维森特洛佩斯|	Argentina|Buenos Aires|Vicente Lopez|
巴西|北里奥格兰德州|新拉戈阿|	Brazil|Paraíba|Nova Ragoa|
危地马拉|危地马拉省|危地马拉城|埃尔纳兰霍县	Guatemala|Guatemala|Guatemala City|El Naranjo
巴西|圣保罗州|索罗加巴|宫殿花园	Brazil|Sao Paulo|Sorocaba|Jardim Palacio
巴西|圣保罗州|巴鲁埃里|阿尔法维尔工业	Brazil|São Paulo|Barueri|Alphaville Industrial
巴西|罗赖马州|美景镇|杜托·西尔维奥·莱特	Brazil|Roraima|Boa Vista|Doutor Silveira Mello
美国|田纳西州|谢尔比县|科利维尔	United States|Tennessee|Shelby County|Collierville
巴西|圣保罗州|圣贝尔纳多－杜坎普|拉奇·拉莫斯	Brazil|Sao Paulo|São Bernardo do Campo|Riacho dos Machados
美国|弗吉尼亚州|费尔法克斯县|费尔法克斯	United States|Virginia|Fairfax County|Fairfax
哥伦比亚|昆迪纳马卡省|圣弗朗西斯科|	Colombia|Quindío|San Francisco|
美国|印第安纳州|里普利|森曼	United States|Indiana|Ripley|Sunman
印度尼西亚|日惹特区|日惹|	Indonesia|Jakarta Raya|Jakarta|
美国|犹他州|华盛顿|恩特普赖斯	United States|Utah|Washington|Enteprise
中国|广西|梧州|万秀区	China|Guangxi|Wuzhou|Wanxiu
中国|山东|日照希望|	China|Shandong|Rizhao|
老挝|万象省||	Vientiane|Vientiane Province||
蒙古|乌兰巴托市||	Mongolia|Ulaanbaatar||
中国|上海|上海|闵行区剑川路	China|Shanghai|Shanghai|Minhang
美国|纽约州|圣罗伦斯|坎顿	United States|New York|Saint Lawrence|Canton
中国|西藏|山南|洛扎县	China|Tibet|Shannan|Lhozha
库克群岛|拉罗汤加||	Kuk Islands|Rarotonga||
美国|俄克拉荷马州|莫雷|萨尔弗	United States|Oklahoma|Mare|Salf
中国|广西|梧州腾县|	China|Guangxi|Teng County|
美国|宾夕法尼亚州|克劳福德县|泰特斯维尔	United States|Pennsylvania|Clarion|Tattesville
中国|广西|梧州|藤县太平镇	China|Guangxi|Wuzhou|Taiping Town, Tengxian
日本|福岛县|白河市|	Japan|Fukushima|Shirakawa|
美国|密苏里州|林肯县|特洛伊	United States|Missouri|Lincoln|Troy
澳大利亚|南澳大利亚州||	Australia|South Australia||
中国|吉林|通化|二道江区	China|Jilin|Tonghua|Erdaojiang
澳大利亚|新南威尔士州|中西地区|奥兰治	Australia|New South Wales|Central West|Orange
澳大利亚|维多利亚州||	Australia|Victoria||
日本|石川县||	Japan|Ishikawa||
马来西亚|马六甲州||	Malaysia|Malacca||
菲律宾|马尼拉都会区||	Philippines|Metro Manila||
CoreLink骨干网|||	CoreLink|||
美国|犹他州|犹他|李海	United States|Utah|Utah|Lehi
美国|伊利诺伊州|库克|布罗德维尤	United States|Illinois|Cook|Broadview
中国|广西|桂林|龙胜各族自治县	China|Guangxi|Guilin|Longsheng
美国|德克萨斯州|腊斯克|亨德森	United States|Texas|Lubbock|Henderson
中国|江西|景德镇|珠山区	China|Jiangxi|Jingdezhen|Zhushan
日本|埼玉县|美里町|	Japan|Saitama|Misato|
美国|马里兰州|蒙哥马利|	United States|Maryland|Baltimore|
美国|弗吉尼亚州|里士满市|	United States|Virginia|Richmond|
美国|康涅狄格州|托兰县|	United States|Connecticut|Tolland|
日本|青森县|六所村|	Japan|Aomori|Rokunohe|
马来西亚|玻璃市州|玻璃市|坎加尔	Malaysia|Perlis|Perlis|Kangar
墨西哥|韦拉克鲁斯州|圣地亚哥·图斯特拉|里奥格兰德	Mexico|Veracruz|Santiago Tuxtla|Rio Grande
智利|湖大区|延基韦|巴拉斯港	Chile|Los Lagos|Yungay|Puerto Baras
巴西|圣保罗州|圣贝尔纳多－杜坎普|	Brazil|São Paulo|São Bernardo do Campo|
多米尼加共和国|圣多明各省|东圣多明各|圣伊西德罗	Dominican Republic|Santo Domingo|East Santo Domingo|San Isidro
美国|北卡罗来纳州|威尔克斯|威尔克斯伯勒	United States|North Carolina|Wilkes|Wilkesboro
博奈尔|克拉伦代克||	Bonn|Kreuzberg||
美国|马里兰州|哈福德|阿伯丁	United States|Maryland|Harvard|Aberdeen
日本|京都府|八幡市|	Japan|Kyoto|Yawata|
墨西哥|韦拉克鲁斯州|拉斯乔帕斯|	Mexico|Veracruz|Las Choapas|
巴西|米纳斯吉拉斯州|贝洛奥里藏特|阿尔托·凯萨拉斯	Brazil|Minas Gerais|Belo Horizonte|Alto Caixas
美国|爱达荷州|弗里蒙特县|	United States|Idaho|Fremont County|
巴西|巴伊亚州|萨尔瓦多|中心	Brazil|Bahia|Salvador|Central
美国|马里兰州|多彻斯特|剑桥	United States|Maryland|Dorchester|Cambridge
澳大利亚|西澳大利亚州|珀斯都会区|贝尔蒙市	Australia|Western Australia|Perth Metropolitan|Belmont
巴西|巴拉那州|马拉巴|老马拉巴	Brazil|Parana|Maraba|Old Maraba
墨西哥|尤卡坦州|佩托|	Mexico|Yucatan|Petro|
美国|新罕布什尔州|希尔斯伯勒县|韦尔	United States|New Hampshire|Hillsborough|Weare
巴西|里约热内卢州|马热|	Brazil|Rio de Janeiro|Mage|
巴西|圣保罗州|莫日米林|	Brazil|Sao Paulo|Mogi Mirim|
美国|纽约州|肖托夸|庞弗里特	United States|New York|Shortsville|Pomfret
秘鲁|卡哈马卡大区|卡哈马卡|	Peru|Cajamarca|Cajamarca|
巴西|圣保罗州|阿雷亚斯|	Brazil|Sao Paulo|Araias|
多米尼加共和国|普拉塔港省||	Dominican Republic|Puerto Plata||
美国|宾夕法尼亚州|门罗县|巴雷特	United States|Pennsylvania|Monroe|Parrett
哥伦比亚|卡尔达斯省|内拉|	Colombia|Caldas|Neira|
巴西|圣保罗州|圣保罗|圣阿马罗	Brazil|Sao Paulo|Sao Paulo|Sao Amaro
哥伦比亚|昆迪纳马卡省|索阿查|	Colombia|Quindío|Salento|
巴西|圣保罗州|若阿诺波利斯|	Brazil|Sao Paulo|Joao Monlevade|
巴西|圣保罗州|容迪亚伊|	Brazil|Sao Paulo|Jundiai|
巴西|马拉尼昂州|圣若昂－杜斯帕图斯|	Brazil|Maranhao|Sao Joao dos Patos|
意大利|伦巴第|松德里奥|瓦尔泰利纳的蒙塔尼亚	Italy|Lombardy|Sondrio|Mantello
巴西|皮奥伊州|马蒂亚斯|奥林皮乌	Brazil|Piaui|Matias|Olimpo
巴西|伯南布哥州|卡伦比|	Brazil|Pernambuco|Caruaru|
哥伦比亚|科尔多瓦省|埃琳娜|	Colombia|Cordoba|Alejandría|
委内瑞拉|梅里达州|米兰达市|	Venezuela|Mérida|Mérida|
巴西|圣保罗州|乌巴图巴|	Brazil|São Paulo|Ubatuba|
阿根廷|布宜诺斯艾利斯省|埃塞萨|	Argentina|Buenos Aires|Ezeiza|
哥伦比亚|昆迪纳马卡省|乌瓦特|	Colombia|Quintinamarca|Uva|
多米尼加共和国|阿托马约尔省|阿托马约尔|	Dominican Republic|Atamayor|Atamayor|
刚果民主共和国|金沙萨||	Democratic Republic of the Congo|Kinshasa||
巴西|南马托格罗索州|科伦巴|	Brazil|South Mato Grosso|Columba|
巴西|米纳斯吉拉斯州|雅纳乌巴|	Brazil|Minas Gerais|Januária|
哥伦比亚|大西洋省|萨瓦纳拉加|	Colombia|Atlantico|Sabanalarga|
巴西|马托格罗索州|阿皮亚卡斯|	Brazil|Mato Grosso|Apiacas|
巴西|塞尔希培州|索科罗圣母城|灯塔公园	Brazil|Sergipe|Aracaju|Danta Park
美国|堪萨斯州|马歇尔县|	United States|Kansas|Mitchell|
秘鲁|伊卡大区|纳斯卡|	Peru|Ica|Nazca|
美国|北达科他州|兰森姆|恩德林	United States|North Dakota|Lansem|Endelin
美国|阿肯色州|耶尔|丹维尔	United States|Arkansas|Yell|Danville
多米尼加共和国|普拉塔港省|普拉塔港|	Dominican Republic|Puerto Plata|Puerto Plata|
西班牙|瓦伦西亚自治区|巴伦西亚省|奥利瓦	Spain|Valencian Community|Valencia|Oliva
马来西亚|登嘉楼州||	Malaysia|Terengganu||
巴西|塞阿拉州|佩雷鲁|	Brazil|Ceará|Pereiro|
新西兰|奥塔哥大区|皇后镇－湖郡|	New Zealand|Otago|Queenstown-Lakes|
秘鲁|卡亚俄大区|卡亚俄|	Peru|Callao Region|Callao|
巴西|托坎廷斯州|帕尔梅罗波利斯|	Brazil|Tocantins|Palmeiropolis|
巴西|帕拉伊巴州|贝伦|	Brazil|Paraiba|Belen|
巴西|圣卡塔琳娜州|廷博|	Brazil|Santa Catarina|Timbó|
匈牙利|巴兰尼亚州|博伊区|	Hungary|Baranya|Bóly|
美国|南达科他州|布朗县|阿伯丁	United States|South Dakota|Brown|Aberdeen
印度尼西亚|北苏门答腊省|丹戎巴来|苏姆伯萨里	Indonesia|North Sumatra|Tebing Tinggi|Sumbal Sari
美国|加利福尼亚州|马德拉|	United States|California|Modera|
巴西|亚马孙州|马瑙斯|格拉萨斯圣母	Brazil|Amazonas|Manaus|Our Lady of Graces
哥伦比亚|考卡省|罗萨斯|	Colombia|Cauca|Rosas|
美国|新泽西州|康登|巴灵顿	United States|New Jersey|Camden|Burlington
美国|爱达荷州|杰姆县|埃米特	United States|Idaho|Gem|Emmett
巴西|米纳斯吉拉斯州|圣若昂－达拉戈阿|	Brazil|Minas Gerais|São João Del Rei|
巴西|伯南布哥州|加拉尼温斯|	Brazil|Pernambuco|Garanhuns|
美国|南达科他州|坎贝尔县|赫瑞德	United States|South Dakota|Campbell|Herreid
美国|新泽西州|格洛斯特|门罗镇区	United States|New Jersey|Gloucester|Monroe
厄瓜多尔|洛斯里奥斯省|乌尔达内塔县|里考尔特	Ecuador|Los Rios|Urdaneta|Licor
美国|宾夕法尼亚州|布拉福县|沃伦	United States|Pennsylvania|Bradford|Warren
卢森堡|卢森堡县|赫斯佩兰吉|	Luxembourg|Luxembourg County|Hesperange|
美国|马萨诸塞州|米德尔塞克斯县|雪莉	United States|Massachusetts|Middlesex|Sheri
巴西|帕拉州|卡斯卡韦尔|维拉托伦蒂诺	Brazil|Para|Cascavel|Vila Tontino
美国|科罗拉多州|菲利普斯|霍利奥克	United States|Colorado|Phillips|Holyoke
美国|宾夕法尼亚州|阿利根尼县|马歇尔	United States|Pennsylvania|Allegheny|McKeesport
巴西|塞尔希培州|圣米格尔杜阿莱舒|	Brazil|Sergipe|São Miguel do Aleixo|
巴西|圣保罗州|坎皮纳斯|瓦林霍斯	Brazil|Sao Paulo|Campinas|Valinhos
美国|密歇根州|沃什特瑙|苏必利尔	United States|Michigan|Worcester|Sublime
美国|宾夕法尼亚州|哥伦比亚县|米夫林	United States|Pennsylvania|Columbia County|Mifflin
巴西|巴伊亚州|阿拉萨斯|	Brazil|Bahia|Alagoas|
美国|威斯康星州|希博伊根县|科勒	United States|Wisconsin|Hibbing|Coler
美国|亚拉巴马州|拉塞尔|凤凰城	United States|Alabama|Russell|Phenix City
巴西|圣保罗州|圣弗朗西斯科|	Brazil|Sao Paulo|Sao Francisco|
美国|华盛顿州|基沙普|锡尔弗代尔	United States|Washington|Kitsap|Silverdale
南非|豪登省|约翰内斯堡市大都会自治市|桑顿	South Africa|Gauteng|Johannesburg|Sandton
美国|弗吉尼亚州|切斯特菲尔德县|中洛锡安	United States|Virginia|Chesterfield|Midlothian
美国|佛罗里达州|奥卡卢萨县|华尔顿堡滩	United States|Florida|Okaloosa|Walton
菲律宾|马尼拉都会区|马卡蒂市|MK2数据中心	Philippines|Metro Manila|Makati|MK2 Data Center
美国|俄亥俄州|伊利县|桑达斯基	United States|Ohio|Erie|Sandusky
南非|豪登省|艾古莱尼市大都会自治市|	South Africa|Gauteng|City of Ekurhuleni Metropolitan Municipality|
巴西|圣卡塔琳娜州|帕略萨|佩德拉布兰	Brazil|Santa Catarina|Palhoça|Pedra Branca
加拿大|西北地区|史密斯堡|耶洛奈夫	Canada|Northwest Territories|Smiths Falls|Yellowknife
美国|亚利桑那州|纳瓦霍|泰勒	United States|Arizona|Navajo|Tayler
南非|夸祖鲁－纳塔尔省|伊莱姆贝区自治市|巴利托	South Africa|KwaZulu-Natal|eThekwini|Ballito
美国|内布拉斯加州|道格拉斯|埃尔克霍恩	United States|Nebraska|Douglas|Elkhorn
中国|黑龙江齐齐哈尔||	China|Qiqihar||
巴西|塞阿拉州|福塔莱萨|港口码头	Brazil|Ceará|Fortaleza|Port
美国|亚利桑那州|马里科帕|喷泉山	United States|Arizona|Maricopa|Fountain Hills
中国|江苏|苏州吴县|	China|Jiangsu|Suzhou Wuxian|
巴西|巴拉那州|萨利诺波利斯|	Brazil|Parana|Salinopolis|
巴西|圣卡塔琳娜州|纳韦甘蒂斯|	Brazil|Santa Catarina|Navegantes|
巴西|帕拉州|安佩雷|	Brazil|Pará|Anapuru|
加拿大|艾伯塔省||	Canada|Alberta||
中国|广东|广州|花都区新华镇	China|Guangdong|Guangzhou|Huadu
中国|湖南|永州|东安县	China|Hunan|Yongzhou|Dongan
韩国|首尔||	South Korea|Seoul||
美国|马里兰州|卡洛尔|曼彻斯特	United States|Maryland|Baltimore|Manchester
巴西|里约热内卢州|圣安东尼奥－迪帕杜瓦|	Brazil|Rio de Janeiro|Santo Antonio de Padua|
秘鲁|安卡什大区|瓦拉斯|	Peru|Ancash|Huaraz|
新加坡|中区|大巴窑|	Singapore|Central|Toa Payoh|
巴西|米纳斯吉拉斯州|马拉卡谢塔|	Brazil|Minas Gerais|Maracacheta|
阿根廷|科尔多瓦省|科隆县|安奎洛	Argentina|Cordoba|Colon|Anisacate
中国|安徽明光市||	China|Mingguang||
日本|北海道||	Japan|Hokkaido||
中国|浙江|温州|平阳县萧江镇	China|Zhejiang|Wenzhou|Pingyang
中国|重庆|重庆北倍区|	China|Chongqing|Beibei|
日本|宫城县||	Japan|Miyagi||
巴勒斯坦|加沙省||	Palestine|Gaza||
中国|吉林|通化|梅河口市山城镇	China|Jilin|Tonghua|Meihekou
中国|河北|张家口|桥东区	China|Hebei|Zhangjiakou|Qiaodong
德国|北莱茵|威斯特法伦州|博尔肯	Germany|North Rhine-Westphalia|Wesel|Borken
俄罗斯|阿尔泰边疆区|巴尔瑙尔|	Russia|Altai Krai|Barnaul|
中国|浙江|温州|平阳县鳌江镇	China|Zhejiang|Wenzhou|Pingyang Aojiang
德国|北莱茵－威斯特法伦州|博尔肯|格罗瑙	Germany|North Rhine-Westphalia|Borken|Gronau
巴西|圣保罗州|库巴唐|	Brazil|Sao Paulo|Cubatao|
哥伦比亚|昆迪纳马卡省|卡布雷拉|	Colombia|Quindío|Calarcá|
中国|天津|天津南天区|	China|Tianjin|Nantian District|
中国|山西|太原山西工商学院|	China|Shanxi|Taiyuan|
以色列|特拉维夫区|荷兹利亚皮图阿|	Israel|Tel Aviv|Hazlia Pevua|
伯利兹|卡约区|贝尔莫潘|	Belize|Cayo|Belmopan|
中国|河北|张家口|康保县	China|Hebei|Zhangjiakou|Kangbao
中国|重庆|重庆南崖区|	China|Chongqing|Nanya|
西班牙|卡斯蒂利亚－莱昂自治区|布尔戈斯省|布尔戈斯	Spain|Castile and León|Burgos|Burgos
土耳其|伊斯坦布尔省|巴切利耶夫勒区|	Turkey|Istanbul|Bakirkoy|
英国|英格兰|莱斯特|	United Kingdom|England|Leicester|
巴西|巴拉那州|索里|	Brazil|Parana|Sao Jose dos Pinhais|
巴西|伯南布哥州|累西腓|巴罗	Brazil|Pernambuco|Recife|Barro
墨西哥|特拉斯卡拉州|特拉斯科|	Mexico|Tlaxcala|Tlaxco|
意大利|皮埃蒙特大区|比耶拉|	Italy|Piedmont|Biella|
加拿大|曼尼托巴省|第7普查区|布兰登	Canada|Manitoba|Division No. 7|Brandon
美国|明尼苏达州|克莱县|穆尔黑德	United States|Minnesota|Clay|Moorhead
美国|马萨诸塞州|米德尔塞克斯县|马尔登	United States|Massachusetts|Middlesex|Malden
墨西哥|恰帕斯州|皮希希亚潘|	Mexico|Chiapas|Pichucalco|
墨西哥|瓦哈卡州|旧金山拉奇戈洛|	Mexico|Chihuahua|Ciudad Juárez|
德国|勃兰登堡州||	Germany|Brandenburg||
美国|马萨诸塞州|米德尔塞克斯县|温彻斯特	USA|Massachusetts|Middlesex|Winchester
美国|亚拉巴马州|派克|特洛伊	United States|Alabama|Pike|Troy
美国|新罕布什尔州|希尔斯伯勒县|林德伯勒	United States|New Hampshire|Hillsborough|Londonderry
荷兰|德伦特省|霍赫芬|	Netherlands|Drenthe|Hoogeveen|
阿根廷|圣胡安省||	Argentina|San Juan||
哥伦比亚|安蒂奥基亚省|圣安德烈斯岛|	Colombia|Antioquia|San Andrés|
意大利|皮埃蒙特|阿斯蒂|	Italy|Piedmont|Asti|
巴西|巴伊亚州|瓜南比|	Brazil|Bahia|Guarnambi|
中国|上海|上海虹梅南路108号|	China|Shanghai|No. 108 Hongmei South Road|
墨西哥|伊达戈州|伊斯米基尔潘|	Mexico|Hidalgo|Ixmiquilpan|
荷兰|上艾瑟尔省|奥尔登扎尔|	Netherlands|Overijssel|Oldenzaal|
瑞士|苏黎世州|阿福尔特恩区|	Switzerland|Solothurn|Affoltern|
中国|上海|上海|普陀区武宁路225号	China|Shanghai|Shanghai|Putuo District Wuning Road 225
中国|上海|上海|长宁区江苏北路30号	China|Shanghai|Shanghai|Changning Jiangsu North Road 30
巴西|米纳斯吉拉斯州|卡纳昂|	Brazil|Minas Gerais|Caná|
德国|北莱茵－威斯特法伦州|亚琛|阿尔斯多夫	Germany|North Rhine-Westphalia|Jama|Arnsdorf
中国|上海|上海|长宁区天山西路	China|Shanghai|Shanghai|Tianshan West Road, Changning
中国|上海|上海|黄浦区中华路1369号2/3楼	China|Shanghai|Shanghai|Huangpu
中国|上海|上海|徐汇区小木桥路	China|Shanghai|Shanghai|Xiaomuqiao Road, Xuhui District
美国|马萨诸塞州|米德尔塞克斯县|韦兰	United States|Massachusetts|Middlesex|Waltham
中国|上海|上海|杨浦区鞍山路101号2楼	China|Shanghai|Shanghai|Yangpu District Baoshan Road 101 2F
巴西|马托格罗索州|佩绍图－迪阿泽韦杜|	Brazil|Mato Grosso do Sul|Figueirão|
哥伦比亚|博亚卡省|萨沃亚|	Colombia|Boyaca|Sogamoso|
中国|江苏|徐州|邳州市民主路	China|Jiangsu|Xuzhou|Pizhou
中国|上海|上海|杨浦区控江路435号	China|Shanghai|Shanghai|Yangpu District Kongjiang Road No.435
中国|江苏|淮安海昌南路|	China|Jiangsu|Huai'an Haichang South Road|
中国|上海|上海|浦东新区龚路镇	China|Shanghai|Shanghai|Pudong New Area
中国|江苏|苏州天宁区新丰街|	China|Jiangsu|Tianning, Suzhou|
中国|上海|上海|奉贤区南桥镇	China|Shanghai|Shanghai|Fengxian
中国|上海|上海|静安区梅园路360号2层	China|Shanghai|Shanghai|Jing'an District Meiyuan Road 360 Lane 2nd Floor
中国|江苏|苏州|常熟市谢桥镇明晶村	China|Jiangsu|Suzhou|Changshu Xieqiao Mingjing
中国|福建|福州普安区|	China|Fujian|Fuzhou Pu'an|
中国|江苏|苏州|昆山市白塘路	China|Jiangsu|Suzhou|Kunshan Baitang Road
中国|江苏|苏州|常熟市谢桥镇新红村	China|Jiangsu|Suzhou|Xieqiao Town Xinhong Village, Changshu
中国|江苏|苏州|常熟市谢桥镇翻身村	China|Jiangsu|Suzhou|Changshu Xiejiao Fanshen
中国|江苏|苏州|常熟市谢桥镇勤丰村	China|Jiangsu|Suzhou|Xieqiao Zhen Qinfeng Village, Changshu
中国|上海|上海|宝山区三门路	China|Shanghai|Shanghai|Baoshan Sanmen Road
中国|福建|福州华林路84号|	China|Fujian|84 Hualin Road, Fuzhou|
中国|上海|上海|虹口区海轮路178号	China|Shanghai|Shanghai|Hailun Road 178, Hongkou
中国|江苏|苏州|常熟市谢桥镇方浜村	China|Jiangsu|Suzhou|Fangta Village, Xieqiao Town, Changshu
中国|江苏|苏州|常熟市谢桥镇常福村	China|Jiangsu|Suzhou|Xieqiao, Changshu
中国|福建|厦门湖滨南路国贸大厦三楼|	China|Fujian|Hubin South Road, Guomao Building, 3F|
中国|江苏|苏州|常熟市谢桥镇毛桥村	China|Jiangsu|Suzhou|Changshu Xiejiao Maoqiao
中国|江苏|苏州|昆山市学院路828号	China|Jiangsu|Suzhou|828 Xueyuan Road, Kunshan
中国|福建|厦门|集美区岑西路127号	China|Fujian|Xiamen|127 Xingxi Road, Jimei
中国|江苏|苏州|昆山市紫足路	China|Jiangsu|Suzhou|Zizhu Road, Kunshan
中国|江苏|苏州|常熟市谢桥镇永红村	China|Jiangsu|Suzhou|Yonghong Village, Xieqiao Town, Changshu
中国|江苏|苏州|常熟市谢桥镇福圩村	China|Jiangsu|Suzhou|Changshu
中国|福建|厦门|集美区石鼓路88号联丰商场二层	China|Fujian|Xiamen|Jimei District, Shigu Road No. 88 Lianfeng Mall Second Floor
中国|黑龙江|鹤岗|宝泉岭垦区垦区	China|Heilongjiang|Hegang|Baoquanling
中国|福建|厦门厦禾路1122号假日商城B栋三楼|	China|Fujian|Xiamen Huli Road No. 1122 Holiday Square Building B 3rd Floor|
中国|福建|三明|宁化县	China|Fujian|Sanming|Ninghua
中国|福建|厦门后埭溪路128|	China|Fujian|Xiamen Houkeng Xi Road 128|
中国|福建|福州东街59号三山大厦|	China|Fujian|Sanshan Building, 59 Fuzhou East Road|
中国|四川|阿坝|松潘县	China|Sichuan|Aba|Songpan
中国|福建|福州|长乐区北路111号	China|Fujian|Fuzhou|Changle District North Road No. 111
中国|福建|龙岩|永定区电信/	China|Fujian|Longyan|Yongding
中国|江苏|苏州|昆山市北门路593号	China|Jiangsu|Suzhou|No. 593, Beimen Road, Kunshan
中国|福建|厦门|湖里区园山南路	China|Fujian|Xiamen|Hu Li
中国|福建|厦门|翔安区马巷镇巷南路157号	China|Fujian|Xiamen|Xiang'an District Matting Town Xiangnan Road 157
中国|福建|厦门湖滨南路亿宝大厦|	China|Fujian|Yi Bao Da Sha, Xiamen Hubin South Road|
中国|福建|泉州|洛江区	China|Fujian|Quanzhou|Luojiang
中国|福建|厦门|翔安区新店镇	China|Fujian|Xiamen|Xiang'an Xindian
中国|福建|厦门嘉禾路610-614号|	China|Fujian|No. 610-614 Jiahe Road, Xiamen|
中国|福建|厦门杏林区|	China|Fujian|Xiamen|
中国|福建|厦门|海沧区海旺路71号	China|Fujian|Xiamen|Haiwan Road No.71, Haicang District
中国|安徽|铜陵|义安区	China|Anhui|Tongling|Yi'an
中国|安徽|合肥|庐阳区	China|Anhui|Hefei|Luyang
中国|宁夏|石嘴山石嘴山区|	China|Ningxia|Shizuishan|
中国|安徽|黄山|徽州区	China|Anhui|Huangshan|Huizhou
中国|福建|泉州|南安市溪美镇	China|Fujian|Quanzhou|Ximei Town
中国|福建|厦门后埭溪路102号之13E|	China|Fujian|No. 13E, 102 Houdixi Road, Xiamen|
中国|福建|厦门|翔安区大嶝镇	China|Fujian|Xiamen|Xiang'an Dadeng
中国|安徽|宿州|埇桥区	China|Anhui|Suzhou|Dangshan
中国|福建|厦门湖里海天路1|	China|Fujian|Haitian Road 1, Huli, Xiamen|
中国|广东|江门|台山市新会区	China|Guangdong|Jiangmen|Xinhui
中国|黑龙江|鹤岗|工农区	China|Heilongjiang|Hegang|Gongnong
中国|黑龙江|大兴安岭|呼玛县	China|Heilongjiang|Daxinganling|Huma
中国|黑龙江|哈尔滨嫩江县|	China|Heilongjiang|Yanjiang|
中国|辽宁|锦州|凌河区	China|Liaoning|Jinzhou|Linghe
中国|四川|乐山|沙湾区	China|Sichuan|Leshan|Shawan
中国|黑龙江|伊春桃山区|	China|Heilongjiang|Tao|
中国|黑龙江|齐齐哈尔|昂昂溪区	China|Heilongjiang|Qiqihar|Ang'angxi
中国|黑龙江|绥化兰溪县|	China|Heilongjiang|Suihua Lanxi|
中国|黑龙江|哈尔滨|方正县	China|Heilongjiang|Harbin|Fangzheng
中国|黑龙江|哈尔滨动力区|	China|Heilongjiang|Dongli|
中国|山东|枣庄|山亭区	China|Shandong|Zaozhuang|Shanting
中国|山东|日照|岚山区	China|Shandong|Rizhao|Lanshan
中国|黑龙江|哈尔滨铁锋区|	China|Heilongjiang|Tiefeng|
中国|河南|南阳|卧龙区	China|Henan|Nanyang|Wolong
中国|广西|贵港|港北区	China|Guangxi|Guigang|Gangbei
中国|黑龙江|齐齐哈尔|梅里斯达斡尔族区	China|Heilongjiang|Qiqihar|Meilisi Daur
中国|广西|梧州|藤县藤城镇	China|Guangxi|Wuzhou|Tengcheng Town
中国|内蒙古|乌海|海南区	China|Inner Mongolia|Wuhai|Hainan
中国|广东|韶关|浈江区	China|Guangdong|Shaoguan|Qujiang
中国|吉林|吉林|丰满区	China|Jilin|Jilin|Fengman
中国|云南|临沧|永德县	China|Yunnan|Lincang|Yongde
中国|辽宁|大连普兰店|	China|Liaoning|Dalian Pulandian|
中国|吉林|白山碧莹山|	China|Jilin|Fusong|
中国|山西|太原|晋源区	China|Shanxi|Taiyuan|Jinyuan
中国|河南|郑州|新郑市龙湖镇	China|Henan|Zhengzhou|Longhu
中国|河南|郑州|巩义市小关镇	China|Henan|Zhengzhou|Xiaoguan Town
中国|云南|普洱|宁洱哈尼族彝族自治县	China|Yunnan|Pu'er|Ningjiang Hani and Yi Autonomous County
中国|吉林延边天||	China|Yanbian||
中国|吉林|四平|铁东区	China|Jilin|Siping|Tiedong
中国|湖南|株洲|炎陵县	China|Hunan|Zhuzhou|Yanling
中国|云南|昭通水富县|	China|Yunnan|Zhaotong Shuifu|
中国|吉林|白山靖宇矿泉城|	China|Jilin|Jingyu|
中国|福建|漳州|南靖县	China|Fujian|Zhangzhou|Nanjing
中国|河南|焦作|解放区	China|Henan|Jiaozuo|Jiefang
中国|吉林|吉林|光华路	China|Jilin|Jilin|Guanghua Road
中国|湖南|湘西|吉首市商业城	China|Hunan|Xiangxi|Jishou Commercial City
中国|湖南|湘西|吉首市凤凰县	China|Hunan|Xiangxi|Fenghuang
中国|湖南|湘西|古丈县	China|Hunan|Xiangxi|Guzhang
中国|湖南|株洲|石峰区	China|Hunan|Zhuzhou|Shifeng
中国|湖南|郴州炎陵县|	China|Hunan|Yanling|
中国|天津|天津|武清区杨村镇	China|Tianjin|Tianjin|Wuqing
中国|四川|德阳孝泉|	China|Sichuan|Deyang Xiaolin|
中国|湖南|株洲|荷塘区	China|Hunan|Zhuzhou|Hetang
中国|湖南|常德|汉寿县蒋家嘴镇	China|Hunan|Changde|HanShou
中国|云南|德宏|盈江县	China|Yunnan|Dehong|Yingjiang
中国|湖南|邵阳|武冈市	China|Hunan|Shaoyang|Wugang
中国|湖南|株洲|芦淞区	China|Hunan|Zhuzhou|Lusong
中国|云南|普洱|孟连傣族拉祜族佤族自治县	China|Yunnan|Pu'er|Menglian
中国|江西|上饶|横峰县	China|Jiangxi|Shangrao|Hengfeng
中国|湖南|湘西|吉首市花垣县	China|Hunan|Xiangxi|Jishou Huayuan
中国|湖南|湘西|吉首市红旗门	China|Hunan|Xiangxi|Hongqimen
中国|湖南|长沙|望城区	China|Hunan|Changsha|Wangcheng
中国|四川|内江|市中区	China|Sichuan|Neijiang|Shizhong
中国|江西|宜春建水县|	China|Jiangxi|Yichun|
中国|天津|天津武情区|	China|Tianjin|Wuqing|
中国|四川|宜宾|筠连县	China|Sichuan|Yibin|Junlian
中国|四川|阿坝|汶川县	China|Sichuan|Aba|Wenchuan
中国|四川|遂宁|大英县	China|Sichuan|Suining|Daying
中国|上海|上海|宝山区月浦镇	China|Shanghai|Shanghai|Baoshan
中国|贵州|遵义|绥阳县	China|Guizhou|Zunyi|Suiyang
中国|江苏|连云港|连云区	China|Jiangsu|Lianyungang|Lianyun
中国|新疆|克孜勒苏|阿图什市	China|Xinjiang|Kizilsu|Artux
中国|重庆|重庆|江北区龙溪镇	China|Chongqing|Chongqing|Longxi Town
中国|陕西|汉中|宁强县	China|Shaanxi|Hanzhong|Ningqiang
中国|江苏|无锡|宜兴市丁蜀镇	China|Jiangsu|Wuxi|Yixing
中国|陕西|安康|汉阴县	China|Shaanxi|Ankang|Hanyin
中国|贵州|安顺|西秀区	China|Guizhou|Anshun|Xixiu
中国|陕西|延安|吴起县	China|Shaanxi|Yan'an|Wuqi
中国|四川|巴中|南江县	China|Sichuan|Bazhong|Nanjiang
中国|青海|海东|平安区	China|Qinghai|Haidong|Ping'an
中国|陕西|西安欧亚学院|	China|Shaanxi|Xi'an Ouyaxueyuan|
中国|四川|自贡黄市镇|	China|Sichuan|Zigong|
中国|湖北|武汉武汉区|	China|Hubei|Wuhan|
中国|辽宁|锦州|太和区	China|Liaoning|Jinzhou|Taihe
中国|湖南|湘西|吉首市文艺路	China|Hunan|Xiangxi|Jishou Wenyi Road
中国|青海|海北|门源回族自治县	China|Qinghai|Haibei|Menyuan Hui Autonomous County
中国|湖北武汉大学||	China|Wuhan University||
中国|四川|攀枝花|东区	China|Sichuan|Panzhihua|Dong
中国|山东济南/青岛市||	China|Shandong||
中国|福建|莆田江口镇|	China|Fujian|Jiangkou|
中国|广西|南宁邕宁县|	China|Guangxi|Nanning|
中国|湖北|鄂州|华容区	China|Hubei|Ezhou|Huarong
韩国|首尔特别市|东大门区|	South Korea|Seoul|Dongdaemun|
中国|河南|南阳师院|	China|Henan|Nanyangshi|
中国|陕西|商洛|商南县	China|Shaanxi|Shangluo|Shangnan
中国|四川|广安|武胜县沿口镇	China|Sichuan|Guang'an|Yankou Town, Wusheng County
中国|北京|北京玄武区|	China|Beijing|Xuanwu|
中国|台湾金门市||	China|Kinmen||
中国|广西|河池|东兰县	China|Guangxi|Hechi|Donglan
中国|贵州贵州市||	China|Guizhou Guizhou||
中国|广西|河池|凤山县	China|Guangxi|Hechi|Fengshan
韩国|全罗北道||	South Korea|North Jeolla||
中国|河南|焦作西关县|	China|Henan|Jiaozuo Xiguan|
中国|河北|保定新市区|	China|Hebei|Baoding Xinshi|
中国|台湾屏东市||	China|Taiwan Pingtung||
中国|河北|保定|望都县	China|Hebei|Baoding|Wangdu
中国|辽宁|阜新大东区|	China|Liaoning|Fuxin Dadong|
中国|山东潍坊学院||	China|Shandong Weifang College||
中国|台湾台东市||	China|Taitung||
中国|河南|漯河|郾城区	China|Henan|Luohe|Yancheng
中国|福建|南平|延平区	China|Fujian|Nanping|Yanping
中国|云南|普洱|思茅区	China|Yunnan|Pu'er|Simao
中国|黑龙江|牡丹江香坊区|	China|Heilongjiang|Xiangfang|
中国|云南|楚雄|武定县	China|Yunnan|Chuxiong|Wuding
日本|兵库县||	Japan|Hyogo||
日本|大阪府|松原|	Japan|Osaka|Matsubara|
中国|福建福州/厦门市||	China|Fuzhou/Xiamen||
中国|福建|三明|清流县	China|Fujian|Sanming|Qingliu
中国|广东|广州|花都区炭步镇	China|Guangdong|Guangzhou|Huadu
中国|台湾苗栗市||	China|Taiwan Miaoli||
中国|西藏|拉萨|曲水县	China|Xizang|Lhasa|Qushui
中国|贵州|黔南|长顺县	China|Guizhou|Qiannan|Changshun
中国|江西|宜春|袁州区	China|Jiangxi|Yichun|Yuanzhou
中国|湖南|怀化|芷江侗族自治县	China|Hunan|Huaihua|Zhijiang Dong Autonomous County
中国|云南|楚雄|元谋县	China|Yunnan|Chuxiong|Yuanmou
中国|新疆|乌鲁木齐|达坂城区	China|Xinjiang|Urumqi|Dabancheng
中国|湖南|张家界|武陵源区	China|Hunan|Zhangjiajie|Wulingyuan
中国|安徽|合肥临泉县|	China|Anhui|Hefei Lingquan|
中国|云南|西双版纳|勐海县	China|Yunnan|Xishuangbanna|Menghai
中国|宁夏|固原|彭阳县	China|Ningxia|Guyuan|Pengyang
中国|浙江|舟山|嵊泗县	China|Zhejiang|Zhoushan|Daishan
中国|山东|东营垦利县|	China|Shandong|Kenli|
中国|西藏|拉萨|当雄县	China|Tibet|Lhasa|Dangxiong
中国|辽宁|大连东北财经大学|	China|Liaoning|Dongbei University of Finance and Economics|
中国|辽宁|葫芦岛|连山区	China|Liaoning|Huludao|Lianshan
中国|四川|自贡|沿滩区	China|Sichuan|Zigong|Yantan
中国|云南|昭通|永善县	China|Yunnan|Zhaotong|Yongshan
中国|黑龙江|牡丹江|爱民区	China|Heilongjiang|Mudanjiang|Aimin
中国|青海|海南|共和县	China|Qinghai|Hainan|Gonghe
中国|辽宁|本溪|南芬区	China|Liaoning|Benxi|Nanfen
中国|云南|大理|南涧彝族自治县	China|Yunnan|Dali|Nanjian Yi Autonomous County
中国|西藏|山南乃东区|	China|Tibet|Shannan Naidong|
中国|云南|红河哈尼族彝族自治州砚山县|	China|Yunnan|Honghe Hani and Yi Autonomous Prefecture|
中国|云南|怒江|泸水市	China|Yunnan|Nujiang|Lushui
中国|四川|凉山|会东县	China|Sichuan|Liangshan|Huidong
中国|黑龙江|哈尔滨道理区|	China|Heilongjiang|Daoli|
中国|宁夏|中卫城关区|	China|Ningxia|Zhongwei Chengguan|
中国|黑龙江|齐齐哈尔铁峰区|	China|Heilongjiang|Tiefeng|
中国|黑龙江|哈尔滨|松北区	China|Heilongjiang|Harbin|Songbei
中国|新疆|双河|	China|Xinjiang|Shuanghe|
中国|内蒙古|呼和浩特|清水河县	China|Inner Mongolia|Hohhot|Qingshuihe
中国|黑龙江|黑河|爱辉区	China|Heilongjiang|Heihe|Aihui
中国|新疆巴音郭勒||	China|Bayingolin||
中国|黑龙江|齐齐哈尔香坊区|	China|Heilongjiang|Xiangfang|
中国|西藏|拉萨|林周县	China|Tibet|Lhasa|Linzhou
中国|辽宁|葫芦岛|南票区	China|Liaoning|Huludao|Nanpiao
中国|山东|潍坊|寒亭区	China|Shandong|Weifang|Hanting
中国|重庆|重庆壁山县|	China|Chongqing|Bishan|
中国|河南|安阳|龙安区	China|Henan|Anyang|Long'an
中国|四川|甘孜|九龙县	China|Sichuan|Ganzi|Jiulong
中国|广东|广州华南师范大学大学城校区|	China|Guangdong|Guangzhou|
中国|陕西|安康|石泉县	China|Shaanxi|Ankang|Shiquan
中国|黑龙江|牡丹江|西安区	China|Heilongjiang|Mudanjiang|Xi'an
中国|山东|滨州博兴市|	China|Shandong|Binzhou Boxing|
中国|吉林延边||	China|Jilin Yanbian||
中国|黑龙江|哈尔滨香纺区|	China|Heilongjiang|Xiangfang|
中国|湖北|随州|随县	China|Hubei|Suizhou|Sui
中国|上海|上海南桥区|	China|Shanghai|Nanqiao|
中国|山东|德州张店区|	China|Shandong|Dezhou Zhangdian|
中国|吉林泉阳市||	China|Jilin|Quanyang|
中国|云南|大理|鹤庆县	China|Yunnan|Dali|Heqing
中国|广西|贺州|钟山县	China|Guangxi|Hezhou|Zhongshan
中国|云南|楚雄|双柏县	China|Yunnan|Chuxiong|Shuangbai
中国|云南|楚雄|大姚县	China|Yunnan|Chuxiong|Yao'an
中国|黑龙江|哈尔滨鹤岗区|	China|Heilongjiang|Harbin|
中国|山东|枣庄高新区|	China|Shandong|Zaozhuang High-tech Zone|
中国|福建|龙岩|上杭县	China|Fujian|Longyan|Shanghang
中国|河南固始县||	China|Gushi||
中国|四川|自贡仙市镇|	China|Sichuan|Zigong|
中国|四川|自贡盐滩区|	China|Sichuan|Zigong Yantan|
中国|四川|自贡瓦市镇|	China|Sichuan|Zigong|
中国|四川|资阳|雁江区	China|Sichuan|Ziyang|Yanjiang
中国|四川|遂宁|蓬溪县赤城镇	China|Sichuan|Suining|Chicheng Town
澳大利亚|北领地||	Australia|Northern Territory||
未分配地址|||	Unassigned Address|||
中国|重庆|重庆石桥铺地区|	China|Chongqing|Shiqiaopu|
中国|安徽|黄山|黟县	China|Anhui|Huangshan|Yi County
中国|四川|自贡富全|	China|Sichuan|Zigong|
中国|湖南|邵阳|大祥区	China|Hunan|Shaoyang|Daxiang
日本|北海道|美幌町|	Japan|Hokkaido|Bifuka|
中国|台湾|台南县|	China|Taiwan|Tainan|
德国|黑森州||	Germany|Hesse||
中国|四川|凉山彝族自治州甘洛县|	China|Sichuan|Ganluo|
美国|密歇根州|韦恩|布朗斯敦特许镇区	United States|Michigan|Warren|Brownstown Charter Township
中国|湖南|怀化|靖州苗族侗族自治县县	China|Hunan|Huaihua|Jingzhou Miao and Dong Autonomous County
加拿大|安大略省|达拉谟|阿贾克斯	Canada|Ontario|Darlington|Ajax
中国|云南|保山|腾冲市	China|Yunnan|Baoshan|Tengchong
美国|伊利诺伊州|莱克|莱克福里斯特	USA|Illinois|Lake|Lake Forest
美国|弗吉尼亚州|斯塔福德县|	United States|Virginia|Stafford|
卢森堡|卢森堡县|康特恩|	Luxembourg|Luxembourg|Canton|
中国|四川|自贡永安镇|	China|Sichuan|Zigong Yong'an Zhen|
美国|马萨诸塞州|巴恩斯特布尔县|	United States|Massachusetts|Barnstable|
中国|辽宁|阜新|阜新蒙古族自治县	China|Liaoning|Fuxin|Fuxin Mongol Autonomous County
墨西哥|索诺拉州|卡杰姆|奥夫雷贡城	Mexico|Sonora|Cajeme|Obregón
美国|宾夕法尼亚州|特拉华县|切斯特	United States|Pennsylvania|Wayne|Chester
美国|加利福尼亚州|圣迭戈|兰乔圣达菲	United States|California|San Diego|La Jolla
加拿大|安大略省|斯托蒙特－邓达斯－格伦加里|康沃尔	Canada|Ontario|Stormont-Dundas-Glengarry|Cornwall
美国|纽约州|萨拉托加|尔斯顿温泉	United States|New York|Saratoga Springs|Earlston
美国|俄亥俄州|蒙哥马利县|恩格尔伍德	United States|Ohio|Montgomery|Englewood
美国|加利福尼亚州|埃尔多拉多|戴蒙德斯普林斯	United States|California|El Dorado|Diamond Springs
中国|海南|海口定安县|	China|Hainan|Haikou Ding'an|
中国|湖南|张家界|永定区	China|Hunan|Zhangjiajie|Yongding
美国|马里兰州|蒙哥马利|波托马克	United States|Maryland|Baltimore City|Potomac
美国|新泽西州|大西洋|汉密尔顿镇区	United States|New Jersey|Atlantic|Hamilton Township
美国|华盛顿州|斯波坎|米德	United States|Washington|Spokane|Spokane
美国|加利福尼亚州|圣迭戈|雷蒙娜	United States|California|San Diego|Ramona
美国|加利福尼亚州|阿拉梅达|	USA|California|Alameda|
美国|威斯康星州|门罗县|托马	United States|Wisconsin|Monroe|Toma
美国|马萨诸塞州|埃塞克斯县|哈弗希尔	United States|Middlesex|Essex|Harvard
美国|田纳西州|布朗特县|路易斯维尔	United States|Tennessee|Blount|Louisville
美国|新墨西哥州|埃迪县|卡尔斯巴德	United States|New Mexico|Eddy|Carlsbad
巴拿马|巴拿马省|巴拿马区|奥巴里奥	Panama|Panama|Panama|Obarrio
美国|德克萨斯州|福遍（本德堡）|舒格兰	United States|Texas|Fort Worth|Sugar Land
美国|内华达州|克拉克|哈里·里德国际机场	USA|Nevada|Clark|Harry Reid International Airport
美国|马里兰州|巴尔的摩市|柯蒂斯湾	United States|Maryland|Baltimore|Curtis Bay
美国|俄亥俄州|阿士塔布拉县|奥斯汀堡	United States|Ohio|Ashtabula|Osnaburg
美国|马萨诸塞州|诺福克县|韦尔斯利	United States|Massachusetts|Norfolk|Wellesley
美国|加利福尼亚州|圣马特奥|西门洛帕克	United States|California|San Mateo|West Menlo Park
美国|德克萨斯州|里夫斯|佩科斯	United States|Texas|Leves|Pecos
美国|德克萨斯州|格雷森|丹尼森	United States|Texas|Grayson County|Denison
美国|宾夕法尼亚州|巴特勒县|兰开斯特	USA|Pennsylvania|Butler|Lancaster
美国|德克萨斯州|伊达尔戈|唐娜	United States|Texas|Irving|Donna
美国|马里兰州|巴尔的摩|斯帕克斯	United States|Maryland|Baltimore|Sparks
墨西哥|墨西哥城|米格尔·伊达尔戈区|科洛尼亚改革社会	Mexico|Mexico City|Miguel Hidalgo|Colonia Reforma Social
美国|俄克拉荷马州|林肯|达文波特	United States|Oklahoma|Lincoln|Davidson
美国|乔治亚州|比布|梅肯	USA|Georgia|Bibb|Macon
美国|马里兰州|巴尔的摩|霍尔索普	United States|Maryland|Baltimore|Holthorp
美国|印第安纳州|圣约瑟夫|圣母院	United States|Indiana|South Bend|Notre Dame
美国|马里兰州|巴尔的摩|米尔福德米尔	United States|Maryland|Baltimore|Milford Mill
美国|德克萨斯州|瓜达卢佩|马里恩	United States|Texas|Guadalupe|Marion
美国|宾夕法尼亚州|特拉华县|布林莫尔	USA|Pennsylvania|Tioga|Blossburg
美国|宾夕法尼亚州|特拉华县|埃迪斯通	United States|Pennsylvania|Tioga|Edison
墨西哥|瓜纳华托州|瓜纳华托|	Mexico|Guanajuato|Guanajuato|
美国|路易斯安那州|圣詹姆斯|修道院	United States|Louisiana|Saint James|Convent
美国|德克萨斯州|布拉佐里亚|弗里波特	United States|Texas|Brazoria|Freeport
美国|宾夕法尼亚州|蒙哥马利县|上都柏林乡	United States|Pennsylvania|Montgomery|Upper Dublin Township
美国|特拉华州|纽卡斯尔郡|贝尔	United States|Delaware|New Castle|Bel
美国|路易斯安那州|杰佛逊|	United States|Louisiana|Jefferson|
美国|肯塔基州|埃斯蒂尔县|尔湾	United States|Kentucky|Estill|Irvine
美国|乔治亚州|麦克达菲|汤姆森	United States|Georgia|McDonough|Hampton
美国|宾夕法尼亚州|劳伦斯县|埃尔伍德城	United States|Pennsylvania|Lawrence|Ellwood City
美国|纽约州|苏福克|布里奇汉普顿	United States|New York|Suffolk|Bridgehampton
美国|纽约州|苏福克|哈帕克	United States|New York|Suffolk|Hauppauge
墨西哥|墨西哥州|瑙卡尔潘|阿尔斯·布兰科工业园	Mexico|Mexico State|Xicarl|Alz Blanco Industrial Park
美国|宾夕法尼亚州|特拉华县|上奇切斯特	United States|Pennsylvania|Lackawanna|South Abington Township
美国|威斯康星州|罗克县|埃文斯维尔	United States|Wisconsin|Rock|Evensville
美国|南卡罗来纳州|查尔斯顿县|	United States|South Carolina|Charleston|
美国|佛罗里达州|帕斯科县|霍勒迪	United States|Florida|Pasco|Holiday
墨西哥|墨西哥城|米格尔·伊达尔戈区|洛马斯德贝扎雷斯街区	Mexico|Mexico City|Miguel Hidalgo|Lomas de Bezares
美国|俄亥俄州|凯霍加县|布鲁克林高地	United States|Ohio|Kehoe|Brooklyn Heights
美国|罗得岛州|华盛顿县|埃克塞特	United States|Rhode Island|Washington|Exeter
美国|乔治亚州|费耶特|泰隆	United States|Georgia|Fayette|Tyrone
美国|德克萨斯州|哈里斯|海峡维尤	United States|Texas|Harris|Channelview
美国|德克萨斯州|蒙哥马利|波特	United States|Texas|Montgomery|Porter
美国|德克萨斯州|福遍（本德堡）|里奇蒙	United States|Texas|Fort Worth|Richmond
加拿大|安大略省|锡姆科|恩尼斯菲尔	Canada|Ontario|Simcoe|Nottawasaga
美国|弗吉尼亚州|汉诺威县|梅卡尼克斯维尔	United States|Virginia|Hanover|Mechanicsville
墨西哥|墨西哥城|米格尔·伊达尔戈区|洛马斯德查普尔特佩克	Mexico|Mexico City|Miguel Hidalgo|Lomas de Chapultepec
美国|西弗吉尼亚州|哈里森县|布里奇波特	United States|West Virginia|Harrison|Bridgeport
美国|亚利桑那州|希拉|佩森	United States|Arizona|Sierra Vista|Huachuca City
美国|加利福尼亚州|橙|圣胡安 － 卡皮斯特拉诺	United States|California|Orange|San Juan Capistrano
瑞士|楚格州|巴尔|	Switzerland|Zug|Baar|
加拿大|新斯科舍省|哈利法克斯|	Canada|Nova Scotia|Halifax|
墨西哥|哈利斯科州|玛格丽塔|	Mexico|Jalisco|Margarita|
比利时|布鲁塞尔－首都大区|伊克塞尔|	Belgium|Brussels-Capital|Ixelles|
美国|德克萨斯州|福遍（本德堡）|密苏里城	United States|Texas|Fort Worth|Missouri City
美国|纽约州|达奇斯|菲什基尔	United States|New York|Dutchess|Fishkill
美国|德克萨斯州|福遍（本德堡）|斯塔福德	United States|Texas|Fort Worth|Stafford
美国|密苏里州|杰克逊县|奥克格罗夫	United States|Missouri|Jackson|Oaktown Grove
美国|佛罗里达州|棕榈滩县|棕榈滩	United States|Florida|Palm Beach|Palm Beach
美国|佛罗里达州|迈阿密－戴德县|比斯坎湾	United States|Florida|Miami-Dade|Biscayne Bay
美国|德克萨斯州|福遍（本德堡）|罗森伯格	United States|Texas|Fort Worth|Rosenberg
美国|加利福尼亚州|约洛|戴维斯	United States|California|Yolo|Davis
美国|弗吉尼亚州|米德尔塞克斯县|基督城	United States|Virginia|Middlesex|Christchurch
美国|弗吉尼亚州|切斯特菲尔德县|切斯特	United States|Virginia|Chesterfield County|Chester
美国|田纳西州|史密斯县|迦太基	United States|Tennessee|Smith|Gatunki
瑞士|日内瓦州|勒利尼翁|	Switzerland|Geneva|Le Chenit|
墨西哥|哈利斯科州|特拉霍穆尔科·德·祖尼加|	Mexico|Hidalgo|Tlahuelilpan|
比利时|弗拉芒大区|弗拉芒布拉班特省|扎芬特姆	Belgium|Flemish Region|Flemish Brabant|Zaventem
英国|英格兰|贝德福德|	United Kingdom|England|Bedfordshire|
瑞士|沙夫豪森州|莱茵福尔河畔诺伊豪森|	Switzerland|Schaffhausen|Rheinau Noiya Husen|
比利时|布鲁塞尔－首都大区|圣吉尔|	Belgium|Brussels-Capital|Saint-Gilles|
意大利|坎帕尼亚|萨莱诺|圣玛丽娜	Italy|Campania|Salerno|Santa Marina
西班牙|瓦伦西亚自治区|阿利坎特省|卡特拉尔	Spain|Valencia|Alicante|Catral
德国|巴登－符腾堡州|奥斯塔尔伯县|埃辛根	Germany|Baden-Württemberg|Ostalbkreis|Aalen
德国|巴登－符腾堡州|内卡河畔埃斯林根|尼尔廷根	Germany|Baden-Wurttemberg|Esslingen am Neckar|Nurtingen
美国|俄克拉荷马州|克雷格|维尼塔	United States|Oklahoma|Craig|Vinita
德国|巴伐利亚州|慕尼黑|翁特弗灵	Germany|Bavaria|Munich|Unterföhring
瑞士|苏黎世州|格拉特布鲁格|	Switzerland|Solothurn|Grenchen|
英国|英格兰|泰恩－威尔|南泰恩赛德－博尔登	United Kingdom|England|Tyne and Wear|South Tyneside
德国|巴伐利亚州|克罗纳赫|普雷西格	Germany|Bavaria|Kronach|Pressig
意大利|拉齐奥|拉蒂纳|阿普里利亚	Italy|Lazio|Latina|Aprilia
美国|密苏里州|圣路易斯县|大学城	United States|Missouri|Saint Louis|University City
法国|布列塔尼|菲尼斯泰尔|斯卡尔	France|Brittany|Finistère|Scar
德国|黑森州|达姆施塔特|美因河畔吕塞尔斯海姆	Germany|Hesse|Darmstadt|Luesselsheim am Main
意大利|威尼托|维琴察|卡米萨诺·维琴蒂诺	Italy|Veneto|Vicenza|Camisano Vicentino
英国|英格兰|西柴郡与切斯特郡|切斯特	United Kingdom|England|Cheshire West and Chester|Chester
英国|英格兰|彼得伯勒|	UK|England|Peterborough|
法国|勃艮第－弗朗什－孔泰|贝尔福地区|沙特努瓦莱福日	France|Bourgogne-Franche-Comte|Belfort|Chatenois-les-Forges
意大利|利古里亚|热那亚|基亚瓦里	Italy|Liguria|Genoa|Chiavari
法国|奥弗涅－罗讷－阿尔卑斯|里昂大都会|	France|Auvergne-Rhône-Alpes|Lyon Metropolis|
西班牙|加泰罗尼亚自治区|赫罗纳省|卡斯特利－普拉特哈达罗	Spain|Catalonia|Lleida|Castell-Platja d'Aro
丹麦|首都大区|灵比－托拜克|孔根斯·林比	Denmark|Capital Region|Ribe-Tobæk|Kongens Lyngby
德国|北莱茵－威斯特法伦州|梅特曼|哈恩	Germany|North Rhine-Westphalia|Mettmann|Haan
荷兰|北荷兰省|哈莱默梅尔|史基浦	Netherlands|North Holland|Haarlem|Schiphol
意大利|伦巴第|蒙扎和布里安扎|阿格拉特·布里安扎	Italy|Lombardy|Monza e Brianza|Agrate Brianza
意大利|伦巴第|贝加莫|西塞拉诺	Italy|Lombardy|Bergamo|Seriano
英国|英格兰|北安普敦郡西|北安普敦郡西	United Kingdom|England|West Northamptonshire|West Northamptonshire
英国|英格兰|萨里|克罗伊登	United Kingdom|England|Sunderland|Croydon
英国|苏格兰|莫里|巴基	United Kingdom|Scotland|Moray|Buckie
英国|英格兰|布里斯托|	United Kingdom|England|Bristol|
英国|英格兰|白金汉郡|查方特圣彼得	United Kingdom|England|Buckinghamshire|St Peter Port
美国|密歇根州|萨吉诺|弗兰肯默斯	United States|Michigan|Saginaw|Frankenmuth
英国|北爱尔兰|德里市和斯特拉班|坎普西	United Kingdom|Northern Ireland|Derry and Strabane|Camphill
以色列|海法区|基里亚特拜力克|	Israel|Haifa|Kiryat Bialik|
意大利|托斯卡纳|比萨|克雷斯皮纳·洛伦扎纳	Italy|Tuscany|Pisa|Crespina Lorenzana
冰岛|首都区|科帕沃于尔|	Iceland|Capital Region|Kópavogur|
荷兰|北荷兰省|阿姆斯特丹|阿姆斯特丹东南	Netherlands|North Holland|Amsterdam|Amsterdam Southeast
英国|英格兰|北安普敦郡西|北安普敦	United Kingdom|England|West Northamptonshire|Northampton
英国|英格兰|拉特兰|阿平汉姆	United Kingdom|England|Rutland|Abingdon
意大利|托斯卡纳|佛罗伦萨|恩波利	Italy|Tuscany|Florence|Empoli
意大利|艾米利亚－罗马涅|博洛尼亚|伊莫拉	Italy|Emilia-Romagna|Bologna|Imola
拉脱维亚|文茨皮尔斯||	Latvia|Ventspils||
加拿大|安大略省|彼得伯勒|卡芬－莫纳汉	Canada|Ontario|Peterborough|Cavan–Monaghan
伊拉克|伊拉克库尔德斯坦|埃尔比勒|	Iraq|Kurdistan|Erbil|
卢森堡|梅尔施县|科尔马伯格|	Luxembourg|Mersch|Colmar-Berg|
波兰|罗兹省|沃维奇|	Poland|Łódź|Łowicz|
卢森堡|卢森堡县|伯特兰奇|	Luxembourg|Luxembourg|Bertrange|
意大利|伦巴第|蒙扎和布里安扎|维梅尔卡泰	Italy|Lombardy|Monza e Brianza|Vimercate
瑞典|斯德哥尔摩省|斯德哥尔摩市镇|斯卡霍尔门	Sweden|Stockholm|Stockholm|Skärholmen
瑞典|斯德哥尔摩省|斯德哥尔摩市镇|国王岛	Sweden|Stockholm|Stockholm|Kungsholmen
瑞典|斯德哥尔摩省|斯德哥尔摩市镇|奥斯特马尔姆	Sweden|Västra Götaland|Skövde|Ostermalm
英国|英格兰|布莱克浦|	United Kingdom|England|Blackpool|
英国|英格兰|大伦敦|肯辛顿－切尔西	United Kingdom|England|London|Kensington and Chelsea
巴巴多斯|圣迈克尔区|布里奇敦|	Barbados|Saint Michael|Bridgetown|
荷兰|北布拉班特省|斯海尔托亨博斯|	Netherlands|North Brabant|'s-Hertogenbosch|
爱尔兰|多尼戈尔郡|莱特肯尼|	Ireland|Donegal|Letterkenny|
意大利|弗留利－威尼斯朱利亚|帕森斯|	Italy|Friuli-Venezia Giulia|Pordenone|
英国|北爱尔兰|巴利德罗文|	United Kingdom|Northern Ireland|Ballydrowne|
意大利|威尼托|维罗纳|索马坎帕尼亚	Italy|Veneto|Verona|Sommacampagna
荷兰|南荷兰省|兰辛厄兰|布莱斯韦克	Netherlands|South Holland|Leiden|Boskoop
德国|勃兰登堡州|达梅－施普利瓦尔德县|舍内菲尔德	Germany|Brandenburg|Dahme-Spreewald|Schenefeld
博奈尔|博奈尔岛|克拉伦代克|	Bonaire|Bonaire Island|Kralendijk|
古巴|哈瓦那市||	Cuba|Havana||
瑞典|斯德哥尔摩省|斯德哥尔摩市镇|南马尔姆区	Sweden|Stockholm|Stockholm|Södermalm
科科斯群岛|西岛||	Kokos Islands|West Island||
中非共和国|班吉|班吉|	Central African Republic|Bangui|Bangui|
佛得角|普拉亚||	Bodh Gaya|Puri||
奥兰|玛丽港||	Aran|Moryde||
圣诞岛|飞鱼湾||	Christmas Island|Flying Fish Cove||
几内亚比绍|比绍自治区|比绍|	Guinea-Bissau|Bissau Autonomous Region|Bissau|
基里巴斯|吉尔伯特群岛|塔拉瓦|	Kiribati|Gilbert Islands|Tarawa|
福克兰群岛|斯坦利||	Falkland Islands|Stanley||
厄立特里亚|中部区|阿斯马拉分区|	Eritrea|Central Region|Asmara|
瑞士|纳沙泰尔州|欧特里夫|	Switzerland|Nidwalden|Otelfingen|
多米尼克|圣乔治区|罗索|	Dominica|Saint George|Roseau|
博茨瓦纳|东南区|哈博罗内|	Botswana|Southeast|Gaborone|
法罗群岛|托尔斯港||	Faroe Islands|Tórshavn||
马绍尔群岛|马朱罗||	Marshall Islands|Majuro||
英国|英格兰|威尔特郡|科舍姆	England|England|Wiltshire|Cosham
英国|英格兰|北安普敦郡西|达文特里	United Kingdom|England|Northamptonshire|Daventry
圣赫勒拿|圣赫勒拿|詹姆斯敦|	Saint Helena|Saint Helena|Jamestown|
莱索托|马塞卢区||	Lesotho|Maseru||
圣文森特和格林纳丁斯|圣乔治区|金斯敦|	Saint Vincent and the Grenadines|Saint George|Kingstown|
韩国|首尔特别市|江南区|	South Korea|Seoul|Gangnam|
库克群岛|阿瓦鲁阿||	Kun Islets|Avarua||
圣卢西亚|卡斯特里区||	Saint Lucia|Castries||
圣基茨和尼维斯|圣基茨|巴斯特尔|	Saint Kitts and Nevis|Saint Kitts|Basseterre|
圣马丁|马里戈特||	San Martin|Marigot||
刚果共和国|布拉柴维尔省|布拉柴维尔|	Republic of Congo|Brazzaville|Brazzaville|
蒙塞拉特|普利茅斯||	Montserrat|Plymouth||
布隆迪|基特加省|吉特加|	Burundi|Gitaga|Gitega|
玻利维亚|丘基萨卡省|奥罗佩萨省|苏克雷	Bolivia|Chuquisaca|Oropeza|Sucre
圣多美和普林西比|阿瓜格兰德县|圣多美|	Saint-Domingue and Principe|Aguadilla|Saint-Domingue|
科摩罗|大科摩罗岛|莫罗尼|	Comoros|Grande Comore|Moroni|
开曼群岛|乔治敦||	Kai Islands|Groot Kai||
中国|香港/中国|湖北|武汉/日本	China|Hong Kong/China|Hubei|Wuhan/Japan
瑙鲁|亚伦区||	Qorlu|Yalong District||
密克罗尼西亚|波纳佩|帕利基尔|	Micronesia|Pohnpei|Palikir|
纽埃|阿洛菲||	New York|Alofi||
北马里亚纳群岛|塞班||	Northern Mariana Islands|Saipan||
诺福克岛|金斯顿||	Norfolk Island|Kingston||
巴勒斯坦|拉马拉和比雷赫省||	Palestine|Ramallah and Al-Bireh||
皮特凯恩群岛|亚当斯敦||	Pitcairn Islands|Adamstown||
马约特|马穆楚||	Mayotte|Mamoudzou||
西撒哈拉|阿尤恩||	Western Sahara|Ayoune||
南非|豪登省|茨瓦内市大都会自治市|比勒陀利亚	South Africa|Gauteng|City of Johannesburg Metropolitan Municipality|Beyers Naude
新西兰|西岸大区|布勒郡|韦斯特波特	New Zealand|West Coast|Buller|Westport
塞舌尔|维多利亚||	Seychelles|Victoria||
新西兰|坎特伯雷大区|胡鲁努伊|汉默温泉	New Zealand|Canterbury|Hanmer Springs|Hanmer Springs
美国|佛罗里达州|奥兰治县|松山	United States|Florida|Orange|Pine Hills
圣巴泰勒米|古斯塔维亚||	Saint-Barthelemy|Gustavia||
中国|重庆||	China|Chongqing||
所罗门群岛|霍尼亚拉||	Solomon Islands|Honiara||
帕劳|梅莱凯奥克|恩吉鲁穆德|	Palau|Melekeok|Ngerulmud|
东帝汶|帝力区||	Dongdigang|Dili District||
新西兰|南地大区|戈尔郡|马陶拉	New Zealand|Southland|Gore|Mataura
瓦利斯和富图纳|乌韦阿|马塔乌图|	Wallis and Futuna|Uvea|Mata-Utu|
斯威士兰|霍霍|姆巴巴内|	Swaziland|Hhohho|Mbabane|
美属维尔京群岛|圣托马斯岛|夏洛特阿马利亚|	U.S. Virgin Islands|Saint Thomas|Charlotte Amalie|
新西兰|南地大区|南地郡|拉姆斯登	New Zealand|Southland|Southland|Ramsden
加拿大|艾伯塔省|第19普查区|大草原城	Canada|Alberta|Division No. 19|Grande Prairie
瓦努阿图|谢法省|维拉港|	Vanuatu|Shefa|Port Vila|
托克劳|努库诺努||	Tokelau|Nukunonu||
特克斯和凯科斯群岛|科伯恩镇||	Turks and Caicos Islands|Cockburn Town||
新西兰|普伦蒂湾大区|西普伦蒂湾郡|蒂普基	New Zealand|Bay of Plenty Region|Western Bay of Plenty District|Tepuke
新西兰|奥克兰大区|考卡帕卡帕|	New Zealand|Otago|Cocopara|
美国|田纳西州|戴尔县|纽伯恩	United States|Tennessee|Dyer|Newbern
加拿大|艾伯塔省|第2普查区|莱斯布里奇	Canada|Alberta|Division No. 2|Lethbridge
美国|夏威夷州|夏威夷县|威美亚	United States|Hawaii|Hawaii|Waimea
加拿大|艾伯塔省|第6普查区|艾尔德里	Canada|Alberta|Division No. 6|Airdrie
加拿大|艾伯塔省|第2普查区|布鲁克斯	Canada|Alberta|Division No. 2|Brooks
图瓦卢|富纳富提||	Touba|Fona Fouty||
加拿大|艾伯塔省|第8普查区|红鹿市	Canada|Alberta|Division No. 8|Red Deer
南极洲|麦克默多站||	Antarctica|McMurdo Station||
印度|中央邦|博帕尔县|	India|Madhya Pradesh|Bhopal|
加拿大|艾伯塔省|第8普查区|拉科姆	Canada|Alberta|Division No. 8|Lacombe
加拿大|艾伯塔省|第15普查区|坎莫尔	Canada|Alberta|Division No. 15|Canmore
加拿大|艾伯塔省|第12普查区|冷湖市	Canada|Alberta|Division No. 12|Cold Lake
新西兰|奥塔哥大区|怀塔基郡|奥玛鲁	New Zealand|Otago|Waitaki|Omarama
加拿大|艾伯塔省|第1普查区|梅迪辛哈特	Canada|Alberta|Division No. 1|Medicine Hat
加拿大|艾伯塔省|第11普查区|圣艾伯特	Canada|Alberta|Division No. 11|Saint Albert
加拿大|艾伯塔省|第11普查区|斯普鲁斯格罗夫	Canada|Alberta|Division No. 11|Spruce Grove
加拿大|艾伯塔省|第6普查区|切斯特米尔	Canada|Alberta|Division No. 6|Chestermere
新西兰|奥克兰大区|奥克兰|埃普索姆	New Zealand|Otago|Oamaru|
美国|北卡罗来纳州|福赛斯|普法夫敦	United States|North Carolina|Fayetteville|Pope Field
新加坡|中区|甘榜乌美|	Singapore|Central Region|Kampong Glam|
加拿大|艾伯塔省|第5普查区|尼希尔县	Canada|Alberta|Division No. 5|Nipissing
美国|俄克拉荷马州|塞米诺尔|利马	United States|Oklahoma|Seminole|Lima
加拿大|艾伯塔省|第11普查区|勒杜克	Canada|Alberta|Division No. 11|Leduc
加拿大|艾伯塔省|第11普查区|萨斯喀彻温堡	Canada|Alberta|Division No. 11|Saskatchewan
加拿大|艾伯塔省|第6普查区|高河	Canada|Alberta|Division No. 6|High River
美国|内布拉斯加州|萨林|克里特	United States|Nebraska|Lincoln|Kearney
德国|萨克森州|福格特兰县|法尔肯施泰因	Germany|Saxony|Vogtland|Falkenstein
加拿大|艾伯塔省|第10普查区|劳埃德明斯特	Canada|Alberta|Division No. 10|Lac la Biche
加拿大|艾伯塔省|第11普查区|韦塔斯基温	Canada|Alberta|Division No. 11|Wetaskiwin
美国|威斯康星州|拉辛县|罗切斯特	United States|Wisconsin|Racine|Rochester
西班牙|马德里自治区|马德里|特雷斯坎托斯	Spain|Community of Madrid|Madrid|Tres Cantos
斯洛伐克|科希策州|科希策4区|	Slovakia|Kosice Region|Kosice 4|
斯洛伐克|科希策州|科希策3区|	Slovakia|Kosice Region|Kosice 3|
哥伦比亚|瓜希拉省|丰塞卡|	Colombia|Guajira|Fonseca|
新加坡|中区|皇后镇|	Singapore|Central Singapore|Queenstown|
美国|夏威夷州|夏威夷县|韦科洛亚村	United States|Hawaii|Hawaii|Waikoloa Village
印度|北方邦|阿格拉县|	India|Uttar Pradesh|Agra|
英国|英格兰|达勒姆郡|	UK|England|Durham|
埃及|亚历山大省|亚历山大港警察管理区|	Egypt|Alexandria|Alexandria Police Management Area|
美国|俄亥俄州|波蒂奇县|温德姆	United States|Ohio|Portage|Windham
奥地利|布尔根兰州||	Austria|Burgenland||
美国|肯塔基州|亨德森县|亨德森	United States|Kentucky|Henderson County|Henderson
美国|犹他州|华盛顿|圣克拉拉	United States|Utah|Washington|Saint George
加纳|大阿克拉大区|阿克拉大都会区|	Ghana|Greater Accra|Accra Metropolitan|
中国|香港|香港岛|半山	China|Hong Kong|Hong Kong Island|Mid-levels
委内瑞拉|米兰达州||	Venezuela|Mérida||
新加坡|西南区|文礼|	Singapore|South West|Wenli|
巴西|圣保罗州|圣安娜－迪巴纳伊巴－阿尔法城|	Brazil|São Paulo|Santana de Parnaíba|
巴西|圣保罗州|圣安娜－迪巴纳伊巴|沃图帕林	Brazil|Sao Paulo|Santana de Parnaiba|Votuporanga
加拿大|艾伯塔省|第15普查区|班芙	Canada|Alberta|Division No. 15|Banff
阿根廷|卡塔马卡省||	Argentina|Catamarca||
安哥拉|南隆达省||	Angola|Ndalatando||
阿尔及利亚|阿德拉尔省||	Algeria|Adrar||
乌克兰|捷尔诺波尔州|捷尔诺波尔区|	Ukraine|Chernihiv Oblast|Chernihiv Raion|
白俄罗斯|格罗德诺州||	Belarus|Grodno||
巴西|马托格罗索州|科尼扎|	Brazil|Mato Grosso do Sul|Coxim|
比利时|瓦隆大区|瓦隆布拉班特省|	Belgium|Wallonia|Walloon Brabant|
巴西|巴拉那州|新雷帕蒂门图|乌伊拉普鲁公园	Brazil|Parana|New Republic|Uila Pru Park
玻利维亚|潘多省||	Bolivia|Pando||
保加利亚|多布里奇州||	Bulgaria|Dobrich||
印度|马哈拉施特拉邦|新孟买|	India|Maharashtra|Mumbai|
布隆迪|恩戈齐省||	Burundi|Ngozi||
美国|艾奥瓦州|斯克特县|贝滕多夫	United States|Iowa|Scott|Bettendorf
贝宁|韦梅省||	Benin|Ouémé||
不丹|加萨宗||	Buddan|Gasa||
柬埔寨|上丁省||	Cambodia|Kandal||
亚美尼亚|塔武什州||	Armenia|Tavush||
中非共和国|瓦姆－彭代省||	Central African Republic|Ouham-Pendé||
德国|萨克森州|北萨克森县|施科伊迪茨	Germany|Saxony|Nordsachsen|Schkeuditz
塞浦路斯|利马索尔区||	Cyprus|Limassol||
伯利兹|奥兰治沃克区||	Belize|Orange Walk||
巴西|圣保罗州|圣贝尔纳多－杜坎普|拉奇拉莫斯	Brazil|São Paulo|São Bernardo do Campo|Riacho Molas
刚果民主共和国|南基伍省||	Republic of the Congo|Niari||
喀麦隆|极北区||	Khamar|Jibei||
厄瓜多尔|科托帕希省||	Ecuador|Cotopaxi||
波斯尼亚和黑塞哥维那|波斯尼亚和黑塞哥维那联邦||	Bosnia and Herzegovina|Federation of Bosnia and Herzegovina||
德国|莱茵兰－普法尔茨州||	Germany|Rhineland-Palatinate||
加纳|上西部大区||	Ghana|Upper West||
古巴|青年岛特区||	Cuba|Isla de la Juventud Special Municipality||
海地|西部省||	Haiti|Ouest||
克罗地亚|希贝尼克－克宁县||	Croatia|Sibenik-Knin||
洪都拉斯|阿特兰蒂达省||	Honduras|Atlantida||
智利|湖大区||	Chile|Lago Grande||
布基纳法索|萨赫勒大区|塞诺|	Burkina Faso|Sahel Region|Seno|
冰岛|南部区||	Iceland|Southern Region||
埃塞俄比亚|索马里州||	Ethiopia|Somali||
哥斯达黎加|阿拉胡埃垃||	Costa Rica|Alajuela||
斯威士兰|曼齐尼区||	Switzerland|Canton of Ticino||
埃及|基纳省||	Egypt|Qena||
芬兰|南萨沃区||	Finland|Southern Savonia||
圭亚那|马海卡－伯比斯||	Guiana|Mahé-Berbice||
刚果共和国|尼阿里省||	Republic of the Congo|Niari||
萨尔瓦多|莫拉桑省||	El Salvador|Morazán||
马来西亚|吉兰丹州||	Malaysia|Kelantan||
吉尔吉斯斯坦|塔拉斯州||	Kyrgyzstan|Talas||
冈比亚|班珠尔市||	Guinea|Bamako||
斐济|罗图马岛||	Fiji|Rotuma||
哥伦比亚|马格达莱纳省||	Colombia|Magdalena||
利比里亚|马及比县||	Liberia|Margibi||
几内亚比绍|基纳拉区||	Guinea-Bissau|Quinara||
加蓬|中奥果韦省||	Gabon|Ogooué-Ivindo||
马尔代夫|拉黑比亚尼环礁||	Maldives|Lhaviyani Atoll||
赤道几内亚|北比奥科省||	Equatorial Guinea|North Bioko||
马拉维|中央区|萨利马县|	Marawi|Central|Salima|
立陶宛|马里扬泊列县||	Lituya Bay|Mariinsky District||
尼加拉瓜|莱昂省||	Nicaragua|Leon||
爱尔兰|梅奥郡||	Ireland|Mayo||
马里|库利科罗区||	Mali|Koulikoro||
伊朗|法尔斯省||	Iran|Fars||
约旦|卡拉克省||	Jordan|Karak||
印度尼西亚|西努沙登加拉省||	Indonesia|West Nusa Tenggara||
基里巴斯|莱恩群岛||	Kiribati|Line Islands||
尼日利亚|阿比亚州||	Nigeria|Abia||
莫桑比克|赞比西亚省||	Mozambique|Zambezia||
哈萨克斯坦|阿特劳州||	Kazakhstan|Atyrau Region||
伊拉克|济加尔省||	Iraq|Dhi Qar||
巴基斯坦|俾路支省||	Pakistan|Khyber Pakhtunkhwa||
马达加斯加|上马齐亚特拉大区|菲亚纳兰楚阿|	Madagascar|Upper Matsiatra Region|Fianarantsoa|
尼日尔|蒂拉贝里省||	Nepal|Tiraberi||
利比亚|扎维耶省||	Libya|Zawiya||
莱索托|塔巴－采卡区||	Lesotho|Thaba-Tseka||
墨西哥|新莱昂州||	Mexico|Nuevo Leon||
新西兰|霍克湾大区||	New Zealand|Hawke's Bay||
巴拉圭|卡瓜苏省||	Paraguay|Caaguazú||
牙买加|圣托马斯区||	Jamaica|Saint Thomas||
纳米比亚|库内内区||	Namibia|Khomas||
土耳其|伊斯帕尔塔省||	Turkey|Isparta||
斯洛文尼亚|科罗斯卡||	Slovenia|Koroška||
毛里塔尼亚|达赫莱特·努瓦迪布省||	Mauritania|Dakhlet Nouadhibou||
密克罗尼西亚|波纳佩||	Micronesia|Pohnpei||
斯洛伐克|特伦钦州||	Slovakia|Trencin||
缅甸|克耶邦||	Myanmar|Kayah||
阿曼|马斯喀特省||	Aman|Maskat||
巴拿马|科隆省||	Panama|Colon||
沙特阿拉伯|东部省||	Saudi Arabia|Eastern Region||
秘鲁|皮乌拉大区||	Peru|Puno||
塞内加尔|久尔贝勒区||	Senegal|Thiès||
美国|新罕布什尔州||	United States|New Hampshire||
美国|犹他州|犹他|	United States|Utah|Utah|
美国|北达科他州||	United States|North Dakota||
美国|艾奥瓦州|爱阿华县|	United States|Iowa|Iowa City|
葡萄牙|维塞乌区||	Portugal|Viseu||
美国|爱达荷州|爱达荷县|	United States|Idaho|Idaho Falls|
塞拉利昂|西部区||	Serbia|West Region||
巴布亚新几内亚|恩加省||	Papua New Guinea|Enga||
土库曼斯坦|马雷省||	Turkmenistan|Mary||
美国|俄克拉荷马州|俄克拉荷马|	United States|Oklahoma|Oklahoma City|
卢旺达|西部省|鲁巴武县|吉塞尼	Luanda|Western|Lubango|Jiseni
罗马尼亚|伊尔福夫县||	Romania|Iasi||
南非|豪登省||	South Africa|Gauteng||
叙利亚|霍姆斯省||	Syria|Homs||
美国|犹他州|华盛顿|华盛顿	United States|Utah|Washington|Washington
坦桑尼亚|桑给巴尔南区||	Tanzania|Songea||
乌干达|卢韦罗区||	Uganda|Luwero||
乌克兰|捷尔诺波尔州||	Ukraine|Zernopol||
塔吉克斯坦|哈特隆州||	Tajikistan|Khatlon||
乌拉圭|塞罗拉尔戈||	Ulaanbaatar|Selenge||
突尼斯|宰格万省||	Tunisia|Zaghouan||
索马里|努加尔州||	Somalia|Nugaal||
也门|哈杰省||	Yemen|Hajjah||
特立尼达和多巴哥|圣费尔南多||	Trinidad and Tobago|San Fernando||
瓦努阿图|谢法省||	Vanuatu|Shefa||
多哥|卡拉区||	Bogotá|Carrera||
芬兰|拉普兰区|罗瓦涅米次区|罗瓦涅米	Finland|Lapland|Rovaniemi|Rovaniemi
瑞典|北博滕省||	Sweden|Norrbotten||
韩国|江原道||	South Korea|Gangwon||
苏里南|锡帕利维尼区||	Sulynan|Sipaliwini||
澳大利亚|昆士兰州|远北地区|凯恩斯	Australia|Queensland|Far North|Cairns
赞比亚|铜带省||	Zambia|Copperbelt||
日本|栃木县|栃木市|	Japan|Tochigi|Utsunomiya|
乌兹别克斯坦|锡尔河州||	Uzbekistan|Syrdarya||
法国|科西嘉|南科西嘉|阿雅克肖	France|Corsica|Corse-du-Sud|Ajaccio
委内瑞拉|苏克雷州||	Venezuela|Zulia||
芬兰|凯努区|卡亚尼次区|卡亚尼	Finland|Kainuu|Kajaani|Kajaani
美国|怀俄明州||	United States|Wyoming||
日本|山梨县|山梨市|	Japan|Yamanashi|Yamanashi|
越南|平福省||	Vietnam|Binh Phuoc||
中国|台湾|连江|	China|Taiwan|Lianjiang|
芬兰|南萨沃区|米凯利次区|米凯利	Finland|Southern Savonia|Mikkeli|Mikkeli
日本|群马县||	Japan|Gunma||
哈萨克斯坦|北哈萨克斯坦州||	Kazakhstan|North Kazakhstan Region||
哈萨克斯坦|阿特劳州|阿特劳|	Kazakhstan|Atyrau Region|Atyrau|
日本|三重县||	Japan|Mie||
日本|滋贺县||	Japan|Shiga||
日本|高知县||	Japan|Kochi||
加纳|北部大区||	Ghana|Northern Region||
芬兰|派耶特海梅区|拉赫蒂次区|拉赫蒂	Finland|Pirkanmaa|Lahti|Lahti
津巴布韦|西马绍纳兰省||	Zimbabwe|Matabeleland North||
白俄罗斯|明斯克市|明斯克|	Belarus|Minsk|Minsk|
马来西亚|登嘉楼州|瓜拉登嘉楼县|	Malaysia|Terengganu|Kuala Terengganu|
缅甸|掸邦||	Myanmar|Shan||
日本|岛根县||	Japan|Shimane||
哈萨克斯坦|巴甫洛达尔州|巴甫洛达尔|	Kazakhstan|Bayan-Olgii Province|Bayan-Olgii|
马来西亚|雪兰莪州|八打灵县|莎阿南	Malaysia|Selangor|Petaling|Shah Alam
卢森堡|卢森堡县|卢森堡市|	Luxembourg|Luxembourg|Luxembourg|
德国|萨克森州|萨克森|	Germany|Saxony|Sachsen|
日本|香川县||	Japan|Kagawa||
日本|鸟取县|鸟取市|	Japan|Tottori|Tottori|
挪威|阿格德尔郡||	Norway|Agder||
坦桑尼亚|多多马区|多多马市|	Tanzania|Dodoma|Dodoma|
摩洛哥|马拉喀什－萨菲大区|马拉喀什专区|	Morocco|Marrakech-Safi|Marrakech|
利比亚|的黎波里||	Libya|Tripoli||
阿根廷|胡胡伊省||	Argentina|Jujuy||
巴勒斯坦|耶路撒冷省||	Palestine|Yerushalayim||
泽西岛|圣彼得||	Zexi Island|Saint Peter||
蒙古|鄂尔浑省||	Mongolia|Orkhon||
斐济|西部大区|巴省|	Fiji|Western Division|Ba|
乍得|恩贾梅纳||	Zhad|Enjameyna||
中国|澳门|氹仔岛|	China|Macau|Macao|
马达加斯加|布埃尼大区|马哈赞加一区|	Madagascar|Buenos Aires|Mahajanga I|
突尼斯|突尼斯省|突尼斯|	Tunisia|Tunis|Tunis|
哈萨克斯坦|库斯塔奈州|库斯塔奈|	Kazakhstan|Kostanay|Kostanay|
斯里兰卡|西方省|科伦坡|	Sri Lanka|Western|Colombo|
泰国|佛统府|佛统府治县|	Thailand|Phra Nakhon Si Ayutthaya|Phra Nakhon Si Ayutthaya|
日本|神奈川县|横滨市|栄区	Japan|Kanagawa|Yokohama|Sakae
日本|神奈川县|横滨市|绿区	Japan|Kanagawa|Yokohama|Midori
加拿大|新不伦瑞克省|圣约翰|圣约翰	Canada|New Brunswick|Saint John|Saint John
日本|神奈川县|横滨市|港北区	Japan|Kanagawa|Yokohama|Kohoku
马达加斯加|阿纳拉曼加大区|塔那那利佛－雷尼沃希特拉|	Madagascar|Analamanga Region|Tanànaly-Renivohitra|
贝宁|阿黎博里省||	Benin|Alibori||
日本|神奈川县|横滨市|西区	Japan|Kanagawa|Yokohama|Nishi
日本|神奈川县|横滨市|鹤见区	Japan|Kanagawa|Yokohama|Tsurumi
英属印度洋领地|迭戈加西亚||	British Indian Ocean Territory|Diego Garcia||
日本|神奈川县|横滨市|瀬谷区	Japan|Kanagawa|Yokohama|Seya
阿富汗|喀布尔省|喀布尔|	Afghanistan|Kabul|Kabul|
日本|神奈川县|横滨市|中区	Japan|Kanagawa|Yokohama|Naka
塞拉利昂|威尔伯福斯||	Selangor|Wilayah Persekutuan||
日本|神奈川县|横滨市|旭区	Japan|Kanagawa|Yokohama|Asahi
日本|神奈川县|横滨市|泉区	Japan|Kanagawa|Yokohama|Izumi
日本|神奈川县|横滨市|南区	Japan|Kanagawa|Yokohama|Minami
日本|神奈川县|横滨市|户冢区	Japan|Kanagawa|Yokohama|Totsuka
美国|内华达州|拉斯维加斯|	United States|Nevada|Las Vegas|
美国|堪萨斯州|迪金森县|阿比林	United States|Kansas|Dickinson|Abilene
瑞士|伯尔尼州|因特拉肯－上哈斯利区|因特拉肯	Switzerland|Bern|Interlaken-Oberhasli District|Interlaken
圣马力诺|圣马力诺市||	San Marino|San Marino||
摩洛哥|阿尤恩－萨基亚－阿姆拉大区|阿尤恩省|	Morocco|Ayan-Sakia-el-Hamra|Ayun|
日本|神奈川县|川崎市|宮前区	Japan|Kanagawa|Kawasaki|Miyamae
日本|神奈川县|川崎市|多摩区	Japan|Kanagawa|Kawasaki|Tama
日本|神奈川县|川崎市|高津区	Japan|Kanagawa|Kawasaki|Takatsu
日本|神奈川县|川崎市|幸区	Japan|Kanagawa|Kawasaki|Saiwai
加拿大|爱德华王子岛省|皇后县|夏洛特顿	Canada|Prince Edward Island|Queens County|Charlottetown
英国|阿克罗蒂里和德凯利亚|埃皮斯科皮兵营|	United Kingdom|Ackroyden and Dalkeith|Episcopal Garrison|
日本|大阪府|大阪市|此花区	Japan|Osaka|Osaka|Konohana
日本|神奈川县|横须贺市|	Japan|Kanagawa|Yokohama|
日本|神奈川县|川崎市|川崎区	Japan|Kanagawa|Kawasaki|Kawasaki
日本|神奈川县|横滨市|神奈川区	Japan|Kanagawa|Yokohama|Kanagawa
日本|神奈川县|川崎市|中原区	Japan|Kanagawa|Kawasaki|Nakahara
日本|神奈川县|镰仓市|	Japan|Kanagawa|Kamakura|
日本|神奈川县|三浦市|	Japan|Kanagawa|Miura|
日本|神奈川县|相模原市|南区	Japan|Kanagawa|Sagamihara|Minami
日本|神奈川县|川崎市|麻生区	Japan|Kanagawa|Kawasaki|Asao
日本|神奈川县|相模原市|绿区	Japan|Kanagawa|Sagamihara|Midori
日本|神奈川县|横滨市|保土谷区	Japan|Kanagawa|Yokohama|Hodogaya
日本|神奈川县|横滨市|港南区	Japan|Kanagawa|Yokohama|Kōnan
日本|神奈川县|横滨市|都筑区	Japan|Kanagawa|Yokohama|Totsuka
日本|神奈川县|茅崎市|	Japan|Kanagawa|Chigasaki|
日本|神奈川县|横滨市|青叶区	Japan|Kanagawa|Yokohama|Aoba
瑞士|格劳宾登州|马洛亚|圣莫里茨	Switzerland|Graubünden|Maloja|St. Moritz
日本|神奈川县|横滨市|矶子区	Japan|Kanagawa|Yokohama|Isogo
日本|神奈川县|中井町|	Japan|Kanagawa|Nakai|
日本|神奈川县|座间市|	Japan|Kanagawa|Zama|
美国|堪萨斯州|塞奇威克县|德比	United States|Kansas|Sedgwick|Derby
日本|神奈川县|汤河原町|	Japan|Kanagawa|Yugawara|
日本|神奈川县|松田町|	Japan|Kanagawa|Matsuda|
日本|神奈川县|山北町|	Japan|Kanagawa|Yamakita|
日本|神奈川县|开成町|	Japan|Kanagawa|Kaisei|
日本|神奈川县|绫濑市|	Japan|Kanagawa|Kamakura|
日本|神奈川县|箱根町|	Japan|Kanagawa|Hakone|
美国|堪萨斯州|苏厄德县|利伯勒尔	United States|Kansas|Seward|Liberal
日本|神奈川县|秦野市|	Japan|Kanagawa|Atsugi|
日本|神奈川县|二宫町|	Japan|Kanagawa|Ninomiya|
日本|神奈川县|爱川町|	Japan|Kanagawa|Aikawa|
日本|神奈川县|相模原市|中央区	Japan|Kanagawa|Sagamihara|Chuo
日本|神奈川县|逗子市|	Japan|Kanagawa|Zushi|
日本|神奈川县|叶山町|	Japan|Kanagawa|Hatano|
美国|堪萨斯州|克劳福德县|匹兹堡	United States|Kansas|Crawford County|Pittsburg
日本|神奈川县|伊势原市|	Japan|Kanagawa|Isehara|
日本|神奈川县|大矶町|	Japan|Kanagawa|Odawara|
日本|神奈川县|清川村|	Japan|Kanagawa|Kiyokawa|
荷兰|林堡省|贝克|	Netherlands|Limburg|Beck|
日本|神奈川县|真鹤町|	Japan|Kanagawa|Manazuru|
荷兰|林堡省|贝亨|	Netherlands|Limburg|Bergen|
荷兰|林堡省|埃赫特－叙斯特伦|	Netherlands|Limburg|Echt-Susteren|
日本|神奈川县|南足柄市|	Japan|Kanagawa|Minamiashigara|
日本|神奈川县|大井町|	Japan|Kanagawa|Oi|
日本|神奈川县|寒川町|	Japan|Kanagawa|Samukawa|
美国|堪萨斯州|埃利斯县|海斯	United States|Kansas|Ellis|Hays
美国|堪萨斯州|里诺县|哈钦森	United States|Kansas|Reno|Havens
荷兰|林堡省|亨讷普|	Netherlands|Limburg|Hengelo|
荷兰|林堡省|兰赫拉夫|	Netherlands|Limburg|Landgraaf|
美国|堪萨斯州|吉里县|章克申城	United States|Kansas|Geary|Junction City
美国|堪萨斯州|哈维县|牛顿	United States|Kansas|Harvey|Newton
美国|堪萨斯州|福特县|道奇城	United States|Kansas|Ford|Dodge City
荷兰|林堡省|马斯河畔霍斯特|	Netherlands|Limburg|Maastricht|
荷兰|林堡省|贝克达伦|	Netherlands|Limburg|Beekdaelen|
荷兰|林堡省|布林瑟姆|	Netherlands|Limburg|Brunssum|
美国|堪萨斯州|莱昂县|恩波里亚	United States|Kansas|Lyon County|Emporia
荷兰|林堡省|贝瑟尔|	Netherlands|Limburg|Beesel|
日本|东京都|三鹰市|	Japan|Tokyo|Mitaka|
荷兰|林堡省|马斯豪|	Netherlands|Limburg|Maastricht|
荷兰|林堡省|鲁尔达伦|	Netherlands|Limburg|Roermond|
荷兰|林堡省|佩尔和马斯|	Netherlands|Limburg|Peer en Maas|
荷兰|林堡省|艾斯登－马赫拉滕|	Netherlands|Limburg|Eijsden-Margraten|
荷兰|林堡省|辛珀尔费尔德|	Netherlands|Limburg|Simpelveld|
荷兰|林堡省|梅尔森|	Netherlands|Limburg|Meerssen|
荷兰|林堡省|韦尔特|	Netherlands|Limburg|Weert|
日本|东京都|荒川区|	Japan|Tokyo|Arakawa|
日本|东京都|中野区|	Japan|Tokyo|Nakano|
荷兰|林堡省|许尔彭－维特姆|	Netherlands|Limburg|Heerlen|
荷兰|林堡省|赫尔河畔法尔肯堡|	Netherlands|Limburg|Valkenburg aan de Geul|
日本|东京都|昭岛市|	Japan|Tokyo|Akishima|
荷兰|林堡省|锡塔德－赫伦|	Netherlands|Limburg|Sittard-Helen|
荷兰|林堡省|勒达尔|	Netherlands|Limburg|Leudal|
荷兰|林堡省|法尔斯|	Netherlands|Limburg|Falcon|
日本|东京都|狛江市|	Japan|Tokyo|Chofu|
日本|东京都|国立市|	Japan|Tokyo|Kunitachi|
荷兰|林堡省|莫克和米德拉尔|	Netherlands|Limburg|Maastricht|
日本|东京都|稻城市|	Japan|Tokyo|Inagi|
日本|东京都|町田市|	Japan|Tokyo|Machida|
日本|东京都|清濑市|	Japan|Tokyo|Kiyose|
荷兰|林堡省|下韦尔特|	Netherlands|Limburg|Weert|
荷兰|林堡省|富伦达尔|	Netherlands|Limburg|Fulda|
日本|东京都|小平市|	Japan|Tokyo|Oshira|
日本|东京都|东大和市|	Japan|Tokyo|Higashiyamato|
日本|东京都|日野市|	Japan|Tokyo|Hino|
日本|东京都|东久留米市|	Japan|Tokyo|Higashikurume|
日本|大阪府|大阪市|生野区	Japan|Osaka|Osaka|Ikuno
日本|大阪府|大阪市|西区	Japan|Osaka|Osaka|Nishi
日本|东京都|福生市|	Japan|Tokyo|Fukushima|
日本|东京都|武藏村山市|	Japan|Tokyo|Musashimurayama|
日本|大阪府|大阪市|港区	Japan|Osaka|Osaka|Minato
日本|大阪府|大阪市|北区	Japan|Osaka|Osaka|Kita
日本|大阪府|大阪市|福岛区	Japan|Osaka|Osaka|Fukushima
日本|东京都|秋留野市|	Japan|Tokyo|Nishitokyo|
日本|大阪府|大阪市|平野区	Japan|Osaka|Osaka|Hirano
日本|大阪府|大阪市|东成区	Japan|Osaka|Osaka|Tosei
日本|东京都|羽村市|	Japan|Tokyo|Hane|
日本|东京都|东村山市|	Japan|Tokyo|Higashimurayama|
日本|大阪府|大阪市|中央区	Japan|Osaka|Osaka|Chuo
日本|东京都|多摩市|	Japan|Tokyo|Tama|
日本|大阪府|大阪市|宫古岛区	Japan|Osaka|Osaka|Miyakojima
日本|东京都|桧原村|	Japan|Tokyo|Hino|
日本|东京都|奥多摩町|	Japan|Tokyo|Odawara|
日本|东京都|瑞穗町|	Japan|Tokyo|Mizuho|
日本|大阪府|大阪市|旭区	Japan|Osaka|Osaka|Asahi
日本|大阪府|大阪市|西成区	Japan|Osaka|Osaka|Nishinari
日本|大阪府|大阪市|大正区	Japan|Osaka|Osaka|Taisho
日本|东京都|小金井市|	Japan|Tokyo|Koganei|
日本|大阪府|大阪市|鹤见区	Japan|Osaka|Osaka|Tsurumi
日本|大阪府|堺市|西区	Japan|Osaka|Sakai|Nishi
日本|大阪府|大阪市|阿倍野区	Japan|Osaka|Osaka|Abeno
日本|大阪府|堺市|东区	Japan|Osaka|Sakai|Higashi
日本|大阪府|大阪市|天王寺区	Japan|Osaka|Osaka|Tennoji
日本|大阪府|堺市|三原区	Japan|Osaka|Sakai|Mihara
日本|东京都|日之出町|	Japan|Tokyo Metropolis|Hinode|
日本|大阪府|大阪市|东住吉区	Japan|Osaka|Osaka|Higashiyodogawa
日本|大阪府|大阪市|东淀川区	Japan|Osaka|Osaka|Higashiyodogawa
日本|大阪府|大阪市|住吉区	Japan|Osaka|Osaka|Yodogawa
日本|大阪府|大阪市|西淀川区	Japan|Osaka|Osaka|Nishiyodogawa
日本|大阪府|大阪市|淀川区	Japan|Osaka|Osaka|Yodogawa
日本|大阪府|堺市|北区	Japan|Osaka|Sakai|Kita
日本|大阪府|堺市|中区	Japan|Osaka|Sakai|Naka
日本|大阪府|大阪市|城东区	Japan|Osaka|Osaka|Joto
日本|大阪府|池田市|	Japan|Osaka|Ikada|
日本|大阪府|大阪市|浪速区	Japan|Osaka|Osaka|Hodogaya
日本|大阪府|堺市|堺区	Japan|Osaka|Sakai|Sakai
日本|大阪府|堺市|南区	Japan|Osaka|Sakai|Minami
日本|大阪府|交野市|	Japan|Osaka|Kadoma|
日本|大阪府|大阪市|住之江区	Japan|Osaka|Osaka|Suminoe
日本|大阪府|大东市|	Japan|Osaka|Higashiosaka|
日本|大阪府|门真市|	Japan|Osaka|Maniwa|
日本|大阪府|泉南市|	Japan|Osaka|Izumi|
日本|大阪府|阪南市|	Japan|Osaka|Sennan|
日本|大阪府|藤井寺市|	Japan|Osaka|Fujiidera|
日本|大阪府|岬町|	Japan|Osaka|Yao|
日本|大阪府|和泉市|	Japan|Osaka|Izumi|
日本|大阪府|摄津市|	Japan|Osaka|Sakai|
日本|大阪府|柏原市|	Japan|Osaka|Kashiwara|
日本|大阪府|岛本町|	Japan|Osaka|Shimamoto|
日本|大阪府|泉佐野市|	Japan|Osaka|Izumisano|
日本|大阪府|太子町|	Japan|Osaka|Taishi|
日本|大阪府|泉大津市|	Japan|Osaka|Izumiotsu|
日本|大阪府|富田林市|	Japan|Osaka|Honda|
日本|大阪府|能势町|	Japan|Osaka|Nose|
日本|大阪府|守口市|	Japan|Osaka|Moriguchi|
日本|大阪府|羽曳野市|	Japan|Osaka|Habikino|
日本|大阪府|丰能町|	Japan|Osaka|Toyonaka|
日本|大阪府|四条畷市|	Japan|Osaka|Shijonawate|
日本|大阪府|丰中市|	Japan|Osaka|Toyonaka|
日本|大阪府|贝冢市|	Japan|Osaka|Kaizuka|
日本|大阪府|高石市|	Japan|Osaka|Takashi|
荷兰|北荷兰省|荷兰克龙|安娜·保洛娜	Netherlands|North Holland|Haarlem|Anna Paulowna
日本|大阪府|河内长野市|	Japan|Osaka|Kawachinagano|
日本|大阪府|八尾市|	Japan|Osaka|Yao|
日本|大阪府|箕面市|	Japan|Osaka|Izumi|
日本|大阪府|寝屋川市|	Japan|Osaka|Neyagawa|
日本|大阪府|熊取町|	Japan|Osaka|Kumatori|
日本|大阪府|河南町|	Japan|Osaka|Hennan|
荷兰|北荷兰省|卡斯特里克姆|	Netherlands|North Holland|Castricum|
荷兰|北荷兰省|布卢门达尔|	Netherlands|North Holland|Brummen|
荷兰|北荷兰省|阿姆斯特尔芬|	Netherlands|North Holland|Amsterdam|
日本|大阪府|田尻町|	Japan|Osaka|Fusecho|
日本|大阪府|大阪狭山市|	Japan|Osaka|Osaka Sayama|
荷兰|北荷兰省|贝亨|	Netherlands|North Holland|Beverwijk|
日本|大阪府|高槻市|	Japan|Osaka|Takatsuki|
荷兰|北荷兰省|霍伊瑟梅伦|布森	Netherlands|North Holland|Hoofddorp|Bussum
荷兰|北荷兰省|旧阿姆斯特尔|	Netherlands|North Holland|Amsterdam|
荷兰|北荷兰省|登海尔德|	Netherlands|North Holland|Den Helder|
荷兰|北荷兰省|斯哈亨|	Netherlands|North Holland|Haarlem|
荷兰|北荷兰省|海洛|	Netherlands|North Holland|Haarlem|
日本|大阪府|忠冈町|	Japan|Osaka|Chuogoku|
荷兰|北荷兰省|德雷赫特兰|	Netherlands|North Holland|Drechterland|
荷兰|北荷兰省|埃丹－福伦丹|	Netherlands|North Holland|Edam-Volendam|
荷兰|北荷兰省|哈莱默梅尔|哈勒默利德	Netherlands|North Holland|Haarlem|Haarlemmerliede
荷兰|北荷兰省|奥普梅尔|	Netherlands|North Holland|Opmeer|
荷兰|北荷兰省|赫伊曾|	Netherlands|North Holland|Haarlem|
荷兰|北荷兰省|恩克赫伊森|	Netherlands|North Holland|Enkhuizen|
荷兰|北荷兰省|拉伦|	Netherlands|North Holland|Laren|
荷兰|北荷兰省|梅登布利克|	Netherlands|North Holland|Middelburg|
荷兰|北荷兰省|奥斯特赞|	Netherlands|North Holland|Amsterdam|
日本|大阪府|千早赤阪村|	Japan|Osaka|Chihayaakasaka|
荷兰|北荷兰省|迪克瓦尔德|海尔胡戈瓦德	Netherlands|North Holland|Dickward|Helhuegowd
荷兰|北荷兰省|海姆斯凯尔克|	Netherlands|North Holland|Heemskerk|
荷兰|北荷兰省|皮尔默伦德|	Netherlands|North Holland|Purmerend|
荷兰|北荷兰省|霍伊瑟梅伦|梅伊登	Netherlands|North Holland|Hoofddorp|Meijden
荷兰|北荷兰省|厄伊特霍伦|	Netherlands|North Holland|Arnhem|
荷兰|北荷兰省|斯泰德布鲁克|	Netherlands|North Holland|Steenwijkerland|
荷兰|北荷兰省|泰瑟尔|	Netherlands|North Holland|Tessel|
加拿大|安大略省|伦弗鲁|佩塔瓦瓦	Canada|Ontario|London|Petawawa
荷兰|北荷兰省|赞斯塔德|	Netherlands|North Holland|Zaanstad|
荷兰|北荷兰省|瓦特兰|	Netherlands|North Holland|Wattland|
荷兰|北荷兰省|海姆斯泰德|	Netherlands|North Holland|Haarlem|
荷兰|北荷兰省|费尔森|	Netherlands|North Holland|Friesland|
荷兰|北荷兰省|兰茨梅尔|	Netherlands|North Holland|Landsmeer|
荷兰|北荷兰省|韦德梅伦|	Netherlands|North Holland|Weidemaalen|
荷兰|北荷兰省|科亨兰|	Netherlands|North Holland|Schagen|
荷兰|北荷兰省|迪克瓦尔德|朗盖代克	Netherlands|North Holland|Dijkwaard|Langgedijk
荷兰|北荷兰省|沃尔默兰|	Netherlands|North Holland|Wormerland|
荷兰|北荷兰省|厄伊特海斯特|	Netherlands|North Holland|Oisterwijk|
加拿大|安大略省|格雷|欧文桑德	Canada|Ontario|Grey|Owen Sound
荷兰|北荷兰省|赞德福特|	Netherlands|North Holland|Zandvoort|
荷兰|北荷兰省|阿姆斯特丹|韦斯普	Netherlands|North Holland|Amsterdam|Weesp
南非|豪登省|约翰内斯堡市大都会自治市|伊斯拉多数据中心	South Africa|Gauteng|Johannesburg Metropolitan Municipality|Eisla Data Center
加拿大|安大略省|桑德贝|桑德贝	Canada|Ontario|Sudbury|Sudbury
荷兰|北荷兰省|布拉里克姆|	Netherlands|North Holland|Bloemendaal|
中国|海南|万宁|	China|Hainan|Wanning|
